id,name,date,time,weekday,start_datetime_local,city,location,locations,time_bucket,company,primary_host,cohosts,all_hosts,host_keys,invite_only,sponsor_tier,event_url,source_url
5363,4am IRR - for the inner IRR nerd in you!,2026-06-01,04:00:00,Monday,2026-06-01 04:00,New York City,Virtual (NYC),Virtual (NYC),Evening,VCAR,VCAR,,VCAR,vcar,False,,https://partiful.com/e/iyeVYNaUJxZqidnHixwa,https://www.tech-week.com/calendar/nyc
4704,Founders Morning Run,2026-06-01,06:30:00,Monday,2026-06-01 06:30,New York City,Central Park,Central Park,Morning,Leverage.work,Leverage,,Leverage,leverage,False,,https://partiful.com/e/NG7L81DpetKxjQlMEFbf,https://www.tech-week.com/calendar/nyc
4367,Proof of Concept Fest: A Startup-Only Hackathon,2026-06-01,07:00:00,Monday,2026-06-01 07:00,New York City,Midtown,Midtown,Morning,GoTogether AI,GoTogether AI,Valiron,GoTogether AI; Valiron,gotogether-ai; valiron,False,,https://partiful.com/e/uaMJVd3xreNGjfWDdiUF,https://www.tech-week.com/calendar/nyc
4518,Central Park Run 1,2026-06-01,07:00:00,Monday,2026-06-01 07:00,New York City,Central Park,Central Park,Morning,off labs,off labs,,off labs,off-labs,False,,https://partiful.com/e/Wgd27MHUJPFotcMBodca?,https://www.tech-week.com/calendar/nyc
5279,Roast • NY Tech Week Kickoff Morning Mixer,2026-06-01,07:00:00,Monday,2026-06-01 07:00,New York City,Chelsea,Chelsea,Morning,Daap,Daap,,Daap,daap,False,,https://partiful.com/e/QsmJ6VLHB6BH422rNU5M,https://www.tech-week.com/calendar/nyc
5502,Sweat Equity: Founder + Investor HIIT Workout & Coffee,2026-06-01,07:00:00,Monday,2026-06-01 07:00,New York City,Greenwich Village,Greenwich Village,Morning,Build Momentum,Build Momentum,Founders and Fractioals,Build Momentum; Founders and Fractioals,build-momentum; founders-and-fractioals,False,,https://partiful.com/e/TbbdKjbVcYRMaHyA5PTp,https://www.tech-week.com/calendar/nyc
5974,Central Park Morning Run,2026-06-01,07:00:00,Monday,2026-06-01 07:00,New York City,Central Park,Central Park,Morning,off labs,off labs,,off labs,off-labs,True,,,https://www.tech-week.com/calendar/nyc
6254,The JumpStart Summit: From Idea to IPO → Mornings Program,2026-06-01,07:30:00,Monday,2026-06-01 07:30,New York City,Chelsea,Chelsea,Morning,Next Jump,Next Jump,,Next Jump,next-jump,False,,https://partiful.com/e/ejqizBZwN2AWf6J6ifk4,https://www.tech-week.com/calendar/nyc
6,Agents Meet at New York 2026: Meet Your Next Partner,2026-06-01,08:00:00,Monday,2026-06-01 08:00,New York City,Brooklyn,Brooklyn,Morning,Walnut AI,Walnut AI,,Walnut AI,walnut-ai,False,,https://partiful.com/e/xEcp6n0qYyUuFZdbVauV,https://www.tech-week.com/calendar/nyc
4260,"Borderless Tech Careers: Global Hiring, Redefined",2026-06-01,08:00:00,Monday,2026-06-01 08:00,New York City,Virtual (NYC),Virtual (NYC),Morning,darshana.ai,darshana.ai,,darshana.ai,darshana-ai,False,,https://partiful.com/events/t00vYqgLgEg6ACA3C4R1,https://www.tech-week.com/calendar/nyc
4533,Central Park Walk & Talk,2026-06-01,08:00:00,Monday,2026-06-01 08:00,New York City,Central Park,Central Park,Morning,Steady,Steady,,Steady,steady,False,,https://partiful.com/e/nM6p1woMkNCsrCmbgFlS,https://www.tech-week.com/calendar/nyc
5609,Synthetic Gene-Based Neurotransmitter Optimization Systems,2026-06-01,08:00:00,Monday,2026-06-01 08:00,New York City,Virtual (NYC),Virtual (NYC),Morning,Centro de Rehabilitacion Neuropsicologica,Centro de Rehabilitacion Neuropsicologica,,Centro de Rehabilitacion Neuropsicologica,centro-de-rehabilitacion-neuropsicologica,False,,,https://www.tech-week.com/calendar/nyc
4033,"3D GenAI, Physical Ai & Spatial Computing Powered By Solaya X Betaworks",2026-06-01,08:30:00,Monday,2026-06-01 08:30,New York City,Meatpacking District,Meatpacking District,Morning,Solaya,SOLAYA,Betaworks,SOLAYA; Betaworks,solaya; betaworks,False,,https://partiful.com/e/CBiN0GMrUu8OZJUDP3Xm,https://www.tech-week.com/calendar/nyc
4105,The Infrastructure Behind the Mission,2026-06-01,08:30:00,Monday,2026-06-01 08:30,New York City,Upper Manhattan,Upper Manhattan,Morning,Watch Her Win |OBR Consultants LLC,Watch Her Win |OBR Consultants LLC,,Watch Her Win |OBR Consultants LLC,watch-her-win-obr-consultants-llc,False,,https://partiful.com/e/Sowk0tqQHvZI3YEvybKo,https://www.tech-week.com/calendar/nyc
4140,The Infrastructure Behind the Mission,2026-06-01,08:30:00,Monday,2026-06-01 08:30,New York City,Midtown,Midtown,Morning,Watch Her Win,Watch Her Win,,Watch Her Win,watch-her-win,False,,https://partiful.com/e/Sowk0tqQHvZI3YEvybKo,https://www.tech-week.com/calendar/nyc
4145,The Infrastructure Behind the Mission,2026-06-01,08:30:00,Monday,2026-06-01 08:30,New York City,Midtown,Midtown,Morning,Watch Her Win,Watch Her Win,OBR Consultants LLC; Saka Consulting Company,Watch Her Win; OBR Consultants LLC; Saka Consulting Company,watch-her-win; obr-consultants-llc; saka-consulting-company,False,,https://partiful.com/e/Sowk0tqQHvZI3YEvybKo,https://www.tech-week.com/calendar/nyc
4458,TechWalk,2026-06-01,08:30:00,Monday,2026-06-01 08:30,New York City,Central Park,Central Park,Morning,TechWalk,TechWalk,,TechWalk,techwalk,False,,https://partiful.com/e/tZ2qzHAksZLgG2iYlhdC,https://www.tech-week.com/calendar/nyc
5362,Maersk presents: The Future of Supply Chain,2026-06-01,08:30:00,Monday,2026-06-01 08:30,New York City,Union Square,Union Square,Morning,Rock Yard Ventures,Rock Yard Ventures,Maersk,Rock Yard Ventures; Maersk,rock-yard-ventures; maersk,False,,https://partiful.com/e/iDvWUNFiXJGuAHCBID5O,https://www.tech-week.com/calendar/nyc
5449,Jobseeker Strategy for #NYTechWeek,2026-06-01,08:30:00,Monday,2026-06-01 08:30,New York City,Virtual (NYC),Virtual (NYC),Morning,Clutch Talent,Clutch Talent,,Clutch Talent,clutch-talent,False,,https://partiful.com/e/8ssFjGdjO5qbkmrNalai?c=2INlo5rf,https://www.tech-week.com/calendar/nyc
4240,Pitch and Run Mon,2026-06-01,08:45:00,Monday,2026-06-01 08:45,New York City,Chelsea,Chelsea,Morning,Pitch and Run,Pitch and Run,,Pitch and Run,pitch-and-run,False,,https://partiful.com/e/D7MpYUcIJgGdODVrUDnM,https://www.tech-week.com/calendar/nyc
238,Faith Driven Investors & Founders,2026-06-01,09:00:00,Monday,2026-06-01 09:00,New York City,Financial District,Financial District,Morning,Shane & Ife,Shane & Ife,Hubtal,Shane & Ife; Hubtal,shane-ife; hubtal,False,,https://partiful.com/e/qfMnfCfdVU5HZZuZjFaq,https://www.tech-week.com/calendar/nyc
4379,Mercury Vinyl House,2026-06-01,09:00:00,Monday,2026-06-01 09:00,New York City,SoHo,SoHo,Morning,Mercury,Mercury,,Mercury,mercury,False,,https://partiful.com/e/OQcXidQ0QEKhEdW61f49,https://www.tech-week.com/calendar/nyc
4635,Raisi: Pre-Seed and Seed Fundraising Breakfast,2026-06-01,09:00:00,Monday,2026-06-01 09:00,New York City,Midtown,Midtown,Morning,Raisi,Raisi,,Raisi,raisi,False,,https://partiful.com/e/JBmmrgrMzARVXgTMO34l,https://www.tech-week.com/calendar/nyc
4904,"Networking Breakfast , AI Job Market, industry trends and coffee",2026-06-01,09:00:00,Monday,2026-06-01 09:00,New York City,Hudson Yards,Hudson Yards,Morning,XL AI,XL AI,,XL AI,xl-ai,False,,https://partiful.com/e/EbLHvoBrSl7ZV6xScsgz,https://www.tech-week.com/calendar/nyc
4915,Burn & Build,2026-06-01,09:00:00,Monday,2026-06-01 09:00,New York City,Chelsea,Chelsea,Morning,sam.,sam.,,sam.,sam,False,,https://partiful.com/e/G6SmnsyZ3s56lOfHuRLW?c=N4J_D6nD,https://www.tech-week.com/calendar/nyc
4969,Accelerate AI Summit: Australian x US AI,2026-06-01,09:00:00,Monday,2026-06-01 09:00,New York City,Midtown,Midtown,Morning,American Australian Association,American Australian Association,,American Australian Association,american-australian-association,False,,https://partiful.com/e/ifuH1HpxZuX8IjSb3Khb,https://www.tech-week.com/calendar/nyc
5153,Female founders and funders breakfast,2026-06-01,09:00:00,Monday,2026-06-01 09:00,New York City,Midtown,Midtown,Morning,Sisters Capital,Sisters Capital,EVO VC & Startups Community,Sisters Capital; EVO VC & Startups Community,sisters-capital; evo-vc-startups-community,False,,https://partiful.com/e/NUHPiYrVsDZX1D3CYfBZ,https://www.tech-week.com/calendar/nyc
5508,Mercury Vinyl House,2026-06-01,09:00:00,Monday,2026-06-01 09:00,New York City,SoHo,SoHo,Morning,Mercury,Mercury,,Mercury,mercury,False,,https://partiful.com/e/OQcXidQ0QEKhEdW61f49?c=SXBuhGar,https://www.tech-week.com/calendar/nyc
5647,"Tech Trends Unleashed: Explore, Engage, Excel in Queens!",2026-06-01,09:00:00,Monday,2026-06-01 09:00,New York City,Queens,Queens,Morning,Queens Chamber of Commerce,Queens Chamber of Commerce,Firstlight Cloud Xchange,Queens Chamber of Commerce; Firstlight Cloud Xchange,queens-chamber-of-commerce; firstlight-cloud-xchange,False,,https://partiful.com/e/8NDpBHnUtRgzbjpPnFz6,https://www.tech-week.com/calendar/nyc
5413,Brews and Bagels,2026-06-01,09:30:00,Monday,2026-06-01 09:30,New York City,Midtown,Midtown,Morning,France Ovalle,France Ovalle,Scalpels & Spreadsheets,France Ovalle; Scalpels & Spreadsheets,france-ovalle; scalpels-spreadsheets,False,,https://partiful.com/e/FXwx27l3v2cgICQDCvAm,https://www.tech-week.com/calendar/nyc
112,Building Products That Scale Globally,2026-06-01,10:00:00,Monday,2026-06-01 10:00,New York City,Upper Manhattan,Upper Manhattan,Morning,Travelbay,Travelbay,,Travelbay,travelbay,False,,https://partiful.com/e/oCQeG6SZP23qz5nvcxBh,https://www.tech-week.com/calendar/nyc
4225,The Next Gen of Latino Founders,2026-06-01,10:00:00,Monday,2026-06-01 10:00,New York City,Queens,Queens,Morning,Colectivo,Colectivo,,Colectivo,colectivo,False,,https://partiful.com/e/pZyjQqYyNowpa54etkKp,https://www.tech-week.com/calendar/nyc
4316,Who Gets to Shape AI? Why Girls Must Be in the Room,2026-06-01,10:00:00,Monday,2026-06-01 10:00,New York City,Flatiron,Flatiron,Morning,Girls Who Code,Girls Who Code,,Girls Who Code,girls-who-code,False,,https://partiful.com/e/9JBYSWrl1xooe9Oee17J,https://www.tech-week.com/calendar/nyc
4339,Art Tech Showcase,2026-06-01,10:00:00,Monday,2026-06-01 10:00,New York City,Brooklyn,Brooklyn,Morning,Beat Brush Studios,Beat Brush Studios,,Beat Brush Studios,beat-brush-studios,False,,https://partiful.com/e/IenfsGwJAOT1zkyDbOxu,https://www.tech-week.com/calendar/nyc
4867,"Photoreal VR for Archvis, Real Estate and Location-Based Entertainment - Day 1",2026-06-01,10:00:00,Monday,2026-06-01 10:00,New York City,Financial District,Financial District,Morning,Agile Lens,Agile Lens,DBOX; WanderLens Lab,Agile Lens; DBOX; WanderLens Lab,agile-lens; dbox; wanderlens-lab,False,,https://partiful.com/e/6bUok8RK79B927TfqX7F,https://www.tech-week.com/calendar/nyc
4908,Why Your Team Isn’t Scaling (Yet): A Live Leadership OS Diagnostic,2026-06-01,10:00:00,Monday,2026-06-01 10:00,New York City,Flatiron,Flatiron,Morning,"Leap Leadership Solutions, LLC","Leap Leadership Solutions, LLC",,"Leap Leadership Solutions, LLC",leap-leadership-solutions-llc,False,,https://partiful.com/e/DWeEKEPfH5j5K8rt6Q6W,https://www.tech-week.com/calendar/nyc
4961,Founder Finance Office Hours: Second Opinion,2026-06-01,10:00:00,Monday,2026-06-01 10:00,New York City,Chelsea,Chelsea,Morning,Haven,Haven,,Haven,haven,False,,https://partiful.com/e/iNz2d5f2PFPwdFnpvHOl,https://www.tech-week.com/calendar/nyc
5088,AI x Investing : The Age of Agents,2026-06-01,10:00:00,Monday,2026-06-01 10:00,New York City,Midtown,Midtown,Morning,Trade It,Trade It,Public; OptionUp; Unusual Whales,Trade It; Public; OptionUp; Unusual Whales,trade-it; public; optionup; unusual-whales,False,,https://partiful.com/e/g2m3ExEh1j9ZSo7eNpCD?c=1GJ1LDXq,https://www.tech-week.com/calendar/nyc
5099,The Founder's Guide to NYS Resources: From R&D to Global Expansion,2026-06-01,10:00:00,Monday,2026-06-01 10:00,New York City,Midtown,Midtown,Morning,Empire State Development,Empire State Development,SOSV NY,Empire State Development; SOSV NY,empire-state-development; sosv-ny,False,,https://partiful.com/e/sGbJCvDbECcdhfFN1m6O,https://www.tech-week.com/calendar/nyc
5152,CEO Intern Public Service Entrepreneurship,2026-06-01,10:00:00,Monday,2026-06-01 10:00,New York City,Virtual (NYC),Virtual (NYC),Morning,"Comida For Familias, Inc.","Comida For Familias, Inc.",,"Comida For Familias, Inc.",comida-for-familias-inc,False,,https://partiful.com/e/w5gAuNIs4Dq5I6cYkPia,https://www.tech-week.com/calendar/nyc
5215,She Leads the Room,2026-06-01,10:00:00,Monday,2026-06-01 10:00,New York City,Midtown,Midtown,Morning,44ROCH,44ROCH,,44ROCH,44roch,False,,https://partiful.com/e/P41KkH7JnaPmz95p7q2Y,https://www.tech-week.com/calendar/nyc
5963,Women in AI,2026-06-01,10:00:00,Monday,2026-06-01 10:00,New York City,Union Square,Union Square,Morning,FitIDAI,FitIDAI,,FitIDAI,fitidai,True,,,https://www.tech-week.com/calendar/nyc
5971,ATTAP Vibeathon,2026-06-01,10:00:00,Monday,2026-06-01 10:00,New York City,Chelsea,Chelsea,Morning,ATTAP-All Things to All People-attap.ai,ATTAP-All Things to All People-attap.ai,,ATTAP-All Things to All People-attap.ai,attap-all-things-to-all-people-attap-ai,False,,https://partiful.com/e/GmOIWn5hMegxDT7gDfTX,https://www.tech-week.com/calendar/nyc
6160,The Digital Twin Experience: Powered by HeyGen,2026-06-01,10:00:00,Monday,2026-06-01 10:00,New York City,Bronx,Bronx,Morning,Avantgarde Communications,Avantgarde Communications,,Avantgarde Communications,avantgarde-communications,False,,,https://www.tech-week.com/calendar/nyc
6267,The Biotech & Deep Tech Pitch Clinic,2026-06-01,10:30:00,Monday,2026-06-01 10:30,New York City,Midtown,Midtown,Morning,Jennifer Pawlitschek Consulting,Jennifer Pawlitschek Consulting,,Jennifer Pawlitschek Consulting,jennifer-pawlitschek-consulting,False,,https://partiful.com/e/znsAwRLUqbzimqhrQOlI?c=fgjOQ0qm,https://www.tech-week.com/calendar/nyc
6341,Quantum 'Magic' Masterclass: Code a Real Quantum Computer With an Uncanny Algorithm,2026-06-01,10:30:00,Monday,2026-06-01 10:30,New York City,Flatiron,Flatiron,Morning,IBM,IBM,,IBM,ibm,False,platinum,https://partiful.com/e/F5Y6wtHv792PJDhV56MB,https://www.tech-week.com/calendar/nyc
230,Cracking Founder-Led Marketing,2026-06-01,11:00:00,Monday,2026-06-01 11:00,New York City,Central Park,Central Park,Morning,Founder-Led Media Community,Founder-Led Media Community,,Founder-Led Media Community,founder-led-media-community,False,,https://partiful.com/e/A7Fi4pkz6XLgYA8YnQPp,https://www.tech-week.com/calendar/nyc
4063,Founders & Investors Brunch,2026-06-01,11:00:00,Monday,2026-06-01 11:00,New York City,Financial District,Financial District,Morning,fratl,fratl,,fratl,fratl,True,,,https://www.tech-week.com/calendar/nyc
4333,The Patient Will See You Now: How Health Systems & Clinicians Are Responding to Consumer Health,2026-06-01,11:00:00,Monday,2026-06-01 11:00,New York City,Midtown,Midtown,Morning,One Health Collective,One Health Collective,Scalpels & Spreadsheets,Scalpels & Spreadsheets; One Health Collective,scalpels-spreadsheets; one-health-collective,False,,https://partiful.com/e/wAZzOJIAzjIpjfMYrgpS,https://www.tech-week.com/calendar/nyc
4604,From Tissue to Treatment,2026-06-01,11:00:00,Monday,2026-06-01 11:00,New York City,Midtown,Midtown,Morning,AtlasXomics Inc.,AtlasXomics Inc.,,AtlasXomics Inc.,atlasxomics-inc,False,,https://partiful.com/e/CoVrmdYxgwtHlP7IkPoJ,https://www.tech-week.com/calendar/nyc
5183,"K-beauty 2.0: behind the scene, K-Biotech and K-Beauty Tech",2026-06-01,11:00:00,Monday,2026-06-01 11:00,New York City,Queens,Queens,Morning,Enthera Bio,Enthera Bio,,Enthera Bio,enthera-bio,True,,,https://www.tech-week.com/calendar/nyc
5715,Investors at the Cutting Edge Luncheon with Mercury,2026-06-01,11:00:00,Monday,2026-06-01 11:00,New York City,SoHo,SoHo,Morning,Actuate Ventures,Actuate Ventures,,Actuate Ventures,actuate-ventures,False,,https://partiful.com/e/q9Ekc1IjHSv32Xmd8hXB,https://www.tech-week.com/calendar/nyc
6415,ElevenLabs NY Tech Week PopUp,2026-06-01,11:00:00,Monday,2026-06-01 11:00,New York City,SoHo,SoHo,Morning,ElevenLabs,ElevenLabs,,ElevenLabs,elevenlabs,False,,https://partiful.com/e/hVN69QHHQKaL72l700kB?c=u7z-CiTN,https://www.tech-week.com/calendar/nyc
36,How to Raise a Series A,2026-06-01,11:30:00,Monday,2026-06-01 11:30,New York City,Midtown,Midtown,Morning,Silicon Valley Bank,Silicon Valley Bank,SSM; Pilot; TriNet,Silicon Valley Bank; SSM; Pilot; TriNet,silicon-valley-bank; ssm; pilot; trinet,False,,http://partiful.com/e/ASu0bbJUv36y2648J12G?,https://www.tech-week.com/calendar/nyc
5014,It’s Not Capital - It’s Execution: Leadership Operating System Office Hours,2026-06-01,11:30:00,Monday,2026-06-01 11:30,New York City,Flatiron,Flatiron,Morning,"Leap Leadership Solutions, LLC","Leap Leadership Solutions, LLC",,"Leap Leadership Solutions, LLC",leap-leadership-solutions-llc,False,,https://partiful.com/e/S5uBXhgNgEtPrRpy6Cx7,https://www.tech-week.com/calendar/nyc
5969,Fighting deepfake in Age and Identity Verification,2026-06-01,11:30:00,Monday,2026-06-01 11:30,New York City,West Village,West Village,Morning,Reclaim Protocol,Reclaim Protocol,,Reclaim Protocol,reclaim-protocol,False,,https://partiful.com/e/z7K3rnyrNVrwKiHGPokb,https://www.tech-week.com/calendar/nyc
4294,"If Your AI Can’t Talk and Act, It’s Broken - Agentic Voice Workshop",2026-06-01,12:00:00,Monday,2026-06-01 12:00,New York City,Financial District,Financial District,Noon,"Cloudonix, Inc","Cloudonix, Inc",,"Cloudonix, Inc",cloudonix-inc,False,,https://partiful.com/e/pxdWahJXi0EQklEuU50W,https://www.tech-week.com/calendar/nyc
4375,AI Startup Founders' Lunch hosted by Cherry Hill Advisory,2026-06-01,12:00:00,Monday,2026-06-01 12:00,New York City,Brooklyn,Brooklyn,Noon,Cherry Hill Advisory,Cherry Hill Advisory,,Cherry Hill Advisory,cherry-hill-advisory,False,,https://partiful.com/e/uLi3d5Eel4nuA9hv5YGD,https://www.tech-week.com/calendar/nyc
4625,Raisi: Daily Fundraising Sprint Room,2026-06-01,12:00:00,Monday,2026-06-01 12:00,New York City,Lower East Side,Lower East Side,Noon,Raisi,Raisi,,Raisi,raisi,False,,https://partiful.com/e/chhYZAKGAiEaP3NtQ7y2,https://www.tech-week.com/calendar/nyc
4846,The 30 Min. Pitch Workshop for Figuring Out Your Hook,2026-06-01,12:00:00,Monday,2026-06-01 12:00,New York City,Virtual (NYC),Virtual (NYC),Noon,Pitch Genius,Pitch Genius,,Pitch Genius,pitch-genius,False,,https://partiful.com/e/2OGv1gYwmcdUATOlqkvY?c=4NZAZ5EB,https://www.tech-week.com/calendar/nyc
5023,The Performance Protocol: Stay Sharp in the Age of AI,2026-06-01,12:00:00,Monday,2026-06-01 12:00,New York City,Virtual (NYC),Virtual (NYC),Noon,Catalyst Noir,Catalyst Noir,,Catalyst Noir,catalyst-noir,False,,https://partiful.com/e/XWigjBTiDrQxZJFVL8zq,https://www.tech-week.com/calendar/nyc
5961,A Patent-Pending Party,2026-06-01,12:00:00,Monday,2026-06-01 12:00,New York City,Midtown,Midtown,Noon,moatly™,moatly™,hubble,moatly™; hubble,moatly; hubble,False,,https://partiful.com/e/Txk9K71WKRm5OK6cmMNO,https://www.tech-week.com/calendar/nyc
6087,No ROI on Health Insurance? Make Health Pay Off. Join Us to Launch ionava 🚀 w/ Lunch @ SoulCycle,2026-06-01,12:00:00,Monday,2026-06-01 12:00,New York City,Tribeca,Tribeca,Noon,Magentic,Magentic,IONAVA,IONAVA; Magentic,ionava; magentic,False,,https://partiful.com/e/aA2Q8qVgXiTLTLDBodmx,https://www.tech-week.com/calendar/nyc
4947,Your Users Hate 2FA. (A Lunch & Learn w/ Vonage on AI Voice & Frictionless Authentication APIs),2026-06-01,12:30:00,Monday,2026-06-01 12:30,New York City,Tribeca,Tribeca,Noon,Vonage,Vonage,,Vonage,vonage,False,,https://partiful.com/e/1llAohqiK59rN516zVA5,https://www.tech-week.com/calendar/nyc
5246,The AI & SaaS Pitch Clinic: The Neuroscience of Authority,2026-06-01,12:30:00,Monday,2026-06-01 12:30,New York City,Midtown,Midtown,Noon,Jennifer Pawlitschek Consulting,Jennifer Pawlitschek Consulting,,Jennifer Pawlitschek Consulting,jennifer-pawlitschek-consulting,False,,https://partiful.com/e/nVdos7eUUmpArmPn6UDb,https://www.tech-week.com/calendar/nyc
5259,The Six-Figure Mistakes International Founders Keep Making in the U.S.,2026-06-01,12:30:00,Monday,2026-06-01 12:30,New York City,Murray Hill,Murray Hill,Noon,Acclime,Acclime,Herrick,Acclime; Herrick,acclime; herrick,False,,https://partiful.com/e/yfYQYRx4HFxA113yoZi3,https://www.tech-week.com/calendar/nyc
6344,"Generative Computing Masterclass: Building Predictable, Auditable AI with Mellea.",2026-06-01,12:30:00,Monday,2026-06-01 12:30,New York City,Flatiron,Flatiron,Noon,IBM,IBM,,IBM,ibm,False,platinum,https://partiful.com/e/3WdKVdPlKG4V9vvsgNBa,https://www.tech-week.com/calendar/nyc
4292,Agentic Voice Hackathon,2026-06-01,13:00:00,Monday,2026-06-01 13:00,New York City,Financial District,Financial District,Afternoon,"Cloudonix, Inc","Cloudonix, Inc",,"Cloudonix, Inc",cloudonix-inc,False,,https://partiful.com/e/E915u2aKmufVgYwg0Cdf,https://www.tech-week.com/calendar/nyc
4468,Architecting a Borderless Life + Travel Giveaway,2026-06-01,13:00:00,Monday,2026-06-01 13:00,New York City,Virtual (NYC),Virtual (NYC),Afternoon,Product Advisory Collective (PAC),Product Advisory Collective (PAC),,Product Advisory Collective (PAC),product-advisory-collective-pac,False,,https://partiful.com/e/egJJ7avDIg6WtPaxk4yN,https://www.tech-week.com/calendar/nyc
5006,"Live ""Iron (AI) Chef"" Vibe-Coding",2026-06-01,13:00:00,Monday,2026-06-01 13:00,New York City,Financial District,Financial District,Afternoon,Mucker Capital,Mucker Capital,,Mucker Capital,mucker-capital,False,,https://partiful.com/e/MYuBxfIaBiUXekX9cw1B,https://www.tech-week.com/calendar/nyc
5977,The Oasis @ NY Tech Week Day 1 - Human Flourishing,2026-06-01,13:00:00,Monday,2026-06-01 13:00,New York City,Flatiron,Flatiron,Afternoon,Flowstate,Flowstate,Vibe Space; Boardy; The AI Collective,Flowstate; Vibe Space; Boardy; The AI Collective,flowstate; vibe-space; boardy; the-ai-collective,False,,https://partiful.com/e/1bGiVgRQUifMy25hzGrm,https://www.tech-week.com/calendar/nyc
4030,Influencer Pro,2026-06-01,13:19:00,Monday,2026-06-01 13:19,New York City,East Village,East Village,Afternoon,Influencer Pro,Influencer Pro,,Influencer Pro,influencer-pro,True,,,https://www.tech-week.com/calendar/nyc
5212,"Build, Launch, Go Viral",2026-06-01,13:30:00,Monday,2026-06-01 13:30,New York City,SoHo,SoHo,Afternoon,SocialQ AI,SocialQ AI,,SocialQ AI,socialq-ai,False,,https://partiful.com/e/1NT7YZjcLX6zovTH5qfs,https://www.tech-week.com/calendar/nyc
7,IPO Summit 2026 - Nasdaq MarketSite,2026-06-01,14:00:00,Monday,2026-06-01 14:00,New York City,Midtown,Midtown,Afternoon,Sidebar Summit,Sidebar Summit,,Sidebar Summit,sidebar-summit,False,,https://partiful.com/e/ALTnfJqBtsExypyNvzAj,https://www.tech-week.com/calendar/nyc
4332,The Investor's Playbook,2026-06-01,14:00:00,Monday,2026-06-01 14:00,New York City,Midtown,Midtown,Afternoon,KLI Capital,KLI Capital,Scalpels & Spreadsheets,KLI Capital; Scalpels & Spreadsheets,kli-capital; scalpels-spreadsheets,False,,https://partiful.com/e/Ly9laOHFYulhosojIy6U,https://www.tech-week.com/calendar/nyc
4446,The New GTM Stack: How Startups Win Distribution Today,2026-06-01,14:00:00,Monday,2026-06-01 14:00,New York City,West Village,West Village,Afternoon,EchoHer,EchoHer,Witti Marketing,EchoHer; Witti Marketing,echoher; witti-marketing,False,,https://partiful.com/e/gm6d8Dmrh9UeDnDUlKrW,https://www.tech-week.com/calendar/nyc
6172,Why Investors Say No; What the Data Actually Shows,2026-06-01,14:00:00,Monday,2026-06-01 14:00,New York City,Meatpacking District,Meatpacking District,Afternoon,GoPresent,GoPresent,"Office of Tomorrow; Simon Squibb, HelpBnk & 81 other investments","GoPresent; Office of Tomorrow; Simon Squibb, HelpBnk & 81 other investments",gopresent; office-of-tomorrow; simon-squibb-helpbnk-81-other-investments,False,,https://partiful.com/e/tITnWmy3y2QvpNeyg6tS?c=m5a_qL1U,https://www.tech-week.com/calendar/nyc
6408,Beyond the Spec Masterclass: Engineering in the Age of Agents,2026-06-01,14:00:00,Monday,2026-06-01 14:00,New York City,Flatiron,Flatiron,Afternoon,IBM,IBM,,IBM,ibm,False,,https://partiful.com/e/FHiuNwzr13e3YBI4ssUX,https://www.tech-week.com/calendar/nyc
5057,"Future of Search: AI SEO, AEO Panel",2026-06-01,14:30:00,Monday,2026-06-01 14:30,New York City,Financial District,Financial District,Afternoon,Mucker Capital,Mucker Capital,,Mucker Capital,mucker-capital,False,,https://partiful.com/e/dbFdiExJUT9aHL4FekHK,https://www.tech-week.com/calendar/nyc
4074,NY TECH WEEK AT THE ALTAR,2026-06-01,15:00:00,Monday,2026-06-01 15:00,New York City,Flatiron,Flatiron,Afternoon,The Altar,The Altar,ConciergeMD,ConciergeMD; The Altar,conciergemd; the-altar,False,,https://partiful.com/e/LCaaTKajkBChnpzTJVMr,https://www.tech-week.com/calendar/nyc
4139,The Future of Visual Commerce with AI Agents,2026-06-01,15:00:00,Monday,2026-06-01 15:00,New York City,Chelsea,Chelsea,Afternoon,Savanah.ai,Savanah.ai,,Savanah.ai,savanah-ai,False,,https://partiful.com/e/Sk4AHvwQJ1KaCN81CM0T?c=vKAcmyqt,https://www.tech-week.com/calendar/nyc
4247,From Model to Market: The Future of Clinical AI in Healthcare,2026-06-01,15:00:00,Monday,2026-06-01 15:00,New York City,Midtown,Midtown,Afternoon,Manatt,Manatt,Milken Institute; Oak HC/FT,Manatt; Milken Institute; Oak HC/FT,manatt; milken-institute; oak-hc-ft,False,,https://partiful.com/e/Za7fre0uqCIayfraXeE9,https://www.tech-week.com/calendar/nyc
5236,"The Partnership Room: Brands, Meet Creators Building B2B Audiences in the Tech Industry",2026-06-01,15:00:00,Monday,2026-06-01 15:00,New York City,SoHo,SoHo,Afternoon,Walker Media LLC,Walker Media LLC,,Walker Media LLC,walker-media-llc,False,,https://partiful.com/e/6XYVSFuCgrRMLcuGQQyV,https://www.tech-week.com/calendar/nyc
5353,A Brain Reset Experience,2026-06-01,15:00:00,Monday,2026-06-01 15:00,New York City,Virtual (NYC),Virtual (NYC),Afternoon,Soul Arcade,Soul Arcade,,Soul Arcade,soul-arcade,True,,,https://www.tech-week.com/calendar/nyc
5507,Japan Gateway for Climate & Deep Tech - Initiated by City of Yokohama,2026-06-01,15:00:00,Monday,2026-06-01 15:00,New York City,Midtown,Midtown,Afternoon,City of Yokohama,City of Yokohama,,City of Yokohama,city-of-yokohama,False,,https://partiful.com/e/8hY03hoEB7xDq7J3Rc7B,https://www.tech-week.com/calendar/nyc
5972,AI Content Lab: Build an AI Workflow Where Brand Voice Actually Scales,2026-06-01,15:00:00,Monday,2026-06-01 15:00,New York City,Nomad,Nomad,Afternoon,NexPost,NexPost,Next Growth Wave,NexPost; Next Growth Wave,nexpost; next-growth-wave,False,,https://partiful.com/e/uiwKdsUhGWODSJJzwO0C,https://www.tech-week.com/calendar/nyc
6253,AI Agents for Allocators and Asset Managers,2026-06-01,15:00:00,Monday,2026-06-01 15:00,New York City,Greenwich Village,Greenwich Village,Afternoon,DiligenceVault,DiligenceVault,,DiligenceVault,diligencevault,True,,,https://www.tech-week.com/calendar/nyc
6389,The Bridge Ecosystem Forum: A Panel on Public-Private Collaborations by Quay and Brown Rudnick - #NYTechWeek,2026-06-01,15:00:00,Monday,2026-06-01 15:00,New York City,Midtown,Midtown,Afternoon,QUAY Acceleration,QUAY Acceleration,Brown Rudnick,QUAY Acceleration; Brown Rudnick,quay-acceleration; brown-rudnick,False,,https://partiful.com/e/Ns37lYVhz9dp10iFZURH,https://www.tech-week.com/calendar/nyc
6409,Context Engineering 101 Masterclass: A Practical Introduction,2026-06-01,15:30:00,Monday,2026-06-01 15:30,New York City,Flatiron,Flatiron,Afternoon,IBM,IBM,,IBM,ibm,False,,https://partiful.com/e/RYqG93QLhTxNOHOG7kzF,https://www.tech-week.com/calendar/nyc
44,From Vibe Coding to AI-Driven Development,2026-06-01,16:00:00,Monday,2026-06-01 16:00,New York City,Midtown,Midtown,Afternoon,Streamlogic,Streamlogic,,Streamlogic,streamlogic,False,,https://partiful.com/e/xowd9F3kB7mPFN1luUwY,https://www.tech-week.com/calendar/nyc
97,Capital Advantage: Dual-Use Innovation at the Intersection of Policy & Tech,2026-06-01,16:00:00,Monday,2026-06-01 16:00,New York City,Midtown,Midtown,Afternoon,VC in DC,VC in DC,,VC in DC,vc-in-dc,True,,,https://www.tech-week.com/calendar/nyc
257,Investment to Acquisition II: How Founders Went From $0-$10M with TRV and AWS hosting,2026-06-01,16:00:00,Monday,2026-06-01 16:00,New York City,Midtown,Midtown,Afternoon,Thomson Reuters Ventures,Thomson Reuters Ventures,AWS,AWS; Thomson Reuters Ventures,aws; thomson-reuters-ventures,False,gold,https://partiful.com/e/mY668vnewsDXdE4O8vNn,https://www.tech-week.com/calendar/nyc
4061,a16z speedrun Pitch Day,2026-06-01,16:00:00,Monday,2026-06-01 16:00,New York City,SoHo,SoHo,Afternoon,a16z speedrun,a16z speedrun,,a16z speedrun,a16z-speedrun,False,platinum,https://partiful.com/e/SzG1Bnpw8tS1SZrdIPxJ,https://www.tech-week.com/calendar/nyc
4399,"Rebuilding American Manufacturing [BVP, J.P. Morgan, Orrick]",2026-06-01,16:00:00,Monday,2026-06-01 16:00,New York City,Midtown,Midtown,Afternoon,Orrick,Orrick,Bessemer Venture Partners; J.P. Morgan,Orrick; Bessemer Venture Partners; J.P. Morgan,orrick; bessemer-venture-partners; j-p-morgan,False,,https://partiful.com/e/njEyaExp13kVvFeCxSQ0,https://www.tech-week.com/calendar/nyc
4526,"Founders' Landing, Tech Week Kickoff",2026-06-01,16:00:00,Monday,2026-06-01 16:00,New York City,Hudson Yards,Hudson Yards,Afternoon,Deel,Deel,Betterment,Deel; Betterment,deel; betterment,False,gold,https://partiful.com/e/Lzs3GJd3dscd60ZHfliX,https://www.tech-week.com/calendar/nyc
4657,IRL: The New Hypergrowth Hack in the Age of AI,2026-06-01,16:00:00,Monday,2026-06-01 16:00,New York City,Tribeca,Tribeca,Afternoon,Mostest,Mostest,,Mostest,mostest,False,,https://partiful.com/e/JcKbjHvQDyem5xIfCZom,https://www.tech-week.com/calendar/nyc
4883,Unlocking Entrepreneurship in Travel through Humans x Technology,2026-06-01,16:00:00,Monday,2026-06-01 16:00,New York City,SoHo,SoHo,Afternoon,Fora Travel,Fora Travel,,Fora Travel,fora-travel,False,,https://partiful.com/e/RrTyygZKuHP4KAmVi2QS,https://www.tech-week.com/calendar/nyc
5044,Global Expansion & Cross-Border Investing,2026-06-01,16:00:00,Monday,2026-06-01 16:00,New York City,Midtown,Midtown,Afternoon,Yorkseed,Yorkseed,,Yorkseed,yorkseed,False,,https://partiful.com/e/M05fTDt8E8MbWXkEHO6a,https://www.tech-week.com/calendar/nyc
5161,Cofounder Matchmaking,2026-06-01,16:00:00,Monday,2026-06-01 16:00,New York City,East Village,East Village,Afternoon,Relationality,Relationality,DefinedTalent,Relationality; DefinedTalent,relationality; definedtalent,False,,https://partiful.com/e/nMHSe5NbSjJJLWaJJeDl,https://www.tech-week.com/calendar/nyc
5698,From the Hudson to the Thames: Exploring International Expansion,2026-06-01,16:00:00,Monday,2026-06-01 16:00,New York City,Midtown,Midtown,Afternoon,British Consulate,British Consulate,Osborne Clarke; Blick Rothenberg; Eisner Advisory Group LLC,British Consulate; Osborne Clarke; Blick Rothenberg; Eisner Advisory Group LLC,british-consulate; osborne-clarke; blick-rothenberg; eisner-advisory-group-llc,False,,https://partiful.com/e/P90AiasegjS9oTsIyLvd,https://www.tech-week.com/calendar/nyc
5979,Fashion Tech Panel Event @ FIT,2026-06-01,16:00:00,Monday,2026-06-01 16:00,New York City,Chelsea,Chelsea,Afternoon,The Pattern Maker,The Pattern Maker,,The Pattern Maker,the-pattern-maker,False,,https://partiful.com/e/JqgGz3jnIK9GEXFSfPMs,https://www.tech-week.com/calendar/nyc
6335,She's Claiming Space,2026-06-01,16:00:00,Monday,2026-06-01 16:00,New York City,Upper Manhattan,Upper Manhattan,Afternoon,The Kitchen,The Kitchen,Naija Comm,Naija Comm; The Kitchen,naija-comm; the-kitchen,False,,https://partiful.com/e/L6i8pMeTV9f1aCCxcANK,https://www.tech-week.com/calendar/nyc
6340,From the Hudson to the Thames: Exploring International Expansion,2026-06-01,16:00:00,Monday,2026-06-01 16:00,New York City,Midtown,Midtown,Afternoon,Blick Rothenberg,Blick Rothenberg,Osborne Clarke; Eisner Advisory Group LLC; British Consulate General New York,Osborne Clarke; Eisner Advisory Group LLC; Blick Rothenberg; British Consulate General New York,osborne-clarke; eisner-advisory-group-llc; blick-rothenberg; british-consulate-general-new-york,False,,https://partiful.com/e/P90AiasegjS9oTsIyLvd,https://www.tech-week.com/calendar/nyc
6348,The New Arsenal,2026-06-01,16:00:00,Monday,2026-06-01 16:00,New York City,Midtown,Midtown,Afternoon,VC in DC,VC in DC,,VC in DC,vc-in-dc,False,,https://partiful.com/e/n5uCUeAb1zW9pXNEqsg3,https://www.tech-week.com/calendar/nyc
6429,Giga Energy Power Hour @ New York TechWeek,2026-06-01,16:00:00,Monday,2026-06-01 16:00,New York City,Flatiron,Flatiron,Afternoon,Giga Energy,Giga Energy,,Giga Energy,giga-energy,False,,,https://www.tech-week.com/calendar/nyc
6234,"Built by Women, Backed by Community",2026-06-01,16:15:00,Monday,2026-06-01 16:15,New York City,East Village,East Village,Afternoon,Socializela.com,Socializela.com,,Socializela.com,socializela-com,False,,https://partiful.com/e/rbyGArpMSo4phJfeVmrw?c=JEW77vLI,https://www.tech-week.com/calendar/nyc
5967,Crypto x AI Happy Hour,2026-06-01,16:30:00,Monday,2026-06-01 16:30,New York City,East Village,East Village,Afternoon,Sei Labs,Sei Labs,Sumvin,Sei Labs; Sumvin,sei-labs; sumvin,False,,https://partiful.com/e/P6WLaUwmRr1d6sWZks7O,https://www.tech-week.com/calendar/nyc
4227,The Latina Power,2026-06-01,16:45:00,Monday,2026-06-01 16:45,New York City,Union Square,Union Square,Afternoon,Colectivo,Colectivo,,Colectivo,colectivo,False,,https://partiful.com/e/u2yYQwgzUxlQSYJmbW6a,https://www.tech-week.com/calendar/nyc
4015,From Ticketing to Intelligence: AI’s Impact on the $1T Events Industry,2026-06-01,17:00:00,Monday,2026-06-01 17:00,New York City,Midtown,Midtown,Evening,AES NYC,AES NYC,,AES NYC,aes-nyc,False,,https://partiful.com/e/pApvNad0HXI8rB7YoP2C?,https://www.tech-week.com/calendar/nyc
4096,Pitch & Drink with P2S.vc 🥤,2026-06-01,17:00:00,Monday,2026-06-01 17:00,New York City,Midtown,Midtown,Evening,P2S.vc,P2S.vc,,P2S.vc,p2s-vc,False,,https://partiful.com/e/lbtUQ9LI46kiVvnjYt8X?source=share&c=qGWmhpaj,https://www.tech-week.com/calendar/nyc
4198,NYC Spades Club,2026-06-01,17:00:00,Monday,2026-06-01 17:00,New York City,Murray Hill,Murray Hill,Evening,Insurgi Urban Concepts,Insurgi Urban Concepts,Blvck Spades,Insurgi Urban Concepts; Blvck Spades,insurgi-urban-concepts; blvck-spades,False,,https://partiful.com/e/XhM1CFsz2vZwA3WsDyNV,https://www.tech-week.com/calendar/nyc
4290,Design Thinking Meets AI: Book Talk & Live Build,2026-06-01,17:00:00,Monday,2026-06-01 17:00,New York City,Brooklyn,Brooklyn,Evening,Build First,Build First,Studio Rodrigo,Build First; Studio Rodrigo,build-first; studio-rodrigo,False,,https://partiful.com/e/N7nJMJdM3bIOtaUWfcmN,https://www.tech-week.com/calendar/nyc
4381,Deep Tech/AI Startup Pitches and Investor Panels,2026-06-01,17:00:00,Monday,2026-06-01 17:00,New York City,Midtown,Midtown,Evening,Wallet Max,Wallet Max,,Wallet Max,wallet-max,False,,https://partiful.com/e/rQWNiqBcukfTYjBvwnji,https://www.tech-week.com/calendar/nyc
4416,"What Founders Get Wrong About People, Scaling Teams, Co-Founder Dynamics & HR (1:1 Office Hours)",2026-06-01,17:00:00,Monday,2026-06-01 17:00,New York City,Virtual (NYC),Virtual (NYC),Evening,GroundedForward,GroundedForward,,GroundedForward,groundedforward,False,,https://partiful.com/e/zEn5TG5xFm8mDvyutyaZ?c=Zt73f2mT,https://www.tech-week.com/calendar/nyc
4737,🍹NYC Founders Happy Hour,2026-06-01,17:00:00,Monday,2026-06-01 17:00,New York City,Chelsea,Chelsea,Evening,Founders & Builders Connect,Founders & Builders Connect,,Founders & Builders Connect,founders-builders-connect,False,,https://partiful.com/e/hoaWZg8MiAJw5YsJWsoN,https://www.tech-week.com/calendar/nyc
4984,HerChain: Women shaping blockchain in NYC,2026-06-01,17:00:00,Monday,2026-06-01 17:00,New York City,East Village,East Village,Evening,babs NYC.news,babs NYC.news,Women Uninterrupted! Comedy,Women Uninterrupted! Comedy; babs NYC.news,women-uninterrupted-comedy; babs-nyc-news,False,,https://partiful.com/e/e0YuY73DbgjtYRu0DgJj,https://www.tech-week.com/calendar/nyc
5075,Welcome to RL.,2026-06-01,17:00:00,Monday,2026-06-01 17:00,New York City,East Village,East Village,Evening,Adaptive ML,Adaptive ML,,Adaptive ML,adaptive-ml,False,,https://partiful.com/e/25dsyos4rLuTNEpESf1J,https://www.tech-week.com/calendar/nyc
5110,Slack ✖︎ Amplitude: AI at work,2026-06-01,17:00:00,Monday,2026-06-01 17:00,New York City,Tribeca,Tribeca,Evening,Slack,Slack,Tightknit; Amplitude,Tightknit; Slack; Amplitude,tightknit; slack; amplitude,False,,https://partiful.com/e/dmFBKIxzn2LdFmktqas8,https://www.tech-week.com/calendar/nyc
5976,Women in AI: Live Product Showcase,2026-06-01,17:00:00,Monday,2026-06-01 17:00,New York City,Upper Manhattan,Upper Manhattan,Evening,Recess,Recess,Workplayce; Willa,Recess; Workplayce; Willa,recess; workplayce; willa,False,,https://partiful.com/e/lNPCWHf4JsZ27DguZ1uN,https://www.tech-week.com/calendar/nyc
4300,Tech Red Flags,2026-06-01,17:30:00,Monday,2026-06-01 17:30,New York City,Midtown,Midtown,Evening,Bottleneck Technologies llc,Bottleneck Technologies llc,Heart Arch Events,Bottleneck Technologies llc; Heart Arch Events,bottleneck-technologies-llc; heart-arch-events,False,,https://partiful.com/e/W5CJQyusGJDB2JtEvIby,https://www.tech-week.com/calendar/nyc
4563,"LegalTech in the Age of AI: Opportunities, Challenges, and What's Next",2026-06-01,17:30:00,Monday,2026-06-01 17:30,New York City,Midtown,Midtown,Evening,Fox Rothschild LLP,Fox Rothschild LLP,GrayHair Venture Partners,Fox Rothschild LLP; GrayHair Venture Partners,fox-rothschild-llp; grayhair-venture-partners,False,,https://partiful.com/e/E4CH5kGRDlO8mGl8JJpY,https://www.tech-week.com/calendar/nyc
4615,Celebrating Israeli Tech | Rooftop Cocktail Reception,2026-06-01,17:30:00,Monday,2026-06-01 17:30,New York City,Midtown,Midtown,Evening,Fusion VC,Fusion VC,IDB NY Tech,Fusion VC; IDB NY Tech,fusion-vc; idb-ny-tech,True,,,https://www.tech-week.com/calendar/nyc
4895,TECH NETWORKING MIXER,2026-06-01,17:30:00,Monday,2026-06-01 17:30,New York City,Midtown,Midtown,Evening,Cuculi,Cuculi,,Cuculi,cuculi,False,,https://partiful.com/e/sCLj6JNfrcfMGlFQ7cZQ?c=RBwGOaPm,https://www.tech-week.com/calendar/nyc
4899,Last Call for Resumes,2026-06-01,17:30:00,Monday,2026-06-01 17:30,New York City,Brooklyn,Brooklyn,Evening,VCAR,VCAR,,VCAR,vcar,False,,https://partiful.com/events/t0O0kfWCNoBezm5F5x75/,https://www.tech-week.com/calendar/nyc
5025,The Next Phase of Enterprise Systems,2026-06-01,17:30:00,Monday,2026-06-01 17:30,New York City,Hudson Yards,Hudson Yards,Evening,SAP,SAP,Insight Partners,SAP; Insight Partners,sap; insight-partners,False,,https://partiful.com/e/oNqXTMT4ntbsqL7PuZJ7,https://www.tech-week.com/calendar/nyc
5035,CFO Dinner - Future of Pricing in AI,2026-06-01,17:30:00,Monday,2026-06-01 17:30,New York City,West Village,West Village,Evening,Tabs,Tabs,,Tabs,tabs,False,,https://partiful.com/e/b9eWW3hyaBDVJD4tFS6c,https://www.tech-week.com/calendar/nyc
6171,Rooftop Kickoff Cocktails - IBM & Tech:NYC,2026-06-01,17:30:00,Monday,2026-06-01 17:30,New York City,Flatiron,Flatiron,Evening,IBM,IBM,Tech:NYC,IBM; Tech:NYC,ibm; tech-nyc,True,platinum,,https://www.tech-week.com/calendar/nyc
4714,NYC Tech Week Pitch Competition,2026-06-01,17:45:00,Monday,2026-06-01 17:45,New York City,Midtown,Midtown,Evening,Propel Earth,Propel Earth,,Propel Earth,propel-earth,False,,https://partiful.com/e/t8YZUAfBPV56O8zW2dER?c=CHY767QI,https://www.tech-week.com/calendar/nyc
107,Scale Without the Burn in AZ: A Private Founder Dinner,2026-06-01,18:00:00,Monday,2026-06-01 18:00,New York City,Hudson Yards,Hudson Yards,Evening,Arizona Commerce Authority,Arizona Commerce Authority,Musa Capital,Arizona Commerce Authority; Musa Capital,arizona-commerce-authority; musa-capital,False,,https://partiful.com/e/ZUYiQONLFm1fcVMiVAL2,https://www.tech-week.com/calendar/nyc
4053,UAtech Venture Night @ Tech Week New York – The Ultimate Startup & Investor Experience!,2026-06-01,18:00:00,Monday,2026-06-01 18:00,New York City,Financial District,Financial District,Evening,UATech,UATech,,UATech,uatech,False,,https://partiful.com/e/LySYDSs3YifkvyBykscZ,https://www.tech-week.com/calendar/nyc
4103,Healthtech Funders + Founders Happy Hour,2026-06-01,18:00:00,Monday,2026-06-01 18:00,New York City,Chinatown,Chinatown,Evening,Health2047,Health2047,,Health2047,health2047,False,,https://partiful.com/e/Qjruk2dwZb16a4TFqSaN,https://www.tech-week.com/calendar/nyc
4215,UAtech Venture Night @ Tech Week New York – The Ultimate Startup & Investor Experience!,2026-06-01,18:00:00,Monday,2026-06-01 18:00,New York City,Financial District,Financial District,Evening,UATech,UATech,,UATech,uatech,False,,https://partiful.com/e/LySYDSs3YifkvyBykscZ,https://www.tech-week.com/calendar/nyc
4232,Adv. South Asians in Tech & Finance,2026-06-01,18:00:00,Monday,2026-06-01 18:00,New York City,Chelsea,Chelsea,Evening,ABCD Connections,ABCD Connections,,ABCD Connections,abcd-connections,False,,https://partiful.com/e/qbTTgye3Wwh478cYoHs4,https://www.tech-week.com/calendar/nyc
4251,Digital Health Dinner,2026-06-01,18:00:00,Monday,2026-06-01 18:00,New York City,Nomad,Nomad,Evening,Manatt,Manatt,J.P. Morgan; Milken Institute,Manatt; J.P. Morgan; Milken Institute,manatt; j-p-morgan; milken-institute,True,,,https://www.tech-week.com/calendar/nyc
4431,Roast Nights by Genspark,2026-06-01,18:00:00,Monday,2026-06-01 18:00,New York City,SoHo,SoHo,Evening,Genspark,Genspark,,Genspark,genspark,False,,https://partiful.com/e/qmLdPVRWyMYt2UfIsKKD,https://www.tech-week.com/calendar/nyc
4532,Decoding Legal AI’s Talent Market,2026-06-01,18:00:00,Monday,2026-06-01 18:00,New York City,Flatiron,Flatiron,Evening,Sandstone,Sandstone,Crux,Sandstone; Crux,sandstone; crux,False,,https://partiful.com/e/RJncgbukJw5Il9UPb378?,https://www.tech-week.com/calendar/nyc
4644,Stripe Supper Club,2026-06-01,18:00:00,Monday,2026-06-01 18:00,New York City,SoHo,SoHo,Evening,Stripe,Stripe,,Stripe,stripe,False,,https://partiful.com/e/YFlFyVXYl8MFYSUapd3o?c=QWNc2Pjb,https://www.tech-week.com/calendar/nyc
4805,Why The Future of Dating is Intelligent: Fireside Chat & Panel,2026-06-01,18:00:00,Monday,2026-06-01 18:00,New York City,Brooklyn,Brooklyn,Evening,Eternity LLC,Eternity LLC,Unity Flow AI,Eternity LLC; Unity Flow AI,eternity-llc; unity-flow-ai,True,,,https://www.tech-week.com/calendar/nyc
4874,Earnings vs. Ethics in the Age of AI,2026-06-01,18:00:00,Monday,2026-06-01 18:00,New York City,Midtown,Midtown,Evening,Kirkland & Ellis,Kirkland & Ellis,Fordham University Gabelli School of Business,Kirkland & Ellis; Fordham University Gabelli School of Business,kirkland-ellis; fordham-university-gabelli-school-of-business,False,,https://partiful.com/e/U0LZzHA1qWQO0QvduT3C,https://www.tech-week.com/calendar/nyc
4967,Unlocking Cognitive Performance,2026-06-01,18:00:00,Monday,2026-06-01 18:00,New York City,Flatiron,Flatiron,Evening,Soma Precision Health,Soma Precision Health,,Soma Precision Health,soma-precision-health,False,,https://partiful.com/e/y3W21qxluv8fC7wmqg6w?c=DA3pujVK,https://www.tech-week.com/calendar/nyc
5160,Vibe Space Investors Dinner,2026-06-01,18:00:00,Monday,2026-06-01 18:00,New York City,Tribeca,Tribeca,Evening,Vibe Space,Vibe Space,,Vibe Space,vibe-space,False,,https://partiful.com/e/q03mHDi30q0D30zx4Ofa,https://www.tech-week.com/calendar/nyc
5262,Advertising & Marketing Mixer,2026-06-01,18:00:00,Monday,2026-06-01 18:00,New York City,Union Square,Union Square,Evening,Technology Founders of America,Technology Founders of America,,Technology Founders of America,technology-founders-of-america,False,,https://partiful.com/e/sLMniNFeuyQo2DIlR81o,https://www.tech-week.com/calendar/nyc
5282,VoiceScale Launch Party,2026-06-01,18:00:00,Monday,2026-06-01 18:00,New York City,Hudson Yards,Hudson Yards,Evening,VoiceScale,VoiceScale,,VoiceScale,voicescale,False,,https://partiful.com/e/TL8MXl8qHPqIAkpnfOeL?c=typHm6sE,https://www.tech-week.com/calendar/nyc
5349,Jetzy presents: The Future of Travel - Meet Investors and Founders,2026-06-01,18:00:00,Monday,2026-06-01 18:00,New York City,Midtown,Midtown,Evening,Jetzy,Jetzy,,Jetzy,jetzy,False,,https://partiful.com/e/vMgh1HOU0xqBmBJdxwCI,https://www.tech-week.com/calendar/nyc
5608,Future Forward w/ J.P. Morgan,2026-06-01,18:00:00,Monday,2026-06-01 18:00,New York City,Midtown,Midtown,Evening,J.P. Morgan,J.P. Morgan,,J.P. Morgan,j-p-morgan,False,,https://partiful.com/e/VWOXJodKGekLVm8asBjU,https://www.tech-week.com/calendar/nyc
5639,The job market in the age of AI,2026-06-01,18:00:00,Monday,2026-06-01 18:00,New York City,Midtown,Midtown,Evening,Unlocked Consultancy,Unlocked Consultancy,Gartner,Unlocked Consultancy; Gartner,unlocked-consultancy; gartner,False,,https://partiful.com/events/pBO053WMRiTeA0rADpmR/,https://www.tech-week.com/calendar/nyc
5926,What if healthcare moved as fast as everything else?,2026-06-01,18:00:00,Monday,2026-06-01 18:00,New York City,Flatiron,Flatiron,Evening,Willow Health,Willow Health,,Willow Health,willow-health,False,,https://partiful.com/e/NGgfzMriEK2HgnbSsvzs?c=WZEGsdeE,https://www.tech-week.com/calendar/nyc
5962,Software for Hardware: The Tools Powering Robotics & Embodied AI,2026-06-01,18:00:00,Monday,2026-06-01 18:00,New York City,Union Square,Union Square,Evening,New York Robotics,New York Robotics,NY Tech Alliance,New York Robotics; NY Tech Alliance,new-york-robotics; ny-tech-alliance,False,,https://partiful.com/e/09a0qPKv0cSOIOSGxjTQ,https://www.tech-week.com/calendar/nyc
5965,Healthcare AI In the Clinic - Panel & Networking,2026-06-01,18:00:00,Monday,2026-06-01 18:00,New York City,Midtown,Midtown,Evening,Confido Health,Confido Health,,Confido Health,confido-health,False,,https://partiful.com/e/HGE7C0HO0VIVhZG5wJwX,https://www.tech-week.com/calendar/nyc
5970,Women Founder & Funder Dinner,2026-06-01,18:00:00,Monday,2026-06-01 18:00,New York City,Financial District,Financial District,Evening,EchoHer,EchoHer,One Wall Street,EchoHer; One Wall Street,echoher; one-wall-street,False,,https://partiful.com/e/TDVls3ivYND4qPkb5ltW,https://www.tech-week.com/calendar/nyc
5975,Good retrieval = good agents hackathon,2026-06-01,18:00:00,Monday,2026-06-01 18:00,New York City,Flatiron,Flatiron,Evening,Shaped,Shaped,,Shaped,shaped,False,,https://partiful.com/e/4WmNb227JLOKmvufTsET,https://www.tech-week.com/calendar/nyc
5978,Open Source Must Win,2026-06-01,18:00:00,Monday,2026-06-01 18:00,New York City,Lower East Side,Lower East Side,Evening,OPEN SOURCE WEEK,OPEN SOURCE WEEK,,OPEN SOURCE WEEK,open-source-week,False,,https://partiful.com/e/OF1vP5L8dtXKRtInyWKs?c=s6u4EYds,https://www.tech-week.com/calendar/nyc
6181,NYC Tech Week Brooklyn Kickoff Zo Happy Hour,2026-06-01,18:00:00,Monday,2026-06-01 18:00,New York City,Brooklyn,Brooklyn,Evening,Zo Company,Zo Company,,Zo Company,zo-company,False,,https://partiful.com/e/RLhDCt8BJz36bQu16hDY,https://www.tech-week.com/calendar/nyc
6200,Japan Startup Mixer @ Jungle of Invention,2026-06-01,18:00:00,Monday,2026-06-01 18:00,New York City,Brooklyn,Brooklyn,Evening,FreakOut HD,FreakOut HD,,FreakOut HD,freakout-hd,False,,,https://www.tech-week.com/calendar/nyc
4200,NYC B2B: AI Founders & Investors Mixer,2026-06-01,18:30:00,Monday,2026-06-01 18:30,New York City,Financial District,Financial District,Evening,NYC B2B,NYC B2B,,NYC B2B,nyc-b2b,False,,https://partiful.com/e/oQvmxTsHOVayx47ok3li?c=0hT1WkMm,https://www.tech-week.com/calendar/nyc
4880,The Great Lab Exit: From Academia to Funded Ventures,2026-06-01,18:30:00,Monday,2026-06-01 18:30,New York City,Midtown,Midtown,Evening,Nucleate,Nucleate,Scalpels & Spreadsheets,Nucleate; Scalpels & Spreadsheets,nucleate; scalpels-spreadsheets,False,,https://partiful.com/e/mPWLkFDlQr5fo1NGtk1x,https://www.tech-week.com/calendar/nyc
5484,The Holiday IRL,2026-06-01,18:30:00,Monday,2026-06-01 18:30,New York City,SoHo,SoHo,Evening,hoppswap,hoppswap,,hoppswap,hoppswap,True,,,https://www.tech-week.com/calendar/nyc
5968,Official Tech Week Kickoff Party (hosted by Gamma x a16z),2026-06-01,18:30:00,Monday,2026-06-01 18:30,New York City,Lower East Side,Lower East Side,Evening,Gamma,Gamma,a16z,a16z; Gamma,a16z; gamma,False,platinum,https://partiful.com/e/JCwSwROiFoNl6u8gm2qb,https://www.tech-week.com/calendar/nyc
131,Grand Founders NY Tech Week Reception,2026-06-01,19:00:00,Monday,2026-06-01 19:00,New York City,Flatiron,Flatiron,Evening,Grand Founders,Grand Founders,,Grand Founders,grand-founders,True,,,https://www.tech-week.com/calendar/nyc
264,Right To Invest - Opening Night,2026-06-01,19:00:00,Monday,2026-06-01 19:00,New York City,Flatiron,Flatiron,Evening,Right To Invest,Right To Invest,Pier,Right To Invest; Pier,right-to-invest; pier,False,,https://partiful.com/e/OAnyZlPESteKmm6ypzfC?f=1,https://www.tech-week.com/calendar/nyc
4026,AI-matched dinners with Rauk AI [NEW YORK],2026-06-01,19:00:00,Monday,2026-06-01 19:00,New York City,Chelsea,Chelsea,Evening,RAUK AI,RAUK AI,,RAUK AI,rauk-ai,False,,https://partiful.com/e/qktgybxOIXcZUdLRLw4T,https://www.tech-week.com/calendar/nyc
4530,True Confessions:AI Hype & Fundraising,2026-06-01,19:00:00,Monday,2026-06-01 19:00,New York City,SoHo,SoHo,Evening,Flywheel Strategy,Flywheel Strategy,Tech/ish,Flywheel Strategy; Tech/ish,flywheel-strategy; tech-ish,False,,https://partiful.com/e/7crlodxkSPD1lihpIyzB,https://www.tech-week.com/calendar/nyc
4966,The Future of Israel–U.S. Business & Tech Leadership,2026-06-01,19:00:00,Monday,2026-06-01 19:00,New York City,Midtown,Midtown,Evening,TAMID Group,TAMID Group,itrek; Vision 2048,TAMID Group; itrek; Vision 2048,tamid-group; itrek; vision-2048,False,,https://partiful.com/e/BVopvJ4CHEgyM44al47F,https://www.tech-week.com/calendar/nyc
4986,Totems of Hope: Your Brain on Philanthropy,2026-06-01,19:00:00,Monday,2026-06-01 19:00,New York City,Upper East Side,Upper West Side,Evening,Totems of Hope: Your Brain on Philanthropy,Totems of Hope: Your Brain on Philanthropy,,Totems of Hope: Your Brain on Philanthropy,totems-of-hope-your-brain-on-philanthropy,False,,https://partiful.com/e/SgKlRCyR9G7xYn2ftKRu,https://www.tech-week.com/calendar/nyc
5095,Flirt Tank,2026-06-01,19:00:00,Monday,2026-06-01 19:00,New York City,East Village,East Village,Evening,Live Different Comedy,Live Different Comedy,,Live Different Comedy,live-different-comedy,False,,https://partiful.com/e/0N6FdZhl3OG9e30QWIsw?c=x8deP3k5,https://www.tech-week.com/calendar/nyc
5375,Startup Founders + Tech Professionals Happy Hour,2026-06-01,19:00:00,Monday,2026-06-01 19:00,New York City,Midtown,Midtown,Evening,Startup Oasis,Startup Oasis,,Startup Oasis,startup-oasis,False,,https://partiful.com/e/nsJWESaFmNRxg58VfNjT,https://www.tech-week.com/calendar/nyc
5395,The Leap: From Executive to Founder,2026-06-01,19:00:00,Monday,2026-06-01 19:00,New York City,East Village,East Village,Evening,Build Momentum,Build Momentum,,Build Momentum,build-momentum,False,,https://partiful.com/e/YI7TdarS61gA5leaFsR2,https://www.tech-week.com/calendar/nyc
5322,Move Over Viral Dr. Pepper - Meet the Billion Views Creator-A Million Views for Brands & Creators,2026-06-01,20:30:00,Monday,2026-06-01 20:30,New York City,Brooklyn,Brooklyn,Evening,VCAR,VCAR,,VCAR,vcar,False,,https://partiful.com/e/aj9i4KLrw0lbSx1qRC2k,https://www.tech-week.com/calendar/nyc
4661,BOXCLUB - Founders & Investors Social Boxing Class,2026-06-02,07:00:00,Tuesday,2026-06-02 07:00,New York City,Tribeca,Tribeca,Morning,BOXCLUB,BOXCLUB,,BOXCLUB,boxclub,False,,https://partiful.com/e/YzPaCE875DoVvWVPo4Rh,https://www.tech-week.com/calendar/nyc
73,Calm before the storm...NY Tech Week Breakfast,2026-06-02,07:30:00,Tuesday,2026-06-02 07:30,New York City,Midtown,Midtown,Morning,The Lighthouse,The Lighthouse,FBT Gibbons; Lorimer Ventures,The Lighthouse; FBT Gibbons; Lorimer Ventures,the-lighthouse; fbt-gibbons; lorimer-ventures,False,,https://partiful.com/e/5CiOULh6wh0ooq6LeF6X?c=oYqzo1PI,https://www.tech-week.com/calendar/nyc
4084,AI & Biotech Runtime,2026-06-02,07:30:00,Tuesday,2026-06-02 07:30,New York City,Midtown,Midtown,Morning,Formation Bio,Formation Bio,,Formation Bio,formation-bio,False,,https://partiful.com/e/Dy7rUqrhVPwyYkQeucJK?c=eshaTY3W,https://www.tech-week.com/calendar/nyc
4262,Pitch and Run Prospect Park,2026-06-02,07:30:00,Tuesday,2026-06-02 07:30,New York City,Brooklyn,Brooklyn,Morning,KW Angel Fund,KW Angel Fund,,KW Angel Fund,kw-angel-fund,False,,https://partiful.com/e/yMopZQoWus4HS62kkqNN,https://www.tech-week.com/calendar/nyc
4217,"Breakfast with Nirvana & Health Tech Nerds: Bagels, Coffee & Digital Health",2026-06-02,08:00:00,Tuesday,2026-06-02 08:00,New York City,Union Square,Union Square,Morning,Nirvana,Nirvana,,Nirvana,nirvana,False,,https://partiful.com/e/Uw9rS8e5eoX6wXWsU2ii,https://www.tech-week.com/calendar/nyc
4270,The Exit Breakfast,2026-06-02,08:00:00,Tuesday,2026-06-02 08:00,New York City,SoHo,SoHo,Morning,Colectivo,Colectivo,,Colectivo,colectivo,False,,https://partiful.com/e/GWxdINK4i24WU6zh9TCU,https://www.tech-week.com/calendar/nyc
4700,AI Gaming on CTV,2026-06-02,08:00:00,Tuesday,2026-06-02 08:00,New York City,Midtown,Midtown,Morning,Gameloop,Gameloop,,Gameloop,gameloop,True,,,https://www.tech-week.com/calendar/nyc
4753,Brewing Connections: Colombian Coffee Tasting,2026-06-02,08:00:00,Tuesday,2026-06-02 08:00,New York City,SoHo,SoHo,Morning,Alt-Black,Alt-Black,TriNet,Alt-Black; TriNet,alt-black; trinet,False,,https://partiful.com/e/EUVI0jAllN2saIRbyioQ,https://www.tech-week.com/calendar/nyc
4816,Run & Raise: 5K Social Run,2026-06-02,08:00:00,Tuesday,2026-06-02 08:00,New York City,Chelsea,Chelsea,Morning,DealMaker,DealMaker,,DealMaker,dealmaker,False,,https://partiful.com/e/98lfOziRko2ulu1smDbv,https://www.tech-week.com/calendar/nyc
5472,Cut through noise & make the news: media panel for founders,2026-06-02,08:00:00,Tuesday,2026-06-02 08:00,New York City,Financial District,Financial District,Morning,LaunchLink Communications,LaunchLink Communications,Pressto AI,LaunchLink Communications; Pressto AI,launchlink-communications; pressto-ai,False,,https://partiful.com/e/gx05U9GiNs8y0Rh7lC2E,https://www.tech-week.com/calendar/nyc
5613,4th Annual NY Tech Week Soccer Championship,2026-06-02,08:00:00,Tuesday,2026-06-02 08:00,New York City,Chelsea,Chelsea,Morning,StartupExperts,StartupExperts,Alumni Ventures,StartupExperts; Alumni Ventures,startupexperts; alumni-ventures,False,,https://partiful.com/e/ea6MPpQj3n4C3BqH4qLl,https://www.tech-week.com/calendar/nyc
5934,AI Summit NYC,2026-06-02,08:00:00,Tuesday,2026-06-02 08:00,New York City,Midtown,Midtown,Morning,"Torque AI, Inc.","Torque AI, Inc.",NY AI Alliance,"Torque AI, Inc.; NY AI Alliance",torque-ai-inc; ny-ai-alliance,True,,,https://www.tech-week.com/calendar/nyc
6175,Fenwick Fun Run,2026-06-02,08:00:00,Tuesday,2026-06-02 08:00,New York City,Flatiron,Flatiron,Morning,Fenwick,Fenwick,,Fenwick,fenwick,False,platinum,https://partiful.com/e/BflyCpXXs8gQCLPyme7y,https://www.tech-week.com/calendar/nyc
4,Raising Capital in Today’s Tech Market - An insider conversation with VCs and family offices,2026-06-02,08:30:00,Tuesday,2026-06-02 08:30,New York City,Midtown,Midtown,Morning,RSM,RSM,,RSM,rsm,False,,https://partiful.com/e/D0zhXwwvQVDKz26IKab3,https://www.tech-week.com/calendar/nyc
4376,Ironspring Ventures/Eclipse/SVB Industrial Tech Breakfast,2026-06-02,08:30:00,Tuesday,2026-06-02 08:30,New York City,Midtown,Midtown,Morning,Ironspring Ventures,Ironspring Ventures,SVB; Eclipse,Ironspring Ventures; SVB; Eclipse,ironspring-ventures; svb; eclipse,False,,https://partiful.com/e/ot8041Lhdg9cEm9rludb,https://www.tech-week.com/calendar/nyc
4652,Robots & Revenue: A GTM Breakfast,2026-06-02,08:30:00,Tuesday,2026-06-02 08:30,New York City,Flatiron,Flatiron,Morning,Default,Default,People Data Labs,Default; People Data Labs,default; people-data-labs,False,,https://partiful.com/e/eP89tnFPXauq0Uwoq45t,https://www.tech-week.com/calendar/nyc
4682,🍩 Bytes & Bites early stage b2b kick off breakfast,2026-06-02,08:30:00,Tuesday,2026-06-02 08:30,New York City,Union Square,Union Square,Morning,Laconia Capital,Laconia Capital,,Laconia Capital,laconia-capital,False,,https://partiful.com/e/AmtcmAOuDjLnq4OXzR3G,https://www.tech-week.com/calendar/nyc
5141,The AI Founder Playbook: Breakfast & Panel @ Microsoft,2026-06-02,08:30:00,Tuesday,2026-06-02 08:30,New York City,Financial District,Financial District,Morning,Microsoft,Microsoft,,Microsoft,microsoft,False,,https://partiful.com/e/jYCTZCrfy1mYhHbJm771?,https://www.tech-week.com/calendar/nyc
5182,Fueling Founders: Brex + DoorDash for Business,2026-06-02,08:30:00,Tuesday,2026-06-02 08:30,New York City,Flatiron,Flatiron,Morning,DoorDash for Business,DoorDash for Business,Brex,Brex; DoorDash for Business,brex; doordash-for-business,False,,https://partiful.com/e/YcSebrL4YrehGiEKdpxi,https://www.tech-week.com/calendar/nyc
6287,VC Breakfast [Hosted by Collab Fund x J2 x Rho],2026-06-02,08:30:00,Tuesday,2026-06-02 08:30,New York City,Flatiron,Flatiron,Morning,J2 Ventures,J2 Ventures,Rho; Collab Fund,J2 Ventures; Rho; Collab Fund,j2-ventures; rho; collab-fund,False,,https://partiful.com/e/W1pVUsH2vjwnOsmqM7QT,https://www.tech-week.com/calendar/nyc
15,Executive Builders Summit with Lovable,2026-06-02,09:00:00,Tuesday,2026-06-02 09:00,New York City,Midtown,Midtown,Morning,Paradigm,Paradigm,,Paradigm,paradigm,False,,https://partiful.com/e/sBD7XOrpWuin4ANLc19O,https://www.tech-week.com/calendar/nyc
43,Everywhere Ventures Pre-seed founders breakfast,2026-06-02,09:00:00,Tuesday,2026-06-02 09:00,New York City,Nomad,Nomad,Morning,Everywhere Ventures,Everywhere Ventures,Microsoft for Startups,Everywhere Ventures; Microsoft for Startups,everywhere-ventures; microsoft-for-startups,False,,https://partiful.com/e/z0pJ3D36syV16PqYu8HK?,https://www.tech-week.com/calendar/nyc
181,Fintech CFO Office Hours,2026-06-02,09:00:00,Tuesday,2026-06-02 09:00,New York City,Midtown,Midtown,Morning,Scalepoint Advisors,Scalepoint Advisors,,Scalepoint Advisors,scalepoint-advisors,False,,https://partiful.com/e/YCxJ1L7QWreA9OWcKFau,https://www.tech-week.com/calendar/nyc
4045,Big IDEAS @ Big SNOW - 2026,2026-06-02,09:00:00,Tuesday,2026-06-02 09:00,New York City,Hudson Yards,Hudson Yards,Morning,Sidecut Ventures,Sidecut Ventures,,Sidecut Ventures,sidecut-ventures,False,,https://partiful.com/e/IYJwzTXfQeIaIL1YqCg7?c=TpXvY9hc,https://www.tech-week.com/calendar/nyc
4244,Agentic Commerce: Build Day,2026-06-02,09:00:00,Tuesday,2026-06-02 09:00,New York City,SoHo,SoHo,Morning,Tavily AI,Tavily AI,Microsoft,Tavily AI; Microsoft,tavily-ai; microsoft,False,,https://partiful.com/e/yZ0XKuQUzUUArbmiCNh5?c=OxOptCv7,https://www.tech-week.com/calendar/nyc
4304,Stop Scaling Churn: What Founders Get Wrong About Customer Success,2026-06-02,09:00:00,Tuesday,2026-06-02 09:00,New York City,Nomad,Nomad,Morning,Customer Over Chaos,Customer Over Chaos,,Customer Over Chaos,customer-over-chaos,False,,https://partiful.com/e/gM5zKPJV8oJRiBVnmwEf,https://www.tech-week.com/calendar/nyc
4330,J.P. Morgan Payments x Tech:NYC Media Breakfast,2026-06-02,09:00:00,Tuesday,2026-06-02 09:00,New York City,Nomad,Nomad,Morning,Tech:NYC,Tech:NYC,J.P. Morgan Payments,Tech:NYC; J.P. Morgan Payments,tech-nyc; j-p-morgan-payments,False,,https://partiful.com/e/YMJqaazX8LrxwxExRStJ,https://www.tech-week.com/calendar/nyc
4784,FS Vector x Tech Week Coffee Talk,2026-06-02,09:00:00,Tuesday,2026-06-02 09:00,New York City,Nomad,Nomad,Morning,FS Vector,FS Vector,,FS Vector,fs-vector,False,,https://partiful.com/e/yaaxNQZSjLZ40Sgx48Gh?,https://www.tech-week.com/calendar/nyc
4892,"No AI Team, No Problem : The Multi-Agent Playbook For Teams & Enterprises.",2026-06-02,09:00:00,Tuesday,2026-06-02 09:00,New York City,Hudson Yards,Hudson Yards,Morning,Phinite AI,Phinite AI,Baker Tilly,Phinite AI; Baker Tilly,phinite-ai; baker-tilly,False,,https://partiful.com/e/CpZhOzE6JH2RuPZfKDgK,https://www.tech-week.com/calendar/nyc
4906,Pre-Game,2026-06-02,09:00:00,Tuesday,2026-06-02 09:00,New York City,SoHo,SoHo,Morning,Golden Hour Ventures,Golden Hour Ventures,Dream Ventures,Dream Ventures; Golden Hour Ventures,dream-ventures; golden-hour-ventures,False,,https://partiful.com/e/JL5du0VlezG8MNoxYZ1S?c=O5gJVEee,https://www.tech-week.com/calendar/nyc
5369,Building LLM-powered products in production,2026-06-02,09:00:00,Tuesday,2026-06-02 09:00,New York City,Midtown,Midtown,Morning,Nanonit,Nanonit,,Nanonit,nanonit,False,,https://partiful.com/e/8syezYCs3htEpxRB2f9Q,https://www.tech-week.com/calendar/nyc
5463,"The Female Tech Stack: Hormones, AI, & Money",2026-06-02,09:00:00,Tuesday,2026-06-02 09:00,New York City,Flatiron,Flatiron,Morning,Hannah Cranston Media (HCM),Hannah Cranston Media (HCM),Clair Health; Frich; FLORA (Flora Fertility),Hannah Cranston Media (HCM); Clair Health; Frich; FLORA (Flora Fertility),hannah-cranston-media-hcm; clair-health; frich; flora-flora-fertility,False,,https://partiful.com/e/3Bh9VU2spmA3kWHsroRE,https://www.tech-week.com/calendar/nyc
5931,The Business of Video: What’s Working Now (and What’s Next),2026-06-02,09:00:00,Tuesday,2026-06-02 09:00,New York City,Midtown,Midtown,Morning,Wistia,Wistia,,Wistia,wistia,False,,https://partiful.com/e/0vbjAvadzQtRjreGKQ0G?,https://www.tech-week.com/calendar/nyc
5944,Buy vs. Build vs. Borrow: Outsourcing for Startups,2026-06-02,09:00:00,Tuesday,2026-06-02 09:00,New York City,Midtown,Midtown,Morning,Tavern Community NYC,Tavern Community NYC,,Tavern Community NYC,tavern-community-nyc,False,,https://partiful.com/e/3Ulq45rDvuTDjRsrSIPg,https://www.tech-week.com/calendar/nyc
5973,"Building Teams in Uncertain Times: Scaling with Less, Leading Through AI",2026-06-02,09:00:00,Tuesday,2026-06-02 09:00,New York City,Tribeca,Tribeca,Morning,Lenhardt Partners,Lenhardt Partners,,Lenhardt Partners,lenhardt-partners,False,,https://partiful.com/e/Bcpy9EoBWF8FipvER3Bo,https://www.tech-week.com/calendar/nyc
6328,Digital Identity: Fighting Consumer Fraud in Financial Services,2026-06-02,09:00:00,Tuesday,2026-06-02 09:00,New York City,Midtown,Midtown,Morning,Heka Global,Heka Global,Pearl Cohen,Heka Global; Pearl Cohen,heka-global; pearl-cohen,False,,https://partiful.com/e/qby7sUnWQut791gK5Y9Q?c=_9zyArdq,https://www.tech-week.com/calendar/nyc
6359,Women Who Code Summit,2026-06-02,09:00:00,Tuesday,2026-06-02 09:00,New York City,Financial District,Financial District,Morning,Women Who Code,Women Who Code,,Women Who Code,women-who-code,False,,https://partiful.com/e/MS799jnbmEb4W8981dii,https://www.tech-week.com/calendar/nyc
5567,What Quantum Actually Means for Computing,2026-06-02,09:15:00,Tuesday,2026-06-02 09:15,New York City,Flatiron,Flatiron,Morning,IBM,IBM,,IBM,ibm,False,platinum,https://partiful.com/e/kQOkplcSkP79vs38zqvj?c=pv4Vzen0,https://www.tech-week.com/calendar/nyc
4041,Founders/VCs Breakfast Mixer w/ Qapita & RemoFirst,2026-06-02,09:30:00,Tuesday,2026-06-02 09:30,New York City,Chinatown,Chinatown,Morning,Qapita,Qapita,Remofirst,Qapita; Remofirst,qapita; remofirst,False,,https://partiful.com/e/hqc1Whoh5lLOU4ORC6tk,https://www.tech-week.com/calendar/nyc
4996,THE AI-Sustainability Paradox: Harnessing Climate AI Responsibly,2026-06-02,09:30:00,Tuesday,2026-06-02 09:30,New York City,Midtown,Midtown,Morning,Women in Cleantech & Sustainability,Women in Cleantech and Sustainability,,Women in Cleantech and Sustainability,women-in-cleantech-and-sustainability,True,,,https://www.tech-week.com/calendar/nyc
4927,NeuroNYC Central Park Walk and Talk,2026-06-02,09:45:00,Tuesday,2026-06-02 09:45,New York City,Central Park,Central Park,Morning,NeuroNYC,NeuroNYC,,NeuroNYC,neuronyc,False,,https://partiful.com/e/vTr6qDDFC1zHFdKZbtgk?c=WBYSGPpT,https://www.tech-week.com/calendar/nyc
4320,GEO & PR Brunch,2026-06-02,10:00:00,Tuesday,2026-06-02 10:00,New York City,Midtown,Midtown,Morning,SUSO Digital,SUSO Digital,Peec AI,SUSO Digital; Peec AI,suso-digital; peec-ai,True,,,https://www.tech-week.com/calendar/nyc
4448,"Fast Growth, Real Pressure: Leading AI-Driven Organizations from fragmentation to alignment",2026-06-02,10:00:00,Tuesday,2026-06-02 10:00,New York City,Financial District,Financial District,Morning,VERITAS QUEST,VERITAS QUEST,,VERITAS QUEST,veritas-quest,False,,https://partiful.com/e/R7LqowC06vTdkNjyGJQT,https://www.tech-week.com/calendar/nyc
4451,"An A2A World: Who Builds It, Who Wins, and What's Still Missing",2026-06-02,10:00:00,Tuesday,2026-06-02 10:00,New York City,Midtown,Midtown,Morning,Dedalus Labs,Dedalus Labs,,Dedalus Labs,dedalus-labs,False,,https://partiful.com/e/G02MiaLzT1YRwCpzzFY0,https://www.tech-week.com/calendar/nyc
4488,🚀 Scaling Smart: Supercharging Startup Success with Advisory & Governing Boards,2026-06-02,10:00:00,Tuesday,2026-06-02 10:00,New York City,Midtown,Midtown,Morning,The Fourth Effect,The Fourth Effect,,The Fourth Effect,the-fourth-effect,False,,https://partiful.com/e/Y1qPOFKb9fL9VUf0dHMi?c=M5RKDWSI,https://www.tech-week.com/calendar/nyc
4698,B2B Founders Panel & Breakfast,2026-06-02,10:00:00,Tuesday,2026-06-02 10:00,New York City,Midtown,Midtown,Morning,BDev Ventures,BDev Ventures,"Stuf Storage; Western Alliance Bank, Member FDIC","BDev Ventures; Stuf Storage; Western Alliance Bank, Member FDIC",bdev-ventures; stuf-storage; western-alliance-bank-member-fdic,False,,https://partiful.com/e/a4otiT5uQNHYsG066urY?,https://www.tech-week.com/calendar/nyc
4760,Calm-pliance Cafe,2026-06-02,10:00:00,Tuesday,2026-06-02 10:00,New York City,Flatiron,Flatiron,Morning,Vanta,Vanta,,Vanta,vanta,False,,https://partiful.com/e/PgC9007xbQZuIyeFn7bv?,https://www.tech-week.com/calendar/nyc
4770,Build for Humans Hackathon,2026-06-02,10:00:00,Tuesday,2026-06-02 10:00,New York City,Financial District,Financial District,Morning,American Technology Services,American Technology Services,,American Technology Services,american-technology-services,False,,https://partiful.com/e/p5m8QgLbsombtqkb71uO,https://www.tech-week.com/calendar/nyc
4797,Sick Care is Dead. What Comes Next?,2026-06-02,10:00:00,Tuesday,2026-06-02 10:00,New York City,Midtown,Midtown,Morning,Bright Signal Consulting,Bright Signal Consulting,Scalpels & Spreadsheets; VO Health,Bright Signal Consulting; Scalpels & Spreadsheets; VO Health,bright-signal-consulting; scalpels-spreadsheets; vo-health,False,,https://partiful.com/e/FY3KclQ7SZQRANVS4iYT,https://www.tech-week.com/calendar/nyc
4823,Startup to IPO Candidate in 3 Years: The Timeline Most Founders Don't know,2026-06-02,10:00:00,Tuesday,2026-06-02 10:00,New York City,Financial District,Financial District,Morning,Allin AI,Allin AI,,Allin AI,allin-ai,False,,https://partiful.com/e/vRLuXuKmW04TmEn0JgN0,https://www.tech-week.com/calendar/nyc
5111,Coffee Chat Manhattan: Faith In Business!,2026-06-02,10:00:00,Tuesday,2026-06-02 10:00,New York City,Upper Manhattan,Upper Manhattan,Morning,Travelbay,Travelbay,,Travelbay,travelbay,False,,https://partiful.com/e/SilVn4RefHTxrmE4dxa0,https://www.tech-week.com/calendar/nyc
5294,"The Rise Circle: Founders, Investors & Innovation Leaders",2026-06-02,10:00:00,Tuesday,2026-06-02 10:00,New York City,Midtown,Midtown,Morning,African Women in STEM,African Women in STEM,Altruistic Scribe,African Women in STEM; Altruistic Scribe,african-women-in-stem; altruistic-scribe,False,,https://partiful.com/e/nuG19qqVmzUPc7lcUsHr?c=5sVYUNL-,https://www.tech-week.com/calendar/nyc
5409,Agent Era: How Women Founders Are Building AI That Works for Their Business,2026-06-02,10:00:00,Tuesday,2026-06-02 10:00,New York City,Chelsea,Chelsea,Morning,Black Women Talk Tech,"Black Women Talk Tech, NY Tech Alliance",,"Black Women Talk Tech, NY Tech Alliance",black-women-talk-tech-ny-tech-alliance,False,,https://partiful.com/e/4YRLsfNwwGUl2cmJjPX8,https://www.tech-week.com/calendar/nyc
5443,Harness Mindset Across an Organization by amp,2026-06-02,10:00:00,Tuesday,2026-06-02 10:00,New York City,SoHo,SoHo,Morning,amp,amp,,amp,amp,False,,https://partiful.com/e/6IyrrQO0OeyIwFF8RdEz?c=eAlrYmEL,https://www.tech-week.com/calendar/nyc
5897,Founders & Executives: Move 5x Faster When Your Entire Team Vibe-Codes,2026-06-02,10:00:00,Tuesday,2026-06-02 10:00,New York City,Nomad,Nomad,Morning,Myop ltd,Myop ltd,,Myop ltd,myop-ltd,False,,https://partiful.com/e/CFjTRkUlOshQzLTgXxxX,https://www.tech-week.com/calendar/nyc
5924,Building AI-Powered Customer Retention Systems,2026-06-02,10:00:00,Tuesday,2026-06-02 10:00,New York City,Financial District,Financial District,Morning,Wooxy,Wooxy,,Wooxy,wooxy,False,,https://partiful.com/e/I3ROKuMjZcyfAcyUQcp8,https://www.tech-week.com/calendar/nyc
5397,Scotland: A tech hub for Europe,2026-06-02,10:30:00,Tuesday,2026-06-02 10:30,New York City,Upper Manhattan,Upper Manhattan,Morning,Halo Drive Ltd,Halo Drive Ltd.,,Halo Drive Ltd.,halo-drive-ltd,True,,,https://www.tech-week.com/calendar/nyc
4271,Latino & LatAm Founders & Investors Speed Dating,2026-06-02,11:00:00,Tuesday,2026-06-02 11:00,New York City,Midtown,Midtown,Morning,Pygma,Pygma,,Pygma,pygma,False,,https://partiful.com/e/MI78ceqUW5P10OgKERSv,https://www.tech-week.com/calendar/nyc
4702,The Future of Work,2026-06-02,11:00:00,Tuesday,2026-06-02 11:00,New York City,Flatiron,Flatiron,Morning,Valon,Valon,,Valon,valon,False,,https://partiful.com/e/GTWJvQGfddpsW5MBheNs,https://www.tech-week.com/calendar/nyc
5350,What's Data Worth Now?,2026-06-02,11:00:00,Tuesday,2026-06-02 11:00,New York City,Financial District,Financial District,Morning,LibGem,LibGem,,LibGem,libgem,False,,https://partiful.com/e/uTNLeWPAdJuraikzGCN5,https://www.tech-week.com/calendar/nyc
5919,Trustworthy AI Showcase & Matching,2026-06-02,11:00:00,Tuesday,2026-06-02 11:00,New York City,Virtual (NYC),Virtual (NYC),Morning,Product Advisory Collective (PAC),Product Advisory Collective (PAC),,Product Advisory Collective (PAC),product-advisory-collective-pac,False,,https://partiful.com/e/VnOuRBBJZWS1LZQMuUF1,https://www.tech-week.com/calendar/nyc
6230,IBM Presents: Mainframe Mythbusting,2026-06-02,11:00:00,Tuesday,2026-06-02 11:00,New York City,Flatiron,Flatiron,Morning,IBM,IBM,,IBM,ibm,False,platinum,https://partiful.com/e/XR549h5mIN8sPEYCBreB,https://www.tech-week.com/calendar/nyc
5497,Build Better GTM Decks with Gamma,2026-06-02,11:30:00,Tuesday,2026-06-02 11:30,New York City,SoHo,SoHo,Morning,Gamma,Gamma,,Gamma,gamma,False,,https://partiful.com/e/gV4OHzuFLk41mFqcWvCP,https://www.tech-week.com/calendar/nyc
198,Anti Career Fair,2026-06-02,12:00:00,Tuesday,2026-06-02 12:00,New York City,Upper East Side,Upper West Side,Noon,Cooperman Business Center @ Hunter College,Cooperman Business Center @ Hunter College,Velric,Cooperman Business Center @ Hunter College; Velric,cooperman-business-center-hunter-college; velric,False,,https://partiful.com/e/RBHVasd7M734yLwBejbr,https://www.tech-week.com/calendar/nyc
4372,Founders' Lunch hosted by Cherry Hill Advisory,2026-06-02,12:00:00,Tuesday,2026-06-02 12:00,New York City,Upper East Side,Upper West Side,Noon,Cherry Hill Advisory,Cherry Hill Advisory,,Cherry Hill Advisory,cherry-hill-advisory,False,,https://partiful.com/e/bj5Swetc8seLqhOktZCN,https://www.tech-week.com/calendar/nyc
4551,How to Write a Book on AI in Enterprise SDLC While Patterns Keep Changing,2026-06-02,12:00:00,Tuesday,2026-06-02 12:00,New York City,Midtown,Midtown,Noon,VirtusLab,Virtuslab z.o.o,,Virtuslab z.o.o,virtuslab-z-o-o,False,,https://partiful.com/e/M7pXmV8sOXT11yHb9pKw,https://www.tech-week.com/calendar/nyc
4634,Promise of Physical AI - Hardware Founders and Investors only,2026-06-02,12:00:00,Tuesday,2026-06-02 12:00,New York City,Chelsea,Chelsea,Noon,Interwoven Ventures,Interwoven Ventures,Evercore Partners,Interwoven Ventures; Evercore Partners,interwoven-ventures; evercore-partners,True,,,https://www.tech-week.com/calendar/nyc
4761,Investing in Cultural Infrastructure Lunch,2026-06-02,12:00:00,Tuesday,2026-06-02 12:00,New York City,Financial District,Financial District,Noon,XLAI,XLAI,,XLAI,xlai,False,,https://partiful.com/e/JiBs94gNoe1bITFBC2Ie?c=9n6IBr0E,https://www.tech-week.com/calendar/nyc
4783,Investing in Cultural Infrastructure Lunch,2026-06-02,12:00:00,Tuesday,2026-06-02 12:00,New York City,Financial District,Financial District,Noon,XLAI,XLAI,,XLAI,xlai,False,,https://partiful.com/e/JiBs94gNoe1bITFBC2Ie?c=9n6IBr0E,https://www.tech-week.com/calendar/nyc
4881,AI Buildathon for B2B Marketers,2026-06-02,12:00:00,Tuesday,2026-06-02 12:00,New York City,Midtown,Midtown,Noon,Suru Labs,Suru Labs,,Suru Labs,suru-labs,True,,,https://www.tech-week.com/calendar/nyc
4949,Private Lunch,2026-06-02,12:00:00,Tuesday,2026-06-02 12:00,New York City,Midtown,Midtown,Noon,Cuculi,Cuculi,,Cuculi,cuculi,False,,https://partiful.com/e/2x1lLHHnRvnf36gTKAT5?c=15YA_n1Z,https://www.tech-week.com/calendar/nyc
5081,CVC and Founder RFLP (Request for Lunch and Product),2026-06-02,12:00:00,Tuesday,2026-06-02 12:00,New York City,Nomad,Nomad,Noon,Generous Ventures,Generous Ventures,,Generous Ventures,generous-ventures,False,,https://partiful.com/e/MiOQHxdejDBQkwhrPEZF?c=l1mseSwG,https://www.tech-week.com/calendar/nyc
5145,AI for Real-Time Revenue Execution,2026-06-02,12:00:00,Tuesday,2026-06-02 12:00,New York City,Financial District,Financial District,Noon,SpikedAI,SpikedAI,,SpikedAI,spikedai,True,,,https://www.tech-week.com/calendar/nyc
5213,Ready to Scale,2026-06-02,12:00:00,Tuesday,2026-06-02 12:00,New York City,East Village,East Village,Noon,Relationality,Relationality,DefinedTalent,Relationality; DefinedTalent,relationality; definedtalent,False,,https://partiful.com/e/3YmVsAWVcNj3DI4e9APO,https://www.tech-week.com/calendar/nyc
5412,Techstars Investor Preview,2026-06-02,12:00:00,Tuesday,2026-06-02 12:00,New York City,SoHo,SoHo,Noon,Techstars,Techstars,,Techstars,techstars,False,,https://partiful.com/e/t9rcgqhGn2tx8udcMKmX,https://www.tech-week.com/calendar/nyc
5421,​SMB Healthcare Benefits Luncheon,2026-06-02,12:00:00,Tuesday,2026-06-02 12:00,New York City,Flatiron,Flatiron,Noon,"CEO, DentalFynd","CEO, DentalFynd",,"CEO, DentalFynd",ceo-dentalfynd,False,,https://partiful.com/e/1fK2CqrZyzHrEaBIKJKI,https://www.tech-week.com/calendar/nyc
5953,Justworks - Meet the Engineering Team,2026-06-02,12:00:00,Tuesday,2026-06-02 12:00,New York City,Financial District,Financial District,Noon,Justworks,Justworks,,Justworks,justworks,True,,,https://www.tech-week.com/calendar/nyc
6089,AI Founder & Funder Brunch,2026-06-02,12:00:00,Tuesday,2026-06-02 12:00,New York City,Chelsea,Chelsea,Noon,AI Furnace,The AI Furnace,Foley Hoag LLP,The AI Furnace; Foley Hoag LLP,the-ai-furnace; foley-hoag-llp,False,,https://partiful.com/e/CFCQZrHUAIGOer02VXgS,https://www.tech-week.com/calendar/nyc
6356,Ai for PR: Prompt to Power,2026-06-02,12:00:00,Tuesday,2026-06-02 12:00,New York City,Union Square,Union Square,Noon,Intertwined Agency,Intertwined Agency,,Intertwined Agency,intertwined-agency,False,,https://partiful.com/e/RPGqcrnx3TRVKsBlSkgt,https://www.tech-week.com/calendar/nyc
6414,Fueling Founders: Brex + DoorDash for Business,2026-06-02,12:00:00,Tuesday,2026-06-02 12:00,New York City,Flatiron,Flatiron,Noon,DoorDash for Business,DoorDash for Business,Brex,Brex; DoorDash for Business,brex; doordash-for-business,False,,https://partiful.com/e/YcSebrL4YrehGiEKdpxi,https://www.tech-week.com/calendar/nyc
5254,The Draft Experience: NYC Tryouts,2026-06-02,12:15:00,Tuesday,2026-06-02 12:15,New York City,Chelsea,Chelsea,Noon,AcceleratorCON,AcceleratorCON,,AcceleratorCON,acceleratorcon,False,,https://partiful.com/e/jgMKPC3cREYqMzEvxTzo,https://www.tech-week.com/calendar/nyc
4309,Stop Paying for Fake Users: A Workshop for Building an AI-stack for Fraud-proof Affiliate Growth,2026-06-02,12:30:00,Tuesday,2026-06-02 12:30,New York City,Union Square,Union Square,Noon,Konduit,Konduit,,Konduit,konduit,False,,https://partiful.com/e/jcGHr89B49F18BoiQmmx,https://www.tech-week.com/calendar/nyc
4490,GPs + LPs Lunch,2026-06-02,12:30:00,Tuesday,2026-06-02 12:30,New York City,Midtown,Midtown,Noon,Columbia University's Endowment,The Columbia Endowment,Mercury; Columbia Investment Management Company (IMC); Reveille VC,Mercury; The Columbia Endowment; Columbia Investment Management Company (IMC); Reveille VC,mercury; the-columbia-endowment; columbia-investment-management-company-imc; reveille-vc,False,,https://partiful.com/e/sI9uAVn8IoJIo6k4rLfI,https://www.tech-week.com/calendar/nyc
4589,Healthtech Pizza Station,2026-06-02,12:30:00,Tuesday,2026-06-02 12:30,New York City,Midtown,Midtown,Noon,France Ovalle,France Ovalle,Scalpels & Spreadsheets,Scalpels & Spreadsheets; France Ovalle,scalpels-spreadsheets; france-ovalle,False,,https://partiful.com/e/UHnwevW4JRQyBdRAOc9V,https://www.tech-week.com/calendar/nyc
6180,Zo Builders Demo Day at NYC Tech Week,2026-06-02,12:30:00,Tuesday,2026-06-02 12:30,New York City,Midtown,Midtown,Noon,Zo Computer,Zo Computer,,Zo Computer,zo-computer,False,,https://partiful.com/e/pmpzDSI9HP2mJlTBFXRS,https://www.tech-week.com/calendar/nyc
4465,"Longevity: Science, Tech & Capital",2026-06-02,12:45:00,Tuesday,2026-06-02 12:45,New York City,Upper East Side,Upper West Side,Noon,The Different Health,The Different Health,The reason AI,The Different Health; The reason AI,the-different-health; the-reason-ai,False,,https://partiful.com/e/tWK9RNlH5bTADdjGdeeB,https://www.tech-week.com/calendar/nyc
26,"No legal, no problem? Leveraging Fractional GCs",2026-06-02,13:00:00,Tuesday,2026-06-02 13:00,New York City,Nomad,Nomad,Afternoon,AMBART LAW pllc,AMBART LAW pllc,The Chief Counsel,AMBART LAW pllc; The Chief Counsel,ambart-law-pllc; the-chief-counsel,False,,https://partiful.com/e/aXoM9DjzuAjl9reyLeNV?,https://www.tech-week.com/calendar/nyc
4118,"Health, Wellness and Fitness Connected Hardware Demo",2026-06-02,13:00:00,Tuesday,2026-06-02 13:00,New York City,Brooklyn,Brooklyn,Afternoon,Vital Element Inc,Vital Element Inc,,Vital Element Inc,vital-element-inc,False,,https://partiful.com/e/hoiIyIAqKDf5BeT68y2y,https://www.tech-week.com/calendar/nyc
4800,Founder Launch Studio @Fin Labs,2026-06-02,13:00:00,Tuesday,2026-06-02 13:00,New York City,Gramercy Park,Gramercy Park,Afternoon,Fin,Fin,,Fin,fin,False,gold,https://partiful.com/e/wDUtH0Ykej7Li71GxFYW,https://www.tech-week.com/calendar/nyc
4801,Build Your AI Operating System - Live Workshop for CXOs & GTM Leaders,2026-06-02,13:00:00,Tuesday,2026-06-02 13:00,New York City,Tribeca,Tribeca,Afternoon,MasteringAI,MasteringAI,,MasteringAI,masteringai,False,,https://partiful.com/e/1sHHUqIMNMhDFDYNQclx,https://www.tech-week.com/calendar/nyc
4982,Traditional Disruption: AI + Judaism,2026-06-02,13:00:00,Tuesday,2026-06-02 13:00,New York City,Brooklyn,Brooklyn,Afternoon,Artificial Wisdom,Artificial Wisdom,,Artificial Wisdom,artificial-wisdom,False,,https://partiful.com/e/SYJcfbJyv8UoYvgYl138,https://www.tech-week.com/calendar/nyc
5905,The Oasis @ NY Tech Week Day 2 - Future of Work,2026-06-02,13:00:00,Tuesday,2026-06-02 13:00,New York City,Flatiron,Flatiron,Afternoon,Flowstate,Flowstate,Vibe Space; Boardy; The AI Collective,Flowstate; Vibe Space; Boardy; The AI Collective,flowstate; vibe-space; boardy; the-ai-collective,False,,https://partiful.com/e/ydp71jPFgU83rwwIYOhv,https://www.tech-week.com/calendar/nyc
5918,Hacking Customer Retention with AI,2026-06-02,13:00:00,Tuesday,2026-06-02 13:00,New York City,Financial District,Financial District,Afternoon,Wooxy,Wooxy,,Wooxy,wooxy,False,,https://partiful.com/e/tVledXQK9bwSVjCF0OUT,https://www.tech-week.com/calendar/nyc
6394,Tech & Innovations for Retailers and Brands 2026+,2026-06-02,13:00:00,Tuesday,2026-06-02 13:00,New York City,Brooklyn,Brooklyn,Afternoon,Tacos & Trends,Tacos & Trends,C2.studio,Tacos & Trends; C2.studio,tacos-trends; c2-studio,False,,https://partiful.com/e/T0RHDtwEK1RSeEw3slel,https://www.tech-week.com/calendar/nyc
6397,AI Founder Playbook: Stop Building AI Products No One Pays For,2026-06-02,13:00:00,Tuesday,2026-06-02 13:00,New York City,Midtown,Midtown,Afternoon,Byte&Chord,Byte&Chord,,Byte&Chord,byte-chord,False,,https://partiful.com/e/BUIddlD0RtN1sS7a67xa,https://www.tech-week.com/calendar/nyc
256,Rebuilding The Creative Stack,2026-06-02,14:00:00,Tuesday,2026-06-02 14:00,New York City,Flatiron,Flatiron,Afternoon,Howdy,Howdy,,Howdy,howdy,False,,https://partiful.com/e/wjcoIW0CMJNRVf2sogq8?f=1,https://www.tech-week.com/calendar/nyc
4411,Healthcare Pitch Competition - 2048 Ventures,2026-06-02,14:00:00,Tuesday,2026-06-02 14:00,New York City,Midtown,Midtown,Afternoon,2048 Ventures,2048 Ventures,,2048 Ventures,2045-ventures,False,,https://partiful.com/e/KRkErDozQGPetxzhlohf,https://www.tech-week.com/calendar/nyc
4738,McKinsey x NY Tech Week panel: What actually drives AI value,2026-06-02,14:00:00,Tuesday,2026-06-02 14:00,New York City,Financial District,Financial District,Afternoon,McKinsey & Company,McKinsey & Co,,McKinsey & Co,mckinsey-co,False,,https://partiful.com/e/zejQuL4V8LSSfgC67L5g?c=fMGzpryH,https://www.tech-week.com/calendar/nyc
4850,"Infuse - Ideas, Innovation, & Impact in GovTech",2026-06-02,14:00:00,Tuesday,2026-06-02 14:00,New York City,Flatiron,Flatiron,Afternoon,ZenGov,ZenGov,,ZenGov,zengov,False,,https://partiful.com/e/9N0RjmWO3QMw0GCbSndf?c=U7NEDpeN,https://www.tech-week.com/calendar/nyc
5013,Tech IPO Summit,2026-06-02,14:00:00,Tuesday,2026-06-02 14:00,New York City,Flatiron,Flatiron,Afternoon,Goodfin,GoodFin,,GoodFin,goodfin,False,,https://partiful.com/e/suiUkzxWKTrNjbWRUoAe,https://www.tech-week.com/calendar/nyc
5178,From Your Own H-1B Cap Exempt Employer,2026-06-02,14:00:00,Tuesday,2026-06-02 14:00,New York City,Virtual (NYC),Virtual (NYC),Afternoon,WHO MENTORS YOU INC.,WHO MENTORS YOU INC.,,WHO MENTORS YOU INC.,who-mentors-you-inc,False,,https://partiful.com/e/LnN7pfnjNMZ2RcNIK6T6,https://www.tech-week.com/calendar/nyc
5247,Founders & Investors Afternoon Mixer,2026-06-02,14:00:00,Tuesday,2026-06-02 14:00,New York City,Union Square,Union Square,Afternoon,Technology Founders of America,Technology Founders of America,,Technology Founders of America,technology-founders-of-america,False,,https://partiful.com/e/nNJ80KODX1rqDJbIKCln,https://www.tech-week.com/calendar/nyc
5419,Ancient Wisdom Meets Modern Fertility: A Sound Bath + Conversation on Cycle Intelligence,2026-06-02,14:00:00,Tuesday,2026-06-02 14:00,New York City,Nomad,Nomad,Afternoon,Lotus Fertility,Lotus Fertility,The Rewilding Collective,Lotus Fertility; The Rewilding Collective,lotus-fertility; the-rewilding-collective,False,,https://partiful.com/e/JPEEcl2tkCTbrJdLhM0K?c=negN8dZR,https://www.tech-week.com/calendar/nyc
5597,Founder Interview Panel,2026-06-02,14:00:00,Tuesday,2026-06-02 14:00,New York City,Midtown,Midtown,Afternoon,UBS,UBS,,UBS,ubs,False,,https://partiful.com/e/zYT2L1M6loe8AIrQQMzX?,https://www.tech-week.com/calendar/nyc
5900,Enterprise AI Governance,2026-06-02,14:00:00,Tuesday,2026-06-02 14:00,New York City,Midtown,Midtown,Afternoon,Langsmart,Langsmart,,Langsmart,langsmart,True,,,https://www.tech-week.com/calendar/nyc
6177,Founder Story: A Fireside Chat with a16z & the CEO of Moment,2026-06-02,14:00:00,Tuesday,2026-06-02 14:00,New York City,Flatiron,Flatiron,Afternoon,Fenwick,Fenwick,,Fenwick,fenwick,False,platinum,https://partiful.com/e/UOnETVUQrpuNwEKePLYn,https://www.tech-week.com/calendar/nyc
5039,A New Creative Stack: How AI Is Reshaping Content,2026-06-02,14:30:00,Tuesday,2026-06-02 14:30,New York City,Meatpacking District,Meatpacking District,Afternoon,CreatorTech.ai,Creator Tech.AI,,Creator Tech.AI,creator-tech-ai,False,,https://partiful.com/e/T2CsmryS2cJjERt9dZkY,https://www.tech-week.com/calendar/nyc
156,AI Founder + Engineer Happy Hour,2026-06-02,15:00:00,Tuesday,2026-06-02 15:00,New York City,Tribeca,Tribeca,Afternoon,Tower Research Ventures,Tower Research Ventures,,Tower Research Ventures,tower-research-ventures,False,,https://partiful.com/e/bwI0kidjjzif7TcWtxYb,https://www.tech-week.com/calendar/nyc
164,AI x Construction Panel,2026-06-02,15:00:00,Tuesday,2026-06-02 15:00,New York City,SoHo,SoHo,Afternoon,Blueprints AI,Blueprints AI,,Blueprints AI,blueprints-ai,False,,https://partiful.com/e/LRKo0DyGl5PCR5nECZ7S,https://www.tech-week.com/calendar/nyc
4130,How do you have a conversation with a city?,2026-06-02,15:00:00,Tuesday,2026-06-02 15:00,New York City,Midtown,Midtown,Afternoon,Data Vandals,Data Vandals,,Data Vandals,data-vandals,False,,https://partiful.com/e/6xAvUm0cvTe94ZWTuqGo?c=wknrVoCa,https://www.tech-week.com/calendar/nyc
4177,Build-it-Yourself Workshop. For no-code builders inside commercial products,2026-06-02,15:00:00,Tuesday,2026-06-02 15:00,New York City,Nomad,Nomad,Afternoon,Myop.dev,myop.dev,,myop.dev,myop-dev,False,,https://partiful.com/e/8yTv1iGFROeqAMxI5XoN,https://www.tech-week.com/calendar/nyc
4368,NY TECH WEEK AT THE ALTAR,2026-06-02,15:00:00,Tuesday,2026-06-02 15:00,New York City,Flatiron,Flatiron,Afternoon,The Altar,The Altar,,The Altar,the-altar,False,,https://partiful.com/e/KlS7UfwRDZbVeru6kvqq,https://www.tech-week.com/calendar/nyc
4406,The Great AI Divide,2026-06-02,15:00:00,Tuesday,2026-06-02 15:00,New York City,Chelsea,Chelsea,Afternoon,Rest of World,Rest of World,Access Now; AI Now Institute,Rest of World; Access Now; AI Now Institute,rest-of-world; access-now; ai-now-institute,False,,https://partiful.com/e/2UzoY58jttvpNlysyUbc,https://www.tech-week.com/calendar/nyc
4442,From Idea to Impact: Building Products That Actually Ship,2026-06-02,15:00:00,Tuesday,2026-06-02 15:00,New York City,Nomad,Nomad,Afternoon,NexPost,NexPost,,NexPost,nexpost,False,,https://partiful.com/e/zJHDqWIiejSqWi4VR7Hq,https://www.tech-week.com/calendar/nyc
4646,Mission Ready: Scaling Defense Tech,2026-06-02,15:00:00,Tuesday,2026-06-02 15:00,New York City,Chelsea,Chelsea,Afternoon,Defense Capital,Defense Capital,Rivendell Strategies,Defense Capital; Rivendell Strategies,defense-capital; rivendell-strategies,False,,https://partiful.com/e/l79XoRaeQh6iKy77AjAz?f=1,https://www.tech-week.com/calendar/nyc
4907,Hospital VC and CVC's Unite!,2026-06-02,15:00:00,Tuesday,2026-06-02 15:00,New York City,Tribeca,Tribeca,Afternoon,MarkOne Health,MarkOne Health,,MarkOne Health,markone-health,True,,,https://www.tech-week.com/calendar/nyc
5073,[Everything AI Startup Pitch Competition],2026-06-02,15:00:00,Tuesday,2026-06-02 15:00,New York City,Financial District,Financial District,Afternoon,Fundraising Bootcamp,Fundraising Bootcamp,Berkeley SkyDeck,Fundraising Bootcamp; Berkeley SkyDeck,fundraising-bootcamp; berkeley-skydeck,False,,https://partiful.com/e/OD2KJyMtSdJZKcvqUhut,https://www.tech-week.com/calendar/nyc
5084,Whiskey Tasting at Bergdorf Goodman,2026-06-02,15:00:00,Tuesday,2026-06-02 15:00,New York City,Upper East Side,Upper West Side,Afternoon,Serena Wang,Serena Wang,,Serena Wang,serena-wang,False,,https://partiful.com/e/1fMzw1D0PsQg92XJt7Qu,https://www.tech-week.com/calendar/nyc
5106,Stand Out & Get Funded in the Age of AI,2026-06-02,15:00:00,Tuesday,2026-06-02 15:00,New York City,Midtown,Midtown,Afternoon,Ellis Law Group,Ellis Law Group,,Ellis Law Group,ellis-law-group,False,,https://partiful.com/e/mZiEajFwHCLUYNUGsAIP,https://www.tech-week.com/calendar/nyc
5148,Signals in the Storm: The Future of Public Safety,2026-06-02,15:00:00,Tuesday,2026-06-02 15:00,New York City,Union Square,Union Square,Afternoon,NYSTEC,NYSTEC,,NYSTEC,nystec,False,,https://partiful.com/e/T3BAFsqBE9zGGewtNSm0,https://www.tech-week.com/calendar/nyc
5256,Creator Hackathon: Build the Next AI Agent That Finds Your Next Brand Deal,2026-06-02,15:00:00,Tuesday,2026-06-02 15:00,New York City,SoHo,SoHo,Afternoon,Walker Media LLC,Walker Media LLC,,Walker Media LLC,walker-media-llc,False,,https://partiful.com/e/qv3wwvC0RGfSlPSbCwc0,https://www.tech-week.com/calendar/nyc
5318,The Rise Circle - The Reset Room Sound Bath,2026-06-02,15:00:00,Tuesday,2026-06-02 15:00,New York City,Midtown,Midtown,Afternoon,Altruistic Scribe Company,Altruistic Scribe Company,African Women in STEM,Altruistic Scribe Company; African Women in STEM,altruistic-scribe-company; african-women-in-stem,False,,https://partiful.com/e/wgdV8OJvF9oyEsgJbfR7?f=1&photo=all,https://www.tech-week.com/calendar/nyc
5488,Recess at Tech Week,2026-06-02,15:00:00,Tuesday,2026-06-02 15:00,New York City,Union Square,Union Square,Afternoon,Recess,Recess,,Recess,recess,False,,https://partiful.com/e/TqQqF6AsVrPzJOiMvXkc,https://www.tech-week.com/calendar/nyc
5927,Profit through Partnerships,2026-06-02,15:00:00,Tuesday,2026-06-02 15:00,New York City,Midtown,Midtown,Afternoon,Partner1,Partner1,Microsoft,Partner1; Microsoft,partner1; microsoft,False,,https://partiful.com/e/x0UO9Ulp9lpbwxFsBecQ?c=Vx6Pnpp4,https://www.tech-week.com/calendar/nyc
5935,Adobe Ventures & Comcast Ventures Present: The Future of Entertainment,2026-06-02,15:00:00,Tuesday,2026-06-02 15:00,New York City,Chelsea,Chelsea,Afternoon,Adobe,Adobe,,Adobe,adobe,False,gold,https://partiful.com/e/xq9XJglFbgTigyFR9AVc,https://www.tech-week.com/calendar/nyc
6169,Masters of Scale Live with IBM CEO Arvind Krishna Session & Reception,2026-06-02,15:00:00,Tuesday,2026-06-02 15:00,New York City,Flatiron,Flatiron,Afternoon,IBM,IBM,,IBM,ibm,False,platinum,https://partiful.com/e/Vkqzm6uJ1LkUk8bVBQU7?c=ykb9r8Fc,https://www.tech-week.com/calendar/nyc
6178,Build Agent-first Companies with Airtable,2026-06-02,15:00:00,Tuesday,2026-06-02 15:00,New York City,Midtown,Midtown,Afternoon,Hyperagent,Hyperagent,,Hyperagent,hyperagent,False,gold,https://partiful.com/e/eVXwspZygA7cPx3Tjgnw,https://www.tech-week.com/calendar/nyc
4112,"Munis, Meet the Future: A Briefing on Tokenized Bonds",2026-06-02,15:30:00,Tuesday,2026-06-02 15:30,New York City,Union Square,Union Square,Afternoon,Zuzlab Inc.,Zuzlab Inc.,,Zuzlab Inc.,zuzlab-inc,True,,,https://www.tech-week.com/calendar/nyc
4214,"AI After Tomorrow: Investing, Building Tech, and Serving Customers",2026-06-02,15:30:00,Tuesday,2026-06-02 15:30,New York City,Tribeca,Tribeca,Afternoon,Techstars,Techstars,DigitalOcean; Zendesk,Techstars; DigitalOcean; Zendesk,techstars; digitalocean; zendesk,False,,https://partiful.com/e/ufVzlWMFQfSIbmaWnC8U,https://www.tech-week.com/calendar/nyc
4315,Agentic Voice AMA,2026-06-02,15:30:00,Tuesday,2026-06-02 15:30,New York City,Virtual (NYC),Virtual (NYC),Afternoon,"Cloudonix, Inc","Cloudonix, Inc",,"Cloudonix, Inc",cloudonix-inc,False,,https://partiful.com/e/EujnL6UKFFK3xvPiVUyp,https://www.tech-week.com/calendar/nyc
4822,Unlock the Grid,2026-06-02,15:30:00,Tuesday,2026-06-02 15:30,New York City,Flatiron,Flatiron,Afternoon,PowerLines,PowerLines,,PowerLines,powerlines,False,,https://partiful.com/e/CxK2X6xl26SiGhiMB1IZ,https://www.tech-week.com/calendar/nyc
92,Workflow Delivery in Action: Automate your work with Skywork @ NYCTechWeek,2026-06-02,16:00:00,Tuesday,2026-06-02 16:00,New York City,SoHo,SoHo,Afternoon,Skywork AI,Skywork AI,,Skywork AI,skywork-ai,False,,https://partiful.com/e/lhCJYxozQjlHvCuvcafD?c=iOpVuRx6,https://www.tech-week.com/calendar/nyc
126,J.P. Morgan Innovation Economy Quantum & Photonics Lightning Pitch Reception,2026-06-02,16:00:00,Tuesday,2026-06-02 16:00,New York City,Midtown,Midtown,Afternoon,J.P. Morgan,J.P. Morgan,DLA Piper; AlleyCorp,J.P. Morgan; DLA Piper; AlleyCorp,j-p-morgan; dla-piper; alleycorp,False,,https://partiful.com/e/3xn91RaPZ6AHJeHVIgtI,https://www.tech-week.com/calendar/nyc
4052,Tech Week Takeoff: Hosted by Nimbus Aerospace,2026-06-02,16:00:00,Tuesday,2026-06-02 16:00,New York City,Upper Manhattan,Upper Manhattan,Afternoon,Nimbus Aerospace,Nimbus Aerospace,,Nimbus Aerospace,nimbus-aerospace,False,,https://partiful.com/e/MPI0obsZsnEvkyHZ81mm?c=OlP8nH1A,https://www.tech-week.com/calendar/nyc
4097,AI tech stack to Nasdaq: The modern CFO's exit playbook,2026-06-02,16:00:00,Tuesday,2026-06-02 16:00,New York City,Midtown,Midtown,Afternoon,PwC,PwC,DFIN; Cooley; Merraine Group,PwC; DFIN; Cooley; Merraine Group,pwc; dfin; cooley; merraine-group,False,gold,https://partiful.com/e/1snvR8DAti3YEXcTuu4x,https://www.tech-week.com/calendar/nyc
4117,Connected Wellness and Fitness: How to Succeed,2026-06-02,16:00:00,Tuesday,2026-06-02 16:00,New York City,Flatiron,Flatiron,Afternoon,Vital Element Inc,Vital Element Inc,Stone.So,Vital Element Inc; Stone.So,vital-element-inc; stone-so,False,,https://partiful.com/e/P2eaQvG2PBOnTO2qUSix,https://www.tech-week.com/calendar/nyc
4119,Agents of Change: Tech for Sustainability,2026-06-02,16:00:00,Tuesday,2026-06-02 16:00,New York City,Midtown,Midtown,Afternoon,GPM,GPM,,GPM,gpm,False,,https://partiful.com/e/HbxTd2UuJeIGLlNF9NFX,https://www.tech-week.com/calendar/nyc
4245,C10 Labs x Global AI Lab — From Lab to Launch,2026-06-02,16:00:00,Tuesday,2026-06-02 16:00,New York City,Brooklyn,Brooklyn,Afternoon,C10 Labs,C10 Labs,Global AI Frontier Lab @ NYU,C10 Labs; Global AI Frontier Lab @ NYU,c10-labs; global-ai-frontier-lab-nyu,False,,https://partiful.com/e/RGI2tEzGuQvm6VycoJ96?c=gyAwexAe,https://www.tech-week.com/calendar/nyc
4341,From Copilot to Control Plane - Visdom,2026-06-02,16:00:00,Tuesday,2026-06-02 16:00,New York City,Midtown,Midtown,Afternoon,VirtusLab,Virtuslab z.o.o,,Virtuslab z.o.o,virtuslab-z-o-o,False,,https://partiful.com/e/bn5h1g13xzOV6R5XkLaE,https://www.tech-week.com/calendar/nyc
4408,Vertical AI Pitch Competition - 2048 Ventures,2026-06-02,16:00:00,Tuesday,2026-06-02 16:00,New York City,Midtown,Midtown,Afternoon,2048 Ventures,2048 Ventures,,2048 Ventures,2045-ventures,False,,https://partiful.com/e/eBXma3cFQdE9zCMfCgR7,https://www.tech-week.com/calendar/nyc
4522,Operating MCP,2026-06-02,16:00:00,Tuesday,2026-06-02 16:00,New York City,Midtown,Midtown,Afternoon,Dell Technologies Capital,Dell Technologies Capital,NVIDIA,Dell Technologies Capital; NVIDIA,dell-technologies-capital; nvidia,False,,https://partiful.com/e/5vHvRPI0VlMQwOmQadCN,https://www.tech-week.com/calendar/nyc
4690,Built for the Physical World: AI at the Aerospace and Industrial Frontier,2026-06-02,16:00:00,Tuesday,2026-06-02 16:00,New York City,Flatiron,Flatiron,Afternoon,PhysicsX,PhysicsX,NVIDIA; Zuru Automation,PhysicsX; NVIDIA; Zuru Automation,physicsx; nvidia; zuru-automation,False,,https://partiful.com/e/YA82tfIthdrTzphju3cm,https://www.tech-week.com/calendar/nyc
4692,BCG X FT Partners Global Fintech Report Launch Event,2026-06-02,16:00:00,Tuesday,2026-06-02 16:00,New York City,Hudson Yards,Hudson Yards,Afternoon,Boston Consulting Group,Boston Consulting Group,FT Partners,Boston Consulting Group; FT Partners,boston-consulting-group; ft-partners,False,,https://partiful.com/e/eDG0gXdzcRWx1pWjUZAq,https://www.tech-week.com/calendar/nyc
4748,Bounty Launch Event,2026-06-02,16:00:00,Tuesday,2026-06-02 16:00,New York City,Midtown,Midtown,Afternoon,Propel Earth,Propel Earth,,Propel Earth,propel-earth,False,,https://partiful.com/e/rcs7MwVhZaSmpWJfQPkI?c=Cc_T5PFg,https://www.tech-week.com/calendar/nyc
4836,The State of New York Innovation,2026-06-02,16:00:00,Tuesday,2026-06-02 16:00,New York City,Midtown,Midtown,Afternoon,Beacon Insights Group,Beacon Insights Group,,Beacon Insights Group,beacon-insights-group,True,,,https://www.tech-week.com/calendar/nyc
4866,LAN Accelerator V4 Demo Day,2026-06-02,16:00:00,Tuesday,2026-06-02 16:00,New York City,Midtown,Midtown,Afternoon,LAN Accelerator,LAN Accelerator,,LAN Accelerator,lan-accelerator,False,,https://partiful.com/e/AqfYBWRorTzyWNL6B0uO,https://www.tech-week.com/calendar/nyc
4922,The Investment Game: In Pursuit of Series A [LIVE with a16z!],2026-06-02,16:00:00,Tuesday,2026-06-02 16:00,New York City,SoHo,SoHo,Afternoon,Hubspot for Startups,Hubspot for Startups,,Hubspot for Startups,hubspot-for-startups,False,,https://partiful.com/e/OZNBqhG1v957gfSy9q4w,https://www.tech-week.com/calendar/nyc
4983,Skincare Secrets at Tech Week,2026-06-02,16:00:00,Tuesday,2026-06-02 16:00,New York City,SoHo,SoHo,Afternoon,The Ok Sweetie Show,The Ok Sweetie Show,True Beauty Ventures,The Ok Sweetie Show; True Beauty Ventures,the-ok-sweetie-show; true-beauty-ventures,False,,https://partiful.com/e/9GdJjzzsHpK4zpvr0dOl,https://www.tech-week.com/calendar/nyc
5053,Working,2026-06-02,16:00:00,Tuesday,2026-06-02 16:00,New York City,Central Park,Central Park,Afternoon,The Council Capital,The Council Capital,,The Council Capital,the-council-capital,False,,,https://www.tech-week.com/calendar/nyc
5188,AI → Alpha: How Data Becomes Investment Edge,2026-06-02,16:00:00,Tuesday,2026-06-02 16:00,New York City,Midtown,Midtown,Afternoon,Wind Information,Wind Information,,Wind Information,wind-information,False,,https://partiful.com/e/wqueNyka7qksh4pd6DTb,https://www.tech-week.com/calendar/nyc
5269,Gender HealthTech: The Next Investment Frontier (Pre-Seed Founders and Angel & VC Investors),2026-06-02,16:00:00,Tuesday,2026-06-02 16:00,New York City,Chelsea,Chelsea,Afternoon,Trans Health HQ,Trans Health HQ,Visible Hands; VCFamilia,Visible Hands; Trans Health HQ; VCFamilia,visible-hands; trans-health-hq; vcfamilia,False,,https://partiful.com/e/KOpqOgcYvaValKqg0547,https://www.tech-week.com/calendar/nyc
5610,Building to Disrupt: AI in Enterprise and Fintech,2026-06-02,16:00:00,Tuesday,2026-06-02 16:00,New York City,Hudson Yards,Hudson Yards,Afternoon,HSBC,HSBC,a16z,HSBC; a16z,hsbc; a16z,False,platinum,https://partiful.com/e/eYDn9NAmOiORakqV58Yp?c=V6D9BHIO,https://www.tech-week.com/calendar/nyc
5685,LLM Tokenomics – the economics of LLM token usage,2026-06-02,16:00:00,Tuesday,2026-06-02 16:00,New York City,Financial District,Financial District,Afternoon,Zideas LLC,Zideas LLC,,Zideas LLC,zideas-llc,False,,,https://www.tech-week.com/calendar/nyc
5898,Founder Happy Hour,2026-06-02,16:00:00,Tuesday,2026-06-02 16:00,New York City,Lower East Side,Lower East Side,Afternoon,Companyon Ventures,Companyon Ventures,Sent,Companyon Ventures; Sent,companyon-ventures; sent,False,,https://partiful.com/e/o12fTrggML0yeuEWG561?c=KC-CzvOJ,https://www.tech-week.com/calendar/nyc
5907,The Vertical AI Summit,2026-06-02,16:00:00,Tuesday,2026-06-02 16:00,New York City,Flatiron,Flatiron,Afternoon,Ramp,Ramp,Better Tomorrow Ventures,Ramp; Better Tomorrow Ventures,ramp; better-tomorrow-ventures,True,,,https://www.tech-week.com/calendar/nyc
5921,The Ventures Startup Award New York 2026,2026-06-02,16:00:00,Tuesday,2026-06-02 16:00,New York City,Financial District,Financial District,Afternoon,The Ventures,The Ventures,,The Ventures,the-ventures,False,,https://partiful.com/e/ntFLcJCa0fpG8Lorosoh?c=-cljAf4W,https://www.tech-week.com/calendar/nyc
5922,Mastercard x Sei: The Future of Institutional Blockchain,2026-06-02,16:00:00,Tuesday,2026-06-02 16:00,New York City,Midtown,Midtown,Afternoon,Mastercard,Mastercard,Sei Development Foundation,Mastercard; Sei Development Foundation,mastercard; sei-development-foundation,False,,https://partiful.com/e/GC8DzreyqYSFhsRnwUtY,https://www.tech-week.com/calendar/nyc
5955,Rebuilding Health Benefits for a Modern Workforce,2026-06-02,16:00:00,Tuesday,2026-06-02 16:00,New York City,Lower East Side,Lower East Side,Afternoon,Tusk Ventures,Tusk Ventures,Smirk Health,Tusk Ventures; Smirk Health,tusk-ventures; smirk-health,False,,https://partiful.com/e/ekOSu7Sy0DbFiW5Jpj9N?,https://www.tech-week.com/calendar/nyc
6080,Swing and a Close: How finance and accounting leaders are winning with agentic AI,2026-06-02,16:00:00,Tuesday,2026-06-02 16:00,New York City,Midtown,Midtown,Afternoon,Maxima AI,Maxima AI,Uniqus,Maxima AI; Uniqus,maxima-ai; uniqus,False,,https://partiful.com/e/ajYdZAEhNPBNqbcSsw2H?c=8FqyiaTc,https://www.tech-week.com/calendar/nyc
6183,A Conversation on Capital and Growth by Mercury - Sentra - ECL,2026-06-02,16:00:00,Tuesday,2026-06-02 16:00,New York City,Flatiron,Flatiron,Afternoon,Sentra,Sentra,Efficient Capital Labs; Mercury,Efficient Capital Labs; Sentra; Mercury,efficient-capital-labs; sentra; mercury,False,,https://partiful.com/e/fhZexBCTeyZAMH4Z37wg,https://www.tech-week.com/calendar/nyc
4722,Should my startup shitpost?,2026-06-02,16:15:00,Tuesday,2026-06-02 16:15,New York City,Flatiron,Flatiron,Afternoon,Memelord.com,Memelord.com,,Memelord.com,memelord-com,False,,https://partiful.com/e/xC1k2IB7TiquN4mMKhmA,https://www.tech-week.com/calendar/nyc
4081,What’s Actually Driving Growth in Sports Right Now?,2026-06-02,16:30:00,Tuesday,2026-06-02 16:30,New York City,Flatiron,Flatiron,Afternoon,Laces Sports,Laces Sports,,Laces Sports,laces-sports,False,,https://partiful.com/e/BJ7WmuRF2y5pVHqok6hQ?c=ZxOMwd-2,https://www.tech-week.com/calendar/nyc
4360,Scaling Deep Tech with Federal Funding,2026-06-02,16:30:00,Tuesday,2026-06-02 16:30,New York City,SoHo,SoHo,Afternoon,Inspiralia US,Inspiralia USA,,Inspiralia USA,inspiralia-usa,False,,https://partiful.com/e/HyeK0R0M60v3y1c7s7rK,https://www.tech-week.com/calendar/nyc
4485,AI for Finance Summit - Alt Data & Prediction Markets,2026-06-02,16:30:00,Tuesday,2026-06-02 16:30,New York City,Midtown,Midtown,Afternoon,LinqAlpha,LinqAlpha,OpenBB,LinqAlpha; OpenBB,linqalpha; openbb,False,,https://partiful.com/e/aWYWJUEx389uMwIUywbq,https://www.tech-week.com/calendar/nyc
4504,Scaling Deep Tech with Federal Funding,2026-06-02,16:30:00,Tuesday,2026-06-02 16:30,New York City,SoHo,SoHo,Afternoon,Inspiralia US,Inspiralia USA,,Inspiralia USA,inspiralia-usa,False,,https://partiful.com/e/HyeK0R0M60v3y1c7s7rK?c=YVRWtQw-,https://www.tech-week.com/calendar/nyc
5913,Intersection:  AI + Blockchain,2026-06-02,16:30:00,Tuesday,2026-06-02 16:30,New York City,Midtown,Midtown,Afternoon,Hyperglade,Hyperglade,,Hyperglade,hyperglade,False,,https://partiful.com/e/ytrORmKjcLHr4rudjY3k?,https://www.tech-week.com/calendar/nyc
6398,Why Corporate × Startup Usually Fail -And How They Succeed? #NYCTechWeek,2026-06-02,16:30:00,Tuesday,2026-06-02 16:30,New York City,Midtown,Midtown,Afternoon,Elev X! by NEC X,Elev X! by NEC X,,Elev X! by NEC X,elev-x-by-nec-x,False,,https://partiful.com/e/GIL3nPFjeoczGdirM7Cr,https://www.tech-week.com/calendar/nyc
201,NachoTuesday SaaS & AI Founder + Investor Rooftop Happy Hour,2026-06-02,17:00:00,Tuesday,2026-06-02 17:00,New York City,East Village,East Village,Evening,NachoNacho,NachoNacho,Deel,Deel; NachoNacho,deel; nachonacho,False,gold,https://partiful.com/e/cYc14RoM81gqU39dQmur?,https://www.tech-week.com/calendar/nyc
4144,"Innovate, protect, monetize: Navigating IP rights and infringement risks in the age of AI",2026-06-02,17:00:00,Tuesday,2026-06-02 17:00,New York City,Union Square,Union Square,Evening,Norton Rose Fulbright,Norton Rose Fulbright,,Norton Rose Fulbright,norton-rose-fulbright,False,,https://partiful.com/e/DZxBZ2Nm6CjxkgEaBImd,https://www.tech-week.com/calendar/nyc
4147,Doxxing & Drinks 3.0,2026-06-02,17:00:00,Tuesday,2026-06-02 17:00,New York City,Lower East Side,Lower East Side,Evening,Cloaked,Cloaked,,Cloaked,cloaked,True,,,https://www.tech-week.com/calendar/nyc
4274,From Early Traction to Repeatable Pipeline: AI GTM Workshop for Founders,2026-06-02,17:00:00,Tuesday,2026-06-02 17:00,New York City,Brooklyn,Brooklyn,Evening,AIMAR,AIMAR,,AIMAR,aimar,False,,https://partiful.com/e/XelMoqGV0xD1bUAgYeff,https://www.tech-week.com/calendar/nyc
4321,Pitch & Network: Czech Edition,2026-06-02,17:00:00,Tuesday,2026-06-02 17:00,New York City,Upper East Side,Upper West Side,Evening,CzechInvest,CzechInvest,,CzechInvest,czechinvest,False,,https://partiful.com/e/0FFe3j83K3swyZ7QndDu,https://www.tech-week.com/calendar/nyc
4401,The Internet of Building Things,2026-06-02,17:00:00,Tuesday,2026-06-02 17:00,New York City,Brooklyn,Brooklyn,Evening,MistyWest,MistyWest,,MistyWest,mistywest,False,,https://partiful.com/e/NViHHNrgfBvxzJchdcqP?,https://www.tech-week.com/calendar/nyc
4424,Lowenstein Sandler’s Annual Sip and Social with Women in VC,2026-06-02,17:00:00,Tuesday,2026-06-02 17:00,New York City,Midtown,Midtown,Evening,Lowenstein Sandler LLP,Lowenstein Sandler,,Lowenstein Sandler,lowenstein-sandler,False,,https://partiful.com/e/DVbRrx7ORnvAHvEz8c8N?c=4j6B4Czi,https://www.tech-week.com/calendar/nyc
4496,Best Meta Ads Campaign Structure for DTC in 2026,2026-06-02,17:00:00,Tuesday,2026-06-02 17:00,New York City,Nomad,Nomad,Evening,Aimerce,Aimerce,,Aimerce,aimerce,False,,https://partiful.com/e/9WZMW3mGuzFZhvfShKod,https://www.tech-week.com/calendar/nyc
4572,How AI founders are building the future of consumer health,2026-06-02,17:00:00,Tuesday,2026-06-02 17:00,New York City,Flatiron,Flatiron,Evening,Healthcare AI Guy,Healthcare AI Guy,Cigna; Maverick,Healthcare AI Guy; Cigna; Maverick,healthcare-ai-guy; cigna; maverick,False,,https://partiful.com/e/1ZvSFv5Mv6ocuCFgukwz,https://www.tech-week.com/calendar/nyc
4606,"Old World Roots, New World Growth: A Wine Tasting Hosted by Unique AI",2026-06-02,17:00:00,Tuesday,2026-06-02 17:00,New York City,Nomad,Nomad,Evening,Unique AI,Unique AI,,Unique AI,unique-ai,False,,https://partiful.com/e/rMXDlcjS4U6NnDyGRgYD,https://www.tech-week.com/calendar/nyc
4765,Off The Record,2026-06-02,17:00:00,Tuesday,2026-06-02 17:00,New York City,Greenwich Village,Greenwich Village,Evening,Yamaha Music Innovation Fund,Yamaha Music Innovations Fund,P72 Ventures,P72 Ventures; Yamaha Music Innovations Fund,p72-ventures; yamaha-music-innovations-fund,True,,,https://www.tech-week.com/calendar/nyc
4818,The Retro,2026-06-02,17:00:00,Tuesday,2026-06-02 17:00,New York City,SoHo,SoHo,Evening,SimpleClosure,SimpleClosure,,SimpleClosure,simpleclosure,False,,https://partiful.com/e/Vii5aVoAvr5ICyIRnt27,https://www.tech-week.com/calendar/nyc
5127,Fin x Clay: Scaling CX in the AI Era,2026-06-02,17:00:00,Tuesday,2026-06-02 17:00,New York City,Midtown,Midtown,Evening,Fin,Fin,Clay,Fin; Clay,fin; clay,False,gold,https://partiful.com/e/3kdgu631rtkqSSFe5ZmO,https://www.tech-week.com/calendar/nyc
5273,“I Want an Intro” An off-the-record conversation with investors,2026-06-02,17:00:00,Tuesday,2026-06-02 17:00,New York City,Midtown,Midtown,Evening,Connexa,Connexa,,Connexa,connexa,False,,https://partiful.com/e/Sy3gOaS8EKklIEQQMzyr,https://www.tech-week.com/calendar/nyc
5315,AI & HealthTech for Hospitals and Healthcare,2026-06-02,17:00:00,Tuesday,2026-06-02 17:00,New York City,Midtown,Midtown,Evening,MedRock Ventures Inc.,MedRock Ventures Inc.,Orbiss Inc.,MedRock Ventures Inc.; Orbiss Inc.,medrock-ventures-inc; orbiss-inc,False,,https://partiful.com/e/DD5Ne8wjr1LBDSvYlQst?c=I2HDiNxS,https://www.tech-week.com/calendar/nyc
5332,AI & HealthTech for Hospitals and Healthcare,2026-06-02,17:00:00,Tuesday,2026-06-02 17:00,New York City,Midtown,Midtown,Evening,MedRock Ventures Inc.,MedRock Ventures Inc.,Orbiss Inc.,MedRock Ventures Inc.; Orbiss Inc.,medrock-ventures-inc; orbiss-inc,False,,https://partiful.com/e/DD5Ne8wjr1LBDSvYlQst?c=VVhwMR6r,https://www.tech-week.com/calendar/nyc
5556,Policy Meets Innovation: A Networking Mixer with Sandbox Dubai,2026-06-02,17:00:00,Tuesday,2026-06-02 17:00,New York City,SoHo,SoHo,Evening,Dubai Future Foundation,Dubai Future Foundation,,Dubai Future Foundation,dubai-future-foundation,True,,,https://www.tech-week.com/calendar/nyc
5603,Founders in Heels,2026-06-02,17:00:00,Tuesday,2026-06-02 17:00,New York City,Tribeca,Tribeca,Evening,Goldman Sachs,Goldman Sachs,,Goldman Sachs,goldman-sachs,True,,,https://www.tech-week.com/calendar/nyc
5612,NYC Tech Week: Builders & Exits,2026-06-02,17:00:00,Tuesday,2026-06-02 17:00,New York City,Midtown,Midtown,Evening,UBS,UBS,Capital Group,UBS; Capital Group,ubs; capital-group,False,,https://partiful.com/e/tqFtk1LjwFwXxJJTLyaf?,https://www.tech-week.com/calendar/nyc
5640,"""Tech Week Founder Lab: Scale, Innovate & Thrive""",2026-06-02,17:00:00,Tuesday,2026-06-02 17:00,New York City,Lower East Side,Lower East Side,Evening,Karcic Partners,Karcic Partners,Mark Wellness; The Front Yard at Pace University,Karcic Partners; Mark Wellness; The Front Yard at Pace University,karcic-partners; mark-wellness; the-front-yard-at-pace-university,False,,,https://www.tech-week.com/calendar/nyc
5729,Beyond the Subscribe Button: Building a Media Business That Actually Pays,2026-06-02,17:00:00,Tuesday,2026-06-02 17:00,New York City,Nomad,Nomad,Evening,Dots (YC S21),Dots (YC S21),,Dots (YC S21),dots-yc-s21,False,,https://partiful.com/e/Z3xUojW8GTGPBovlBBml,https://www.tech-week.com/calendar/nyc
5911,Indian Diaspora @,2026-06-02,17:00:00,Tuesday,2026-06-02 17:00,New York City,Tribeca,Tribeca,Evening,Inkle,Inkle,,Inkle,inkle,False,,https://partiful.com/e/b21AYGlO0gIMQGNwjXg5,https://www.tech-week.com/calendar/nyc
6168,Beyond the Copilot: Navigating the Shift to Autonomous IT and Intelligent Defense,2026-06-02,17:00:00,Tuesday,2026-06-02 17:00,New York City,Flatiron,Flatiron,Evening,SuperOps,SuperOps,,SuperOps,superops,False,,,https://www.tech-week.com/calendar/nyc
6316,Fides Entrepreneurship Pitch Competition,2026-06-02,17:00:00,Tuesday,2026-06-02 17:00,New York City,Upper East Side,Upper West Side,Evening,Fides Entrepreneurship LLC,Fides Entrepreneurship LLC,Altar Ventures,Fides Entrepreneurship LLC; Altar Ventures,fides-entrepreneurship-llc; altar-ventures,False,,https://partiful.com/e/m4g7u5LC1jpbWNzOM60R?f=1&photo=all,https://www.tech-week.com/calendar/nyc
246,Taco Tech Tuesday 🗽🌮,2026-06-02,17:30:00,Tuesday,2026-06-02 17:30,New York City,Midtown,Midtown,Evening,Taco Tech Tuesday,Taco Tech Tuesday,,Taco Tech Tuesday,taco-tech-tuesday,False,,https://partiful.com/e/epfr3IxCby4WezG4pIlW?source=share&c=7b81z1yz,https://www.tech-week.com/calendar/nyc
4046,"MVP to Launch: Content Credentials for Creators, Builders, and Brands #Adobe",2026-06-02,17:30:00,Tuesday,2026-06-02 17:30,New York City,Flatiron,Flatiron,Evening,Adobe,Adobe,,Adobe,adobe,False,gold,https://partiful.com/e/s9ffBVagaNmFQpfNVYmA,https://www.tech-week.com/calendar/nyc
4120,"SafeStops Global, Inc. Launch Party #WestchesterCounty",2026-06-02,17:30:00,Tuesday,2026-06-02 17:30,New York City,,,Evening,"SafeStops Global, Inc.","SafeStops Global, Inc.",,"SafeStops Global, Inc.",safestops-global-inc,False,,https://partiful.com/e/5QdmlHRBUnRuGuRMFNHl?c=vEXfwvzJ,https://www.tech-week.com/calendar/nyc
4187,Voice AI Mixer: New York Tech Week,2026-06-02,17:30:00,Tuesday,2026-06-02 17:30,New York City,Midtown,Midtown,Evening,Agora,Agora,,Agora,agora,False,,https://partiful.com/e/6tGWbwFLINhov8Qc0U83,https://www.tech-week.com/calendar/nyc
4219,NYTW Early-Stage Investor Dinner,2026-06-02,17:30:00,Tuesday,2026-06-02 17:30,New York City,Midtown,Midtown,Evening,a16z speedrun,a16z speedrun,Precursor; Collab Fund,a16z speedrun; Precursor; Collab Fund,a16z-speedrun; precursor; collab-fund,True,platinum,,https://www.tech-week.com/calendar/nyc
4224,🗽WorkOS + Postman Agents & APIs Demo Night,2026-06-02,17:30:00,Tuesday,2026-06-02 17:30,New York City,SoHo,SoHo,Evening,Postman,Postman,WorkOS,Postman; WorkOS,postman; workos,False,,https://partiful.com/e/XqIBMZmB4oubCZWFP2Sl,https://www.tech-week.com/calendar/nyc
4246,Beyond the Match: Systems That Power Hinge,2026-06-02,17:30:00,Tuesday,2026-06-02 17:30,New York City,Meatpacking District,Meatpacking District,Evening,Hinge,Hinge,,Hinge,hinge,False,,https://partiful.com/e/WZRB36bFpwMiawawUMD5,https://www.tech-week.com/calendar/nyc
4288,Mission Satellite,2026-06-02,17:30:00,Tuesday,2026-06-02 17:30,New York City,Greenwich Village,Greenwich Village,Evening,SpaceDAO,SpaceDAO,,SpaceDAO,spacedao,False,,https://partiful.com/e/SwFhpd2jWPqseLa92wsP,https://www.tech-week.com/calendar/nyc
4319,AI Side-Project Showcase,2026-06-02,17:30:00,Tuesday,2026-06-02 17:30,New York City,Nomad,Nomad,Evening,The New Builder Podcast,The New Builder Podcast,,The New Builder Podcast,the-new-builder-podcast,False,,https://partiful.com/e/WqSb1H70yuPkhNDf9q7v,https://www.tech-week.com/calendar/nyc
4433,Lorimer Community Demos and Drinks,2026-06-02,17:30:00,Tuesday,2026-06-02 17:30,New York City,Chelsea,Chelsea,Evening,Lorimer Ventures,Lorimer Ventures,,Lorimer Ventures,lorimer-ventures,False,,https://partiful.com/e/E67gbC3uj6PTGiLXecCT,https://www.tech-week.com/calendar/nyc
4603,Physical AI Founders & Investors Happy Hour,2026-06-02,17:30:00,Tuesday,2026-06-02 17:30,New York City,SoHo,SoHo,Evening,Interwoven Ventures,Interwoven Ventures,,Interwoven Ventures,interwoven-ventures,True,,,https://www.tech-week.com/calendar/nyc
4672,Agents of Change,2026-06-02,17:30:00,Tuesday,2026-06-02 17:30,New York City,Flatiron,Flatiron,Evening,3percentclub,3percentclub,,3percentclub,3percentclub,False,,https://partiful.com/e/ZZFWMkisfYJrUyqR18cb?,https://www.tech-week.com/calendar/nyc
4689,The Creator + Consumer Crash Out: Founders + Funders @ iHeartRadio HQ,2026-06-02,17:30:00,Tuesday,2026-06-02 17:30,New York City,Midtown,Midtown,Evening,Alumni Ventures,Alumni Ventures,iHeart Radio Ventures,Alumni Ventures; iHeart Radio Ventures,alumni-ventures; iheart-radio-ventures,False,,https://partiful.com/e/TpLCSAej2w4Mg9TbFTyH?c=A2ouKawS,https://www.tech-week.com/calendar/nyc
4697,AgeTech NYC Community Demo Day,2026-06-02,17:30:00,Tuesday,2026-06-02 17:30,New York City,Chelsea,Chelsea,Evening,AgeTech NYC,AgeTech NYC,,AgeTech NYC,agetech-nyc,False,,https://partiful.com/e/mH8b6grSEnS9GCCZwU4N,https://www.tech-week.com/calendar/nyc
4732,Hackathon & Career Fair,2026-06-02,17:30:00,Tuesday,2026-06-02 17:30,New York City,Midtown,Midtown,Evening,Propel Earth,Propel Earth,,Propel Earth,propel-earth,False,,https://partiful.com/e/GxT0MlpEgP8RgFxRH2QG?c=kYz5W6Hy,https://www.tech-week.com/calendar/nyc
4735,"Synthetic Audiences, Real Consequences",2026-06-02,17:30:00,Tuesday,2026-06-02 17:30,New York City,Lower East Side,Lower East Side,Evening,Panoplai,Panoplai,,Panoplai,panoplai,False,,https://partiful.com/e/D46hAuAjMEYlwq69AJ0c,https://www.tech-week.com/calendar/nyc
4744,taking AI to new heights,2026-06-02,17:30:00,Tuesday,2026-06-02 17:30,New York City,Midtown,Midtown,Evening,Datadog,Datadog,Vercel,Vercel; Datadog,vercel; datadog,False,gold,https://partiful.com/e/NHLbgkXd64ICegk4dNks,https://www.tech-week.com/calendar/nyc
4859,non profits at TechWeek. finally.,2026-06-02,17:30:00,Tuesday,2026-06-02 17:30,New York City,Midtown,Midtown,Evening,Kairos,Kairos,,Kairos,kairos,False,,https://partiful.com/e/WWDTlzvnJ4tfWRBmDs8U?,https://www.tech-week.com/calendar/nyc
5098,Founders + Funders Happy Hour,2026-06-02,17:30:00,Tuesday,2026-06-02 17:30,New York City,Flatiron,Flatiron,Evening,"Kleinberg, Kaplan, Wolff & Cohen, P.C.","Kleinberg, Kaplan, Wolff & Cohen, P.C.",,"Kleinberg, Kaplan, Wolff & Cohen, P.C.",kleinberg-kaplan-wolff-cohen-p-c,False,,https://partiful.com/e/TujqCXVq6gQ8gQvMpnAb,https://www.tech-week.com/calendar/nyc
5162,The AI-Ready Creative: An Evening with Luma & Silverside,2026-06-02,17:30:00,Tuesday,2026-06-02 17:30,New York City,SoHo,SoHo,Evening,Luma,Luma,Silverside,Luma; Silverside,luma; silverside,True,,,https://www.tech-week.com/calendar/nyc
5415,"AI, Algorithms & Liability: What Tech Leaders & Creators Need to Know",2026-06-02,17:30:00,Tuesday,2026-06-02 17:30,New York City,Financial District,Financial District,Evening,Romano Law PLLC,Romano Law PLLC,,Romano Law PLLC,romano-law-pllc,False,,https://partiful.com/e/UBrZopzqpRwbn6Qk0npO?c=4IfpVNvT,https://www.tech-week.com/calendar/nyc
6176,Israel Founders Mission NYC: Opening Cocktail,2026-06-02,17:30:00,Tuesday,2026-06-02 17:30,New York City,Midtown,Midtown,Evening,Discount Tech,Discount Tech,IDB Bank,Discount Tech; IDB Bank,discount-tech; idb-bank,False,,https://partiful.com/e/FenpRxL7UHuPW7xxXEjB,https://www.tech-week.com/calendar/nyc
6212,Israeli Founders Forum Cocktail Reception,2026-06-02,17:30:00,Tuesday,2026-06-02 17:30,New York City,West Village,West Village,Evening,Israeli Mapped in NY,Israeli Mapped in NY,Valley Bank,Israeli Mapped in NY; Valley Bank,israeli-mapped-in-ny; valley-bank,True,,,https://www.tech-week.com/calendar/nyc
6226,The Future of Wealth: AI Insight and People,2026-06-02,17:30:00,Tuesday,2026-06-02 17:30,New York City,Financial District,Financial District,Evening,Mothers to Daughters,Mothers to Daughters,,Mothers to Daughters,mothers-to-daughters,False,,https://partiful.com/e/ajldiNGGvQpVzTpnzqqg,https://www.tech-week.com/calendar/nyc
4707,Alternative Data Happy Hour #36,2026-06-02,17:45:00,Tuesday,2026-06-02 17:45,New York City,Midtown,Midtown,Evening,The Data Market Network: DMN,The Data Market Network: DMN,,The Data Market Network: DMN,the-data-market-network-dmn,False,,https://partiful.com/e/JugbSvGkWlKMfxKIwdsY,https://www.tech-week.com/calendar/nyc
99,The Beauty Innovation Lab,2026-06-02,18:00:00,Tuesday,2026-06-02 18:00,New York City,Midtown,Midtown,Evening,WaxPrint Media,WaxPrint Media,,WaxPrint Media,waxprint-media,True,,,https://www.tech-week.com/calendar/nyc
117,Future Titans LP/GP movie night: The Big Short Private screening + conversation with Greg Lippmann,2026-06-02,18:00:00,Tuesday,2026-06-02 18:00,New York City,Midtown,Midtown,Evening,Rock Yard Ventures,Rock Yard Ventures,,Rock Yard Ventures,rock-yard-ventures,True,,,https://www.tech-week.com/calendar/nyc
123,Founders & Funders: VC Reverse Pitch,2026-06-02,18:00:00,Tuesday,2026-06-02 18:00,New York City,Midtown,Midtown,Evening,Founders N' Funders,Founders N' Funders,Atlassian,Atlassian; Founders N' Funders,atlassian; founders-n-funders,False,gold,https://partiful.com/e/M3xlfwQ93o3IjcGUAkIQ,https://www.tech-week.com/calendar/nyc
129,Sandbox & Sips: AI Simulation Sandbox Happy Hour,2026-06-02,18:00:00,Tuesday,2026-06-02 18:00,New York City,SoHo,SoHo,Evening,Veris AI,Veris AI,,Veris AI,veris-ai,False,,https://partiful.com/e/3c83it3DDwtNLeboisvt?c=6eHK-LeO,https://www.tech-week.com/calendar/nyc
3999,/dev/color Panel & Mixer,2026-06-02,18:00:00,Tuesday,2026-06-02 18:00,New York City,Midtown,Midtown,Evening,/dev/color,/dev/color,,/dev/color,dev-color,False,,https://partiful.com/e/nXuA6YoD01FXAVYj1tYX,https://www.tech-week.com/calendar/nyc
4054,Databricks Ventures: Founders & Investors Happy Hour,2026-06-02,18:00:00,Tuesday,2026-06-02 18:00,New York City,Flatiron,Flatiron,Evening,Databricks,Databricks,,Databricks,databricks,False,,https://partiful.com/e/UVrf9v2ZAD5M4gdPdKh9?,https://www.tech-week.com/calendar/nyc
4126,Building with AI: What Founders Need to Know,2026-06-02,18:00:00,Tuesday,2026-06-02 18:00,New York City,Midtown,Midtown,Evening,CS In Focus,CS in Focus,StartStak.Ai,CS in Focus; StartStak.Ai,cs-in-focus; startstak-ai,False,,https://partiful.com/e/OABGjYptXq9pQerSnaAq,https://www.tech-week.com/calendar/nyc
4158,GCSxNYC,2026-06-02,18:00:00,Tuesday,2026-06-02 18:00,New York City,Midtown,Midtown,Evening,American Ecosystem Institute Inc.,American Ecosystem Institute Inc.,KEPLER MISSION DESIGN GROUP,American Ecosystem Institute Inc.; KEPLER MISSION DESIGN GROUP,american-ecosystem-institute-inc; kepler-mission-design-group,False,,https://partiful.com/e/3l8rpPe9jJ3rEXEhKAcr,https://www.tech-week.com/calendar/nyc
4161,Future of DevEx,2026-06-02,18:00:00,Tuesday,2026-06-02 18:00,New York City,SoHo,SoHo,Evening,Deskree,Desktree,Tavily; PostHog; Convex,Desktree; Tavily; PostHog; Convex,desktree; tavily; posthog; convex,False,,https://partiful.com/e/7DYGSiY1WUuRSvEnD5gp?c=aQ_TnSt9,https://www.tech-week.com/calendar/nyc
4211,Lightning Talks from Women and Folks in Tech,2026-06-02,18:00:00,Tuesday,2026-06-02 18:00,New York City,Midtown,Midtown,Evening,Gusto,Gusto,,Gusto,gusto,False,,https://partiful.com/e/zePyRMOZRTaWdpEgb28i,https://www.tech-week.com/calendar/nyc
4235,Advanced Product Managers social,2026-06-02,18:00:00,Tuesday,2026-06-02 18:00,New York City,Chelsea,Chelsea,Evening,TheProductSociety,TheProductSociety,,TheProductSociety,theproductsociety,False,,https://partiful.com/e/2QlDq6efVNjMcnOCGY3E,https://www.tech-week.com/calendar/nyc
4241,AI Builders x Founders: Matchmaking,2026-06-02,18:00:00,Tuesday,2026-06-02 18:00,New York City,Midtown,Midtown,Evening,Pioneer Minds AI,Pioneer Minds AI,,Pioneer Minds AI,pioneer-minds-ai,False,,https://partiful.com/e/T6FjZ5aD6hprIfQyjaSz,https://www.tech-week.com/calendar/nyc
4284,Commercializing Defense Tech,2026-06-02,18:00:00,Tuesday,2026-06-02 18:00,New York City,SoHo,SoHo,Evening,HAUS,HAUS,Stonegardens Advisory,HAUS; Stonegardens Advisory,haus; stonegardens-advisory,True,,,https://www.tech-week.com/calendar/nyc
4323,Scale Beirut '26: Where Capital Meets Impact,2026-06-02,18:00:00,Tuesday,2026-06-02 18:00,New York City,Flatiron,Flatiron,Evening,American University of Beirut,American University of Beirut,Impersonas,American University of Beirut; Impersonas,american-university-of-beirut; impersonas,False,,https://partiful.com/e/QFh0wlbI4noTRw7AsP5S,https://www.tech-week.com/calendar/nyc
4336,Off the Record: Legal Pitfalls for Early-Stage Tech Companies,2026-06-02,18:00:00,Tuesday,2026-06-02 18:00,New York City,SoHo,SoHo,Evening,Elego Law LLP,Elego Law LLP,,Elego Law LLP,elego-law-llp,False,,https://partiful.com/e/ATAgKaVGiLrGqmDwKm91,https://www.tech-week.com/calendar/nyc
4337,The Startup Salon: An Executive Gathering Hosted by Elevare Law,2026-06-02,18:00:00,Tuesday,2026-06-02 18:00,New York City,Tribeca,Tribeca,Evening,Elevare Law,Elevare Law,,Elevare Law,elevare-law,True,,,https://www.tech-week.com/calendar/nyc
4355,The Compounding Loft: Return on Intelligence Deployed,2026-06-02,18:00:00,Tuesday,2026-06-02 18:00,New York City,Midtown,Midtown,Evening,CovQ by 8W8,CovQ by 8W8,,CovQ by 8W8,covq-by-8w8,False,,https://partiful.com/e/q2bahuz7xsdgwd4VJpEU,https://www.tech-week.com/calendar/nyc
4388,The Principal Club [Hosted by Rho x Draper],2026-06-02,18:00:00,Tuesday,2026-06-02 18:00,New York City,East Village,East Village,Evening,Rho,Rho,Draper,Rho; Draper,rho; draper,False,,https://partiful.com/e/rlRAQPlPid3iy9JOVTRs,https://www.tech-week.com/calendar/nyc
4395,Building at the Top:  Leadership Lessons from Female Leaders in Tech,2026-06-02,18:00:00,Tuesday,2026-06-02 18:00,New York City,Brooklyn,Brooklyn,Evening,Topline Pro,Topline Pro,,Topline Pro,topline-pro,False,,https://partiful.com/e/NJNZyUqjxcUsyY9CYu1z?c=0R4iClSs,https://www.tech-week.com/calendar/nyc
4414,"Data, UX & Drinks",2026-06-02,18:00:00,Tuesday,2026-06-02 18:00,New York City,Union Square,Union Square,Evening,Stellans.io,Stellans.io,,Stellans.io,stellans-io,False,,https://partiful.com/e/23VS8cRnOrDwuiUxCajT?c=E6TveuZ-,https://www.tech-week.com/calendar/nyc
4429,Consumer Happy Hour: Mayer Brown x Lerer Hippeau x Imaginary Ventures,2026-06-02,18:00:00,Tuesday,2026-06-02 18:00,New York City,SoHo,SoHo,Evening,Mayer Brown LLP,Mayer Brown LLP,Lerer Hippeau; Imaginary Ventures,Mayer Brown LLP; Lerer Hippeau; Imaginary Ventures,mayer-brown-llp; lerer-hippeau; imaginary-ventures,False,,https://partiful.com/e/8Ebmn6EyMiu19uevP7x4,https://www.tech-week.com/calendar/nyc
4470,BGDE X STEMXUS Open House,2026-06-02,18:00:00,Tuesday,2026-06-02 18:00,New York City,Brooklyn,Brooklyn,Evening,Black Girls Do Engineer Corporation,Black Girls Do Engineer Corporation,,Black Girls Do Engineer Corporation,black-girls-do-engineer-corporation,False,,https://partiful.com/e/X1IMmy3aSHWtcbjmQwoP,https://www.tech-week.com/calendar/nyc
4473,Taco Tuesday: NYC Founders & Investors,2026-06-02,18:00:00,Tuesday,2026-06-02 18:00,New York City,SoHo,SoHo,Evening,Bling Capital,Bling Capital,Banc of California; BBGV; Correlation Ventures,Bling Capital; Banc of California; BBGV; Correlation Ventures,bling-capital; banc-of-california; bbgv; correlation-ventures,False,,https://partiful.com/e/oVgbqOhaodqmoNga1UNO,https://www.tech-week.com/calendar/nyc
4482,Fashion Tech: Loyalty in the AI Age,2026-06-02,18:00:00,Tuesday,2026-06-02 18:00,New York City,Lower East Side,Lower East Side,Evening,Tote,Tote,Beni; Arête Studios,Tote; Beni; Arête Studios,tote; beni; arete-studios,False,,https://partiful.com/e/Farh8WvzHqQZzPCekOTD?c=2in4N1uz,https://www.tech-week.com/calendar/nyc
4487,Fashion Tech Pitch Practice,2026-06-02,18:00:00,Tuesday,2026-06-02 18:00,New York City,Hudson Yards,Hudson Yards,Evening,The Pattern Maker,The Pattern Maker,,The Pattern Maker,the-pattern-maker,False,,https://partiful.com/e/879TRtQv5hiyNbvqtea6,https://www.tech-week.com/calendar/nyc
4580,Bowling for Consumer Founders,2026-06-02,18:00:00,Tuesday,2026-06-02 18:00,New York City,Chelsea,Chelsea,Evening,Fun Meets,Fun Meets,,Fun Meets,fun-meets,True,,,https://www.tech-week.com/calendar/nyc
4581,"Founder to Founder: AI, Ops, and Scaling in 2026",2026-06-02,18:00:00,Tuesday,2026-06-02 18:00,New York City,Financial District,Financial District,Evening,Founders Network,Founders Network,,Founders Network,founders-network,False,,https://partiful.com/e/ybvORH8ClAGkGeJpEgRd,https://www.tech-week.com/calendar/nyc
4775,🍴The Founders Table by Deel x Puzzle x Attivo,2026-06-02,18:00:00,Tuesday,2026-06-02 18:00,New York City,Midtown,Midtown,Evening,Deel,Deel,Attivo Partners; Puzzle.io,Deel; Attivo Partners; Puzzle.io,deel; attivo-partners; puzzle-io,False,gold,https://partiful.com/e/aitjrOoW2OBXSa7CtKhG,https://www.tech-week.com/calendar/nyc
4833,Build Smarter: What AI Actually Changes for Product Teams,2026-06-02,18:00:00,Tuesday,2026-06-02 18:00,New York City,Midtown,Midtown,Evening,Infinum,Infinum,,Infinum,infinum,True,,,https://www.tech-week.com/calendar/nyc
4869,"Shabbat State of Mind: A Tuesday Gathering for Israeli Founders, Executives & Investors",2026-06-02,18:00:00,Tuesday,2026-06-02 18:00,New York City,Midtown,Midtown,Evening,Fox Rothschild,Fox Rothschild,,Fox Rothschild,fox-rothschild,False,,https://partiful.com/e/4hGN5QVX8g5GvnRNgtMB,https://www.tech-week.com/calendar/nyc
4887,Czech Startup Pitch Night,2026-06-02,18:00:00,Tuesday,2026-06-02 18:00,New York City,Upper East Side,Upper West Side,Evening,SOSA,SOSA,CzechInvest,SOSA; CzechInvest,sosa; czechinvest,False,,https://partiful.com/e/IH22sDeYHvtbUndCPacu,https://www.tech-week.com/calendar/nyc
4889,It's about balance,2026-06-02,18:00:00,Tuesday,2026-06-02 18:00,New York City,Flatiron,Flatiron,Evening,Reframe iT,Reframe iT,Latinas in Tech,Reframe iT; Latinas in Tech,reframe-it; latinas-in-tech,False,,https://partiful.com/e/SAc0OghDUvILWWZMOeaD,https://www.tech-week.com/calendar/nyc
4946,Lessons from Founders Who Have Sat on Both Sides of the Table,2026-06-02,18:00:00,Tuesday,2026-06-02 18:00,New York City,Midtown,Midtown,Evening,Boxsy Inc.,Boxsy Inc.,Baylane Capital,Boxsy Inc.; Baylane Capital,boxsy-inc; baylane-capital,False,,https://partiful.com/events/eZyYOASnhlTpvJNfDXKu/edit,https://www.tech-week.com/calendar/nyc
5045,How We Build with Agents,2026-06-02,18:00:00,Tuesday,2026-06-02 18:00,New York City,Meatpacking District,Meatpacking District,Evening,Betaworks,Betaworks,,Betaworks,betaworks,False,,https://partiful.com/e/J6blMPb7wLXWeNTeuJCN?c=CPSGwtl5,https://www.tech-week.com/calendar/nyc
5060,Your Lifestyle is Your Longevity @ Maze Sober Social Club with ionava & Yunara Life,2026-06-02,18:00:00,Tuesday,2026-06-02 18:00,New York City,Nomad,Nomad,Evening,ionava,IONAVA,Yunara Life; The Maze NYC,IONAVA; Yunara Life; The Maze NYC,ionava; yunara-life; the-maze-nyc,False,,https://partiful.com/e/jXbuPWhpQ1NlFBhNozAD,https://www.tech-week.com/calendar/nyc
5165,Vibe Space Founders Dinner,2026-06-02,18:00:00,Tuesday,2026-06-02 18:00,New York City,Tribeca,Tribeca,Evening,Venture Miner,Venture Miner,,Venture Miner,venture-miner,False,,https://partiful.com/e/Vx6hXNmWtfBBCEID3iVV,https://www.tech-week.com/calendar/nyc
5249,"Close the Laptop, Validate in Person",2026-06-02,18:00:00,Tuesday,2026-06-02 18:00,New York City,Gramercy Park,Gramercy Park,Evening,Startup Baddie,Startup Baddie,Social Company of Soho,Startup Baddie; Social Company of Soho,startup-baddie; social-company-of-soho,False,,https://partiful.com/e/oS8dmcPrh1qCmoXJmag0,https://www.tech-week.com/calendar/nyc
5304,"Orbitour AI Launch: Gaussian Splatting, Physical AI, Real Users",2026-06-02,18:00:00,Tuesday,2026-06-02 18:00,New York City,Union Square,Union Square,Evening,WanderLens Lab,WanderLens Lab,XGRIDS,WanderLens Lab; XGRIDS,wanderlens-lab; xgrids,False,,https://partiful.com/e/TGzSQYaHYTCxI1gx0M4h,https://www.tech-week.com/calendar/nyc
5319,Financial Services for Agentic Networks,2026-06-02,18:00:00,Tuesday,2026-06-02 18:00,New York City,Financial District,Financial District,Evening,Foundation for Agentic Networks,Foundation for Agentic Networks,,Foundation for Agentic Networks,foundation-for-agentic-networks,False,,https://partiful.com/e/qnkligFsuaxam07X1BEC,https://www.tech-week.com/calendar/nyc
5390,"Founders & Fractionals: Top startup, meet the best talent",2026-06-02,18:00:00,Tuesday,2026-06-02 18:00,New York City,Financial District,Financial District,Evening,Founders and Fractionals,Founders and Fractionals,Build Momentum,Founders and Fractionals; Build Momentum,founders-and-fractionals; build-momentum,False,,https://partiful.com/e/vLLvbzyVeYg1xvWK0FTi,https://www.tech-week.com/calendar/nyc
5437,Enterprise AI Happy Hour,2026-06-02,18:00:00,Tuesday,2026-06-02 18:00,New York City,SoHo,SoHo,Evening,Credal,Credal,,Credal,credal,False,,https://partiful.com/e/FSzOO6xPn11iqxVdtQ9j?,https://www.tech-week.com/calendar/nyc
5474,Growth Mixer,2026-06-02,18:00:00,Tuesday,2026-06-02 18:00,New York City,SoHo,SoHo,Evening,Rubicon Bridge Ltd,Rubicon Bridge Ltd,,Rubicon Bridge Ltd,rubicon-bridge-ltd,True,,,https://www.tech-week.com/calendar/nyc
5517,AI in Finance: From Reporting to Real-Time Decision Making,2026-06-02,18:00:00,Tuesday,2026-06-02 18:00,New York City,Midtown,Midtown,Evening,Bereisheet Tech,Bereisheet Tech,,Bereisheet Tech,bereisheet-tech,True,,,https://www.tech-week.com/calendar/nyc
5550,SAI - The Future of AI,2026-06-02,18:00:00,Tuesday,2026-06-02 18:00,New York City,Midtown,Midtown,Evening,Jetzy,Jetzy,,Jetzy,jetzy,False,,https://partiful.com/e/5C4IsRfc64DvXZoSOto6,https://www.tech-week.com/calendar/nyc
5600,Prompting Prejudice: How AI Learns — and Unlearns — Hate,2026-06-02,18:00:00,Tuesday,2026-06-02 18:00,New York City,SoHo,SoHo,Evening,Tech Tribe,Tech Tribe,ADL; Vine Ventures,Tech Tribe; ADL; Vine Ventures,tech-tribe; adl; vine-ventures,False,,https://partiful.com/e/H1GptQxbn6AogOW5ciCD,https://www.tech-week.com/calendar/nyc
5604,Founding GPs VC Omakase,2026-06-02,18:00:00,Tuesday,2026-06-02 18:00,New York City,Midtown,Midtown,Evening,Unicorner,Unicorner,Mercury; Sydecar,Unicorner; Mercury; Sydecar,unicorner; mercury; sydecar,False,,https://partiful.com/e/iYgTSYfpMkHDhXgcofCb,https://www.tech-week.com/calendar/nyc
5626,Founding GPs VC Omakase,2026-06-02,18:00:00,Tuesday,2026-06-02 18:00,New York City,Midtown,Midtown,Evening,Unicorner,Unicorner,Mercury; Sydecar,Unicorner; Mercury; Sydecar,unicorner; mercury; sydecar,False,,https://partiful.com/e/iYgTSYfpMkHDhXgcofCb,https://www.tech-week.com/calendar/nyc
5668,Tech Week & Pride Month Kickoff Event hosted by J.P. Morgan,2026-06-02,18:00:00,Tuesday,2026-06-02 18:00,New York City,West Village,West Village,Evening,JPMorgan,JPMorgan,,JPMorgan,jpmorgan,False,,https://partiful.com/e/B8dMAYmTTQKX7Oq3FUVy,https://www.tech-week.com/calendar/nyc
5899,NY Tech Week Volleyball,2026-06-02,18:00:00,Tuesday,2026-06-02 18:00,New York City,Brooklyn,Brooklyn,Evening,mobius,mobius,,mobius,mobius,False,,https://partiful.com/e/4rtcBM1p9koZrSoVzmUV,https://www.tech-week.com/calendar/nyc
5906,Cybersecurity Happy Hour by Dashlane,2026-06-02,18:00:00,Tuesday,2026-06-02 18:00,New York City,Union Square,Union Square,Evening,Dashlane,Dashlane,,Dashlane,dashlane,False,,https://partiful.com/events/ploDSsK5Pxj3iKdDAQk3,https://www.tech-week.com/calendar/nyc
5912,Your platform already works. Now... Where does AI go?,2026-06-02,18:00:00,Tuesday,2026-06-02 18:00,New York City,Gramercy Park,Gramercy Park,Evening,Axioned,Axioned,,Axioned,axioned,False,,https://partiful.com/e/ilARL2exT4so55TVKWEW,https://www.tech-week.com/calendar/nyc
5925,Cloudflare + Shopify: Build for the Agent Era,2026-06-02,18:00:00,Tuesday,2026-06-02 18:00,New York City,SoHo,SoHo,Evening,Cloudflare,Cloudflare,Shopify,Cloudflare; Shopify,cloudflare; shopify,False,gold,https://partiful.com/e/jytNb4IdG0HxwJnqDSgf,https://www.tech-week.com/calendar/nyc
5933,General Intuition & Activant Happy Hour,2026-06-02,18:00:00,Tuesday,2026-06-02 18:00,New York City,SoHo,SoHo,Evening,Activant Capital,Activant Capital,General Intuition,Activant Capital; General Intuition,activant-capital; general-intuition,False,,https://partiful.com/e/tslF51t2KyLfnbfb3Rz8,https://www.tech-week.com/calendar/nyc
5936,Absinthe & AI,2026-06-02,18:00:00,Tuesday,2026-06-02 18:00,New York City,Nomad,Nomad,Evening,Rehearsals,Rehearsals,Hume,Rehearsals; Hume,rehearsals; hume,False,,https://partiful.com/e/Bc7dJv7aMLLlEaaRXWrq?c=w-A7UCwb,https://www.tech-week.com/calendar/nyc
5945,BIPOC Founders & Funders - hosted by Black Tech Meetup,2026-06-02,18:00:00,Tuesday,2026-06-02 18:00,New York City,Flatiron,Flatiron,Evening,Black Tech Meetup,Black Tech Meetup,,Black Tech Meetup,black-tech-meetup,False,,https://partiful.com/e/Q3VLiAG6mCn8DExuxzNF,https://www.tech-week.com/calendar/nyc
5946,"Vibe Code Live: Build, Learn, Repeat",2026-06-02,18:00:00,Tuesday,2026-06-02 18:00,New York City,SoHo,SoHo,Evening,WiMLDS,WiMLDS,NYAI; Brainstation,WiMLDS; NYAI; Brainstation,wimlds; nyai; brainstation,False,,https://partiful.com/e/QEtLHa6f52i11Y37wyfb,https://www.tech-week.com/calendar/nyc
5948,The Convergence: New York,2026-06-02,18:00:00,Tuesday,2026-06-02 18:00,New York City,Financial District,Financial District,Evening,1985 Capital,1985 Capital,,1985 Capital,1985-capital,False,,https://partiful.com/e/oAa83UPQN9OaHE8Pvaya,https://www.tech-week.com/calendar/nyc
5949,"""Safeguarding AI"" Happy Hour + Panel",2026-06-02,18:00:00,Tuesday,2026-06-02 18:00,New York City,SoHo,SoHo,Evening,Cinder,Cinder,,Cinder,cinder,True,,,https://www.tech-week.com/calendar/nyc
5960,Built: A Brand Building Day for Beauty Professionals,2026-06-02,18:00:00,Tuesday,2026-06-02 18:00,New York City,SoHo,SoHo,Evening,Triple Eight Creative,Triple Eight Creative,,Triple Eight Creative,triple-eight-creative,True,,,https://www.tech-week.com/calendar/nyc
6220,speedrun Insiders VIP Dinner,2026-06-02,18:00:00,Tuesday,2026-06-02 18:00,New York City,SoHo,SoHo,Evening,a16z speedrun,a16z speedrun,Datadog; Replit,a16z speedrun; Datadog; Replit,a16z-speedrun; datadog; replit,False,,https://partiful.com/e/CKP1QMCbZPFuWHlNo6y0,https://www.tech-week.com/calendar/nyc
6238,Tee Up @ Tech Week,2026-06-02,18:00:00,Tuesday,2026-06-02 18:00,New York City,Flatiron,Flatiron,Evening,Fenwick,Fenwick,,Fenwick,fenwick,False,platinum,https://partiful.com/e/J1qAJhBHWovK4IzOxEgh,https://www.tech-week.com/calendar/nyc
6271,Is AI the New Calculator? A Private Dinner on AI in Schools,2026-06-02,18:00:00,Tuesday,2026-06-02 18:00,New York City,Midtown,Midtown,Evening,Anyway,Anyway,,Anyway,anyway,False,,,https://www.tech-week.com/calendar/nyc
6407,Beauty E-commerce Leaders Dinner,2026-06-02,18:00:00,Tuesday,2026-06-02 18:00,New York City,Flatiron,Flatiron,Evening,MaquillAR Studio,MaquillAR Studio,,MaquillAR Studio,maquillar-studio,False,,https://partiful.com/e/CQLd4GquFqdpcKGVCyUE,https://www.tech-week.com/calendar/nyc
109,Beta Testers: Climb Night,2026-06-02,18:30:00,Tuesday,2026-06-02 18:30,New York City,Brooklyn,Brooklyn,Evening,Fonzi AI,Fonzi AI,,Fonzi AI,fonzi-ai,False,,https://partiful.com/e/HztTBkljuVuYhH6Bm3P8,https://www.tech-week.com/calendar/nyc
120,Summer Happy Hour Mixer,2026-06-02,18:30:00,Tuesday,2026-06-02 18:30,New York City,Midtown,Midtown,Evening,United Women in Business Foundation,United Women in Business Foundation,,United Women in Business Foundation,united-women-in-business-foundation,False,,https://partiful.com/e/u7hEfXqivicjdtYs1gWX?c=aj0raBZt,https://www.tech-week.com/calendar/nyc
4038,Women in Tech Leadership Happy Hour/Networking (Invite Only),2026-06-02,18:30:00,Tuesday,2026-06-02 18:30,New York City,Chelsea,Chelsea,Evening,Products by Women,Products by Women,Geeks & Experts,Geeks & Experts; Products by Women,geeks-experts; products-by-women,False,,https://partiful.com/e/Ku3dnK0jFElueDqn5oba?f=1,https://www.tech-week.com/calendar/nyc
4134,Private Founders Dinner ft. MD at Insights Partners ($90B+ AUM),2026-06-02,18:30:00,Tuesday,2026-06-02 18:30,New York City,Midtown,Midtown,Evening,Supermomos,Supermomos,,Supermomos,supermomos,False,,https://partiful.com/e/qxjNrusOA1hYxqATXnsn,https://www.tech-week.com/calendar/nyc
4135,"Moving Fast, Building to Last",2026-06-02,18:30:00,Tuesday,2026-06-02 18:30,New York City,SoHo,SoHo,Evening,UBS,UBS,Anorak Ventures,UBS; Anorak Ventures,ubs; anorak-ventures,True,,,https://www.tech-week.com/calendar/nyc
4357,Building Biotech in NYC,2026-06-02,18:30:00,Tuesday,2026-06-02 18:30,New York City,Midtown,Midtown,Evening,Fish & Richardson PC,Fish & Richardson PC,C10 Labs; Biolabs @ NYU Langone,C10 Labs; Fish & Richardson PC; Biolabs @ NYU Langone,c10-labs; fish-richardson-pc; biolabs-nyu-langone,False,,https://partiful.com/e/cBBgd3lO8pAgz6xYp3fi,https://www.tech-week.com/calendar/nyc
4392,Product Design x AI Fireside Chat,2026-06-02,18:30:00,Tuesday,2026-06-02 18:30,New York City,Flatiron,Flatiron,Evening,Noon Design,Noon Design,,Noon Design,noon-design,False,,https://partiful.com/e/wOTuzhuJUWQd4TTOkNjI,https://www.tech-week.com/calendar/nyc
4492,LatAm & Latinos in Fintech,2026-06-02,18:30:00,Tuesday,2026-06-02 18:30,New York City,Flatiron,Flatiron,Evening,Pygma,Pygma,,Pygma,pygma,False,,https://partiful.com/e/3dsSQ4jlafwg2QjIMXW3,https://www.tech-week.com/calendar/nyc
4550,The Relationship Layer of Capital,2026-06-02,18:30:00,Tuesday,2026-06-02 18:30,New York City,Flatiron,Flatiron,Evening,Finta,Finta,,Finta,finta,False,,https://partiful.com/e/7Vqi83f78jnzCQpxqes7,https://www.tech-week.com/calendar/nyc
4592,How Healthtech Teams are Integrating AI into Live Products,2026-06-02,18:30:00,Tuesday,2026-06-02 18:30,New York City,Midtown,Midtown,Evening,Scalpels & Spreadsheets,Scalpels & Spreadsheets,,Scalpels & Spreadsheets,scalpels-spreadsheets,False,,https://partiful.com/e/jq64SoV8gJEjCLMEPKrh,https://www.tech-week.com/calendar/nyc
4668,Harvard & MIT Founder Mixer [Hosted by Rho x Link Ventures],2026-06-02,18:30:00,Tuesday,2026-06-02 18:30,New York City,East Village,East Village,Evening,Rho,Rho,Link Ventures,Rho; Link Ventures,rho; link-ventures,True,,,https://www.tech-week.com/calendar/nyc
4781,The AI Economy and the New Human Performance Benchmark,2026-06-02,18:30:00,Tuesday,2026-06-02 18:30,New York City,Union Square,Union Square,Evening,Atlas Primer,Atlas Primer,,Atlas Primer,atlas-primer,False,,https://partiful.com/e/I8n2nZDvvQZvMcpwPZWx,https://www.tech-week.com/calendar/nyc
4815,"The Trust Layer /What AI products get wrong about humans, and how to fix it",2026-06-02,18:30:00,Tuesday,2026-06-02 18:30,New York City,Central Park,Central Park,Evening,Flllo,Flllo,Spotify,Flllo; Spotify,flllo; spotify,False,,https://partiful.com/e/twZNq3DY0qXL1a83Ychf,https://www.tech-week.com/calendar/nyc
4944,Tech & Tranquility,2026-06-02,18:30:00,Tuesday,2026-06-02 18:30,New York City,Chelsea,Chelsea,Evening,Practice with Paola,Practice with Paola,Deloitte,Practice with Paola; Deloitte,practice-with-paola; deloitte,False,,https://partiful.com/e/TPCmxLhGC9iLmCdOVNKQ,https://www.tech-week.com/calendar/nyc
5055,Women VC Dinner,2026-06-02,18:30:00,Tuesday,2026-06-02 18:30,New York City,Flatiron,Flatiron,Evening,Yorkseed,Yorkseed,Ugly Talk,Yorkseed; Ugly Talk,yorkseed; ugly-talk,False,,https://partiful.com/e/uikRyS2dekXcz1wNKKzy?c=TPVLaYWQ,https://www.tech-week.com/calendar/nyc
5221,Who Wins in the Age of AI? Labor Markets and Capital in Transition,2026-06-02,18:30:00,Tuesday,2026-06-02 18:30,New York City,Chelsea,Chelsea,Evening,Haystack Hub,Haystack Hub,Light Dao; Sharely,Haystack Hub; Light Dao; Sharely,haystack-hub; light-dao; sharely,False,,https://partiful.com/e/e2hNOd2jIzhnHQujwMqu,https://www.tech-week.com/calendar/nyc
5261,Storytelling Dinner Series with Hype,2026-06-02,18:30:00,Tuesday,2026-06-02 18:30,New York City,Midtown,Midtown,Evening,Hype,Hype,,Hype,hype,False,,https://partiful.com/e/zKGNln8TEJmzb742z5CC,https://www.tech-week.com/calendar/nyc
5451,How to make a killer launch video,2026-06-02,18:30:00,Tuesday,2026-06-02 18:30,New York City,Brooklyn,Brooklyn,Evening,Boundless Creative,Boundless Creative,,Boundless Creative,boundless-creative,False,,https://partiful.com/e/O4PZsauSJxis3S3JB042,https://www.tech-week.com/calendar/nyc
5460,Not Your Average Pitch Competition By Platfrom Seven,2026-06-02,18:30:00,Tuesday,2026-06-02 18:30,New York City,Meatpacking District,Meatpacking District,Evening,Platform Seven,Platform Seven,,Platform Seven,platform-seven,True,,,https://www.tech-week.com/calendar/nyc
5594,LP | VC | Founder Private Sushi Dinner in Soho,2026-06-02,18:30:00,Tuesday,2026-06-02 18:30,New York City,Greenwich Village,Greenwich Village,Evening,Venetian Capital,Venetian Capital,Max Ventures; NA,Venetian Capital; Max Ventures; NA,venetian-capital; max-ventures; na,False,,https://partiful.com/e/VQkNaT8Va2ysY4AgswEn?c=J-TMln1B,https://www.tech-week.com/calendar/nyc
5614,Seed To Sale & Beyond,2026-06-02,18:30:00,Tuesday,2026-06-02 18:30,New York City,West Village,West Village,Evening,UBS,UBS,,UBS,ubs,False,,https://partiful.com/e/Cb4C4y5CJc9KRaCCMfUB?,https://www.tech-week.com/calendar/nyc
5621,a16z - Health AI Builders Dinner,2026-06-02,18:30:00,Tuesday,2026-06-02 18:30,New York City,Union Square,Union Square,Evening,Stealth Health AI Startup,Stealth Health AI Startup,a16z,a16z; Stealth Health AI Startup,a16z; stealth-health-ai-startup,False,platinum,https://partiful.com/e/PNOXO4w98uJrjj4hgfCi,https://www.tech-week.com/calendar/nyc
5660,Seed To Sale & Beyond,2026-06-02,18:30:00,Tuesday,2026-06-02 18:30,New York City,West Village,West Village,Evening,UBS,UBS,,UBS,ubs,False,,https://partiful.com/e/Cb4C4y5CJc9KRaCCMfUB,https://www.tech-week.com/calendar/nyc
5937,A Security Leaders Dinner,2026-06-02,18:30:00,Tuesday,2026-06-02 18:30,New York City,Flatiron,Flatiron,Evening,Konvu,Konvu,,Konvu,konvu,False,,https://partiful.com/e/c4CcsNTOnQyeIn1kpSW1,https://www.tech-week.com/calendar/nyc
45,[WeMeshUP],2026-06-02,19:00:00,Tuesday,2026-06-02 19:00,New York City,East Village,East Village,Evening,WeMeshUp,WeMeshUp,,WeMeshUp,wemeshup,False,,https://partiful.com/e/HqnYiHvQly5AD9Zz5vIi,https://www.tech-week.com/calendar/nyc
4201,Liquidity Lounge,2026-06-02,19:00:00,Tuesday,2026-06-02 19:00,New York City,Lower East Side,Lower East Side,Evening,Orbital Beam,Orbital Beam,Liquidity Lounge,Orbital Beam; Liquidity Lounge,orbital-beam; liquidity-lounge,True,,,https://www.tech-week.com/calendar/nyc
4278,AI x Mental Health,2026-06-02,19:00:00,Tuesday,2026-06-02 19:00,New York City,Nomad,Nomad,Evening,Ease Health,Ease Health,,Ease Health,ease-health,True,,,https://www.tech-week.com/calendar/nyc
4305,Hot Girl Vibe Coding (feat. Baddie Li),2026-06-02,19:00:00,Tuesday,2026-06-02 19:00,New York City,Chelsea,Chelsea,Evening,Viralize Technology,Viralize Technology,,Viralize Technology,viralize-technology,False,,https://partiful.com/e/560FtF86aNtKTs67d4S3?c=zL2s4TKY,https://www.tech-week.com/calendar/nyc
4380,LOCK UP AI?,2026-06-02,19:00:00,Tuesday,2026-06-02 19:00,New York City,Lower East Side,Lower East Side,Evening,UNMUTED,Unmute,Healthcare Club of New York,Unmute; Healthcare Club of New York,unmute; healthcare-club-of-new-york,False,,https://partiful.com/e/YA9fboO26bT6i1n8Ha72,https://www.tech-week.com/calendar/nyc
4484,Activant Poker Night,2026-06-02,19:00:00,Tuesday,2026-06-02 19:00,New York City,SoHo,SoHo,Evening,Activant Capital,Activant Capital,,Activant Capital,activant-capital,False,,https://partiful.com/e/CtLx3yTfJAKgapdVqcW6?c=0C4t0ZU9,https://www.tech-week.com/calendar/nyc
4553,Plus-One Party™: Founders & Funders Edition,2026-06-02,19:00:00,Tuesday,2026-06-02 19:00,New York City,SoHo,SoHo,Evening,MongoDB,MongoDB,Met Through Friends,MongoDB; Met Through Friends,mongodb; met-through-friends,False,,https://partiful.com/e/M0kczMvabHZ7JY00zfwA?,https://www.tech-week.com/calendar/nyc
4577,Master VC Empanadas,2026-06-02,19:00:00,Tuesday,2026-06-02 19:00,New York City,Central Park,Central Park,Evening,Lazo Fintech Inc,Lazo Fintech Inc,,Lazo Fintech Inc,lazo-fintech-inc,False,,https://partiful.com/e/EvKdVS3RCeqXCOdLL0Ao,https://www.tech-week.com/calendar/nyc
4773,Artists in the Loop: A Creative Tech Showcase + Mixer,2026-06-02,19:00:00,Tuesday,2026-06-02 19:00,New York City,Brooklyn,Brooklyn,Evening,Voxxy,Voxxy,,Voxxy,voxxy,False,,https://partiful.com/e/J6lRK0aw273oGheEuqmm,https://www.tech-week.com/calendar/nyc
4811,CONSUMER FOUNDER DINNER,2026-06-02,19:00:00,Tuesday,2026-06-02 19:00,New York City,SoHo,SoHo,Evening,Helium,Helium,,Helium,helium,False,,https://partiful.com/e/utGQhLBSFG3hyIlAFlEp,https://www.tech-week.com/calendar/nyc
4827,AI for HR: Confidence vs Fluency,2026-06-02,19:00:00,Tuesday,2026-06-02 19:00,New York City,Midtown,Midtown,Evening,peoplepower.ai,peoplepower.ai,,peoplepower.ai,peoplepower-ai,False,,https://partiful.com/e/mS9ovrUMKl2c2XK2ZjPC,https://www.tech-week.com/calendar/nyc
4847,The Founding Table: Private Chef Dinner,2026-06-02,19:00:00,Tuesday,2026-06-02 19:00,New York City,East Village,East Village,Evening,Covent,Covent,,Covent,covent,False,,https://partiful.com/e/FBTY402HvwzsBljLJgWl,https://www.tech-week.com/calendar/nyc
5048,NYC Family Office Dinner,2026-06-02,19:00:00,Tuesday,2026-06-02 19:00,New York City,Midtown,Midtown,Evening,Generous Ventures,Generous Ventures,O'Shaughnessy Ventures,Generous Ventures; O'Shaughnessy Ventures,generous-ventures; o-shaughnessy-ventures,False,,https://partiful.com/e/h9bpa3i5jWUubKb7BpcQ?c=QiLvERXT,https://www.tech-week.com/calendar/nyc
5054,Omakase - A Michelin-starred dinner with AI Leaders,2026-06-02,19:00:00,Tuesday,2026-06-02 19:00,New York City,Lower East Side,Lower East Side,Evening,Lyzr,Lyzr,,Lyzr,lyzr,False,,https://partiful.com/e/FCICxMPNjXHXmSYNvQPn?c=jx-dZ07a,https://www.tech-week.com/calendar/nyc
5260,The Founding Table: Private Chef Dinner,2026-06-02,19:00:00,Tuesday,2026-06-02 19:00,New York City,Flatiron,Flatiron,Evening,Persona,Persona,,Persona,persona,False,,https://partiful.com/e/FBTY402HvwzsBljLJgWl?c=YJUgQ9_s,https://www.tech-week.com/calendar/nyc
5347,Melbourne to Manhattan: Powering the Digital Future,2026-06-02,19:00:00,Tuesday,2026-06-02 19:00,New York City,Midtown,Midtown,Evening,"State Government of Victoria, Australia","State Government of Victoria, Australia",,"State Government of Victoria, Australia",state-government-of-victoria-australia,False,,https://partiful.com/e/Og0CTUlzSGBsf3ihsH0G,https://www.tech-week.com/calendar/nyc
5441,Star Sellers Dinner,2026-06-02,19:00:00,Tuesday,2026-06-02 19:00,New York City,Lower East Side,Lower East Side,Evening,Gamma,Gamma,,Gamma,gamma,False,,https://partiful.com/e/USH73kQlduUcSCS6j9Q2,https://www.tech-week.com/calendar/nyc
5908,C-Suite Roundtable with Hebbia & a16z,2026-06-02,19:00:00,Tuesday,2026-06-02 19:00,New York City,SoHo,SoHo,Evening,Hebbia,Hebbia,a16z,Hebbia; a16z,hebbia; a16z,True,,,https://www.tech-week.com/calendar/nyc
6189,Builders Dinner with Harvard Economist Roland Fryer,2026-06-02,19:00:00,Tuesday,2026-06-02 19:00,New York City,West Village,West Village,Evening,EO Ventures,EO Ventures,,EO Ventures,eo-ventures,False,,https://partiful.com/e/Gh3JTOVzGCyjXsTh6WTe,https://www.tech-week.com/calendar/nyc
6290,Poker & PropTech,2026-06-02,19:00:00,Tuesday,2026-06-02 19:00,New York City,Midtown,Midtown,Evening,MetaProp,MetaProp,,MetaProp,metaprop,False,,https://partiful.com/e/Cf12s5xu6FrPakiZyOIU,https://www.tech-week.com/calendar/nyc
5928,Paid Wildfire Game: Invest in Resilience,2026-06-02,19:30:00,Tuesday,2026-06-02 19:30,New York City,Virtual (NYC),Virtual (NYC),Evening,Optivide,Optivide,,Optivide,optivide,False,,https://partiful.com/e/0Jl8b2j56m7sV5blh9YH,https://www.tech-week.com/calendar/nyc
4885,"Intersecting Ecosystems Across Real Estate, Proptech & Crypto",2026-06-02,20:00:00,Tuesday,2026-06-02 20:00,New York City,Midtown,Midtown,Evening,Housing Us,Housing Us,Uncorrelated Alts,Housing Us; Uncorrelated Alts,housing-us; uncorrelated-alts,False,,https://partiful.com/e/Ejnq0raa0dpQ8sniSAau,https://www.tech-week.com/calendar/nyc
4970,Happy Hour with Verb,2026-06-02,20:00:00,Tuesday,2026-06-02 20:00,New York City,Flatiron,Flatiron,Evening,Verb,Verb,,Verb,verb,False,,https://partiful.com/e/FNVoGRinp7Ppozgs0wmb,https://www.tech-week.com/calendar/nyc
5174,Prediction Markets for Clinical Trials,2026-06-02,20:00:00,Tuesday,2026-06-02 20:00,New York City,Union Square,Union Square,Evening,EndpointArena.com,EndpointArena.com,,EndpointArena.com,endpointarena-com,False,,https://partiful.com/e/BpuNE1huDeaUnpNe2rqw,https://www.tech-week.com/calendar/nyc
5403,Going Solo: GP Poker tournament,2026-06-02,20:30:00,Tuesday,2026-06-02 20:30,New York City,Union Square,Union Square,Evening,Odin,Odin,,Odin,odin,False,,https://partiful.com/e/QrbK69m7SVT7XN1xYmQG,https://www.tech-week.com/calendar/nyc
4062,Human Performance Innovation jog,2026-06-03,07:00:00,Wednesday,2026-06-03 07:00,New York City,Central Park,Central Park,Morning,TrackCred,TrackCred,,TrackCred,trackcred,False,,https://partiful.com/e/uBOkf1NsfDwzdMne8E2B,https://www.tech-week.com/calendar/nyc
5486,Bridge the Tech Gap,2026-06-03,07:00:00,Wednesday,2026-06-03 07:00,New York City,Financial District,Financial District,Morning,RemoFirst,Remofirst,,Remofirst,remofirst,False,,https://partiful.com/e/0qepwkdEYxO5OYEvQ52k,https://www.tech-week.com/calendar/nyc
4212,The Anti-Success Panel: Hard Lessons No One Posts About,2026-06-03,07:30:00,Wednesday,2026-06-03 07:30,New York City,SoHo,SoHo,Morning,Eagerworks,Eagerworks,,Eagerworks,eagerworks,True,,,https://www.tech-week.com/calendar/nyc
4266,Pitch and Run Williamsburg,2026-06-03,07:30:00,Wednesday,2026-06-03 07:30,New York City,Brooklyn,Brooklyn,Morning,Pitch and Run,Pitch and Run,,Pitch and Run,pitch-and-run,False,,https://partiful.com/e/vDw5zyXUvmrcNTgmWeXH,https://www.tech-week.com/calendar/nyc
81,Finance Run Club,2026-06-03,07:45:00,Wednesday,2026-06-03 07:45,New York City,SoHo,SoHo,Morning,Runway Financial,Runway Financial,,Runway Financial,runway-financial,False,,https://partiful.com/e/nwxJ2O5JhxJfTSFaksLr,https://www.tech-week.com/calendar/nyc
214,Femhack NYTechweek 2026,2026-06-03,08:00:00,Wednesday,2026-06-03 08:00,New York City,Nomad,Nomad,Morning,Fierce Foundry,Fierce Foundry,,Fierce Foundry,fierce-foundry,False,,https://partiful.com/e/eBzPADEdUmk03eR8RNBu?c=_UiztwBI,https://www.tech-week.com/calendar/nyc
4004,Breakfast Roundtable focused on preventing diabetic foot ulcers,2026-06-03,08:00:00,Wednesday,2026-06-03 08:00,New York City,Central Park,Central Park,Morning,Solecooler,Solecooler,Maison de la région Occitanie à New York,Solecooler; Maison de la région Occitanie à New York,solecooler; maison-de-la-region-occitanie-a-new-york,True,,,https://www.tech-week.com/calendar/nyc
4443,GIDE Hackathon,2026-06-03,08:00:00,Wednesday,2026-06-03 08:00,New York City,Midtown,Midtown,Morning,Generative IDE,Generative IDE,Perkins Coie,Generative IDE; Perkins Coie,generative-ide; perkins-coie,False,,https://partiful.com/e/0zgEiZwPFM6JwBwJLTXc,https://www.tech-week.com/calendar/nyc
4988,Community Awareness Recharge Event Day3,2026-06-03,08:00:00,Wednesday,2026-06-03 08:00,New York City,Midtown,Midtown,Morning,"POLLEN8 Technology, Inc","POLLEN8 Technology, Inc","Die-Hard, Inc.; Edge Studio","POLLEN8 Technology, Inc; Die-Hard, Inc.; Edge Studio",pollen8-technology-inc; die-hard-inc; edge-studio,False,,https://partiful.com/e/tb4BqGF90d8iYR9YSwrA,https://www.tech-week.com/calendar/nyc
5027,"AI Office Hours: Coffee, Claude, and Coworking with Tabs & Attivo",2026-06-03,08:00:00,Wednesday,2026-06-03 08:00,New York City,SoHo,SoHo,Morning,Tabs,Tabs,Attivo,Tabs; Attivo,tabs; attivo,False,,https://partiful.com/e/DGJ1CuMG1bUlTJN89gAi,https://www.tech-week.com/calendar/nyc
5880,From Prototype to Production for Non-Technical Founders,2026-06-03,08:00:00,Wednesday,2026-06-03 08:00,New York City,Central Park,Central Park,Morning,Tequity,Tequity,,Tequity,tequity,True,,,https://www.tech-week.com/calendar/nyc
6206,Concourse x a16z CFO Breakfast,2026-06-03,08:00:00,Wednesday,2026-06-03 08:00,New York City,Flatiron,Flatiron,Morning,Concourse,Concourse,a16z,Concourse; a16z,concourse; a16z,False,,https://partiful.com/e/8WDylwZwAYAiMq5ZXcX8,https://www.tech-week.com/calendar/nyc
6413,Breathe & Brief - Pilates for marketers,2026-06-03,08:00:00,Wednesday,2026-06-03 08:00,New York City,Upper Manhattan,Upper Manhattan,Morning,Limy AI,Limy AI,,Limy AI,limy-ai,False,,https://partiful.com/e/uJUFOyhkTP1LJ6z4Z8gq,https://www.tech-week.com/calendar/nyc
2,Roo Capital: Founder + Investor Breakfast,2026-06-03,08:30:00,Wednesday,2026-06-03 08:30,New York City,Meatpacking District,Meatpacking District,Morning,Roo Capital,Roo Capital,,Roo Capital,roo-capital,False,,https://partiful.com/e/qnHFGeZHXU07GTrAf5ZO,https://www.tech-week.com/calendar/nyc
4265,Pitch and Run Central Park,2026-06-03,08:30:00,Wednesday,2026-06-03 08:30,New York City,Central Park,Central Park,Morning,Pitch and Run,Pitch and Run,,Pitch and Run,pitch-and-run,False,,https://partiful.com/e/wrblHPhZVVfIESHff5D1,https://www.tech-week.com/calendar/nyc
4727,MongoDB AI Builder Day with AWS,2026-06-03,08:30:00,Wednesday,2026-06-03 08:30,New York City,Nomad,Nomad,Morning,MongoDB,MongoDB,AWS,AWS; MongoDB,aws; mongodb,False,gold,https://partiful.com/e/wcXp7CbCwqwC2DFNXGUG,https://www.tech-week.com/calendar/nyc
4945,Founders Breakfast w/ Vonage: Real Tech Support & Funding Pathways for Startups,2026-06-03,08:30:00,Wednesday,2026-06-03 08:30,New York City,SoHo,SoHo,Morning,Vonage,Vonage,,Vonage,vonage,False,,https://partiful.com/e/VzFiSUj168Sj3mJvvD3N,https://www.tech-week.com/calendar/nyc
4964,The AI GTM Book Club,2026-06-03,08:30:00,Wednesday,2026-06-03 08:30,New York City,Chelsea,Chelsea,Morning,Warrant,Warrant,,Warrant,warrant,False,,https://partiful.com/e/jk9RAhLXAwGUteraldWT,https://www.tech-week.com/calendar/nyc
5100,Women in Tech: Build your first AI workflow with Claude,2026-06-03,08:30:00,Wednesday,2026-06-03 08:30,New York City,Flatiron,Flatiron,Morning,Webflow,Webflow,,Webflow,webflow,False,,https://partiful.com/e/FCd9GMR2lf8SmGrSlTr4,https://www.tech-week.com/calendar/nyc
5697,3rd Annual Partner2Partner VC Bfast,2026-06-03,08:30:00,Wednesday,2026-06-03 08:30,New York City,Midtown,Midtown,Morning,Alpha Partners,,Alpha Partners,Alpha Partners,alpha-partners,True,,,https://www.tech-week.com/calendar/nyc
5891,Build Your Team for the Agentic Era,2026-06-03,08:30:00,Wednesday,2026-06-03 08:30,New York City,Midtown,Midtown,Morning,of All Trades,of All Trades,Genee,of All Trades; Genee,of-all-trades; genee,False,,https://partiful.com/e/R1bB2tFJzIqr2bToSw6R,https://www.tech-week.com/calendar/nyc
6376,Bagels>Panels: Physical AI x Robotics @ NY Tech Week,2026-06-03,08:30:00,Wednesday,2026-06-03 08:30,New York City,Union Square,Union Square,Morning,"Planeteer, Sightline, Blackhorn VC, Foley Hoag","Planeteer, Sightline, Blackhorn VC, Foley Hoag",Sightline Climate; Blackhorn Ventures; Foley Hoag LLP,"Planeteer, Sightline, Blackhorn VC, Foley Hoag; Sightline Climate; Blackhorn Ventures; Foley Hoag LLP",planeteer-sightline-blackhorn-vc-foley-hoag; sightline-climate; blackhorn-ventures; foley-hoag-llp,False,,https://partiful.com/e/IND6o3UwwH5ZC1Z6FC1Y,https://www.tech-week.com/calendar/nyc
85,VPB Capital x Capacity Demo Day – New York,2026-06-03,09:00:00,Wednesday,2026-06-03 09:00,New York City,Virtual (NYC),Virtual (NYC),Morning,Venture Philanthropy Blueprint,Venture Philanthropy Blueprint,,Venture Philanthropy Blueprint,venture-philanthropy-blueprint,True,,,https://www.tech-week.com/calendar/nyc
105,Venture Sails Breakfast,2026-06-03,09:00:00,Wednesday,2026-06-03 09:00,New York City,Brooklyn,Brooklyn,Morning,Venture Sails,Venture Sails,Fonzi AI,Venture Sails; Fonzi AI,venture-sails; fonzi-ai,False,,https://partiful.com/e/ljR8QfU0ZrVOSiE6diIr,https://www.tech-week.com/calendar/nyc
191,Practical AI In Healthcare: Live Podcast Recording,2026-06-03,09:00:00,Wednesday,2026-06-03 09:00,New York City,Midtown,Midtown,Morning,Patient Talker LLC,Patient Talker LLC,Practical AI in Healthcare,Patient Talker LLC; Practical AI in Healthcare,patient-talker-llc; practical-ai-in-healthcare,False,,https://partiful.com/events/vaFO9sGYiFZ1hzqrSkOa,https://www.tech-week.com/calendar/nyc
4002,WebCongress - AI for Marketing,2026-06-03,09:00:00,Wednesday,2026-06-03 09:00,New York City,Chelsea,Chelsea,Morning,WebCongress,WebCongress,,WebCongress,webcongress,True,,,https://www.tech-week.com/calendar/nyc
4010,Israel Founders Mission NYC,2026-06-03,09:00:00,Wednesday,2026-06-03 09:00,New York City,Midtown,Midtown,Morning,Discount Tech,Discount Tech,IDB Bank,Discount Tech; IDB Bank,discount-tech; idb-bank,False,,https://partiful.com/e/FD0bs4xlpm0BNege9bJE,https://www.tech-week.com/calendar/nyc
4202,Agentic Finance Summit,2026-06-03,09:00:00,Wednesday,2026-06-03 09:00,New York City,SoHo,SoHo,Morning,Party Action People,Party Action People,Microsoft,Party Action People; Microsoft,party-action-people; microsoft,False,,,https://www.tech-week.com/calendar/nyc
4342,Google for Startups Hub,2026-06-03,09:00:00,Wednesday,2026-06-03 09:00,New York City,Chelsea,Chelsea,Morning,Google for Startups,Google for Startups,,Google for Startups,google-for-startups,False,gold,https://partiful.com/e/ZzxFq9vcfoDUqBBRQTzv,https://www.tech-week.com/calendar/nyc
4386,"The Future of Entertainment: Content, Creators and Capital",2026-06-03,09:00:00,Wednesday,2026-06-03 09:00,New York City,Midtown,Midtown,Morning,Manatt,Manatt,The Ember Company; Animal Capital,The Ember Company; Animal Capital; Manatt,the-ember-company; animal-capital; manatt,False,,https://partiful.com/e/89fRnFZuajb3BzXK9rEJ,https://www.tech-week.com/calendar/nyc
4565,The Age of Influence in B2B Marketing,2026-06-03,09:00:00,Wednesday,2026-06-03 09:00,New York City,Flatiron,Flatiron,Morning,"Clarity Global, Inc.","Clarity Global, Inc.",,"Clarity Global, Inc.",clarity-global-inc,False,,https://partiful.com/e/CKm2RMoLRlu5EwbQTzLQ,https://www.tech-week.com/calendar/nyc
4762,"Build Your Own AI Data Agent (Low-Code, Hands-On Web Scraping Workshop)",2026-06-03,09:00:00,Wednesday,2026-06-03 09:00,New York City,Union Square,Union Square,Morning,Sequentum,Sequentum,,Sequentum,sequentum,False,,https://partiful.com/e/05kyAz0HT3CAko2docJW,https://www.tech-week.com/calendar/nyc
4873,An insider look at Empire AI: how New York built world-class public AI,2026-06-03,09:00:00,Wednesday,2026-06-03 09:00,New York City,Midtown,Midtown,Morning,HR&A Advisors,HR&A Advisors,Tech:NYC,HR&A Advisors; Tech:NYC,hr-a-advisors; tech-nyc,False,,https://partiful.com/e/fFd0btC2b2HFv0yHTmrl,https://www.tech-week.com/calendar/nyc
4894,Founder & Investor Breakfast @ The Ned,2026-06-03,09:00:00,Wednesday,2026-06-03 09:00,New York City,Nomad,Nomad,Morning,The Well Network,The Well Network,Ramp,The Well Network; Ramp,the-well-network; ramp,False,,https://partiful.com/e/GkCn2pyh6wFe3oLi7a7D,https://www.tech-week.com/calendar/nyc
4905,Founder Bites: Legal Edition,2026-06-03,09:00:00,Wednesday,2026-06-03 09:00,New York City,Midtown,Midtown,Morning,Draper House Americas,Draper House Americas,Morrison Foerster,Draper House Americas; Morrison Foerster,draper-house-americas; morrison-foerster,False,,https://partiful.com/e/MmoaaHh8DQi0Upn3y27E?c=Iaz4h5Mp,https://www.tech-week.com/calendar/nyc
5104,"Healthcare & Self-Care, Bridging the Gap with ionava @ Yunara Life",2026-06-03,09:00:00,Wednesday,2026-06-03 09:00,New York City,Gramercy Park,Gramercy Park,Morning,Yunara Life,Yunara Life,Coeus Collective Ventures; IONAVA,Yunara Life; Coeus Collective Ventures; IONAVA,yunara-life; coeus-collective-ventures; ionava,False,,https://partiful.com/e/sPplaYAA13KdbMUnQQiu,https://www.tech-week.com/calendar/nyc
5224,Go To Market Morning Mixer,2026-06-03,09:00:00,Wednesday,2026-06-03 09:00,New York City,Union Square,Union Square,Morning,Technology Founders of America,Technology Founders of America,,Technology Founders of America,technology-founders-of-america,False,,https://partiful.com/e/A3EUigoZVOvMZxIdbDyX,https://www.tech-week.com/calendar/nyc
5624,Founders Open: Pickleball & Networking Party,2026-06-03,09:00:00,Wednesday,2026-06-03 09:00,New York City,Midtown,Midtown,Morning,HubSpot,Hubspot,The Hustle; Starter Story; The Dink,Hubspot; The Hustle; Starter Story; The Dink,hubspot; the-hustle; starter-story; the-dink,False,,https://partiful.com/e/N1UtayvJqU3owBr9vXWF,https://www.tech-week.com/calendar/nyc
5824,Google for Startups: Latest from Google DeepMind,2026-06-03,09:00:00,Wednesday,2026-06-03 09:00,New York City,Chelsea,Chelsea,Morning,Google for Startups,Google for Startups,,Google for Startups,google-for-startups,False,gold,https://partiful.com/e/e0FYrBmBfIPXGQdUttNW?c=er0-Fnzb,https://www.tech-week.com/calendar/nyc
5892,Grind & Grow: A Cacao Ceremony for Founders & Investors,2026-06-03,09:00:00,Wednesday,2026-06-03 09:00,New York City,Lower East Side,Lower East Side,Morning,A-Players,A-Players,Brderless,A-Players; Brderless,a-players; brderless,False,,https://partiful.com/e/NCbNEdj2iHAMwKqJkBHa,https://www.tech-week.com/calendar/nyc
6410,The Future of AI in Higher Ed Summit,2026-06-03,09:00:00,Wednesday,2026-06-03 09:00,New York City,Flatiron,Flatiron,Morning,IBM,IBM,,IBM,ibm,True,,,https://www.tech-week.com/calendar/nyc
127,REVENUE ENGINE: DRIVING SALES & DEMAND IN AN AI WORLD,2026-06-03,09:30:00,Wednesday,2026-06-03 09:30,New York City,Financial District,Financial District,Morning,Fin.Tech Marketing Community,Fin.Tech Marketing Community,,Fin.Tech Marketing Community,fin-tech-marketing-community,False,,https://partiful.com/e/JZl9gHlfQ6edJxp2BoCy,https://www.tech-week.com/calendar/nyc
4587,Healthtech Founder + MBA Mixer,2026-06-03,09:30:00,Wednesday,2026-06-03 09:30,New York City,Midtown,Midtown,Morning,Fordham University,Fordham University,Scalpels & Spreadsheets,Fordham University; Scalpels & Spreadsheets,fordham-university; scalpels-spreadsheets,False,,https://partiful.com/e/5QlpVYkqD9Tuljy0Cfzv,https://www.tech-week.com/calendar/nyc
4602,Next Gen Innovation Summit - Future Builders: From Vision to Impact,2026-06-03,09:30:00,Wednesday,2026-06-03 09:30,New York City,,,Morning,Global Futures Network,Global Futures Network,,Global Futures Network,global-futures-network,False,,https://partiful.com/e/ArIDOyhww8NjQN7yyMyy?c=kedbx136,https://www.tech-week.com/calendar/nyc
4611,Next Gen Innovation Summit - Future Builders: From Vision to Impact,2026-06-03,09:30:00,Wednesday,2026-06-03 09:30,New York City,,,Morning,Global Futures Network,Global Futures Network,,Global Futures Network,global-futures-network,False,,https://partiful.com/e/ArIDOyhww8NjQN7yyMyy,https://www.tech-week.com/calendar/nyc
4763,Breakfast with Builders,2026-06-03,09:30:00,Wednesday,2026-06-03 09:30,New York City,Midtown,Midtown,Morning,Razorpay,Razorpay,,Razorpay,razorpay,True,,,https://www.tech-week.com/calendar/nyc
185,GGW Sharks. Startup Pitch & Networking,2026-06-03,10:00:00,Wednesday,2026-06-03 10:00,New York City,Virtual (NYC),Virtual (NYC),Morning,Go Global World,Go Global World,Selective VC,Go Global World; Selective VC,go-global-world; selective-vc,False,,https://partiful.com/e/THa8hGECiLhNpThA760i,https://www.tech-week.com/calendar/nyc
4277,"AI in the Warehouse: Real Results From the Floor, Not the Boardroom",2026-06-03,10:00:00,Wednesday,2026-06-03 10:00,New York City,Midtown,Midtown,Morning,Julius Silvert Inc.,Julius Silvert Inc.,,Julius Silvert Inc.,julius-silvert-inc,True,,,https://www.tech-week.com/calendar/nyc
4340,Who Will Defend the Internet? The Youth Cybersecurity Crisis,2026-06-03,10:00:00,Wednesday,2026-06-03 10:00,New York City,Union Square,Union Square,Morning,Girls Who Code,Girls Who Code,,Girls Who Code,girls-who-code,False,,https://partiful.com/e/3d1kwJIjPBslCneBS0Ij,https://www.tech-week.com/calendar/nyc
4659,The Future of Work,2026-06-03,10:00:00,Wednesday,2026-06-03 10:00,New York City,Financial District,Financial District,Morning,Year Up United,Year Up United,,Year Up United,year-up-united,False,,https://partiful.com/e/moXHRu0LDZ7cMdXusczD,https://www.tech-week.com/calendar/nyc
4943,Just Breathe,2026-06-03,10:00:00,Wednesday,2026-06-03 10:00,New York City,Union Square,Union Square,Morning,Partytrick,Partytrick,,Partytrick,partytrick,False,,https://partiful.com/e/PXdyxn9LF6R6eg56pZEZ,https://www.tech-week.com/calendar/nyc
5032,Capital to Customers,2026-06-03,10:00:00,Wednesday,2026-06-03 10:00,New York City,Upper Manhattan,Upper Manhattan,Morning,Zendesk,Zendesk,Efficient Capital Labs; Carta,Zendesk; Efficient Capital Labs; Carta,zendesk; efficient-capital-labs; carta,False,,https://partiful.com/e/blNIAVH8VYaVAx5doUig,https://www.tech-week.com/calendar/nyc
5143,Applied AI for the Modern Brand,2026-06-03,10:00:00,Wednesday,2026-06-03 10:00,New York City,Union Square,Union Square,Morning,Plug and Play New York & NYEDC,Plug and Play New York,NYEDC,Plug and Play New York; NYEDC,plug-and-play-new-york; nyedc,False,,https://partiful.com/e/U1WrM7svk12I0W8tyk7L?c=3pbFSekt,https://www.tech-week.com/calendar/nyc
5176,Fireside chat w/ Bryan Kim by ElevenLabs and Verci,2026-06-03,10:00:00,Wednesday,2026-06-03 10:00,New York City,Flatiron,Flatiron,Morning,ElevenLabs,ElevenLabs,Verci,Verci; ElevenLabs,verci; elevenlabs,False,,https://partiful.com/e/kcNK4Mal67OURfFcBLRy?c=fi5Jiqbn,https://www.tech-week.com/calendar/nyc
5276,4wardmotion Solutions AI,2026-06-03,10:00:00,Wednesday,2026-06-03 10:00,New York City,Virtual (NYC),Virtual (NYC),Morning,"4wardmotion Solutions, Inc","4wardmotion Solutions, Inc",,"4wardmotion Solutions, Inc",4wardmotion-solutions-inc,True,,,https://www.tech-week.com/calendar/nyc
5396,The future of autonomous vehicles in Europe,2026-06-03,10:00:00,Wednesday,2026-06-03 10:00,New York City,Upper Manhattan,Upper Manhattan,Morning,Halo Drive Ltd.,Halo Drive Ltd.,,Halo Drive Ltd.,halo-drive-ltd,True,,,https://www.tech-week.com/calendar/nyc
5528,AI Upskilling with Google,2026-06-03,10:00:00,Wednesday,2026-06-03 10:00,New York City,Chelsea,Chelsea,Morning,Colectivo,Colectivo,Google,Colectivo; Google,colectivo; google,False,,https://partiful.com/e/vb18Eco3mtAOFscT98vk,https://www.tech-week.com/calendar/nyc
5832,Walk with a Purpose: BFVC x Allies,2026-06-03,10:00:00,Wednesday,2026-06-03 10:00,New York City,Central Park,Central Park,Morning,Black Female Venture Club,Black Female Venture Club,,Black Female Venture Club,black-female-venture-club,False,,https://partiful.com/e/xec08ytxQinpShin4rOV,https://www.tech-week.com/calendar/nyc
6193,Aerospace & Defense: Certification and the Future of Flight,2026-06-03,10:00:00,Wednesday,2026-06-03 10:00,New York City,Upper East Side,Upper West Side,Morning,Velocor & Maloy Aircraft,Velocor & Maloy Aircraft,Velocor,Velocor & Maloy Aircraft; Velocor,velocor-maloy-aircraft; velocor,False,,https://partiful.com/e/FmbvlZINAUmQsqMYdaNM?c=nMxF-QLf,https://www.tech-week.com/calendar/nyc
6205,Achieving Operational  Excellence,2026-06-03,10:00:00,Wednesday,2026-06-03 10:00,New York City,Queens,Queens,Morning,Ainsley Capital,Ainsley Capital,Ainsley Health; Kinetik,Ainsley Capital; Ainsley Health; Kinetik,ainsley-capital; ainsley-health; kinetik,False,,,https://www.tech-week.com/calendar/nyc
4478,NY: FOUNDER REALITY CHECK,2026-06-03,10:30:00,Wednesday,2026-06-03 10:30,New York City,Midtown,Midtown,Morning,York Effect,York Effect,,York Effect,york-effect,False,,https://partiful.com/e/gP72ufePZapekTZvw8WN,https://www.tech-week.com/calendar/nyc
5876,Unlocking Defense Contracts: OTAs & Non-Dilutive Funding for Deep Tech,2026-06-03,10:30:00,Wednesday,2026-06-03 10:30,New York City,Brooklyn,Brooklyn,Morning,Inspiralia US,Inspiralia USA,,Inspiralia USA,inspiralia-usa,True,,,https://www.tech-week.com/calendar/nyc
5879,Ugly Talk: Can Your Brand Thrive in Agentic Commerce?,2026-06-03,10:30:00,Wednesday,2026-06-03 10:30,New York City,Midtown,Midtown,Morning,Ugly Talk,Ugly Talk,,Ugly Talk,ugly-talk,False,,https://partiful.com/e/G1Rqksr7pQb3T5sGRCPp,https://www.tech-week.com/calendar/nyc
4390,The Architecture of Failure: A 401-Level Masterclass on AI Agents,2026-06-03,10:45:00,Wednesday,2026-06-03 10:45,New York City,Chelsea,Chelsea,Morning,Google for Startups,Google for Startups,,Google for Startups,google-for-startups,False,gold,https://partiful.com/e/oZjPIrymA9JRf4x3t4GO?c=9_f-wSbk,https://www.tech-week.com/calendar/nyc
5826,"The Founder's Guide to AI Transformation: Workflows, Culture, and Scaling",2026-06-03,10:45:00,Wednesday,2026-06-03 10:45,New York City,Chelsea,Chelsea,Morning,Google for Startups,Google for Startups,,Google for Startups,google-for-startups,False,gold,https://partiful.com/e/A1b26sUya85y2x7bGw2z?c=pXIXL43x,https://www.tech-week.com/calendar/nyc
4099,The Overlooked Alpha: Backing the Next Frontier of Faith-Driven Diaspora Entrepreneurs,2026-06-03,11:00:00,Wednesday,2026-06-03 11:00,New York City,Brooklyn,Brooklyn,Morning,Emtic Basileia,Emtic Basileia,,Emtic Basileia,emtic-basileia,False,,https://partiful.com/e/ZKhEYadbnGCC8wVlGiET,https://www.tech-week.com/calendar/nyc
4354,Jam in AM | AI founders @,2026-06-03,11:00:00,Wednesday,2026-06-03 11:00,New York City,Flatiron,Flatiron,Morning,Supermoon,Supermoon,,Supermoon,supermoon,False,,https://partiful.com/e/0TsrnbBR1D2fI4HqJRcj,https://www.tech-week.com/calendar/nyc
4637,From zero to AI hiring agent: a founder’s guide (live build),2026-06-03,11:00:00,Wednesday,2026-06-03 11:00,New York City,Chelsea,Chelsea,Morning,Elly,Elly,,Elly,elly,False,,https://partiful.com/e/fj1W7fo3lhElo552s2jD,https://www.tech-week.com/calendar/nyc
4677,The New Stack: Balancing the Cap Table for Women-Led Wellness & Wearables,2026-06-03,11:00:00,Wednesday,2026-06-03 11:00,New York City,SoHo,SoHo,Morning,Crush It Ventures,Crush It Ventures,Wearable Tech Ventures,Crush It Ventures; Wearable Tech Ventures,crush-it-ventures; wearable-tech-ventures,False,,https://partiful.com/e/KSKVdpcLANun9pXuG0m3,https://www.tech-week.com/calendar/nyc
4755,Sustainability Panel,2026-06-03,11:00:00,Wednesday,2026-06-03 11:00,New York City,Midtown,Midtown,Morning,Propel Earth,Propel Earth,,Propel Earth,propel-earth,False,,https://partiful.com/e/GxS3hkbPToEMmgTEeEsm?c=aO7zZUja,https://www.tech-week.com/calendar/nyc
5225,Outreach OS: Creators…Let’s Build the AI Agent That Does Work While You Sleep,2026-06-03,11:00:00,Wednesday,2026-06-03 11:00,New York City,SoHo,SoHo,Morning,Walker Media LLC,Walker Media LLC,,Walker Media LLC,walker-media-llc,False,,https://partiful.com/e/4KBxsjank7wig3VCp3za,https://www.tech-week.com/calendar/nyc
5393,Private Investor-Founder Brunch by Yellow | Tech Week 2026,2026-06-03,11:00:00,Wednesday,2026-06-03 11:00,New York City,SoHo,SoHo,Morning,Yellow Network,Yellow Network,,Yellow Network,yellow-network,False,,https://partiful.com/e/DIULMTXNf5mkt8da0Kbw?,https://www.tech-week.com/calendar/nyc
5500,99 Problems But a Pitch Ain't One,2026-06-03,11:00:00,Wednesday,2026-06-03 11:00,New York City,Chelsea,Chelsea,Morning,Long Story Short,Long Story Short,,Long Story Short,long-story-short,False,,https://partiful.com/e/5GuSYgXUVmGLyAH9zHIQ,https://www.tech-week.com/calendar/nyc
5831,Primary x Supermomos x Gunderson: Founder and Investor Lounge,2026-06-03,11:00:00,Wednesday,2026-06-03 11:00,New York City,Midtown,Midtown,Morning,Gunderson Dettmer,Gunderson Dettmer,Supermomos; Primary Venture Partners,Gunderson Dettmer; Supermomos; Primary Venture Partners,gunderson-dettmer; supermomos; primary-venture-partners,False,,https://partiful.com/e/4XKbTFLap5PbNCSGsQMC,https://www.tech-week.com/calendar/nyc
5868,"Authorized Access: Gender, Power & Tech",2026-06-03,11:00:00,Wednesday,2026-06-03 11:00,New York City,Virtual (NYC),Virtual (NYC),Morning,Product Advisory Collective (PAC),Product Advisory Collective (PAC),,Product Advisory Collective (PAC),product-advisory-collective-pac,False,,https://partiful.com/events/phA77R6PScqhIZFskbMO,https://www.tech-week.com/calendar/nyc
5888,"The Open Source Stack: Picking, Running, and Shipping Open Models",2026-06-03,11:00:00,Wednesday,2026-06-03 11:00,New York City,Brooklyn,Brooklyn,Morning,Tequity,Tequity,,Tequity,tequity,True,,,https://www.tech-week.com/calendar/nyc
6371,Becoming an AI Champion,2026-06-03,11:00:00,Wednesday,2026-06-03 11:00,New York City,East Village,East Village,Morning,Unicorner,Unicorner,Bolt.new,Unicorner; Bolt.new,unicorner; bolt-new,False,,https://partiful.com/e/5hhjGFJdaccHUlu3nUrO,https://www.tech-week.com/calendar/nyc
261,From Norway to New York - What It Actually Takes to Scale in the AI Era,2026-06-03,11:30:00,Wednesday,2026-06-03 11:30,New York City,Midtown,Midtown,Morning,Innovation Norway,Innovation Norway,Royal Norwegian Consulate General,Innovation Norway; Royal Norwegian Consulate General,innovation-norway; royal-norwegian-consulate-general,True,,,https://www.tech-week.com/calendar/nyc
4080,The Heartland Venture Summit,2026-06-03,11:30:00,Wednesday,2026-06-03 11:30,New York City,Chelsea,Chelsea,Morning,Ohio Startup Network,Ohio Startup Network,,Ohio Startup Network,ohio-startup-network,False,,https://partiful.com/e/yZMbnwWAgGJwASwKArr3?c=U1B41-Tk,https://www.tech-week.com/calendar/nyc
4756,Building in the Physical World with AI,2026-06-03,11:30:00,Wednesday,2026-06-03 11:30,New York City,Flatiron,Flatiron,Morning,NextView Ventures,NextView Ventures,,NextView Ventures,nextview-ventures,False,,https://partiful.com/e/ET08mdx8yiVrNczoRIBj,https://www.tech-week.com/calendar/nyc
74,The Leadership Bottleneck — and How to Break Through It,2026-06-03,12:00:00,Wednesday,2026-06-03 12:00,New York City,Central Park,Central Park,Noon,Momentum360,Momentum360,,Momentum360,momentum360,False,,https://partiful.com/e/A8dHZHCZ4lYHLHDbNx75?f=1,https://www.tech-week.com/calendar/nyc
4377,E-commerce  Founders' Lunch hosted by Cherry Hill Advisory,2026-06-03,12:00:00,Wednesday,2026-06-03 12:00,New York City,Upper Manhattan,Upper Manhattan,Noon,Cherry Hill Advisory,Cherry Hill Advisory,,Cherry Hill Advisory,cherry-hill-advisory,False,,https://partiful.com/e/55VWMcOPDP2YUbOQyrSu,https://www.tech-week.com/calendar/nyc
4500,Loading Future State - Women In Tech,2026-06-03,12:00:00,Wednesday,2026-06-03 12:00,New York City,Meatpacking District,Meatpacking District,Noon,zant app,zant app,Space of Mind,zant app; Space of Mind,zant-app; space-of-mind,False,,https://partiful.com/e/xVRyFu1BuIaK3LIz6eyb,https://www.tech-week.com/calendar/nyc
4542,AI Market Foresight: Live Simulation Vol. 2,2026-06-03,12:00:00,Wednesday,2026-06-03 12:00,New York City,SoHo,SoHo,Noon,Principle,Principle,,Principle,principle,False,,https://partiful.com/e/MapuUg1D3MB9pAp550DP,https://www.tech-week.com/calendar/nyc
4588,Everything Health Networking,2026-06-03,12:00:00,Wednesday,2026-06-03 12:00,New York City,Midtown,Midtown,Noon,Scalpels & Spreadsheets,Scalpels & Spreadsheets,,Scalpels & Spreadsheets,scalpels-spreadsheets,False,,https://partiful.com/e/EbJB9pr0fYgwdOajFFfY,https://www.tech-week.com/calendar/nyc
4665,Inner Circle: Founder & VC Lunch,2026-06-03,12:00:00,Wednesday,2026-06-03 12:00,New York City,SoHo,SoHo,Noon,Menlo Ventures,Menlo Ventures,AmEx Ventures; Confidante: Cofounder Dynamics; BambooX,Menlo Ventures; AmEx Ventures; Confidante: Cofounder Dynamics; BambooX,menlo-ventures; amex-ventures; confidante-cofounder-dynamics; bamboox,False,,https://partiful.com/e/EkVKsItVP7ZxENEfmZSV,https://www.tech-week.com/calendar/nyc
4793,🏌️Lunch Time Tee-Off w/ Citizens Bank & Deel,2026-06-03,12:00:00,Wednesday,2026-06-03 12:00,New York City,Chelsea,Chelsea,Noon,Deel,Deel,Citizens Private Bank,Deel; Citizens Private Bank,deel; citizens-private-bank,False,gold,https://partiful.com/e/S4lPq961p4AgBePznzvu,https://www.tech-week.com/calendar/nyc
4958,AI Builders Lunch,2026-06-03,12:00:00,Wednesday,2026-06-03 12:00,New York City,Midtown,Midtown,Noon,Cuculi,Cuculi,,Cuculi,cuculi,False,,https://partiful.com/e/h473UHUqIyFjDct4PAfU?c=GU7BTEq6,https://www.tech-week.com/calendar/nyc
5080,Beyond the Hype: The Realities of Scaling AI,2026-06-03,12:00:00,Wednesday,2026-06-03 12:00,New York City,Hudson Yards,Hudson Yards,Noon,Accenture,Accenture,Tech:NYC,Accenture; Tech:NYC,accenture; tech-nyc,True,,,https://www.tech-week.com/calendar/nyc
5089,"SOC Transformation: AI, Automation, and the Hard Choices Ahead- #NY TechWeek",2026-06-03,12:00:00,Wednesday,2026-06-03 12:00,New York City,Financial District,Financial District,Noon,Command Zero,Command Zero,ZS,Command Zero; ZS,command-zero; zs,False,,https://partiful.com/e/7tw52yRkZ9wOQQGdxzjh?c=mr5Uu8Gh,https://www.tech-week.com/calendar/nyc
5248,Brain Byte: Recharge & Play,2026-06-03,12:00:00,Wednesday,2026-06-03 12:00,New York City,Union Square,Union Square,Noon,Soma Precision Health,Soma Precision Health,,Soma Precision Health,soma-precision-health,False,,https://partiful.com/e/TgZIFYugqAIWQXnBovpk,https://www.tech-week.com/calendar/nyc
5370,Female Founder and Funder Office Hours NY TechWeek Edition,2026-06-03,12:00:00,Wednesday,2026-06-03 12:00,New York City,Hudson Yards,Hudson Yards,Noon,How Women Invest,How Women Invest,,How Women Invest,how-women-invest,False,,https://partiful.com/e/ZF6EDVaXkkhCIb0qwcSL,https://www.tech-week.com/calendar/nyc
5889,Building secure AI for your data: DeepFellow Demo + Q&A,2026-06-03,12:00:00,Wednesday,2026-06-03 12:00,New York City,Chelsea,Chelsea,Noon,SIMPLITO,SIMPLITO,Polish Investment and Trade Agency - New York Office,SIMPLITO; Polish Investment and Trade Agency - New York Office,simplito; polish-investment-and-trade-agency-new-york-office,False,,https://partiful.com/e/4HvzWY1VZlHgK21fMBUz?c=g5NbnbjN,https://www.tech-week.com/calendar/nyc
6439,The Builder's Table with Adobe for Startups,2026-06-03,12:00:00,Wednesday,2026-06-03 12:00,New York City,Union Square,Union Square,Noon,Adobe,Adobe,,Adobe,adobe,False,gold,https://partiful.com/e/JfnhQNRqGfA7BXSYtjll,https://www.tech-week.com/calendar/nyc
4403,Building Multi-Agent Systems: Scaling Your Startup with Autonomous AI,2026-06-03,13:00:00,Wednesday,2026-06-03 13:00,New York City,Chelsea,Chelsea,Afternoon,Google for Startups,Google for Startups,,Google for Startups,google-for-startups,False,gold,https://partiful.com/e/l9fA0F5sI4gurGc8hc4H?c=3RtUGbuf,https://www.tech-week.com/calendar/nyc
5036,Bolt.new Founder Fireside,2026-06-03,13:00:00,Wednesday,2026-06-03 13:00,New York City,Chelsea,Chelsea,Afternoon,Unicorner,Unicorner,Bolt.new,Unicorner; Bolt.new,unicorner; bolt-new,False,,https://partiful.com/e/uFkYHnEZ8CMJ7igyHMEW,https://www.tech-week.com/calendar/nyc
5115,LVMH Private VIP Coffee,2026-06-03,13:00:00,Wednesday,2026-06-03 13:00,New York City,Upper East Side,Upper West Side,Afternoon,Serena Wang,Serena Wang,,Serena Wang,serena-wang,False,,https://partiful.com/e/dyCpr134CU69bhNKxNGq,https://www.tech-week.com/calendar/nyc
5116,Why Great Startups Build Communities,2026-06-03,13:00:00,Wednesday,2026-06-03 13:00,New York City,Midtown,Midtown,Afternoon,Pollen8.app,Pollen8.app X Die-Hard.io,Die-Hard.io; Edge Studio,Pollen8.app X Die-Hard.io; Die-Hard.io; Edge Studio,pollen8-app-x-die-hard-io; die-hard-io; edge-studio,False,,https://partiful.com/e/l1luqKOiqTwR8cLX9lfL,https://www.tech-week.com/calendar/nyc
5664,Marimo: Ice Cream Social for AI Researchers,2026-06-03,13:00:00,Wednesday,2026-06-03 13:00,New York City,Midtown,Midtown,Afternoon,CoreWeave,CoreWeave,,CoreWeave,coreweave,False,,https://partiful.com/e/XP4E96LBZVAKjv9grfcY,https://www.tech-week.com/calendar/nyc
5822,Kedrion X InstaLILY AI and Innovation Summit,2026-06-03,13:00:00,Wednesday,2026-06-03 13:00,New York City,SoHo,SoHo,Afternoon,InstaLILY AI,InstaLILY AI,Kedrion Biopharma,InstaLILY AI; Kedrion Biopharma,instalily-ai; kedrion-biopharma,False,,https://partiful.com/e/PdiozfxUMSvzekP4cU32?,https://www.tech-week.com/calendar/nyc
5862,The Oasis @ NY Tech Week Day 3 - Finding Ikigai,2026-06-03,13:00:00,Wednesday,2026-06-03 13:00,New York City,Flatiron,Flatiron,Afternoon,Flowstate,Flowstate,Vibe Space; Boardy; The AI Collective,Flowstate; Vibe Space; Boardy; The AI Collective,flowstate; vibe-space; boardy; the-ai-collective,False,,https://partiful.com/e/ucMfyy0lloL2hIWrteQ4,https://www.tech-week.com/calendar/nyc
5865,Hard Truths: Building a Scalable Consumer Hardware Business,2026-06-03,13:00:00,Wednesday,2026-06-03 13:00,New York City,Virtual (NYC),Virtual (NYC),Afternoon,Hardware Velocity,Hardware Velocity,,Hardware Velocity,hardware-velocity,False,,https://partiful.com/e/QFvAM5R9QxCHey1Ysiak,https://www.tech-week.com/calendar/nyc
6428,Google Ads Keynote: Future of AI Marketing,2026-06-03,13:15:00,Wednesday,2026-06-03 13:15,New York City,Chelsea,Chelsea,Afternoon,Google for Startups,Google for Startups,,Google for Startups,google-for-startups,False,,https://partiful.com/e/XtUAp0HilTDnyVQoiYXd?c=L3D83YsM,https://www.tech-week.com/calendar/nyc
4048,Axios' AI+NY Summit,2026-06-03,13:30:00,Wednesday,2026-06-03 13:30,New York City,Flatiron,Flatiron,Afternoon,Axios,Axios,,Axios,axios,True,,,https://www.tech-week.com/calendar/nyc
5820,Anthropic Founder Salon: Inside the AI-Native Era,2026-06-03,13:30:00,Wednesday,2026-06-03 13:30,New York City,Chelsea,Chelsea,Afternoon,Anthropic,Anthropic,,Anthropic,anthropic,False,,https://partiful.com/e/titPml1Nw0DKwGl9B6CF,https://www.tech-week.com/calendar/nyc
20,Venture Fight Club #5,2026-06-03,14:00:00,Wednesday,2026-06-03 14:00,New York City,SoHo,SoHo,Afternoon,Venture Fight Club,Venture Fight Club,,Venture Fight Club,venture-fight-club,False,,https://partiful.com/e/B0alagl9YfiErlgH73La,https://www.tech-week.com/calendar/nyc
4444,The Future of Coding Agents and IDE,2026-06-03,14:00:00,Wednesday,2026-06-03 14:00,New York City,Midtown,Midtown,Afternoon,Generative IDE,Generative IDE,Perkins Coie,Generative IDE; Perkins Coie,generative-ide; perkins-coie,False,,https://partiful.com/e/1N6CtiCpYquktoTh5NUm,https://www.tech-week.com/calendar/nyc
4447,Women-Led Startups Pitch & Network,2026-06-03,14:00:00,Wednesday,2026-06-03 14:00,New York City,Financial District,Financial District,Afternoon,EchoHer,EchoHer,Witti Marketing; Lair East Labs,EchoHer; Witti Marketing; Lair East Labs,echoher; witti-marketing; lair-east-labs,False,,https://partiful.com/e/YVAZ3wboDXALfslGk3vV,https://www.tech-week.com/calendar/nyc
4472,NYTW Panel: VC + PE's Role in Women's Health,2026-06-03,14:00:00,Wednesday,2026-06-03 14:00,New York City,Midtown,Midtown,Afternoon,Uplyft Collective,Uplyft Collective,,Uplyft Collective,uplyft-collective,False,,https://partiful.com/e/l38ujelxqVhmfB60e3kA,https://www.tech-week.com/calendar/nyc
4528,"Building in the Age of AI: What Skills Founders, Operators, & Investors Are Looking For",2026-06-03,14:00:00,Wednesday,2026-06-03 14:00,New York City,Upper Manhattan,Upper Manhattan,Afternoon,Columbia Business School,Columbia Business School,,Columbia Business School,columbia-business-school,False,,https://partiful.com/e/xsONW2ZNe84j144gdSMl,https://www.tech-week.com/calendar/nyc
4598,Hot Yoga for Hot Founders,2026-06-03,14:00:00,Wednesday,2026-06-03 14:00,New York City,Midtown,Midtown,Afternoon,Propel Earth,Propel Earth,,Propel Earth,propel-earth,False,,https://partiful.com/e/w4CqnXyNmx6In2gtvd9m,https://www.tech-week.com/calendar/nyc
4599,Fireside + Happy Hour: At the Heart of Healthcare,2026-06-03,14:00:00,Wednesday,2026-06-03 14:00,New York City,Midtown,Midtown,Afternoon,Accurkardia,Accurkardia,Scalpels & Spreadsheets,Accurkardia; Scalpels & Spreadsheets,accurkardia; scalpels-spreadsheets,False,,https://partiful.com/e/IuM6WxNvQPgCdA5IKtW3,https://www.tech-week.com/calendar/nyc
4843,THE PITCH ROOM: Live. Interactive. Built for Founders,2026-06-03,14:00:00,Wednesday,2026-06-03 14:00,New York City,Financial District,Financial District,Afternoon,Speech & Mind,Speech & Mind,,Speech & Mind,speech-mind,False,,https://partiful.com/e/31H3VYXuOFJderTS31yH,https://www.tech-week.com/calendar/nyc
5070,GTM & AI: Gimmick or Gold?,2026-06-03,14:00:00,Wednesday,2026-06-03 14:00,New York City,Financial District,Financial District,Afternoon,Mucker Capital,Mucker Capital,,Mucker Capital,mucker-capital,False,,https://partiful.com/e/WXKIsvQH11PGD8YwP1v9,https://www.tech-week.com/calendar/nyc
5123,Startup GTM — Mapping + Metrics,2026-06-03,14:00:00,Wednesday,2026-06-03 14:00,New York City,Midtown,Midtown,Afternoon,Pollen8,Pollen8,Die-Hard.io; Edge Studio,Pollen8; Die-Hard.io; Edge Studio,pollen8; die-hard-io; edge-studio,False,,https://partiful.com/e/MR78mhKL31baYtdbziHm,https://www.tech-week.com/calendar/nyc
5159,Reimagining the value chain of life science with agentic AI,2026-06-03,14:00:00,Wednesday,2026-06-03 14:00,New York City,Midtown,Midtown,Afternoon,Bio Blossom Consulting,Bio Blossom Consulting,,Bio Blossom Consulting,bio-blossom-consulting,True,,,https://www.tech-week.com/calendar/nyc
5307,Building Breakout Consumer Brands,2026-06-03,14:00:00,Wednesday,2026-06-03 14:00,New York City,Chelsea,Chelsea,Afternoon,AcceleratorCON,AcceleratorCON,,AcceleratorCON,acceleratorcon,False,,https://partiful.com/e/JfVnY8xQybNGHAIRxCRN,https://www.tech-week.com/calendar/nyc
5330,"NY Beauty Tech Summit: Future of Beauty Tech Devices, Data & Innovation",2026-06-03,14:00:00,Wednesday,2026-06-03 14:00,New York City,Chelsea,Chelsea,Afternoon,Richualist,Richualist,Wearable Tech Ventures; Myavanna,Richualist; Wearable Tech Ventures; Myavanna,richualist; wearable-tech-ventures; myavanna,False,,https://partiful.com/e/e32DJWAieEIPVwRTAxLU?c=yvN5bfwr,https://www.tech-week.com/calendar/nyc
5435,Best 100 Latam / Latino Startups,2026-06-03,14:00:00,Wednesday,2026-06-03 14:00,New York City,Chelsea,Chelsea,Afternoon,Colectivo,Colectivo,,Colectivo,colectivo,False,,https://partiful.com/e/t4GyLlmpzMmIDjDhvSkW,https://www.tech-week.com/calendar/nyc
5823,"The Agentic Orchestration Revolution, the new fresh approach to deploying AI Agents at scale and top security",2026-06-03,14:00:00,Wednesday,2026-06-03 14:00,New York City,Lower East Side,Lower East Side,Afternoon,CoralOS,CoralOS,,CoralOS,coralos,True,,,https://www.tech-week.com/calendar/nyc
5864,From Wall Street to Web4: Tokenization Forum,2026-06-03,14:00:00,Wednesday,2026-06-03 14:00,New York City,Midtown,Midtown,Afternoon,CoinBridge,CoinBridge,,CoinBridge,coinbridge,False,,https://partiful.com/e/HYTe0PKAwn3S8y6V1108,https://www.tech-week.com/calendar/nyc
5895,Frontier House NYC - General Partner Roundtable,2026-06-03,14:00:00,Wednesday,2026-06-03 14:00,New York City,Midtown,Midtown,Afternoon,Eleven Wall Ventures,Eleven Wall Ventures,,Eleven Wall Ventures,eleven-wall-ventures,False,,https://partiful.com/events/IjcQJFIYc2PPkDOy0h3r/,https://www.tech-week.com/calendar/nyc
6174,"Building in the Age of AI: What Skills Founders, Operators, & Investors Are Looking For",2026-06-03,14:00:00,Wednesday,2026-06-03 14:00,New York City,Upper Manhattan,Upper Manhattan,Afternoon,Columbia Business School,Columbia Business School,,Columbia Business School,columbia-business-school,False,,https://partiful.com/e/xsONW2ZNe84j144gdSMl,https://www.tech-week.com/calendar/nyc
6207,Building agentic experiences on the frontier: Learnings from Google Antigravity,2026-06-03,14:00:00,Wednesday,2026-06-03 14:00,New York City,Chelsea,Chelsea,Afternoon,Google for Startups,Google for Startups,,Google for Startups,google-for-startups,False,gold,https://partiful.com/e/yaHOdQpASUJP8Tmts0EH,https://www.tech-week.com/calendar/nyc
6258,The Employee Advocacy Summit: Why Your Best Marketers Are Already on Your Payroll,2026-06-03,14:00:00,Wednesday,2026-06-03 14:00,New York City,SoHo,SoHo,Afternoon,VoiceScale,VoiceScale,,VoiceScale,voicescale,False,,https://partiful.com/e/BcZRs4qjf2FHVZwZLQ9v?c=bra5MNSD,https://www.tech-week.com/calendar/nyc
4506,Google Presents AI Learning Lab,2026-06-03,14:15:00,Wednesday,2026-06-03 14:15,New York City,Chelsea,Chelsea,Afternoon,Google,Google,,Google,google,False,gold,https://partiful.com/e/FJbZcfppRGdMVP1o534z,https://www.tech-week.com/calendar/nyc
6240,Ditch the Script: Building AI-Augmented Agents with CX Agent Studio,2026-06-03,14:15:00,Wednesday,2026-06-03 14:15,New York City,Chelsea,Chelsea,Afternoon,Google for Startups,Google for Startups,,Google for Startups,google-for-startups,False,gold,https://partiful.com/e/bbf0MhFQiA55SIIJN7J6?c=CxGBIG1A,https://www.tech-week.com/calendar/nyc
4651,New York Digital HealthTech Summit 2026,2026-06-03,14:30:00,Wednesday,2026-06-03 14:30,New York City,Midtown,Midtown,Afternoon,Orrick,Orrick,AARP,Orrick; AARP,orrick; aarp,True,,,https://www.tech-week.com/calendar/nyc
5427,From unicorn to public: Executive forum on IPO readiness,2026-06-03,14:30:00,Wednesday,2026-06-03 14:30,New York City,Financial District,Financial District,Afternoon,PwC,PwC,NYSE,PwC; NYSE,pwc; nyse,False,gold,https://partiful.com/e/R9L7G8gn58zhSRtBncv7,https://www.tech-week.com/calendar/nyc
4538,How to Scale Business with People & AI,2026-06-03,15:00:00,Wednesday,2026-06-03 15:00,New York City,Tribeca,Tribeca,Afternoon,42DM,42DM,Dextego Inc; Alchemist,42DM; Dextego Inc; Alchemist,42dm; dextego-inc; alchemist,False,,https://partiful.com/e/0qPzNNm0AgeHmfFyC9h2?c=h-jmMILd,https://www.tech-week.com/calendar/nyc
4913,Fund Design For Mortals: A Healthtech GP / LP Salon,2026-06-03,15:00:00,Wednesday,2026-06-03 15:00,New York City,Tribeca,Tribeca,Afternoon,MarkOne Health,MarkOne Health,,MarkOne Health,markone-health,False,,https://partiful.com/e/ktsk3lKZaqugwSxqHfO9,https://www.tech-week.com/calendar/nyc
4959,Founder-Led Growth: The Content System That Brings Customers,2026-06-03,15:00:00,Wednesday,2026-06-03 15:00,New York City,Flatiron,Flatiron,Afternoon,Supermoon,Supermoon,Veblenic,Supermoon; Veblenic,supermoon; veblenic,False,,https://partiful.com/e/FYcSnKT3uYUim41Sr7N8,https://www.tech-week.com/calendar/nyc
5082,Zero to Unicorn: Graphite Founder Fireside,2026-06-03,15:00:00,Wednesday,2026-06-03 15:00,New York City,Chelsea,Chelsea,Afternoon,Unicorner,Unicorner,Bolt.new,Unicorner; Bolt.new,unicorner; bolt-new,False,,https://partiful.com/e/ApHnxYHtB9fZYBmsj0g5,https://www.tech-week.com/calendar/nyc
5196,From Content to Course Build World Class Learning Experiences with AI,2026-06-03,15:00:00,Wednesday,2026-06-03 15:00,New York City,Nomad,Nomad,Afternoon,PrismLearn,PrismLearn,NexPost,PrismLearn; NexPost,prismlearn; nexpost,False,,https://partiful.com/e/1HMgJJdddcGD4CQChLYG,https://www.tech-week.com/calendar/nyc
5894,Frontier House NYC Community Mixer,2026-06-03,15:00:00,Wednesday,2026-06-03 15:00,New York City,Midtown,Midtown,Afternoon,Eleven Wall Ventures,Eleven Wall Ventures,,Eleven Wall Ventures,eleven-wall-ventures,False,,https://partiful.com/e/pnYKgdY9IvyeGStLgEKU?f=1,https://www.tech-week.com/calendar/nyc
5251,Memorize PI with AI,2026-06-03,15:15:00,Wednesday,2026-06-03 15:15,New York City,East Village,East Village,Afternoon,CopyCat Language,CopyCat Language,,CopyCat Language,copycat-language,False,,https://partiful.com/e/MhtX7VF0KCx9iVNYduLe,https://www.tech-week.com/calendar/nyc
5492,Fast Track to the Future: Building AI-Native Apps with Firebase and Google Cloud,2026-06-03,15:15:00,Wednesday,2026-06-03 15:15,New York City,Chelsea,Chelsea,Afternoon,Google for Startups,Google for Startups,,Google for Startups,google-for-startups,False,gold,https://partiful.com/e/6yRRQjBxExk25JqIoBoJ?c=hLqo5gWV,https://www.tech-week.com/calendar/nyc
4327,"Humans, Robots & The Factory Floor",2026-06-03,15:30:00,Wednesday,2026-06-03 15:30,New York City,Brooklyn,Brooklyn,Afternoon,New York Robotics,New York Robotics,American Manufacturing Futures Institute,New York Robotics; American Manufacturing Futures Institute,new-york-robotics; american-manufacturing-futures-institute,False,,https://partiful.com/e/FymrHYN71HqMEA2aqaO4,https://www.tech-week.com/calendar/nyc
19,AI Agents: From Prototype to Production,2026-06-03,16:00:00,Wednesday,2026-06-03 16:00,New York City,Flatiron,Flatiron,Afternoon,Phinite AI,Phinite AI,,Phinite AI,phinite-ai,True,,,https://www.tech-week.com/calendar/nyc
4329,Recess at Tech Week: Throwback Field Day,2026-06-03,16:00:00,Wednesday,2026-06-03 16:00,New York City,West Village,West Village,Afternoon,Recess,Recess,Throwback Fitness,Recess; Throwback Fitness,recess; throwback-fitness,False,,https://partiful.com/e/0GFyTBq0UAi8E6N64Rlz,https://www.tech-week.com/calendar/nyc
4358,"The 10x Moat: Valuation, Competitors, and IP Rights",2026-06-03,16:00:00,Wednesday,2026-06-03 16:00,New York City,Midtown,Midtown,Afternoon,ZeroToIP,ZeroToIP,,ZeroToIP,zerotoip,False,,https://partiful.com/e/4LCCR5kpekyh34XHD4Pu,https://www.tech-week.com/calendar/nyc
4719,Agent Harnesses: What It Takes to Make AI Agents Work in the Enterprise,2026-06-03,16:00:00,Wednesday,2026-06-03 16:00,New York City,Union Square,Union Square,Afternoon,STELLANS.io,Stellans.io,,Stellans.io,stellans-io,False,,https://partiful.com/e/2NP0rZW8BmdGAGUOEhGP?f=1,https://www.tech-week.com/calendar/nyc
4733,Margs & Moonshots: Swell VC’s 4th Annual AI Mixer,2026-06-03,16:00:00,Wednesday,2026-06-03 16:00,New York City,East Village,East Village,Afternoon,Swell VC,Swell VC,,Swell VC,swell-vc,False,,https://partiful.com/e/G0vIARHkSQNe1IyBX0iS,https://www.tech-week.com/calendar/nyc
4882,Voice AI Meetup,2026-06-03,16:00:00,Wednesday,2026-06-03 16:00,New York City,SoHo,SoHo,Afternoon,AssemblyAI,AssemblyAI,,AssemblyAI,assemblyai,True,,,https://www.tech-week.com/calendar/nyc
5005,The Business of Christian Technology,2026-06-03,16:00:00,Wednesday,2026-06-03 16:00,New York City,Financial District,Financial District,Afternoon,Christians*inTech,Christians*inTech,,Christians*inTech,christians-intech,False,,https://partiful.com/e/BDyQ9ImpqOIrqqZqmFAn?c=y4g1neCl,https://www.tech-week.com/calendar/nyc
5239,AuthorHaus Panel: Who Owns Your Ideas in the AI Era?,2026-06-03,16:00:00,Wednesday,2026-06-03 16:00,New York City,Murray Hill,Murray Hill,Afternoon,Walker Media LLC,Walker Media LLC,,Walker Media LLC,walker-media-llc,False,,https://partiful.com/e/snxRe8QOXHDYcWtGhZVn,https://www.tech-week.com/calendar/nyc
5431,Gammarama: The Pitch Competition,2026-06-03,16:00:00,Wednesday,2026-06-03 16:00,New York City,Midtown,Midtown,Afternoon,Gamma,Gamma,,Gamma,gamma,False,,https://partiful.com/e/cDtdUampmcbyc1wqrRid,https://www.tech-week.com/calendar/nyc
5461,Intuit Fintech Panel & Networking Event,2026-06-03,16:00:00,Wednesday,2026-06-03 16:00,New York City,East Village,East Village,Afternoon,Intuit,Intuit,,Intuit,intuit,False,,https://partiful.com/e/DyvtadO1TN5SrRRt3Rf5,https://www.tech-week.com/calendar/nyc
5476,Building in 3D Happy Hour,2026-06-03,16:00:00,Wednesday,2026-06-03 16:00,New York City,West Village,West Village,Afternoon,Uthana Inc,Uthana Inc,,Uthana Inc,uthana-inc,False,,https://partiful.com/e/gf8tz8WU0NoITEo7LWGf,https://www.tech-week.com/calendar/nyc
5529,Fireside chat - When coding agents are the user?,2026-06-03,16:00:00,Wednesday,2026-06-03 16:00,New York City,Nomad,Nomad,Afternoon,Tanagram.ai,Tanagram.ai,Zo Computer,Tanagram.ai; Zo Computer,tanagram-ai; zo-computer,False,,https://partiful.com/e/E8NhJNHWGhMetLlrFvQ7,https://www.tech-week.com/calendar/nyc
5834,LinkedIn B2B Marketing Roundtable,2026-06-03,16:00:00,Wednesday,2026-06-03 16:00,New York City,Financial District,Financial District,Afternoon,LinkedIn,LinkedIn,,LinkedIn,linkedin,False,,https://partiful.com/e/TSvj1ztLBB4HbpvW9JgE,https://www.tech-week.com/calendar/nyc
5872,Liquidity for RWA Private Credit Asset Managers,2026-06-03,16:00:00,Wednesday,2026-06-03 16:00,New York City,SoHo,SoHo,Afternoon,Protofire,Protofire,,Protofire,protofire,False,,https://partiful.com/e/05ZXMuLsZr76jJcu6T5N,https://www.tech-week.com/calendar/nyc
5884,Union Square,2026-06-03,16:00:00,Wednesday,2026-06-03 16:00,New York City,Union Square,Union Square,Afternoon,AI4Purpose Inc.,AI4Purpose Inc.,AI4Purpose Advisory Inc.; American Statistical Association's NYC Chapter,AI4Purpose Inc.; AI4Purpose Advisory Inc.; American Statistical Association's NYC Chapter,ai4purpose-inc; ai4purpose-advisory-inc; american-statistical-association-s-nyc-chapter,False,,https://partiful.com/e/PR649gAfDDVDcMqgGpJs,https://www.tech-week.com/calendar/nyc
6282,•• AI Consumer Founders + Investors Cocktail Hour | Hosted by GHOST Angels,2026-06-03,16:00:00,Wednesday,2026-06-03 16:00,New York City,Hudson Yards,Hudson Yards,Afternoon,GHOST Angels,GHOST Angels,,GHOST Angels,ghost-angels,False,,https://partiful.com/e/m7pci5eDGgvEMhby9pGq,https://www.tech-week.com/calendar/nyc
4044,C2V Initiative Year 5 Final Showcase,2026-06-03,16:30:00,Wednesday,2026-06-03 16:30,New York City,Midtown,Midtown,Afternoon,The C2V Initiative,The C2V Initiative,The Urban Future Lab at NYU Tandon School of Engineering; Greentown Labs; Fraunhofer USA,The C2V Initiative; The Urban Future Lab at NYU Tandon School of Engineering; Greentown Labs; Fraunhofer USA,the-c2v-initiative; the-urban-future-lab-at-nyu-tandon-school-of-engineering; greentown-labs; fraunhofer-usa,True,,,https://www.tech-week.com/calendar/nyc
4153,Speed Pitch,2026-06-03,16:30:00,Wednesday,2026-06-03 16:30,New York City,Midtown,Midtown,Afternoon,The Startup Station,The Startup Station,,The Startup Station,the-startup-station,False,,https://partiful.com/e/Na47JQ1068jqK1hCbdaJ,https://www.tech-week.com/calendar/nyc
4208,Before the Ballots Drop with Sway,2026-06-03,16:30:00,Wednesday,2026-06-03 16:30,New York City,Midtown,Midtown,Afternoon,Sway,Sway,,Sway,sway,False,,https://partiful.com/e/yDpsVvIoqgdkoJ93i1hX?c=eUTgXY88,https://www.tech-week.com/calendar/nyc
5018,The Rise of AI-Native Marketing Systems,2026-06-03,16:30:00,Wednesday,2026-06-03 16:30,New York City,SoHo,SoHo,Afternoon,Genus AI,Genus AI,,Genus AI,genus-ai,False,,https://partiful.com/e/WY7cbyGr92UjKOlj86tr,https://www.tech-week.com/calendar/nyc
149,AI Collective Demo Night,2026-06-03,17:00:00,Wednesday,2026-06-03 17:00,New York City,Union Square,Union Square,Evening,The AI Collective,The AI Collective,Atlassian,Atlassian; The AI Collective,atlassian; the-ai-collective,False,gold,https://partiful.com/e/WDfboGXhdigeIntfwsNW?c=GZExmjsB,https://www.tech-week.com/calendar/nyc
219,Robin Hood Foundation's Demo Day,2026-06-03,17:00:00,Wednesday,2026-06-03 17:00,New York City,Union Square,Union Square,Evening,Robin Hood Foundation,Robin Hood Foundation,,Robin Hood Foundation,robin-hood-foundation,False,,https://partiful.com/e/jAP9Qn0oS6GouCWve0Oq,https://www.tech-week.com/calendar/nyc
4058,The Agentic Commerce Era,2026-06-03,17:00:00,Wednesday,2026-06-03 17:00,New York City,Midtown,Midtown,Evening,Glance Inmobi Inc,Glance Inmobi Inc,,Glance Inmobi Inc,glance-inmobi-inc,False,,https://partiful.com/e/gqqUhCjTFgyxyawPSUrx,https://www.tech-week.com/calendar/nyc
4128,Vibe Camp,2026-06-03,17:00:00,Wednesday,2026-06-03 17:00,New York City,Brooklyn,Brooklyn,Evening,Artificial Ventures,Artificial Ventures,,Artificial Ventures,artificial-ventures,False,,https://partiful.com/e/GR67mwEn2hFgpoCpnUjz,https://www.tech-week.com/calendar/nyc
4616,Spotlight on Scotland,2026-06-03,17:00:00,Wednesday,2026-06-03 17:00,New York City,Midtown,Midtown,Evening,Techscaler,Techscaler,CodeBase,Techscaler; CodeBase,techscaler; codebase,False,,https://partiful.com/e/T5vXKgpmQXvgoxaFzVuR,https://www.tech-week.com/calendar/nyc
4639,Founders & Funders Networking + Pitch,2026-06-03,17:00:00,Wednesday,2026-06-03 17:00,New York City,Nomad,Nomad,Evening,Fierce Foundry,Fierce Foundry,Luminary,Fierce Foundry; Luminary,fierce-foundry; luminary,False,,https://partiful.com/e/9WH7EL7bJTzYq0nWA0US,https://www.tech-week.com/calendar/nyc
4684,Founder Fireside w/ Partiful x a16z,2026-06-03,17:00:00,Wednesday,2026-06-03 17:00,New York City,SoHo,SoHo,Evening,a16z,a16z,Partiful,a16z; Partiful,a16z; partiful,False,platinum,https://partiful.com/e/AQPQKes1HVxpemJcyrR8,https://www.tech-week.com/calendar/nyc
4758,Jazz & Wine: A Night of Connections,2026-06-03,17:00:00,Wednesday,2026-06-03 17:00,New York City,Midtown,Midtown,Evening,Alt-Black,Alt-Black,TriNet,Alt-Black; TriNet,alt-black; trinet,False,,https://partiful.com/e/AweaKcED4gNSr3LJzfCG,https://www.tech-week.com/calendar/nyc
4764,Hard-Won Lessons from Deploying AI Agents in Regulated Environments,2026-06-03,17:00:00,Wednesday,2026-06-03 17:00,New York City,Financial District,Financial District,Evening,Obin AI,Obin AI,Motive Partners,Obin AI; Motive Partners,obin-ai; motive-partners,False,,https://partiful.com/e/aIgKBhxEKiNxriSqxQhw?c=yHO9ejw_,https://www.tech-week.com/calendar/nyc
4821,🍻Write It Off - Happy Hour w/ Escalon x Withum x Deel,2026-06-03,17:00:00,Wednesday,2026-06-03 17:00,New York City,Greenwich Village,Greenwich Village,Evening,Deel,Deel,Escalon; Withum,Deel; Escalon; Withum,deel; escalon; withum,False,gold,https://partiful.com/e/j0xoBU60bTkvoB7XSbld,https://www.tech-week.com/calendar/nyc
5050,Finance x Product Demo Day: Turning AI Usage Into Revenue,2026-06-03,17:00:00,Wednesday,2026-06-03 17:00,New York City,SoHo,SoHo,Evening,Tabs,Tabs,,Tabs,tabs,False,,https://partiful.com/e/Y8f9el9PvBXyyTCfZDOd,https://www.tech-week.com/calendar/nyc
5094,Startup Storytelling,2026-06-03,17:00:00,Wednesday,2026-06-03 17:00,New York City,Midtown,Midtown,Evening,Pollen8,Pollen8,Die-Hard.io; Edge Studio,Pollen8; Die-Hard.io; Edge Studio,pollen8; die-hard-io; edge-studio,False,,https://partiful.com/e/b2flvvvnTgn0MKshqnt5,https://www.tech-week.com/calendar/nyc
5292,Sip & Ship: The Un-Hackathon,2026-06-03,17:00:00,Wednesday,2026-06-03 17:00,New York City,Flatiron,Flatiron,Evening,Your Next Win,Your Next Win,Astrostyle,Your Next Win; Astrostyle,your-next-win; astrostyle,False,,https://partiful.com/e/yd3Guyw42WWbKU5yvfOf,https://www.tech-week.com/calendar/nyc
5339,ETHICAL AI: BUILDING THE FUTURE WITHOUT BREAKING IT,2026-06-03,17:00:00,Wednesday,2026-06-03 17:00,New York City,,,Evening,Bronx Tech Hub,Bronx Tech Hub,Ethical Tech Project,Bronx Tech Hub; Ethical Tech Project,bronx-tech-hub; ethical-tech-project,False,,https://partiful.com/e/kO9j2GtGQ90189dr79VA,https://www.tech-week.com/calendar/nyc
5439,Founder Speakeasy,2026-06-03,17:00:00,Wednesday,2026-06-03 17:00,New York City,SoHo,SoHo,Evening,Colectivo,Colectivo,,Colectivo,colectivo,False,,https://partiful.com/e/UBLRIJFbiYeOReRw1u5d,https://www.tech-week.com/calendar/nyc
5487,Become a Superhuman: Turn Hybrid-AI into Practical Success Cases,2026-06-03,17:00:00,Wednesday,2026-06-03 17:00,New York City,Nomad,Nomad,Evening,AxonJay,AxonJay,Belcham; Ernest NY,AxonJay; Belcham; Ernest NY,axonjay; belcham; ernest-ny,False,,https://partiful.com/e/deV8bgmX3XvFWYOauz7B,https://www.tech-week.com/calendar/nyc
5694,AI VIPs: Enterprise Edition,2026-06-03,17:00:00,Wednesday,2026-06-03 17:00,New York City,Hudson Yards,Hudson Yards,Evening,Wells Fargo,Wells Fargo,Onsen Global; TBD,Wells Fargo; Onsen Global; TBD,wells-fargo; onsen-global; tbd,False,,https://partiful.com/e/mlcBwsk8Wv96X3mzEOiM,https://www.tech-week.com/calendar/nyc
5707,Critical Mass: Volume Five,2026-06-03,17:00:00,Wednesday,2026-06-03 17:00,New York City,Brooklyn,Brooklyn,Evening,Newlab,Newlab,,Newlab,newlab,False,,https://partiful.com/e/fKHpJwhwnkLYAjiTLQyi?c=PxUCJSZz,https://www.tech-week.com/calendar/nyc
5752,From Thesis to Fund: The AI-Native Hedge Fund Competition,2026-06-03,17:00:00,Wednesday,2026-06-03 17:00,New York City,Union Square,Union Square,Evening,Deep Insight Labs,Deep Insight Labs,,Deep Insight Labs,deep-insight-labs,False,,https://partiful.com/e/1lFPBFTViilfxtfefSd9,https://www.tech-week.com/calendar/nyc
5808,"Engineering Liquidity 
in Late-Stage Venture",2026-06-03,17:00:00,Wednesday,2026-06-03 17:00,New York City,Midtown,Midtown,Evening,Hartman Venture Advisors PLLC,Hartman Venture Advisors PLLC,Elevation Securities,Hartman Venture Advisors PLLC; Elevation Securities,hartman-venture-advisors-pllc; elevation-securities,False,,https://partiful.com/e/GMuhXnIAio3ZYZdZ56M7,https://www.tech-week.com/calendar/nyc
5833,"Shaken, stirred and strategized: Finance trivia night",2026-06-03,17:00:00,Wednesday,2026-06-03 17:00,New York City,Murray Hill,Murray Hill,Evening,PwC,PwC,Abacum,PwC; Abacum,pwc; abacum,False,gold,https://partiful.com/e/bpPlecEXfyhCWc1Tpzm7,https://www.tech-week.com/calendar/nyc
5878,The Leverage Live: How to Automate Everything,2026-06-03,17:00:00,Wednesday,2026-06-03 17:00,New York City,Flatiron,Flatiron,Evening,The Leverage,Leverage,,Leverage,leverage,False,,https://partiful.com/e/P116dOAXz8zjLzboFTQn,https://www.tech-week.com/calendar/nyc
6088,AI Collective Demo Night,2026-06-03,17:00:00,Wednesday,2026-06-03 17:00,New York City,Flatiron,Flatiron,Evening,AI Collective,The AI Collective,Atlassian,Atlassian; The AI Collective,atlassian; the-ai-collective,False,gold,https://partiful.com/e/WDfboGXhdigeIntfwsNW?c=OOqEBKLA,https://www.tech-week.com/calendar/nyc
6173,Sequoia Leader Connect,2026-06-03,17:00:00,Wednesday,2026-06-03 17:00,New York City,Flatiron,Flatiron,Evening,Sequoia,Sequoia,,Sequoia,sequoia,False,,https://partiful.com/e/5bTJOqJWwdhk70hBt7sx,https://www.tech-week.com/calendar/nyc
6324,"Robotics and LLM: LP–GP Roundtable (Amino Capital, Pillsbury)",2026-06-03,17:00:00,Wednesday,2026-06-03 17:00,New York City,Midtown,Midtown,Evening,Amino Capital,Amino Capital,,Amino Capital,amino-capital,False,,https://partiful.com/e/J5kt9cgXjjQeboadzazj,https://www.tech-week.com/calendar/nyc
95,AI Building in Law @techweek,2026-06-03,17:30:00,Wednesday,2026-06-03 17:30,New York City,Flatiron,Flatiron,Evening,OOO a PC,OOO a PC,,OOO a PC,ooo-a-pc,False,,https://partiful.com/e/mwJI3c1tucYhPsJ42QjE,https://www.tech-week.com/calendar/nyc
4056,Golden Handcuffs are still Handcuffs: A Financial Strategy Session for Women in Tech,2026-06-03,17:30:00,Wednesday,2026-06-03 17:30,New York City,Nomad,Nomad,Evening,Alana D'Angelica Coaching & Consulting,Alana D'Angelica Coaching & Consulting,,Alana D'Angelica Coaching & Consulting,alana-d-angelica-coaching-consulting,False,,https://partiful.com/e/bhnr3EP9n2yG63jDrQa7,https://www.tech-week.com/calendar/nyc
4078,The Human Advantage with Timm Chiusano,2026-06-03,17:30:00,Wednesday,2026-06-03 17:30,New York City,Brooklyn,Brooklyn,Evening,The Shop Workspace,The Shop Workspace,Chiusano & Daughter,The Shop Workspace; Chiusano & Daughter,the-shop-workspace; chiusano-daughter,False,,https://partiful.com/e/p2Pgb84MLMwnBqITLcU2,https://www.tech-week.com/calendar/nyc
4094,Grow Everything LIVE: Can AI Engineer the Future of Manufacturing?,2026-06-03,17:30:00,Wednesday,2026-06-03 17:30,New York City,Flatiron,Flatiron,Evening,Roebling,Roebling,Messaginglab,Roebling; Messaginglab,roebling; messaginglab,False,,https://partiful.com/e/CeXytpOv5qBtqRKKik9O?c=BLdXQsNU,https://www.tech-week.com/calendar/nyc
4124,After the Demo: Where Builders Meet Backers,2026-06-03,17:30:00,Wednesday,2026-06-03 17:30,New York City,Flatiron,Flatiron,Evening,212.VC,212.VC,Revolv,212.VC; Revolv,212-vc; revolv,True,,,https://www.tech-week.com/calendar/nyc
4439,NY-UAE Connect - Desert Meets Concrete Jungle: A Tech Week Collision,2026-06-03,17:30:00,Wednesday,2026-06-03 17:30,New York City,Midtown,Midtown,Evening,Vencapital,Vencapital,,Vencapital,vencapital,False,,https://partiful.com/e/HT0UUtpvWrsGGJyjGSdG,https://www.tech-week.com/calendar/nyc
4540,Physical AI: A Reality Check on AI’s Next Frontier by ALLSIDES & NVIDIA,2026-06-03,17:30:00,Wednesday,2026-06-03 17:30,New York City,Brooklyn,Brooklyn,Evening,ALLSIDES,ALLSIDES,NVIDIA,ALLSIDES; NVIDIA,allsides; nvidia,False,,https://partiful.com/e/wwClRE624eCpsxm0k0LP,https://www.tech-week.com/calendar/nyc
4658,Tcsi's Headshot Happy Hour,2026-06-03,17:30:00,Wednesday,2026-06-03 17:30,New York City,Chelsea,Chelsea,Evening,The Cyber Security Intellects,The Cyber Security Intellects,,The Cyber Security Intellects,the-cyber-security-intellects,False,,https://partiful.com/events/EnJV7INx1Avqm2pTnmG9,https://www.tech-week.com/calendar/nyc
4725,Mobile App Leaders Dinner,2026-06-03,17:30:00,Wednesday,2026-06-03 17:30,New York City,Flatiron,Flatiron,Evening,WeWard,WeWard,,WeWard,weward,False,,https://partiful.com/e/YlpHyl2B5kM2Dv5CYqvJ,https://www.tech-week.com/calendar/nyc
4778,The CTO Mixer: Humanizing Tech | Happy Hour,2026-06-03,17:30:00,Wednesday,2026-06-03 17:30,New York City,East Village,East Village,Evening,Devlane,Devlane,Merge Conflict,Devlane; Merge Conflict,devlane; merge-conflict,False,,https://partiful.com/e/h1hGv0PkskcagJOv5M9K,https://www.tech-week.com/calendar/nyc
4831,Pulse Check: Healthcare x AI Happy Hour,2026-06-03,17:30:00,Wednesday,2026-06-03 17:30,New York City,Midtown,Midtown,Evening,Fusion Fund,Fusion Fund,Primary Venture Partners; Flare Capital Partners,Fusion Fund; Primary Venture Partners; Flare Capital Partners,fusion-fund; primary-venture-partners; flare-capital-partners,False,,https://partiful.com/e/Ho9Hvhtn5iU4ws7IWM8Z,https://www.tech-week.com/calendar/nyc
4957,The Future of Work: AI for People Operations,2026-06-03,17:30:00,Wednesday,2026-06-03 17:30,New York City,Flatiron,Flatiron,Evening,HiBob,HiBob,,HiBob,hibob,False,,https://partiful.com/e/F8vJqLhP62bGK7Stqdgg,https://www.tech-week.com/calendar/nyc
5217,When is AI Good Enough? A conversation with builders and operators,2026-06-03,17:30:00,Wednesday,2026-06-03 17:30,New York City,SoHo,SoHo,Evening,Collected Company,Collected Company,,Collected Company,collected-company,False,,https://partiful.com/e/Vt2a2B7ibq14IWj8viCe,https://www.tech-week.com/calendar/nyc
5253,How Great Teams Win in the Age of AI,2026-06-03,17:30:00,Wednesday,2026-06-03 17:30,New York City,Financial District,Financial District,Evening,Socrates Advice,Socrates Advice,Catalyst Noir,Socrates Advice; Catalyst Noir,socrates-advice; catalyst-noir,False,,https://partiful.com/e/AKtjgFWAn6y37yoxfFan,https://www.tech-week.com/calendar/nyc
5475,VC & Founder Happy Hour @ Perkins Coie LLP,2026-06-03,17:30:00,Wednesday,2026-06-03 17:30,New York City,Midtown,Midtown,Evening,Generative IDE,Generative IDE,Perkins Coie,Generative IDE; Perkins Coie,generative-ide; perkins-coie,False,,https://partiful.com/e/Gj7Z2TiD5PV3Qp8OANqB,https://www.tech-week.com/calendar/nyc
5496,Freeze Your Timeline: Egg Freezing Meets AI & Data,2026-06-03,17:30:00,Wednesday,2026-06-03 17:30,New York City,Midtown,Midtown,Evening,Sunfish,Sunfish,Cooley LLP,Sunfish; Cooley LLP,sunfish; cooley-llp,False,,https://partiful.com/e/jyXY5GxuVgFFmcUtI6X0,https://www.tech-week.com/calendar/nyc
5620,Australian NYC Tech Community Summer Meet-up,2026-06-03,17:30:00,Wednesday,2026-06-03 17:30,New York City,Midtown,Midtown,Evening,Austrade,Austrade,American Australian Association,Austrade; American Australian Association,austrade; american-australian-association,False,,https://partiful.com/e/RM7ydgybZBFZiy3JFxEi,https://www.tech-week.com/calendar/nyc
5693,Camp AI: Agents at Work,2026-06-03,17:30:00,Wednesday,2026-06-03 17:30,New York City,Midtown,Midtown,Evening,Auth0,Auth0,Intercom / Fin; Datadog,Intercom / Fin; Auth0; Datadog,intercom-fin; auth0; datadog,False,gold,https://partiful.com/e/Fp5STyPH0McEt0awlWFD,https://www.tech-week.com/calendar/nyc
5819,She Ships: A Guided Build Session for Women with Ideas,2026-06-03,17:30:00,Wednesday,2026-06-03 17:30,New York City,Midtown,Midtown,Evening,Somarae,Somarae,How I AI Podcast,Somarae; How I AI Podcast,somarae; how-i-ai-podcast,False,,https://partiful.com/e/3utTkNZhe2NKwkVBuUdU,https://www.tech-week.com/calendar/nyc
5877,AI in the Trades - Happy Hour with ServiceTitan,2026-06-03,17:30:00,Wednesday,2026-06-03 17:30,New York City,Flatiron,Flatiron,Evening,ServiceTitan,ServiceTitan,,ServiceTitan,servicetitan,False,,https://partiful.com/e/Q2PgxaeZeBjXNU2XuNxh?c=BDR_T66I,https://www.tech-week.com/calendar/nyc
5885,Cresta Networking Event,2026-06-03,17:30:00,Wednesday,2026-06-03 17:30,New York City,Upper Manhattan,Upper Manhattan,Evening,Cresta AI,Cresta AI,,Cresta AI,cresta-ai,True,,,https://www.tech-week.com/calendar/nyc
5886,Future Families: Financing Fertility & Building Families in the Age of Tech,2026-06-03,17:30:00,Wednesday,2026-06-03 17:30,New York City,Midtown,Midtown,Evening,Partners to Parenthood,Partners to Parenthood,,Partners to Parenthood,partners-to-parenthood,True,,,https://www.tech-week.com/calendar/nyc
5893,Demystifying Corporate Venture Capital,2026-06-03,17:30:00,Wednesday,2026-06-03 17:30,New York City,Midtown,Midtown,Evening,The Vertical,The Vertical,Elpis Labs,The Vertical; Elpis Labs,the-vertical; elpis-labs,False,,https://partiful.com/e/CFX87WLiZbQpNWETbUcP,https://www.tech-week.com/calendar/nyc
6182,"Putting the ""AI"" in Learning",2026-06-03,17:30:00,Wednesday,2026-06-03 17:30,New York City,Flatiron,Flatiron,Evening,Zo Computer,Zo Computer,The Future of Higher Education,Zo Computer; The Future of Higher Education,zo-computer; the-future-of-higher-education,False,,https://partiful.com/e/oSKdFZqbiwxr0frzonCz?c=_Lbzxosc,https://www.tech-week.com/calendar/nyc
6229,NYC GTM AI Masterclass #5,2026-06-03,17:30:00,Wednesday,2026-06-03 17:30,New York City,Midtown,Midtown,Evening,NYC GTM: New York City's Go-To-Market Community,NYC GTM: New York City's Go-To-Market Community,Impact 11; Swan,NYC GTM: New York City's Go-To-Market Community; Impact 11; Swan,nyc-gtm-new-york-city-s-go-to-market-community; impact-11; swan,False,,https://partiful.com/e/2J98m1NN4k4mRVUqeI6k?,https://www.tech-week.com/calendar/nyc
6283,Hot Swap NYC - Keyboard Building with Anterior,2026-06-03,17:30:00,Wednesday,2026-06-03 17:30,New York City,Midtown,Midtown,Evening,Anterior,Anterior,,Anterior,anterior,False,,https://partiful.com/e/QYQ2cWFAvwE9QFuqSDca,https://www.tech-week.com/calendar/nyc
6327,Human in the Loop: Women in Tech AI Speed Networking,2026-06-03,17:30:00,Wednesday,2026-06-03 17:30,New York City,Chelsea,Chelsea,Evening,Salesforce Women in Tech NYC Community Group,Salesforce Women in Tech NYC Community Group,,Salesforce Women in Tech NYC Community Group,salesforce-women-in-tech-nyc-community-group,False,,https://partiful.com/e/hyK62JYZ42Vc6YqsIeWq,https://www.tech-week.com/calendar/nyc
6377,AI Search: Off the Record,2026-06-03,17:30:00,Wednesday,2026-06-03 17:30,New York City,SoHo,SoHo,Evening,Goodie AI,Goodie AI,,Goodie AI,goodie-ai,False,,https://partiful.com/e/yVM17p4sbb6XGNUq8Odp?c=27K1ZYE_,https://www.tech-week.com/calendar/nyc
40,From Classroom to Civic Life: How Innovative Tech Is Reshaping Education and Democracy,2026-06-03,17:45:00,Wednesday,2026-06-03 17:45,New York City,Midtown,Midtown,Evening,New Rising Ventures,New Rising Ventures,,New Rising Ventures,new-rising-ventures,False,,https://partiful.com/e/Mj2iNm6MWK3WnCtIHaRb,https://www.tech-week.com/calendar/nyc
9,AI in Construction,2026-06-03,18:00:00,Wednesday,2026-06-03 18:00,New York City,Union Square,Union Square,Evening,Adaptive,Adaptive,,Adaptive,adaptive,False,,https://partiful.com/e/ueVqfll5t78q0RIaZosC,https://www.tech-week.com/calendar/nyc
34,AI x Cybersecurity: The Future of Trust in Tech,2026-06-03,18:00:00,Wednesday,2026-06-03 18:00,New York City,Midtown,Midtown,Evening,SweatTruth AI,SweatTruth AI,,SweatTruth AI,sweattruth-ai,True,,,https://www.tech-week.com/calendar/nyc
94,The Future of AI in Biology - Pareto Holdings and,2026-06-03,18:00:00,Wednesday,2026-06-03 18:00,New York City,SoHo,SoHo,Evening,Pareto Holdings,Pareto Holdings,,Pareto Holdings,pareto-holdings,False,,https://partiful.com/e/KGSXQ79cHkBiKfGSa4J4,https://www.tech-week.com/calendar/nyc
139,Tech Week for Transatlantic Builders,2026-06-03,18:00:00,Wednesday,2026-06-03 18:00,New York City,Flatiron,Flatiron,Evening,Frenchfounders,Frenchfounders,,Frenchfounders,frenchfounders,True,,,https://www.tech-week.com/calendar/nyc
199,AI-assisted setups featuring Activant & Stuut,2026-06-03,18:00:00,Wednesday,2026-06-03 18:00,New York City,SoHo,SoHo,Evening,Stuut,Stuut,Activant Capital,Stuut; Activant Capital,stuut; activant-capital,False,,https://partiful.com/e/ELpOGky1e3EphdQfLUHC,https://www.tech-week.com/calendar/nyc
244,The New Financial Internet: NY Tech Week Mixer,2026-06-03,18:00:00,Wednesday,2026-06-03 18:00,New York City,SoHo,SoHo,Evening,Rayo Capital,Rayo Capital,,Rayo Capital,rayo-capital,True,,,https://www.tech-week.com/calendar/nyc
3996,Modus Digital Salon: Helping Humans Choose,2026-06-03,18:00:00,Wednesday,2026-06-03 18:00,New York City,Hudson Yards,Hudson Yards,Evening,Modus Digital,Modus Digital,,Modus Digital,modus-digital,False,,https://partiful.com/e/ph7PbMda2wCCpzRmLh1H,https://www.tech-week.com/calendar/nyc
4071,Darkside AI Rooftop Soirée,2026-06-03,18:00:00,Wednesday,2026-06-03 18:00,New York City,Financial District,Financial District,Evening,Darkside AI,Darkside AI,YellowRocks.vc,Darkside AI; YellowRocks.vc,darkside-ai; yellowrocks-vc,False,,https://partiful.com/e/7JfEW6CdsbhpkYOQkKBP,https://www.tech-week.com/calendar/nyc
4087,New York | HappyRobot Builders Night,2026-06-03,18:00:00,Wednesday,2026-06-03 18:00,New York City,SoHo,SoHo,Evening,HappyRobot,HappyRobot,,HappyRobot,happyrobot,True,,,https://www.tech-week.com/calendar/nyc
4088,Knowledge Systems for Chiefs of Staff,2026-06-03,18:00:00,Wednesday,2026-06-03 18:00,New York City,SoHo,SoHo,Evening,Ask a Chief of Staff,Ask a Chief of Staff,Notion,Ask a Chief of Staff; Notion,ask-a-chief-of-staff; notion,False,,https://partiful.com/e/2NKa5VcOrPj4F2oHrsZ9,https://www.tech-week.com/calendar/nyc
4110,Ramp x Litquidity Padel Club,2026-06-03,18:00:00,Wednesday,2026-06-03 18:00,New York City,Brooklyn,Brooklyn,Evening,Palm & Park,Palm & Park,Ramp; Litquidity,Palm & Park; Ramp; Litquidity,palm-park; ramp; litquidity,False,,https://partiful.com/e/IUjmw9zV593m1Df36kKR,https://www.tech-week.com/calendar/nyc
4142,The Future of Hoops: Elevating The Game,2026-06-03,18:00:00,Wednesday,2026-06-03 18:00,New York City,Union Square,Union Square,Evening,Andiem,Andiem,Swish House; SportsVisio; New Edition (& Founders Basketball),Andiem; Swish House; SportsVisio; New Edition (& Founders Basketball),andiem; swish-house; sportsvisio; new-edition-founders-basketball,False,,https://partiful.com/e/FMX9rru8M9pmgR5aBG57,https://www.tech-week.com/calendar/nyc
4186,Connect on Your LEVEL™,2026-06-03,18:00:00,Wednesday,2026-06-03 18:00,New York City,West Village,West Village,Evening,LEVEL™,LEVEL™,Beau Monde Matchmaking,Beau Monde Matchmaking; LEVEL™,beau-monde-matchmaking; level,False,,https://partiful.com/e/GNv7CypZevOpJN6ol6Jk,https://www.tech-week.com/calendar/nyc
4402,Gammarama: Stories You Can See,2026-06-03,18:00:00,Wednesday,2026-06-03 18:00,New York City,Midtown,Midtown,Evening,Gamma,Gamma,,Gamma,gamma,False,,https://partiful.com/e/fCEfTvswCDe1lJYqLHQv,https://www.tech-week.com/calendar/nyc
4407,Is Software the New Fast Fashion? Happy Hour Roundtables at #NYTechWeek,2026-06-03,18:00:00,Wednesday,2026-06-03 18:00,New York City,Flatiron,Flatiron,Evening,Alternew,Alternew,Sublayer,Alternew; Sublayer,alternew; sublayer,False,,https://partiful.com/e/4iLm6df7Ix4OxkTWsJ5m,https://www.tech-week.com/calendar/nyc
4481,Founder / VC Secret Garden Party,2026-06-03,18:00:00,Wednesday,2026-06-03 18:00,New York City,Lower East Side,Lower East Side,Evening,Entre,Entre,,Entre,entre,False,,https://partiful.com/e/YtPpBkhAuVR9Wsm6UfoE,https://www.tech-week.com/calendar/nyc
4489,The Ultimate Marketing Trivia Night!,2026-06-03,18:00:00,Wednesday,2026-06-03 18:00,New York City,West Village,West Village,Evening,Wistia,Wistia,,Wistia,wistia,False,,https://partiful.com/e/8SXCfTdKIADQfNVRTvDH,https://www.tech-week.com/calendar/nyc
4539,AI Game Dev Mini- Hackathon (by Vevey!),2026-06-03,18:00:00,Wednesday,2026-06-03 18:00,New York City,Flatiron,Flatiron,Evening,Vevey,Vevey,,Vevey,vevey,False,,https://partiful.com/e/mlTKGO4ougVZjKKQNAJk,https://www.tech-week.com/calendar/nyc
4546,🥃 What AI Can't Fix Yet Happy Hour,2026-06-03,18:00:00,Wednesday,2026-06-03 18:00,New York City,SoHo,SoHo,Evening,Somnio Software,Somnio Software,,Somnio Software,somnio-software,False,,https://partiful.com/e/rsCEzQaaJQJ2gbgdNrvP,https://www.tech-week.com/calendar/nyc
4591,The Architecture of Scale: An Executive Dinner for Engineering Leaders | NYC Tech Week,2026-06-03,18:00:00,Wednesday,2026-06-03 18:00,New York City,Greenwich Village,Greenwich Village,Evening,Infobip,Infobip,Covent,Infobip; Covent,infobip; covent,True,,,https://www.tech-week.com/calendar/nyc
4610,Healthtech Social by Scalpels & Spreadsheets,2026-06-03,18:00:00,Wednesday,2026-06-03 18:00,New York City,Midtown,Midtown,Evening,KLI Capital,KLI Capital,Scalpels & Spreadsheets,KLI Capital; Scalpels & Spreadsheets,kli-capital; scalpels-spreadsheets,False,,https://partiful.com/e/jb36hgCBsjw6Ej7QA1vM,https://www.tech-week.com/calendar/nyc
4612,AI-Powered Customer Success: From Strategy to Execution,2026-06-03,18:00:00,Wednesday,2026-06-03 18:00,New York City,Greenwich Village,Greenwich Village,Evening,Latinos in Success,,Latinos in Success,Latinos in Success,latinos-in-success,False,,https://partiful.com/e/dkcPj9zlgegjOS4bDeCd,https://www.tech-week.com/calendar/nyc
4664,MCP in the Wild: Panel & Night of Networking,2026-06-03,18:00:00,Wednesday,2026-06-03 18:00,New York City,East Village,East Village,Evening,MCP Manager by Usercentrics,MCP Manager by Usercentrics,Alpic; M13,MCP Manager by Usercentrics; Alpic; M13,mcp-manager-by-usercentrics; alpic; m13,False,,https://partiful.com/events/6ZuudQBBZXcMNjdMynJ2,https://www.tech-week.com/calendar/nyc
4678,Cyber threats in the AI Era,2026-06-03,18:00:00,Wednesday,2026-06-03 18:00,New York City,Midtown,Midtown,Evening,How2Scale,How2Scale,Consulate General of Canada in New York,How2Scale; Consulate General of Canada in New York,how2scale; consulate-general-of-canada-in-new-york,False,,https://partiful.com/e/Y4qVEuhXoPZo3xGIptiA,https://www.tech-week.com/calendar/nyc
4746,Chief of Staff Dinner,2026-06-03,18:00:00,Wednesday,2026-06-03 18:00,New York City,Flatiron,Flatiron,Evening,Valon,Valon,,Valon,valon,True,,,https://www.tech-week.com/calendar/nyc
4766,Scale AI | Human in the Loop LIVE,2026-06-03,18:00:00,Wednesday,2026-06-03 18:00,New York City,Chelsea,Chelsea,Evening,Scale AI,Scale AI,,Scale AI,scale-ai,False,,https://partiful.com/e/ddUgaIgdAlkIM2AlSWDk,https://www.tech-week.com/calendar/nyc
4779,The Art of Building & the Art of the Table,2026-06-03,18:00:00,Wednesday,2026-06-03 18:00,New York City,SoHo,SoHo,Evening,Arnold & Porter,Arnold & Porter,Aon,Arnold & Porter; Aon,arnold-porter; aon,True,,,https://www.tech-week.com/calendar/nyc
4785,Trusted Table,2026-06-03,18:00:00,Wednesday,2026-06-03 18:00,New York City,Financial District,Financial District,Evening,Eclypsium,Eclypsium,LCC Cybersecurity,Eclypsium; LCC Cybersecurity,eclypsium; lcc-cybersecurity,True,,,https://www.tech-week.com/calendar/nyc
4787,The Art of Building & the Art of the Table,2026-06-03,18:00:00,Wednesday,2026-06-03 18:00,New York City,SoHo,SoHo,Evening,Arnold & Porter,Arnold & Porter,Aon,Arnold & Porter; Aon,arnold-porter; aon,True,,,https://www.tech-week.com/calendar/nyc
4806,AI for Alt Asset,2026-06-03,18:00:00,Wednesday,2026-06-03 18:00,New York City,Financial District,Financial District,Evening,V7,V7,,V7,v7,True,,,https://www.tech-week.com/calendar/nyc
4813,Recharge & Connect,2026-06-03,18:00:00,Wednesday,2026-06-03 18:00,New York City,Flatiron,Flatiron,Evening,DealMaker,DealMaker,,DealMaker,dealmaker,False,,https://partiful.com/e/07FeLmQ6hrIDF1HKSM3U,https://www.tech-week.com/calendar/nyc
4824,Unlocked Foundation Tech Week Money Talk,2026-06-03,18:00:00,Wednesday,2026-06-03 18:00,New York City,Meatpacking District,Meatpacking District,Evening,The Unlocked Foundation,The Unlocked Foundation,Sirrah New York,The Unlocked Foundation; Sirrah New York,the-unlocked-foundation; sirrah-new-york,True,,,https://www.tech-week.com/calendar/nyc
4857,Reset + Build: Overcoming AI Anxiety by Women in AI,2026-06-03,18:00:00,Wednesday,2026-06-03 18:00,New York City,Flatiron,Flatiron,Evening,Women in AI,Women in AI,,Women in AI,women-in-ai,False,,https://partiful.com/e/Vg3uhwlG7t6HdALQeYTm?c=NY9lRtlj,https://www.tech-week.com/calendar/nyc
4884,NYC Tech Week Town Hall,2026-06-03,18:00:00,Wednesday,2026-06-03 18:00,New York City,SoHo,SoHo,Evening,BitBasel,BitBasel,Jelly Jelly,BitBasel; Jelly Jelly,bitbasel; jelly-jelly,False,,https://partiful.com/e/6taIcgNN8nelcYyF4QXx,https://www.tech-week.com/calendar/nyc
4896,The Neural Network Mixer,2026-06-03,18:00:00,Wednesday,2026-06-03 18:00,New York City,SoHo,SoHo,Evening,Epiphany,Epiphany,NeuroNYC,Epiphany; NeuroNYC,epiphany; neuronyc,False,,https://partiful.com/e/YMW6sYTh9iRAZZnDCycn,https://www.tech-week.com/calendar/nyc
4901,"Off the Record: AI, Liability & What’s Actually Coming ⚖️",2026-06-03,18:00:00,Wednesday,2026-06-03 18:00,New York City,East Village,East Village,Evening,XL AI,XL AI,,XL AI,xl-ai,False,,https://partiful.com/e/S6Qa7oltBDN0RiFeWCP6,https://www.tech-week.com/calendar/nyc
4917,The Experience Layer - VR Happy Hour,2026-06-03,18:00:00,Wednesday,2026-06-03 18:00,New York City,Financial District,Financial District,Evening,VR/AR Association,VR/AR Association,,VR/AR Association,vr-ar-association,False,,https://partiful.com/e/adlwN5cRTmxsFIy8TL5v,https://www.tech-week.com/calendar/nyc
4921,Closing the Capital Gap: Female Founders x Investors in Conversation,2026-06-03,18:00:00,Wednesday,2026-06-03 18:00,New York City,Midtown,Midtown,Evening,Fund Her Network,Fund Her Network,,Fund Her Network,fund-her-network,False,,https://partiful.com/e/6iuVOkztFGRo2HPIPHZ3,https://www.tech-week.com/calendar/nyc
4939,Style Your Tech,2026-06-03,18:00:00,Wednesday,2026-06-03 18:00,New York City,Midtown,Midtown,Evening,Hybrid Rituals,Hybrid Rituals,,Hybrid Rituals,hybrid-rituals,False,,https://partiful.com/e/F9b11DvXSlOLRhvyp35Q?source=share&c=NDpP89Ir,https://www.tech-week.com/calendar/nyc
4965,Slovak Startup Pitch Night,2026-06-03,18:00:00,Wednesday,2026-06-03 18:00,New York City,Upper East Side,Upper West Side,Evening,SOSA,SOSA,SARIO; Embassy of the Slovak Republic in Washington,SOSA; SARIO; Embassy of the Slovak Republic in Washington,sosa; sario; embassy-of-the-slovak-republic-in-washington,False,,https://partiful.com/e/Igsl0PM9f4966lvt7uPc,https://www.tech-week.com/calendar/nyc
4977,"Screened Out: AI Broke Hiring, What Now ?",2026-06-03,18:00:00,Wednesday,2026-06-03 18:00,New York City,Flatiron,Flatiron,Evening,Our Wave,Our Wave,,Our Wave,our-wave,False,,https://partiful.com/e/StGbEbPNPYy51qRWwquT?c=Hz_mXqWN,https://www.tech-week.com/calendar/nyc
4979,Pitch Night: Creators + Capital - By Plug and Play x Raisi x OWM x Seed2Table,2026-06-03,18:00:00,Wednesday,2026-06-03 18:00,New York City,Financial District,Financial District,Evening,Raisi,Raisi,OWM; Plug and Play New York,Raisi; OWM; Plug and Play New York,raisi; owm; plug-and-play-new-york,False,,https://partiful.com/e/DKl5HdJGHTgI3mQXRIrV,https://www.tech-week.com/calendar/nyc
5000,"Unclaimed: AI, Creator Wealth, and the Inventory the Industry Never Priced",2026-06-03,18:00:00,Wednesday,2026-06-03 18:00,New York City,Midtown,Midtown,Evening,FullScale Holdings,FullScale Holdings,,FullScale Holdings,fullscale-holdings,False,,https://partiful.com/e/mNGisJ5Fpt9LLK9EiZPc,https://www.tech-week.com/calendar/nyc
5009,Podcast & Beauty Night at Tech Week,2026-06-03,18:00:00,Wednesday,2026-06-03 18:00,New York City,SoHo,SoHo,Evening,The Ok Sweetie Show,The Ok Sweetie Show,True Beauty Ventures,The Ok Sweetie Show; True Beauty Ventures,the-ok-sweetie-show; true-beauty-ventures,False,,https://partiful.com/e/Zpug1scEnob8QlWGmoK9,https://www.tech-week.com/calendar/nyc
5022,Bioadapting: AI & the Future of Live Performance,2026-06-03,18:00:00,Wednesday,2026-06-03 18:00,New York City,Nomad,Nomad,Evening,Bioadapting,Bioadapting,Transforma Theatre,Bioadapting; Transforma Theatre,bioadapting; transforma-theatre,True,,,https://www.tech-week.com/calendar/nyc
5028,"The Edit: A Curated Evening of Food, Fashion & AI",2026-06-03,18:00:00,Wednesday,2026-06-03 18:00,New York City,Tribeca,Tribeca,Evening,athena studio,athena studio,Flock AI,athena studio; Flock AI,athena-studio; flock-ai,True,,,https://www.tech-week.com/calendar/nyc
5042,Beauty Tech,2026-06-03,18:00:00,Wednesday,2026-06-03 18:00,New York City,Lower East Side,Lower East Side,Evening,Yorkseed,Yorkseed,Ugly Talk,Yorkseed; Ugly Talk,yorkseed; ugly-talk,False,,https://partiful.com/e/a9EqqL10lCAUh5UUPiJ9,https://www.tech-week.com/calendar/nyc
5049,Investors and Operators Roundtable: The Disruptive AI Operating Model,2026-06-03,18:00:00,Wednesday,2026-06-03 18:00,New York City,Midtown,Midtown,Evening,StartOut,StartOut,Out in Tech,StartOut; Out in Tech,startout; out-in-tech,False,,https://partiful.com/e/zZNGc5V5hVR8uBY2OA0j?c=23fT06JC,https://www.tech-week.com/calendar/nyc
5067,AI Champions Dinner,2026-06-03,18:00:00,Wednesday,2026-06-03 18:00,New York City,Chelsea,Chelsea,Evening,Unicorner,Unicorner,Bolt.new,Unicorner; Bolt.new,unicorner; bolt-new,False,,https://partiful.com/e/brAVEjl6bRCgfMNLQ7X4,https://www.tech-week.com/calendar/nyc
5101,The Tech Table with Moov and Appian,2026-06-03,18:00:00,Wednesday,2026-06-03 18:00,New York City,Tribeca,Tribeca,Evening,Moov,Moov,Appian,Moov; Appian,moov; appian,True,,,https://www.tech-week.com/calendar/nyc
5126,"AI & Robotics Capital Forum - Allocators, Founders & Frontier GPs",2026-06-03,18:00:00,Wednesday,2026-06-03 18:00,New York City,Midtown,Midtown,Evening,Geek Ventures,Geek Ventures,,Geek Ventures,geek-ventures,False,,https://partiful.com/e/XFVFlVvd7oHLoxAu8IkK,https://www.tech-week.com/calendar/nyc
5129,Behind the Check: An Unfiltered Conversation with Angel Investors,2026-06-03,18:00:00,Wednesday,2026-06-03 18:00,New York City,Midtown,Midtown,Evening,Brown Girl Angels,Brown Girl Angels,NineF Angels,Brown Girl Angels; NineF Angels,brown-girl-angels; ninef-angels,True,,,https://www.tech-week.com/calendar/nyc
5138,Creative Systems Happy Hour: AI for Commercial-Grade Design,2026-06-03,18:00:00,Wednesday,2026-06-03 18:00,New York City,Flatiron,Flatiron,Evening,Virse Labs,Virse Labs,,Virse Labs,virse-labs,False,,https://partiful.com/e/CVDYwREXwTGlAxsek3BM,https://www.tech-week.com/calendar/nyc
5163,Ramp x 8VC — Founders & Builders Night,2026-06-03,18:00:00,Wednesday,2026-06-03 18:00,New York City,Flatiron,Flatiron,Evening,Ramp,Ramp,8VC,Ramp; 8VC,ramp; 8vc,False,,https://partiful.com/e/xf4L0OHJO6UHVVu3GKNN,https://www.tech-week.com/calendar/nyc
5169,Bookkeeping and Bourbon: Rooftop Cocktails + Founder Panel,2026-06-03,18:00:00,Wednesday,2026-06-03 18:00,New York City,Midtown,Midtown,Evening,Wiss,Wiss,Rillet; Artifact AI; Savitt Partners,Wiss; Rillet; Artifact AI; Savitt Partners,wiss; rillet; artifact-ai; savitt-partners,False,,https://partiful.com/e/D7mgFNgIr2icwr0JJvvI,https://www.tech-week.com/calendar/nyc
5218,Who Benefits from AGI Abundance,2026-06-03,18:00:00,Wednesday,2026-06-03 18:00,New York City,SoHo,SoHo,Evening,Savas Labs,Savas Labs,,Savas Labs,savas-labs,False,,https://partiful.com/e/gIK9Dj3aDPsfHwISpKSd,https://www.tech-week.com/calendar/nyc
5226,Coding Agents Write Code.  Remy Builds Products.,2026-06-03,18:00:00,Wednesday,2026-06-03 18:00,New York City,Flatiron,Flatiron,Evening,MindStudio,MindStudio,LvlUp Ventures; Sip & Scale,MindStudio; LvlUp Ventures; Sip & Scale,mindstudio; lvlup-ventures; sip-scale,False,,https://partiful.com/e/svhgMRybAh1XPlLVVXRH,https://www.tech-week.com/calendar/nyc
5237,AI x The Future of Work,2026-06-03,18:00:00,Wednesday,2026-06-03 18:00,New York City,Upper Manhattan,Upper Manhattan,Evening,HuCapital,HuCapital,,HuCapital,hucapital,False,,https://partiful.com/e/KTWA41kbFNYFFtf6HcG7,https://www.tech-week.com/calendar/nyc
5264,The Accelerator Table,2026-06-03,18:00:00,Wednesday,2026-06-03 18:00,New York City,Chelsea,Chelsea,Evening,AcceleratorCON,AcceleratorCON,,AcceleratorCON,acceleratorcon,False,,https://partiful.com/e/DY6XJUWM6H39sVyu4Ize,https://www.tech-week.com/calendar/nyc
5316,LinkedIn GTM Hackathon,2026-06-03,18:00:00,Wednesday,2026-06-03 18:00,New York City,Flatiron,Flatiron,Evening,GenZtea,GenZtea,The Business Lesson,GenZtea; The Business Lesson,genztea; the-business-lesson,False,,https://partiful.com/e/EdiAncVfz5Pwyx8ljgDR,https://www.tech-week.com/calendar/nyc
5340,How will consumers and brands meet in the Agentic Era,2026-06-03,18:00:00,Wednesday,2026-06-03 18:00,New York City,Midtown,Midtown,Evening,Foundation for Agentic Networks,Foundation for Agentic Networks,,Foundation for Agentic Networks,foundation-for-agentic-networks,False,,https://partiful.com/e/NLYATZ2b1ZaihIuIQGUF,https://www.tech-week.com/calendar/nyc
5391,Global Founder Meetup: Breaking Into the U.S. Market,2026-06-03,18:00:00,Wednesday,2026-06-03 18:00,New York City,Midtown,Midtown,Evening,Build Momentum,Build Momentum,,Build Momentum,build-momentum,False,,https://partiful.com/e/6rbvin19cnCqiv6pRd3v,https://www.tech-week.com/calendar/nyc
5414,Series Tee,2026-06-03,18:00:00,Wednesday,2026-06-03 18:00,New York City,Chelsea,Chelsea,Evening,Rillet,Rillet,,Rillet,rillet,False,,https://partiful.com/e/Ec1a7gzI7aTu6njnKuEK?c=M7AzYqJW,https://www.tech-week.com/calendar/nyc
5430,Build Mode: How RevOps & GTM Teams Are Becoming AI-Powered Builders,2026-06-03,18:00:00,Wednesday,2026-06-03 18:00,New York City,SoHo,SoHo,Evening,HubSpot,Hubspot,,Hubspot,hubspot,False,,https://partiful.com/events/o1qradCjiAlnUg3c6ZWj,https://www.tech-week.com/calendar/nyc
5446,No Diet Club Brooklyn Food Crawl,2026-06-03,18:00:00,Wednesday,2026-06-03 18:00,New York City,Brooklyn,Brooklyn,Evening,Flybridge,Flybridge,,Flybridge,flybridge,False,,https://partiful.com/e/ObEt3ZXuTwK5o4CltorM,https://www.tech-week.com/calendar/nyc
5458,The convo the workplace is too polite to have,2026-06-03,18:00:00,Wednesday,2026-06-03 18:00,New York City,Flatiron,Flatiron,Evening,Pinkmatter,Pinkmatter,,Pinkmatter,pinkmatter,False,,https://partiful.com/e/rHJGm9ykUTSOWQawYe68,https://www.tech-week.com/calendar/nyc
5521,"Emmy-Winning Tech to Real-World Missions: AI, Drones, and Modern Warfare",2026-06-03,18:00:00,Wednesday,2026-06-03 18:00,New York City,Midtown,Midtown,Evening,Bereisheet Tech,Bereisheet Tech,,Bereisheet Tech,bereisheet-tech,True,,,https://www.tech-week.com/calendar/nyc
5651,The Invisible Engine: How Embedded Payments Powers the Next Era of Growth,2026-06-03,18:00:00,Wednesday,2026-06-03 18:00,New York City,Midtown,Midtown,Evening,JPMorgan,JPMorgan,,JPMorgan,jpmorgan,False,,https://partiful.com/e/seZGbZT3BDyfF9Ds4bI5,https://www.tech-week.com/calendar/nyc
5661,The Death of the MVP: How AI Changed What “Launching” Means,2026-06-03,18:00:00,Wednesday,2026-06-03 18:00,New York City,SoHo,SoHo,Evening,Bubble.io,Bubble.io,Ohana,Bubble.io; Ohana,bubble-io; ohana,False,,https://partiful.com/e/dJh4IgxuEgjfcXelqTCZ,https://www.tech-week.com/calendar/nyc
5680,"Trust, Talent & AI in the Enterprise",2026-06-03,18:00:00,Wednesday,2026-06-03 18:00,New York City,Upper Manhattan,Upper Manhattan,Evening,Unlocked Consultancy,,Unlocked Consultancy; NA; Gartner,Unlocked Consultancy; NA; Gartner,unlocked-consultancy; na; gartner,False,,https://partiful.com/events/r9eck0K6ZWexRHMzjGNV,https://www.tech-week.com/calendar/nyc
5718,GP/LP Deep Tech Dinner,2026-06-03,18:00:00,Wednesday,2026-06-03 18:00,New York City,SoHo,SoHo,Evening,Actuate Ventures,Actuate Ventures,,Actuate Ventures,actuate-ventures,False,,https://partiful.com/e/tj3InkMnP0GqUzdUcKqD,https://www.tech-week.com/calendar/nyc
5800,Founder Idol,2026-06-03,18:00:00,Wednesday,2026-06-03 18:00,New York City,Tribeca,Tribeca,Evening,Vibe Space,Vibe Space,Venture Miner,Venture Miner; Vibe Space,venture-miner; vibe-space,False,,https://partiful.com/e/w2AuKNImWlSexUcM83Bb,https://www.tech-week.com/calendar/nyc
5821,Unicorn fintech founder AMA,2026-06-03,18:00:00,Wednesday,2026-06-03 18:00,New York City,SoHo,SoHo,Evening,Inkle,Inkle,,Inkle,inkle,False,,https://partiful.com/e/fOUJT07jj19qFk04dt8E,https://www.tech-week.com/calendar/nyc
5830,Dinner with Rehearsals,2026-06-03,18:00:00,Wednesday,2026-06-03 18:00,New York City,SoHo,SoHo,Evening,Rehearsals,Rehearsals,,Rehearsals,rehearsals,True,,,https://www.tech-week.com/calendar/nyc
5837,Fashion Tech Mixer,2026-06-03,18:00:00,Wednesday,2026-06-03 18:00,New York City,Chelsea,Chelsea,Evening,The Pattern Maker,The Pattern Maker,,The Pattern Maker,the-pattern-maker,False,,https://partiful.com/e/27uya3lZ0qDGkfCiXGP5,https://www.tech-week.com/calendar/nyc
5847,Can Your Brand Thrive in Agentic Commerce?,2026-06-03,18:00:00,Wednesday,2026-06-03 18:00,New York City,Midtown,Midtown,Evening,UpScaleX,UpScaleX,Ugly Talk,UpScaleX; Ugly Talk,upscalex; ugly-talk,False,,https://partiful.com/e/2cw8oY83GlBtW74X1B3x?c=UNmoZVNV,https://www.tech-week.com/calendar/nyc
5863,Queens Founders & Investors Dinner,2026-06-03,18:00:00,Wednesday,2026-06-03 18:00,New York City,Queens,Queens,Evening,Enpak,Enpak,,Enpak,enpak,False,,https://partiful.com/e/0D0CXzkR1otSnvSekJh4,https://www.tech-week.com/calendar/nyc
5866,No Wine Left Behind: Blind Tasting Meets Consumer Data,2026-06-03,18:00:00,Wednesday,2026-06-03 18:00,New York City,West Village,West Village,Evening,No Wine Left Behind,No Wine Left Behind,Le Dû’s Wines,No Wine Left Behind; Le Dû’s Wines,no-wine-left-behind; le-du-s-wines,False,,https://partiful.com/e/1fVvsQZUFf7Dohot0Ed9?c=tfyZLHXu,https://www.tech-week.com/calendar/nyc
5873,Is Your Brand Ready for AI Search?,2026-06-03,18:00:00,Wednesday,2026-06-03 18:00,New York City,Union Square,Union Square,Evening,Capgemini,Capgemini,Rediem; French American Chamber of Commerce - NYC; Iced Media,Capgemini; Rediem; French American Chamber of Commerce - NYC; Iced Media,capgemini; rediem; french-american-chamber-of-commerce-nyc; iced-media,False,,https://partiful.com/e/v9ySMNeHZ3lYMWjhvqCO?,https://www.tech-week.com/calendar/nyc
5874,"The Future of Healthcare: Innovation, Access, and Value",2026-06-03,18:00:00,Wednesday,2026-06-03 18:00,New York City,Midtown,Midtown,Evening,Columbia Venture Community,Columbia Venture Community,Columbia University Mailman School of Public Health Alumni Board,Columbia Venture Community; Columbia University Mailman School of Public Health Alumni Board,columbia-venture-community; columbia-university-mailman-school-of-public-health-alumni-board,False,,https://partiful.com/e/6FmuBjS60nrpePXnGWhC?c=DazpYrUx,https://www.tech-week.com/calendar/nyc
5883,Translate Your BA into a Career in Tech,2026-06-03,18:00:00,Wednesday,2026-06-03 18:00,New York City,Virtual (NYC),Virtual (NYC),Evening,Translating Your BA,Translating Your BA,,Translating Your BA,translating-your-ba,False,,https://partiful.com/e/8BbHXWQWQwaQnAUlrwur,https://www.tech-week.com/calendar/nyc
5887,AI builders night,2026-06-03,18:00:00,Wednesday,2026-06-03 18:00,New York City,East Village,East Village,Evening,Braintrust,Braintrust,,Braintrust,braintrust,False,,https://partiful.com/e/OeZ0CvpvEpvi9lrEYIeb?c=PzNLPo4j,https://www.tech-week.com/calendar/nyc
6083,The Agent Shift - Marketing in the age of AI agents,2026-06-03,18:00:00,Wednesday,2026-06-03 18:00,New York City,Midtown,Midtown,Evening,HG Events,HG Events,,HG Events,hg-events,False,,https://partiful.com/e/h3P090OpWDSzMtTLzA1M,https://www.tech-week.com/calendar/nyc
6198,Pitch Roast Live,2026-06-03,18:00:00,Wednesday,2026-06-03 18:00,New York City,Lower East Side,Lower East Side,Evening,Pitch Roast Live,Pitch Roast Live,Forecastr,Pitch Roast Live; Forecastr,pitch-roast-live; forecastr,False,,https://partiful.com/e/NhoyBpx8rlyJGJXOWbwG,https://www.tech-week.com/calendar/nyc
6201,Data and Wearables for Female Health,2026-06-03,18:00:00,Wednesday,2026-06-03 18:00,New York City,Chelsea,Chelsea,Evening,Kellie Clover,Kellie Clover,The Limit,Kellie Clover; The Limit,kellie-clover; the-limit,False,,,https://www.tech-week.com/calendar/nyc
6211,Early Builders in the AI Era,2026-06-03,18:00:00,Wednesday,2026-06-03 18:00,New York City,SoHo,SoHo,Evening,F2 Venture Capital,F2 Venture Capital,Microsoft,F2 Venture Capital; Microsoft,f2-venture-capital; microsoft,False,,,https://www.tech-week.com/calendar/nyc
6358,"a16z x Moment: Cash, Activated — Putting Your Treasury to Work",2026-06-03,18:00:00,Wednesday,2026-06-03 18:00,New York City,Midtown,Midtown,Evening,a16z,a16z,Moment,a16z; Moment,a16z; moment,False,,https://partiful.com/e/kXqJB4I9b8Miigs1mIjM,https://www.tech-week.com/calendar/nyc
6421,Every  🤝 IRL,2026-06-03,18:00:00,Wednesday,2026-06-03 18:00,New York City,Brooklyn,Brooklyn,Evening,Every,Every,,Every,every,False,,https://partiful.com/e/j7a3cTM6NpOxHA1Bn0So,https://www.tech-week.com/calendar/nyc
21,Rooftop Pickleball with Conquer,2026-06-03,18:30:00,Wednesday,2026-06-03 18:30,New York City,Midtown,Midtown,Evening,Conquer Pickleball,Conquer Pickleball,,Conquer Pickleball,conquer-pickleball,False,,https://partiful.com/e/fOtMgCgM7Ihp9IIYOVgN,https://www.tech-week.com/calendar/nyc
4171,Stop Guessing: How Top Teams Make Hiring Decisions,2026-06-03,18:30:00,Wednesday,2026-06-03 18:30,New York City,Virtual (NYC),Virtual (NYC),Evening,Pairwise,Pairwise,,Pairwise,pairwise,False,,https://partiful.com/e/zgdltkCVCJs9VWdjnxpX?c=nas4DXsK,https://www.tech-week.com/calendar/nyc
4188,South Asians in Finance,2026-06-03,18:30:00,Wednesday,2026-06-03 18:30,New York City,Midtown,Midtown,Evening,American South Asian Network,American South Asian Network,,American South Asian Network,american-south-asian-network,False,,https://partiful.com/e/MFfmDRWvhSBTDNsj9Koj,https://www.tech-week.com/calendar/nyc
4195,MIT VC Investor Dinner,2026-06-03,18:30:00,Wednesday,2026-06-03 18:30,New York City,SoHo,SoHo,Evening,a16z speedrun,a16z speedrun,VamosVentures,a16z speedrun; VamosVentures,a16z-speedrun; vamosventures,True,platinum,,https://www.tech-week.com/calendar/nyc
4348,Investor Dinner,2026-06-03,18:30:00,Wednesday,2026-06-03 18:30,New York City,West Village,West Village,Evening,Brderless,Brderless,Sprinto,Brderless; Sprinto,brderless; sprinto,False,,https://partiful.com/e/CXgpxdHdQQ3umurfwb2Y,https://www.tech-week.com/calendar/nyc
4434,AI Playbooks for Finance Leaders,2026-06-03,18:30:00,Wednesday,2026-06-03 18:30,New York City,Flatiron,Flatiron,Evening,DualEntry,DualEntry,,DualEntry,dualentry,False,,https://partiful.com/e/menYiNujMph20V7zBugJ,https://www.tech-week.com/calendar/nyc
4512,Agtech Leadership Dinner,2026-06-03,18:30:00,Wednesday,2026-06-03 18:30,New York City,West Village,West Village,Evening,Leaf Agriculture,Leaf Agriculture,,Leaf Agriculture,leaf-agriculture,False,,https://partiful.com/e/TMkUilGT51I97Mdui4BE,https://www.tech-week.com/calendar/nyc
4641,Where Capital Meets Vision: A Founders-Funders Dinner | NY Tech Week,2026-06-03,18:30:00,Wednesday,2026-06-03 18:30,New York City,Chelsea,Chelsea,Evening,Microsoft for Startups,Microsoft for Startups,,Microsoft for Startups,microsoft-for-startups,True,,,https://www.tech-week.com/calendar/nyc
4721,Future of Voice AI - Enterprise Leader Panel,2026-06-03,18:30:00,Wednesday,2026-06-03 18:30,New York City,Flatiron,Flatiron,Evening,Leverage.work,Leverage,,Leverage,leverage,False,,https://partiful.com/e/7Py4iwQgSRIa0GchHpCF,https://www.tech-week.com/calendar/nyc
4798,"Fashion x Tech
LIM College THREADx TECH WEEK",2026-06-03,18:30:00,Wednesday,2026-06-03 18:30,New York City,Midtown,Midtown,Evening,"Marcuse School of Graduate Studies, LIM College","Marcuse School of Graduate Studies, LIM College",,"Marcuse School of Graduate Studies, LIM College",marcuse-school-of-graduate-studies-lim-college,False,,https://partiful.com/e/ggPJQCZE8juYEAjIfDgi,https://www.tech-week.com/calendar/nyc
4865,Allometric Dining,2026-06-03,18:30:00,Wednesday,2026-06-03 18:30,New York City,Lower East Side,Lower East Side,Evening,Allometry,Allometry,Dispatch Ventures,Dispatch Ventures; Allometry,dispatch-ventures; allometry,False,,https://partiful.com/e/ngqSYGVrZpgvkP9AuoFT?c=TeavecC1,https://www.tech-week.com/calendar/nyc
4931,Private CIO Dinner with Tessera Labs,2026-06-03,18:30:00,Wednesday,2026-06-03 18:30,New York City,Flatiron,Flatiron,Evening,Tessera Labs,Tessera Labs,,Tessera Labs,tessera-labs,True,,,https://www.tech-week.com/calendar/nyc
5002,GridMatch: A DER Mixer,2026-06-03,18:30:00,Wednesday,2026-06-03 18:30,New York City,Union Square,Union Square,Evening,Ecosuite,Ecosuite,,Ecosuite,ecosuite,False,,https://partiful.com/e/Qtt9vmD7LTiKn6y1A9RL,https://www.tech-week.com/calendar/nyc
5086,In the Name of Taste,2026-06-03,18:30:00,Wednesday,2026-06-03 18:30,New York City,SoHo,SoHo,Evening,Slingshot AI,Slingshot AI,,Slingshot AI,slingshot-ai,False,,https://partiful.com/e/z51AEVSzo2Ddp3np4WjW?,https://www.tech-week.com/calendar/nyc
5177,Agents in Production: The Memory Problem,2026-06-03,18:30:00,Wednesday,2026-06-03 18:30,New York City,Midtown,Midtown,Evening,SurrealDB,SurrealDB,Alumni Ventures,Alumni Ventures; SurrealDB,alumni-ventures; surrealdb,False,,https://partiful.com/e/048KYO6HrSDLWMwlMUTm,https://www.tech-week.com/calendar/nyc
5197,Private CISO Dinner,2026-06-03,18:30:00,Wednesday,2026-06-03 18:30,New York City,Midtown,Midtown,Evening,Supermomos,Supermomos,,Supermomos,supermomos,False,,https://partiful.com/e/HQPPxEZjvR5AnmRkv8Pp?c=aUEVK5kl,https://www.tech-week.com/calendar/nyc
5203,GP-LP Tech Week Mixer,2026-06-03,18:30:00,Wednesday,2026-06-03 18:30,New York City,Midtown,Midtown,Evening,The Kairos Circle,The Kairos Circle,,The Kairos Circle,the-kairos-circle,True,,,https://www.tech-week.com/calendar/nyc
5504,How to Live Longer & Happier: An evening on the future of personal intelligence.,2026-06-03,18:30:00,Wednesday,2026-06-03 18:30,New York City,SoHo,SoHo,Evening,moccet,moccet,,moccet,moccet,False,,,https://www.tech-week.com/calendar/nyc
5696,Make Every Deal your Best Deal,2026-06-03,18:30:00,Wednesday,2026-06-03 18:30,New York City,Chelsea,Chelsea,Evening,Lumaril Corporation,Lumaril Corporation,General Catalyst; NA,Lumaril Corporation; General Catalyst; NA,lumaril-corporation; general-catalyst; na,False,,https://partiful.com/e/9x67cUmFh48zj6PY01IC?c=-3GJQ_pe,https://www.tech-week.com/calendar/nyc
5875,Learn How to Build Apps Using Lovable,2026-06-03,18:30:00,Wednesday,2026-06-03 18:30,New York City,Queens,Queens,Evening,SJ Innovation,SJ Innovation,,SJ Innovation,sj-innovation,True,,,https://www.tech-week.com/calendar/nyc
6215,"Tech Week, But Bowling",2026-06-03,18:30:00,Wednesday,2026-06-03 18:30,New York City,Midtown,Midtown,Evening,Valon,,Valon,Valon,valon,False,,https://partiful.com/events/URwyTSJO382HLiStFktb/edit,https://www.tech-week.com/calendar/nyc
6259,VC Talent Leader Dinner,2026-06-03,18:30:00,Wednesday,2026-06-03 18:30,New York City,Lower East Side,Lower East Side,Evening,Getro (a Findem company),Getro (a Findem company),Pyxis,Getro (a Findem company); Pyxis,getro-a-findem-company; pyxis,False,,,https://www.tech-week.com/calendar/nyc
4095,Frontier House NYC Favorite People Dinner,2026-06-03,19:00:00,Wednesday,2026-06-03 19:00,New York City,Midtown,Midtown,Evening,Eleven Wall Ventures,Eleven Wall Ventures,,Eleven Wall Ventures,eleven-wall-ventures,False,,https://partiful.com/e/IdI7GpcyYOd2xnOnrn2G,https://www.tech-week.com/calendar/nyc
4197,The Tech Leaders Suite,2026-06-03,19:00:00,Wednesday,2026-06-03 19:00,New York City,Brooklyn,Brooklyn,Evening,Insurgi Urban Concepts,Insurgi Urban Concepts,Optical Diversity Telecom,Insurgi Urban Concepts; Optical Diversity Telecom,insurgi-urban-concepts; optical-diversity-telecom,False,,https://partiful.com/e/UhyErPPxuo2vELIutdGj?,https://www.tech-week.com/calendar/nyc
4366,"Capital, Cocktails & Middle-Market Tech",2026-06-03,19:00:00,Wednesday,2026-06-03 19:00,New York City,Nomad,Nomad,Evening,BMO Tech Banking,BMO Technology Banking,,BMO Technology Banking,bmo-technology-banking,False,,https://partiful.com/e/a6fwadAI0lOaKMU9r3uv,https://www.tech-week.com/calendar/nyc
4422,Ugly Talk: The Future of Fashion & Beauty Tech,2026-06-03,19:00:00,Wednesday,2026-06-03 19:00,New York City,SoHo,SoHo,Evening,Ugly Talk,Ugly Talk,Yorkseed,Yorkseed; Ugly Talk,yorkseed; ugly-talk,False,,https://partiful.com/e/68VP2zOWWMpKd3gZsojI,https://www.tech-week.com/calendar/nyc
4438,Tech Meets R&B,2026-06-03,19:00:00,Wednesday,2026-06-03 19:00,New York City,Queens,Queens,Evening,Visionary Global Network,Visionary Global Network,Record Room,Visionary Global Network; Record Room,visionary-global-network; record-room,False,,https://partiful.com/e/8lu53EbNSapXazcVp1ab,https://www.tech-week.com/calendar/nyc
4461,Inside Dog Longevity,2026-06-03,19:00:00,Wednesday,2026-06-03 19:00,New York City,Central Park,Central Park,Evening,Panio,Panio,,Panio,panio,False,,https://partiful.com/e/LLJDUnTekS0VeUEpH0pj,https://www.tech-week.com/calendar/nyc
4466,From Legislation to Action: Shaping the Future of Privacy in New York,2026-06-03,19:00:00,Wednesday,2026-06-03 19:00,New York City,Greenwich Village,Greenwich Village,Evening,Woodhull Freedom Foundation,Woodhull Freedom Foundation,Equality NY,Woodhull Freedom Foundation; Equality NY,woodhull-freedom-foundation; equality-ny,False,,https://partiful.com/e/ndxAl17PlEmXU25KpLzy?c=y7xdvBtU,https://www.tech-week.com/calendar/nyc
4584,Unlocking US capital,2026-06-03,19:00:00,Wednesday,2026-06-03 19:00,New York City,Central Park,Central Park,Evening,Lazo Fintech Inc,Lazo Fintech Inc,,Lazo Fintech Inc,lazo-fintech-inc,False,,https://partiful.com/e/qwD33mqjlIWu3x6c3CM6,https://www.tech-week.com/calendar/nyc
4624,Investing in the Infrastructure of Tomorrow,2026-06-03,19:00:00,Wednesday,2026-06-03 19:00,New York City,Midtown,Midtown,Evening,BlueLake.vc,BlueLake.vc,,BlueLake.vc,bluelake-vc,False,,https://partiful.com/e/c1iZharGw1ZlL9AykiZj,https://www.tech-week.com/calendar/nyc
4655,AI x Games Dinner,2026-06-03,19:00:00,Wednesday,2026-06-03 19:00,New York City,Lower East Side,Lower East Side,Evening,nunu.ai,nunu.ai,Greater Zurich Area,nunu.ai; Greater Zurich Area,nunu-ai; greater-zurich-area,False,,https://partiful.com/e/sKDElAcr0GLf9YUmGq3t,https://www.tech-week.com/calendar/nyc
4679,"Sports, Media & Entertainment Tech Dinner",2026-06-03,19:00:00,Wednesday,2026-06-03 19:00,New York City,Midtown,Midtown,Evening,Coeus Collective Ventures,Coeus Collective Ventures,125 Ventures,Coeus Collective Ventures; 125 Ventures,coeus-collective-ventures; 125-ventures,False,,https://partiful.com/e/3Rk3nK0982QHPfnqh6tH,https://www.tech-week.com/calendar/nyc
4817,Robots & Rollups — Physical AI Meets Onchain,2026-06-03,19:00:00,Wednesday,2026-06-03 19:00,New York City,East Village,East Village,Evening,PrismaX,PrismaX,,PrismaX,prismax,False,,https://partiful.com/e/GxfjRxDRUK8wgxH6UMG6,https://www.tech-week.com/calendar/nyc
4890,Tables & Titans: Fintech x Insurtech Dinner,2026-06-03,19:00:00,Wednesday,2026-06-03 19:00,New York City,Chelsea,Chelsea,Evening,Warrant,Warrant,,Warrant,warrant,False,,https://partiful.com/e/QRAodoVxS9qPSy9nDC7s,https://www.tech-week.com/calendar/nyc
4923,Founder Pitch-an-Investor Dinner,2026-06-03,19:00:00,Wednesday,2026-06-03 19:00,New York City,SoHo,SoHo,Evening,Haven,Haven,,Haven,haven,False,,https://partiful.com/e/k1T8QalDu09QHClA10Dr,https://www.tech-week.com/calendar/nyc
4948,"Focus, Flow, and Mental Wellbeing at NYC Tech Week",2026-06-03,19:00:00,Wednesday,2026-06-03 19:00,New York City,Chelsea,Chelsea,Evening,MENTA Series,MENTA Series,,MENTA Series,menta-series,False,,https://partiful.com/e/fbIBC3AcgcKGT3yqBsN9,https://www.tech-week.com/calendar/nyc
4999,Common Thread: The Haus Games,2026-06-03,19:00:00,Wednesday,2026-06-03 19:00,New York City,Murray Hill,Murray Hill,Evening,Fostr,Fostr,Tera,Fostr; Tera,fostr; tera,False,,https://partiful.com/e/vCipMZyyNCQKDZn8GUWO,https://www.tech-week.com/calendar/nyc
5016,Common Thread: The Haus Games,2026-06-03,19:00:00,Wednesday,2026-06-03 19:00,New York City,Murray Hill,Murray Hill,Evening,Fostr,Fostr,Tera,Fostr; Tera,fostr; tera,False,,https://partiful.com/e/vCipMZyyNCQKDZn8GUWO?source=share&c=QUaPmet9,https://www.tech-week.com/calendar/nyc
5034,Startup Soirée NYTW 2026,2026-06-03,19:00:00,Wednesday,2026-06-03 19:00,New York City,Chelsea,Chelsea,Evening,Cleo Pay,Cleo Pay,Micro; Rollfi,Micro; Cleo Pay; Rollfi,micro; cleo-pay; rollfi,False,,https://partiful.com/e/Odap0FUTDOZzOfLXTe6k,https://www.tech-week.com/calendar/nyc
5112,Krea Demo Night and Office Warming,2026-06-03,19:00:00,Wednesday,2026-06-03 19:00,New York City,Brooklyn,Brooklyn,Evening,Krea,Krea,,Krea,krea,False,,https://partiful.com/e/hsySQRXtBbizFv4V6sDT,https://www.tech-week.com/calendar/nyc
5199,Consumer Founder Show & Tell,2026-06-03,19:00:00,Wednesday,2026-06-03 19:00,New York City,SoHo,SoHo,Evening,Flex,Flex,,Flex,flex,False,,https://partiful.com/e/mLTDKJd37C4XRu5RTBWx,https://www.tech-week.com/calendar/nyc
5301,Polish founders x NY tech week,2026-06-03,19:00:00,Wednesday,2026-06-03 19:00,New York City,SoHo,SoHo,Evening,PL Founders Club,PL Founders Club,,PL Founders Club,pl-founders-club,False,,https://partiful.com/e/QUelm7A3acGhKQ6AIdWm,https://www.tech-week.com/calendar/nyc
5444,The New Preconstruction Playbook: How AI Is Changing Who Wins Bids,2026-06-03,19:00:00,Wednesday,2026-06-03 19:00,New York City,SoHo,SoHo,Evening,Piper AI LTD,Piper AI LTD,,Piper AI LTD,piper-ai-ltd,True,,,https://www.tech-week.com/calendar/nyc
5860,Yet Another AI Event....But we have a piano,2026-06-03,19:00:00,Wednesday,2026-06-03 19:00,New York City,Brooklyn,Brooklyn,Evening,Lotus Technology Management,,Lotus Technology Management; Eleks,Lotus Technology Management; Eleks,lotus-technology-management; eleks,False,,https://partiful.com/e/AatZ5NHezNiTvaZUsFdP,https://www.tech-week.com/calendar/nyc
6166,Built Different _ Faith in Tech,2026-06-03,19:00:00,Wednesday,2026-06-03 19:00,New York City,Meatpacking District,Meatpacking District,Evening,The Line,The Line,a16z,a16z; The Line,a16z; the-line,False,platinum,https://partiful.com/e/jrazXyiGkUZ8d8FqotR2,https://www.tech-week.com/calendar/nyc
6302,Similarweb Data at Bat - Luxury Suite at Yankee Stadium,2026-06-03,19:00:00,Wednesday,2026-06-03 19:00,New York City,Bronx,Bronx,Evening,Similarweb,Similarweb,,Similarweb,similarweb,False,,https://partiful.com/events/nhAcRk8Jk8F1D2h8ABYN/edit,https://www.tech-week.com/calendar/nyc
6351,NY Tech Week: First (Reality) Check,2026-06-03,19:00:00,Wednesday,2026-06-03 19:00,New York City,Tribeca,Tribeca,Evening,For The Firsts,For The Firsts,,For The Firsts,for-the-firsts,False,,,https://www.tech-week.com/calendar/nyc
4483,Climate Tech Night Mixer,2026-06-03,19:30:00,Wednesday,2026-06-03 19:30,New York City,Virtual (NYC),Virtual (NYC),Evening,Optivide,Optivide,,Optivide,optivide,False,,https://partiful.com/e/BuMquvpz1sSqXQmYHgeC,https://www.tech-week.com/calendar/nyc
5565,Kndrd Spirits: [Girls] Who Run The World,2026-06-03,19:30:00,Wednesday,2026-06-03 19:30,New York City,East Village,East Village,Evening,Kndrd,Kndrd,,Kndrd,kndrd,False,,https://partiful.com/e/wiWrtmZFVPCAgObP4954?c=pRVCtyX0,https://www.tech-week.com/calendar/nyc
5643,Arkzphere: Founders and Investors Launch Party,2026-06-03,19:30:00,Wednesday,2026-06-03 19:30,New York City,Lower East Side,Lower East Side,Evening,Arkzphere,Arkzphere,Propel Earth,Arkzphere; Propel Earth,arkzphere; propel-earth,False,,https://partiful.com/e/g8VJ854DFglJ6GtYDoS4?c=4kYs6La6,https://www.tech-week.com/calendar/nyc
6339,The Afterparty (ft. Ian Asher),2026-06-03,20:00:00,Wednesday,2026-06-03 20:00,New York City,East Village,East Village,Evening,Unicorner,Unicorner,Bolt.new; Flite,Unicorner; Bolt.new; Flite,unicorner; bolt-new; flite,False,,https://partiful.com/e/ScshPTV3NbGkHPRQ5Ith,https://www.tech-week.com/calendar/nyc
4098,"After Hours: Founders, Investors & Operators",2026-06-03,20:30:00,Wednesday,2026-06-03 20:30,New York City,West Village,West Village,Evening,Bulletpitch,Bulletpitch,,Bulletpitch,bulletpitch,False,,https://partiful.com/e/l7bvHYnBBBKSeC7CjeOG?c=tS74TehJ,https://www.tech-week.com/calendar/nyc
4441,Secret Boardy Party @Othership,2026-06-03,20:30:00,Wednesday,2026-06-03 20:30,New York City,Flatiron,Flatiron,Evening,Boardy,Boardy,Flowstate; The AI Collective,Boardy; Flowstate; The AI Collective,boardy; flowstate; the-ai-collective,False,,https://partiful.com/e/XGNkSsdTa08ivZFQRHaF,https://www.tech-week.com/calendar/nyc
5120,Snark Tank Comedy,2026-06-03,21:00:00,Wednesday,2026-06-03 21:00,New York City,East Village,East Village,Evening,Live Different Comedy,Live Different Comedy,,Live Different Comedy,live-different-comedy,False,,https://partiful.com/e/iQP19UAfSBvF0wGAzqwx?c=xBMr4Qb8,https://www.tech-week.com/calendar/nyc
4295,NYC’S FIRST EVER SKY-HIGH PITCH COMPETITION with Breathwork reset,2026-06-04,07:00:00,Thursday,2026-06-04 07:00,New York City,Hudson Yards,Hudson Yards,Morning,Rocket Mixer,Rocket Mixer,Apollo Society,Rocket Mixer; Apollo Society,rocket-mixer; apollo-society,False,,https://partiful.com/e/Ytg3A4316XFdtelBcoZM,https://www.tech-week.com/calendar/nyc
12,COFFEE + CONNECT Networking Mixer for Underrepresented Founders,2026-06-04,07:30:00,Thursday,2026-06-04 07:30,New York City,Midtown,Midtown,Morning,Somarae,Somarae,Stripe; Task Force VA,Somarae; Stripe; Task Force VA,somarae; stripe; task-force-va,False,,https://partiful.com/e/wNHWcOC7EzCdpr3pWeoK,https://www.tech-week.com/calendar/nyc
4268,Pitch and Run Tribeca,2026-06-04,07:30:00,Thursday,2026-06-04 07:30,New York City,Financial District,Financial District,Morning,Pitch and Run,Pitch and Run,,Pitch and Run,pitch-and-run,False,,https://partiful.com/e/OhM7wZlivF4xJHlW5LRs,https://www.tech-week.com/calendar/nyc
22,Generative AI Summit New York,2026-06-04,08:00:00,Thursday,2026-06-04 08:00,New York City,Midtown,Midtown,Morning,AI Accelerator Institute,AI Accelerator Institute,,AI Accelerator Institute,ai-accelerator-institute,True,,,https://www.tech-week.com/calendar/nyc
84,Chief Information Security Officer Summit New York,2026-06-04,08:00:00,Thursday,2026-06-04 08:00,New York City,Midtown,Midtown,Morning,AI Accelerator Institute,AI Accelerator Institute,,AI Accelerator Institute,ai-accelerator-institute,True,,,https://www.tech-week.com/calendar/nyc
110,Agentic AI Summit NYC,2026-06-04,08:00:00,Thursday,2026-06-04 08:00,New York City,Midtown,Midtown,Morning,AI Accelerator Institite,AI Accelerator Institite,,AI Accelerator Institite,ai-accelerator-institite,True,,,https://www.tech-week.com/calendar/nyc
4042,Unfair Advantage,2026-06-04,08:00:00,Thursday,2026-06-04 08:00,New York City,Financial District,Financial District,Morning,Sales Parrot,Sales Parrot,,Sales Parrot,sales-parrot,True,,,https://www.tech-week.com/calendar/nyc
4662,"Agentic Commerce: What It Is, What It Isn’t – and Who It Should Serve",2026-06-04,08:00:00,Thursday,2026-06-04 08:00,New York City,SoHo,SoHo,Morning,Swap,Swap,,Swap,swap,False,,https://partiful.com/e/cR9UoTMss2rDPryQQTZh?c=AL_25MFI,https://www.tech-week.com/calendar/nyc
5303,The JumpStart Summit: From Idea to IPO → Founders Foundry,2026-06-04,08:00:00,Thursday,2026-06-04 08:00,New York City,Chelsea,Chelsea,Morning,Next Jump,Next Jump,,Next Jump,next-jump,False,,https://partiful.com/e/czmiYJieBfHBdYhrFy8Q,https://www.tech-week.com/calendar/nyc
5440,a16z + Sequence + Thomson Group Ride: Watts & Multiples,2026-06-04,08:00:00,Thursday,2026-06-04 08:00,New York City,Central Park,Central Park,Morning,a16z,a16z,Sequence; Thompson,a16z; Sequence; Thompson,a16z; sequence; thompson,False,platinum,https://partiful.com/e/KMSWRIxZnOswbjCUdFLI,https://www.tech-week.com/calendar/nyc
4667,Founder Boxing & Breakfast,2026-06-04,08:30:00,Thursday,2026-06-04 08:30,New York City,Tribeca,Tribeca,Morning,Rho,Rho,Outlander VC; Draper; BOXCLUB,Rho; Outlander VC; Draper; BOXCLUB,rho; outlander-vc; draper; boxclub,False,,https://partiful.com/e/nBbdixx4Uo0wcuWHxpgo,https://www.tech-week.com/calendar/nyc
4844,Law in the Age of AI,2026-06-04,08:30:00,Thursday,2026-06-04 08:30,New York City,SoHo,SoHo,Morning,SimpleClosure,SimpleClosure,Carta,SimpleClosure; Carta,simpleclosure; carta,False,,https://partiful.com/e/aJLpUi2Ui1WZYrGLTHiF,https://www.tech-week.com/calendar/nyc
4989,Vonage + TechWalk: Communications APIs & Coffee...A Stroll through Central Park,2026-06-04,08:30:00,Thursday,2026-06-04 08:30,New York City,Central Park,Central Park,Morning,Vonage,Vonage,,Vonage,vonage,False,,https://partiful.com/e/AxEyDd2VdRrG1VU7mG3P,https://www.tech-week.com/calendar/nyc
5401,Hackathon - Vehicle Aware AI,2026-06-04,08:30:00,Thursday,2026-06-04 08:30,New York City,Upper Manhattan,Upper Manhattan,Morning,Halo,Halo,,Halo,halo,True,,,https://www.tech-week.com/calendar/nyc
5404,Entrepreneurs Run - 5 km,2026-06-04,08:30:00,Thursday,2026-06-04 08:30,New York City,Central Park,Central Park,Morning,LatentWorlds AI,LatentWorlds AI,,LatentWorlds AI,latentworlds-ai,False,,https://partiful.com/e/PAj0yD76njrxg5Mbyj7V?c=ttEQzd8E,https://www.tech-week.com/calendar/nyc
5793,Supermomos Private Founders Breakfast in NYC feat. Partner at M13 (~$2B AUM),2026-06-04,08:30:00,Thursday,2026-06-04 08:30,New York City,Midtown,Midtown,Morning,Supermomos,,Supermomos,Supermomos,supermomos,False,,https://partiful.com/e/LuziHALFvFZP6nJUhoIX,https://www.tech-week.com/calendar/nyc
4209,Stable Summit,2026-06-04,09:00:00,Thursday,2026-06-04 09:00,New York City,SoHo,SoHo,Morning,Stable Summit,Stable Summit,,Stable Summit,stable-summit,True,,,https://www.tech-week.com/calendar/nyc
4234,Inside the Capital Stack: Emerging Managers & LPs,2026-06-04,09:00:00,Thursday,2026-06-04 09:00,New York City,Midtown,Midtown,Morning,New York Ventures,NY Ventures,,NY Ventures,ny-ventures,False,,https://partiful.com/e/X6gcykqwLI9ktdlTLALK,https://www.tech-week.com/calendar/nyc
4276,AI GTM Coffee & Walk for Tech Founders,2026-06-04,09:00:00,Thursday,2026-06-04 09:00,New York City,Central Park,Central Park,Morning,AIMAR,AIMAR,,AIMAR,aimar,False,,https://partiful.com/e/mFZrUoTromWldzT4JrXy,https://www.tech-week.com/calendar/nyc
4559,Founder Breakfast,2026-06-04,09:00:00,Thursday,2026-06-04 09:00,New York City,SoHo,SoHo,Morning,Brderless,Brderless,Persona,Brderless; Persona,brderless; persona,False,,https://partiful.com/e/iQA2Cr8FK3gaZTajVpiO?c=jkWkByFk,https://www.tech-week.com/calendar/nyc
4622,Big Data NYC,2026-06-04,09:00:00,Thursday,2026-06-04 09:00,New York City,Financial District,Financial District,Morning,About Blank Creative,About Blank Creative,,About Blank Creative,about-blank-creative,False,gold,https://partiful.com/e/nQFM0OFzDP65DYIKDBCm?f=1,https://www.tech-week.com/calendar/nyc
4868,The Founding Table: Brunch & Spa Experience,2026-06-04,09:00:00,Thursday,2026-06-04 09:00,New York City,SoHo,SoHo,Morning,Covent,Covent,,Covent,covent,False,,https://partiful.com/e/EDvSG5uaWJ1DJVAlgj6q,https://www.tech-week.com/calendar/nyc
5128,AI x Longevity Summit,2026-06-04,09:00:00,Thursday,2026-06-04 09:00,New York City,Queens,Queens,Morning,Longevity Global,Longevity Global,Dovetail Biopartners; Yale University,Longevity Global; Dovetail Biopartners; Yale University,longevity-global; dovetail-biopartners; yale-university,False,,https://partiful.com/e/8bgCoU7MTA6AyqkNh6FZ,https://www.tech-week.com/calendar/nyc
5209,Snowflake Café at Verci,2026-06-04,09:00:00,Thursday,2026-06-04 09:00,New York City,Flatiron,Flatiron,Morning,Snowflake,Snowflake,Verci,Snowflake; Verci,snowflake; verci,False,,https://partiful.com/e/JOh4G5YjH6PW0756ISsd?c=LF64LHZw,https://www.tech-week.com/calendar/nyc
5241,The Founding Table: Brunch & Spa Experience,2026-06-04,09:00:00,Thursday,2026-06-04 09:00,New York City,Flatiron,Flatiron,Morning,Persona,Persona,,Persona,persona,False,,https://partiful.com/e/EDvSG5uaWJ1DJVAlgj6q,https://www.tech-week.com/calendar/nyc
5418,​SMB Healthcare Benefits Breakfast,2026-06-04,09:00:00,Thursday,2026-06-04 09:00,New York City,Flatiron,Flatiron,Morning,"CEO, DentalFynd","CEO, DentalFynd",,"CEO, DentalFynd",ceo-dentalfynd,False,,https://partiful.com/e/CU8HGeTEOW6mmQouXu4R,https://www.tech-week.com/calendar/nyc
5471,The Morning Bell,2026-06-04,09:00:00,Thursday,2026-06-04 09:00,New York City,Midtown,Midtown,Morning,Connor Group,Connor Group,a16z,Connor Group; a16z,connor-group; a16z,False,,https://partiful.com/e/llXiWmjG8QWnTZjhjpLc?c=GBz7zaOz,https://www.tech-week.com/calendar/nyc
6191,Health TechWalk,2026-06-04,09:00:00,Thursday,2026-06-04 09:00,New York City,Financial District,Financial District,Morning,TechWalk,TechWalk,,TechWalk,techwalk,False,,https://partiful.com/e/ZHsSj1cL8U5WhQgohQrV?c=VkVx9tgg,https://www.tech-week.com/calendar/nyc
6268,How Humans Experience AI (Design Workshop),2026-06-04,09:00:00,Thursday,2026-06-04 09:00,New York City,Flatiron,Flatiron,Morning,Tequity,Tequity,,Tequity,tequity,False,,https://partiful.com/e/8X6emlBMVyRd9hFpy4OM,https://www.tech-week.com/calendar/nyc
6297,Build AI w/ AWS,2026-06-04,09:00:00,Thursday,2026-06-04 09:00,New York City,Midtown,Midtown,Morning,Amazon Web Services,Amazon Web Services,,Amazon Web Services,amazon-web-services,False,gold,https://partiful.com/e/bKNSMIiBlDqn5RCekCyb,https://www.tech-week.com/calendar/nyc
169,Mind the Gap: Intelligence in Transition,2026-06-04,09:30:00,Thursday,2026-06-04 09:30,New York City,Upper Manhattan,Upper Manhattan,Morning,"STEM Educational Institute, Inc.","STEM Educational Institute, Inc.",,"STEM Educational Institute, Inc.",stem-educational-institute-inc,False,,https://partiful.com/e/JAFfRfnsp4ARFRlY4JnR,https://www.tech-week.com/calendar/nyc
179,a16z Speedrun: Startup Culture Brunch for Angels+VCs,2026-06-04,09:30:00,Thursday,2026-06-04 09:30,New York City,Midtown,Midtown,Morning,a16z Speedrun,a16z speedrun,,a16z speedrun,a16z-speedrun,False,platinum,https://partiful.com/e/aFINYfh4iM7cXXzNqLi0,https://www.tech-week.com/calendar/nyc
4792,Pancakes* with PENSA: A Forum for Leaders of Hardware Startups,2026-06-04,09:30:00,Thursday,2026-06-04 09:30,New York City,Brooklyn,Brooklyn,Morning,Pensa,Pensa,,Pensa,pensa,False,,https://partiful.com/e/BDQPwKS8HqWD6G5p5lQI,https://www.tech-week.com/calendar/nyc
5026,From Idea to Live MVP in 6 Hours with GitHub Copilot — $25K Azure Prize,2026-06-04,09:30:00,Thursday,2026-06-04 09:30,New York City,Financial District,Financial District,Morning,Microsoft,Microsoft,,Microsoft,microsoft,False,,https://partiful.com/e/8ziM85jjl6N9qzjZtFYf?,https://www.tech-week.com/calendar/nyc
5816,Brews and Bagels,2026-06-04,09:30:00,Thursday,2026-06-04 09:30,New York City,Midtown,Midtown,Morning,France Ovalle,France Ovalle,Scalpels & Spreadsheets,France Ovalle; Scalpels & Spreadsheets,france-ovalle; scalpels-spreadsheets,False,,https://partiful.com/e/wvA7gbzRPoymxsIg1KJZ?c=U5-U8TyJ,https://www.tech-week.com/calendar/nyc
17,AI in Real Estate Summit,2026-06-04,10:00:00,Thursday,2026-06-04 10:00,New York City,Nomad,Nomad,Morning,Proptech Council,Proptech Council,,Proptech Council,proptech-council,False,,https://partiful.com/e/4o8WaAmgjpoMjk7qRwuI,https://www.tech-week.com/calendar/nyc
4172,Jamaica Digital Services Exchange,2026-06-04,10:00:00,Thursday,2026-06-04 10:00,New York City,Midtown,Midtown,Morning,Jamaica Promotions Corporation,Jamaica Promotions Corporation,,Jamaica Promotions Corporation,jamaica-promotions-corporation,True,,,https://www.tech-week.com/calendar/nyc
4256,Founders & Funders: VC Reverse Pitch,2026-06-04,10:00:00,Thursday,2026-06-04 10:00,New York City,Midtown,Midtown,Morning,Founders & Funders,Founders N' Funders,Microsoft,Founders N' Funders; Microsoft,founders-n-funders; microsoft,False,,https://partiful.com/e/ZpetibTpS29umF27quIF,https://www.tech-week.com/calendar/nyc
4349,B2B Marketing Workshop: Strategic Foundations and AI Visibility,2026-06-04,10:00:00,Thursday,2026-06-04 10:00,New York City,Financial District,Financial District,Morning,Boon Auditing,Boon Auditing,Cloudonix,Boon Auditing; Cloudonix,boon-auditing; cloudonix,False,,https://partiful.com/e/Xtt8gsxnBqQfcFSqTLFJ,https://www.tech-week.com/calendar/nyc
4373,"Scaling Right: Capital, Tax, Talent, and Legal for Startups",2026-06-04,10:00:00,Thursday,2026-06-04 10:00,New York City,Midtown,Midtown,Morning,SOSA,SOSA,CLA (CliftonLarsonAllen); wiggin(x); TriNet,SOSA; CLA (CliftonLarsonAllen); wiggin(x); TriNet,sosa; cla-cliftonlarsonallen; wiggin-x; trinet,False,,https://partiful.com/e/bMKstHf0ullgoWj4gOg5,https://www.tech-week.com/calendar/nyc
4640,Beyond the Terminal: Building AI in the Real World,2026-06-04,10:00:00,Thursday,2026-06-04 10:00,New York City,SoHo,SoHo,Morning,AIN Ventures,AIN Ventures,Differential Ventures,AIN Ventures; Differential Ventures,ain-ventures; differential-ventures,False,,https://partiful.com/e/NsKvGW4mUmItETWlK3v4?c=066qAOO4,https://www.tech-week.com/calendar/nyc
4870,Morning Brew: How Founders Win When Government Sets the Rules,2026-06-04,10:00:00,Thursday,2026-06-04 10:00,New York City,Lower East Side,Lower East Side,Morning,Tusk Venture Partners,Tusk Ventures,Odyssey,Tusk Ventures; Odyssey,tusk-ventures; odyssey,False,,https://partiful.com/e/SH6BD91ODnGWa6TGY52P?c=TbPSwGc5,https://www.tech-week.com/calendar/nyc
5803,SheSuite: Tech Founders + Vibe Coding,2026-06-04,10:00:00,Thursday,2026-06-04 10:00,New York City,Union Square,Union Square,Morning,Sparx Labs,Sparx Labs,Tavia Health,Sparx Labs; Tavia Health,sparx-labs; tavia-health,False,,https://partiful.com/e/JYpVVnt8arHL8QFFVE4O,https://www.tech-week.com/calendar/nyc
6245,Pitch Like a Lawyer : Build  a Winning Case for Investors,2026-06-04,10:30:00,Thursday,2026-06-04 10:30,New York City,Midtown,Midtown,Morning,Kushner Executive Advisory,Kushner Executive Advisory,,Kushner Executive Advisory,kushner-executive-advisory,False,,https://partiful.com/e/hAARVrxCJQoBOlxlp2Nd,https://www.tech-week.com/calendar/nyc
260,[AI in Healthcare],2026-06-04,11:00:00,Thursday,2026-06-04 11:00,New York City,Virtual (NYC),Virtual (NYC),Morning,MedPhone AI,MedPhone AI,Physician,MedPhone AI; Physician,medphone-ai; physician,False,,https://partiful.com/e/9XmSuiPSt1guAbEoiGeC,https://www.tech-week.com/calendar/nyc
4393,Board Games & Chill,2026-06-04,11:00:00,Thursday,2026-06-04 11:00,New York City,Hudson Yards,Hudson Yards,Morning,Mentor Me Collective,Mentor Me Collective,Apache Beam; meshIQ,Mentor Me Collective; Apache Beam; meshIQ,mentor-me-collective; apache-beam; meshiq,False,,https://partiful.com/e/0BKvQ3xufkQ7kvMMKcZN,https://www.tech-week.com/calendar/nyc
4609,Healthtech Social,2026-06-04,11:00:00,Thursday,2026-06-04 11:00,New York City,Midtown,Midtown,Morning,Alopex,Alopex,Scalpels & Spreadsheets,Alopex; Scalpels & Spreadsheets,alopex; scalpels-spreadsheets,False,,https://partiful.com/e/GWdf3iQxpAp9j1zEAOaI,https://www.tech-week.com/calendar/nyc
4829,"Founder Lunch Club w/ Fin, Stripe, London & Partners",2026-06-04,11:00:00,Thursday,2026-06-04 11:00,New York City,SoHo,SoHo,Morning,Fin,Fin,Stripe,Fin; Stripe,fin; stripe,False,gold,https://partiful.com/e/dNyJfF1YLi6KV6hSI5em,https://www.tech-week.com/calendar/nyc
5805,How Growth-Stage Companies Are Scaling Marketing,2026-06-04,11:00:00,Thursday,2026-06-04 11:00,New York City,Brooklyn,Brooklyn,Morning,Azarian Growth Agency,Azarian Growth Agency,,Azarian Growth Agency,azarian-growth-agency,False,,https://partiful.com/e/wMkipiKi9qhEhJC9uZSN,https://www.tech-week.com/calendar/nyc
6216,"Data in Motion NYC: Messaging, Streaming & Processing",2026-06-04,11:00:00,Thursday,2026-06-04 11:00,New York City,Chelsea,Chelsea,Morning,Software Guru,Software Guru,meshIQ,Software Guru; meshIQ,software-guru; meshiq,False,,https://partiful.com/e/lqu38pgygnmLVET26n7I?f=1&photo=all,https://www.tech-week.com/calendar/nyc
6418,ElevenLabs NY Tech Week PopUp,2026-06-04,11:00:00,Thursday,2026-06-04 11:00,New York City,SoHo,SoHo,Morning,ElevenLabs,ElevenLabs,,ElevenLabs,elevenlabs,False,,https://partiful.com/e/hVN69QHHQKaL72l700kB?,https://www.tech-week.com/calendar/nyc
6423,The Future of Software Engineering in Today’s AI World,2026-06-04,11:00:00,Thursday,2026-06-04 11:00,New York City,Flatiron,Flatiron,Morning,IBM,IBM,,IBM,ibm,False,,https://partiful.com/e/Rkq2hWr7bs4M3IACDacF,https://www.tech-week.com/calendar/nyc
4242,The One-Person Operating System: Build Your AI-Powered Business Brain,2026-06-04,11:30:00,Thursday,2026-06-04 11:30,New York City,Flatiron,Flatiron,Morning,Build First,Build First,Lightswitch,Build First; Lightswitch,build-first; lightswitch,True,,,https://www.tech-week.com/calendar/nyc
125,AI in Enterprise,2026-06-04,12:00:00,Thursday,2026-06-04 12:00,New York City,Midtown,Midtown,Noon,Nodes Inc,Nodes Inc,,Nodes Inc,nodes-inc,False,,https://partiful.com/e/dMstVg7vViat0KgKWCsk,https://www.tech-week.com/calendar/nyc
4363,"MATCH HOUSE: Founders, Investors, Operators",2026-06-04,12:00:00,Thursday,2026-06-04 12:00,New York City,Flatiron,Flatiron,Noon,MatchPlay Ventures,MatchPlay Ventures,Boop; FirstGlance,MatchPlay Ventures; Boop; FirstGlance,matchplay-ventures; boop; firstglance,False,,https://partiful.com/e/RvVuxFKB01u59pmVZnTE,https://www.tech-week.com/calendar/nyc
5091,"Plan Early, Exit Strong",2026-06-04,12:00:00,Thursday,2026-06-04 12:00,New York City,Midtown,Midtown,Noon,Ellis Law Group,Ellis Law Group,,Ellis Law Group,ellis-law-group,False,,https://partiful.com/e/WXYNNxKX6xuZYPv1R0nY,https://www.tech-week.com/calendar/nyc
5154,Collective Action for AI Safety,2026-06-04,12:00:00,Thursday,2026-06-04 12:00,New York City,Financial District,Financial District,Noon,Spartacus.app,Spartacus.app,,Spartacus.app,spartacus-app,False,,https://partiful.com/e/hNaQJhWwvkvbnYnzfmu5,https://www.tech-week.com/calendar/nyc
5252,Make Your MarTech Work Harder,2026-06-04,12:00:00,Thursday,2026-06-04 12:00,New York City,Virtual (NYC),Virtual (NYC),Noon,Escape Velocity Digital,Escape Velocity Digital,Axioned,Escape Velocity Digital; Axioned,escape-velocity-digital; axioned,False,,https://partiful.com/e/sydC8oyWk7m8BNMV7A4r,https://www.tech-week.com/calendar/nyc
5325,The Operators Behind the Operators,2026-06-04,12:00:00,Thursday,2026-06-04 12:00,New York City,Midtown,Midtown,Noon,New York Robotics,New York Robotics,EisnerAmper,New York Robotics; EisnerAmper,new-york-robotics; eisneramper,False,,https://partiful.com/e/GSRIMLKsiwt2WYLiw8TC?c=cYDGQX8V,https://www.tech-week.com/calendar/nyc
5787,Lunch & Cocktail Reception at Casa Cipriani *Invite-Only*,2026-06-04,12:00:00,Thursday,2026-06-04 12:00,New York City,Financial District,Financial District,Noon,liquidity,liquidity,,liquidity,liquidity,True,,,https://www.tech-week.com/calendar/nyc
4418,"How Founders Hire, Lead & Scale Without Burnout",2026-06-04,12:30:00,Thursday,2026-06-04 12:30,New York City,Virtual (NYC),Virtual (NYC),Noon,GroundedForward,GroundedForward,,GroundedForward,groundedforward,False,,https://partiful.com/e/PJAnIbUBwQNC4wGsGaBq?c=GIW512RN,https://www.tech-week.com/calendar/nyc
4452,BYOA,2026-06-04,13:00:00,Thursday,2026-06-04 13:00,New York City,Midtown,Midtown,Afternoon,Dedalus Labs,Dedalus Labs,,Dedalus Labs,dedalus-labs,False,,https://partiful.com/e/ESd12nAZZeNPBIdNfTUf,https://www.tech-week.com/calendar/nyc
4724,Hospitality’s Next Operational Shift,2026-06-04,13:00:00,Thursday,2026-06-04 13:00,New York City,Midtown,Midtown,Afternoon,Vosant Meetings,Vosant Meetings,,Vosant Meetings,vosant-meetings,False,,https://partiful.com/e/9lSsuMRBptuEgJaD4ByK,https://www.tech-week.com/calendar/nyc
5636,Self-Improving Agent Swarms with Weights & Biases,2026-06-04,13:00:00,Thursday,2026-06-04 13:00,New York City,Midtown,Midtown,Afternoon,CoreWeave,CoreWeave,,CoreWeave,coreweave,False,,https://partiful.com/e/O9JiMBw5xJlUGJtsYtrt,https://www.tech-week.com/calendar/nyc
5674,From Start to Scale | Women Running Businesses,2026-06-04,13:00:00,Thursday,2026-06-04 13:00,New York City,Hudson Yards,Hudson Yards,Afternoon,Bernstein Private Wealth,Bernstein Private Wealth Management,Collected Company; C10 Labs,Collected Company; Bernstein Private Wealth Management; C10 Labs,collected-company; bernstein-private-wealth-management; c10-labs,False,,,https://www.tech-week.com/calendar/nyc
5783,Build a Trading System Live with MachineTrader,2026-06-04,13:00:00,Thursday,2026-06-04 13:00,New York City,SoHo,SoHo,Afternoon,MachineTrader.io Inc.,MachineTrader.io Inc.,Alpaca Securities LLC,MachineTrader.io Inc.; Alpaca Securities LLC,machinetrader-io-inc; alpaca-securities-llc,False,,https://partiful.com/e/zR6LO2nZY9AJ78Ya5um9,https://www.tech-week.com/calendar/nyc
5789,Q2 2026 State of AI + AE (Autonomous Economy) & Investment Opportunities,2026-06-04,13:00:00,Thursday,2026-06-04 13:00,New York City,Virtual (NYC),Virtual (NYC),Afternoon,Untapped Ventures,Untapped Ventures,,Untapped Ventures,untapped-ventures,False,,https://partiful.com/e/QDVul6t9zZuHr6NvZYrF,https://www.tech-week.com/calendar/nyc
5799,The Oasis @ NY Tech Week Day 4 - Creating with Flow,2026-06-04,13:00:00,Thursday,2026-06-04 13:00,New York City,Flatiron,Flatiron,Afternoon,Boardy,Boardy,Vibe Space; Flowstate; The AI Collective,Boardy; Vibe Space; Flowstate; The AI Collective,boardy; vibe-space; flowstate; the-ai-collective,False,,https://partiful.com/e/Gw543fouMG4silmVEQ9P,https://www.tech-week.com/calendar/nyc
4494,Women in Finance: Panel & Puppy Yoga,2026-06-04,13:30:00,Thursday,2026-06-04 13:30,New York City,Flatiron,Flatiron,Afternoon,Pigment,Pigment,,Pigment,pigment,False,,https://partiful.com/e/5brBOX6e1W7B5elBchq7,https://www.tech-week.com/calendar/nyc
5069,Self-Custody Starts with Health by ionava @ Othership,2026-06-04,13:30:00,Thursday,2026-06-04 13:30,New York City,Brooklyn,Brooklyn,Afternoon,Coeus Collective Ventures,Coeus Collective Ventures,IONAVA,Coeus Collective Ventures; IONAVA,coeus-collective-ventures; ionava,False,,https://partiful.com/e/QhKMD8jxyBTLBPL2WlQJ,https://www.tech-week.com/calendar/nyc
30,HearstLab AI Pitch & Showcase,2026-06-04,14:00:00,Thursday,2026-06-04 14:00,New York City,Midtown,Midtown,Afternoon,HearstLab,HearstLab,,HearstLab,hearstlab,False,,https://partiful.com/e/3vxIg2S6kieQBEjPoPgg,https://www.tech-week.com/calendar/nyc
35,Inside the Investor Mindset: What It Really Takes,2026-06-04,14:00:00,Thursday,2026-06-04 14:00,New York City,Virtual (NYC),Virtual (NYC),Afternoon,Your First Angel,Your First Angel,,Your First Angel,your-first-angel,False,,https://partiful.com/e/pnXa8toI47YgXtDi6fLx,https://www.tech-week.com/calendar/nyc
157,HWG Demo Day II,2026-06-04,14:00:00,Thursday,2026-06-04 14:00,New York City,Midtown,Midtown,Afternoon,Happy Wellness Group,Happy Wellness Group,,Happy Wellness Group,happy-wellness-group,False,,https://partiful.com/e/ZKdzI3nrlNT6w8ofxtWk?f=1,https://www.tech-week.com/calendar/nyc
195,Gen Z Founder + Creator Mixer,2026-06-04,14:00:00,Thursday,2026-06-04 14:00,New York City,East Village,East Village,Afternoon,GenZtea,GenZtea,,GenZtea,genztea,False,,https://partiful.com/e/T7KQRZ1EBzOI0lhAdXwp,https://www.tech-week.com/calendar/nyc
4029,Peacock Hill Web3 Vibe & Build: The AI Coding Jam,2026-06-04,14:00:00,Thursday,2026-06-04 14:00,New York City,Midtown,Midtown,Afternoon,PEACOCK HILL PRODUCTIONS,PEACOCK HILL PRODUCTIONS,,PEACOCK HILL PRODUCTIONS,peacock-hill-productions,False,,https://partiful.com/e/urfFckPmvamG39em2KPC,https://www.tech-week.com/calendar/nyc
4151,Fast AI Sales,2026-06-04,14:00:00,Thursday,2026-06-04 14:00,New York City,SoHo,SoHo,Afternoon,Egregora Global,Egregora Global,,Egregora Global,egregora-global,False,,https://partiful.com/e/YNisiR5czoNqmN0jQyeY,https://www.tech-week.com/calendar/nyc
4516,Scaling Series A and Beyond,2026-06-04,14:00:00,Thursday,2026-06-04 14:00,New York City,Union Square,Union Square,Afternoon,Ellis,Ellis,Carta; Ramp,Carta; Ellis; Ramp,carta; ellis; ramp,False,,https://partiful.com/e/XkxlWL0tKACGxHUf194f,https://www.tech-week.com/calendar/nyc
4840,Frontier Science to Frontier Care: Building Health AI with Backbone over Buzz,2026-06-04,14:00:00,Thursday,2026-06-04 14:00,New York City,Midtown,Midtown,Afternoon,Bright Signal Consulting,Bright Signal Consulting,Scalpels & Spreadsheets,Bright Signal Consulting; Scalpels & Spreadsheets,bright-signal-consulting; scalpels-spreadsheets,False,,https://partiful.com/e/BSTxVUJmobXv6Y1EYQDX,https://www.tech-week.com/calendar/nyc
4863,OpenAI Builder Lounge,2026-06-04,14:00:00,Thursday,2026-06-04 14:00,New York City,SoHo,SoHo,Afternoon,OpenAI,OpenAI,,OpenAI,openai,False,,https://partiful.com/e/ivy3zWZg7HTpUJBnhy3e,https://www.tech-week.com/calendar/nyc
4987,Proof of Build -An agent building hackathon by Lyzr,2026-06-04,14:00:00,Thursday,2026-06-04 14:00,New York City,SoHo,SoHo,Afternoon,Lyzr,Lyzr,,Lyzr,lyzr,False,,https://partiful.com/e/w3EFGHHBj4EKAbmifC0I?,https://www.tech-week.com/calendar/nyc
5051,Community Jam: NYC,2026-06-04,14:00:00,Thursday,2026-06-04 14:00,New York City,Midtown,Midtown,Afternoon,Snyk,Snyk,,Snyk,snyk,False,,https://partiful.com/e/VlgbZfX2aKmyl0kobR3q,https://www.tech-week.com/calendar/nyc
5074,Community Jam: NYC,2026-06-04,14:00:00,Thursday,2026-06-04 14:00,New York City,Chelsea,Chelsea,Afternoon,Snyk,Snyk,,Snyk,snyk,False,,https://partiful.com/e/VlgbZfX2aKmyl0kobR3q,https://www.tech-week.com/calendar/nyc
5786,Party w/ PicklePals Tech x Pickleball,2026-06-04,14:00:00,Thursday,2026-06-04 14:00,New York City,Midtown,Midtown,Afternoon,Picklepals,Picklepals,,Picklepals,picklepals,False,,https://partiful.com/e/0lVRgZZsy5HiavSn5j72,https://www.tech-week.com/calendar/nyc
5788,"Art, Taste & Discovery in the Age of AI",2026-06-04,14:00:00,Thursday,2026-06-04 14:00,New York City,Chelsea,Chelsea,Afternoon,hili,hili,Soal,hili; Soal,hili; soal,False,,https://partiful.com/e/1IiuVAZr79betXpNkaiS,https://www.tech-week.com/calendar/nyc
5794,The City Hack The State,2026-06-04,14:00:00,Thursday,2026-06-04 14:00,New York City,Meatpacking District,Meatpacking District,Afternoon,Johnson Edman Advertising,Johnson Edman Advertising,CRITICAL ASSET,Johnson Edman Advertising; CRITICAL ASSET,johnson-edman-advertising; critical-asset,False,,,https://www.tech-week.com/calendar/nyc
5797,AI at Scale: From Deployment to Business Impact,2026-06-04,14:00:00,Thursday,2026-06-04 14:00,New York City,Brooklyn,Brooklyn,Afternoon,Jobbrex,Jobbrex,SocialEDG,Jobbrex; SocialEDG,jobbrex; socialedg,False,,https://partiful.com/e/kWJ6biyd9u1mGrlP3NU4?c=AEMXx4NA,https://www.tech-week.com/calendar/nyc
5814,CEOSocial.io Speed Networking Mixer Tech Week NYC!,2026-06-04,14:00:00,Thursday,2026-06-04 14:00,New York City,Midtown,Midtown,Afternoon,Pitch4Capital.com,Pitch4Capital.com,,Pitch4Capital.com,pitch4capital-com,True,,,https://www.tech-week.com/calendar/nyc
4918,White Space: Custom AF1 Workshop for CMOs,2026-06-04,14:30:00,Thursday,2026-06-04 14:30,New York City,Union Square,Union Square,Afternoon,Meet The Edge,Meet The Edge,Partytrick; ViewEngine,Meet The Edge; Partytrick; ViewEngine,meet-the-edge; partytrick; viewengine,False,,https://partiful.com/e/qbDSnp1ZsPjrh0Z4SsCH?,https://www.tech-week.com/calendar/nyc
5371,GenAi: Acquire Properties Swiftly,2026-06-04,14:30:00,Thursday,2026-06-04 14:30,New York City,Central Park,Central Park,Afternoon,"Project Reds, Inc.","Project Reds, Inc.",,"Project Reds, Inc.",project-reds-inc,False,,https://partiful.com/e/1tdv13r8Ven8DkmlqSvF?c=nQTedZI_,https://www.tech-week.com/calendar/nyc
5426,PwC AI Roundtable,2026-06-04,14:30:00,Thursday,2026-06-04 14:30,New York City,Midtown,Midtown,Afternoon,PwC,PwC,,PwC,pwc,True,gold,,https://www.tech-week.com/calendar/nyc
5719,IBM Sports Tech Startup Challenge Showcase co-hosted with Comcast Ventures,2026-06-04,14:30:00,Thursday,2026-06-04 14:30,New York City,Flatiron,Flatiron,Afternoon,IBM,IBM,Comcast Ventures,IBM; Comcast Ventures,ibm; comcast-ventures,False,platinum,https://partiful.com/e/Xjjtc1Cr1VTMlBMCMvcY?,https://www.tech-week.com/calendar/nyc
247,AI Agents in Healthcare: Who Owns the Intelligence?,2026-06-04,15:00:00,Thursday,2026-06-04 15:00,New York City,Flatiron,Flatiron,Afternoon,Amigo.AI,Amigo.AI,,Amigo.AI,amigo-ai,True,,,https://www.tech-week.com/calendar/nyc
4502,Wear Your Coach: A Live Wearable Movement Demo,2026-06-04,15:00:00,Thursday,2026-06-04 15:00,New York City,Chinatown,Chinatown,Afternoon,Dongan Electrical Engineering,Dongan Electrical Engineering,,Dongan Electrical Engineering,dongan-electrical-engineering,False,,https://partiful.com/e/wzyk1u8WVdwAoMGw0ceX,https://www.tech-week.com/calendar/nyc
4825,Your Next Exec Won't Be Human,2026-06-04,15:00:00,Thursday,2026-06-04 15:00,New York City,Flatiron,Flatiron,Afternoon,Masinov Company / Claw Mart,Masinov Company / Claw Mart,Build Momentum,Masinov Company / Claw Mart; Build Momentum,masinov-company-claw-mart; build-momentum,False,,https://partiful.com/e/qqC3IXlm4F4XffMCo8WL,https://www.tech-week.com/calendar/nyc
5428,The Founder Match,2026-06-04,15:00:00,Thursday,2026-06-04 15:00,New York City,Flatiron,Flatiron,Afternoon,Inception Studio,Inception Studio,,Inception Studio,inception-studio,True,,,https://www.tech-week.com/calendar/nyc
5623,IEEE and the future of AI,2026-06-04,15:00:00,Thursday,2026-06-04 15:00,New York City,Murray Hill,Murray Hill,Afternoon,IEEE,IEEE,,IEEE,ieee,False,,https://partiful.com/e/N2keUjttusXkEOfbu9Cv,https://www.tech-week.com/calendar/nyc
5634,Data Driven Dealmaking: AI’s Role in Modern Tech Transactions,2026-06-04,15:00:00,Thursday,2026-06-04 15:00,New York City,Midtown,Midtown,Afternoon,Weaver,Weaver,1 Business World; Fox Rothschild; VNTR,Weaver; 1 Business World; Fox Rothschild; VNTR,weaver; 1-business-world; fox-rothschild; vntr,False,,,https://www.tech-week.com/calendar/nyc
6293,ERA/RV Portfolio Agentic AI Demo Showcase,2026-06-04,15:00:00,Thursday,2026-06-04 15:00,New York City,Flatiron,Flatiron,Afternoon,ERA,ERA,Zendesk,Zendesk; ERA,zendesk; era,False,,https://partiful.com/e/a1ga0i6NoEfaupZcyPuw,https://www.tech-week.com/calendar/nyc
4398,Secondary is Primary Panel & Happy Hour,2026-06-04,15:15:00,Thursday,2026-06-04 15:15,New York City,SoHo,SoHo,Afternoon,Manhattan Venture Partners,Manhattan Venture Partners,,Manhattan Venture Partners,manhattan-venture-partners,False,,https://partiful.com/e/Qe0yJoqr1sgMYukouF73?c=9iRe-4Sq,https://www.tech-week.com/calendar/nyc
4471,Construction: AI Foresight Over Firefighting,2026-06-04,15:30:00,Thursday,2026-06-04 15:30,New York City,Financial District,Financial District,Afternoon,Jobotics,Jobotics,Bowser AI,Jobotics; Bowser AI,jobotics; bowser-ai,False,,https://partiful.com/e/Zvvlqyq8a1QOStZXGQry,https://www.tech-week.com/calendar/nyc
5109,"AI for Finance: Building with Claude + Excel, MCP, and more!",2026-06-04,15:30:00,Thursday,2026-06-04 15:30,New York City,Financial District,Financial District,Afternoon,Pluvo,Pluvo,,Pluvo,pluvo,False,,https://partiful.com/e/HjUT9chDvQXxrCHGkfcA,https://www.tech-week.com/calendar/nyc
5795,"AI Cruise Happy Hour with AGI House, Alpha Square Group",2026-06-04,15:30:00,Thursday,2026-06-04 15:30,New York City,East Village,East Village,Afternoon,AGI House,AGI House,Alpha Square Group; Fidelity; Backcountry VC,AGI House; Alpha Square Group; Fidelity; Backcountry VC,agi-house; alpha-square-group; fidelity; backcountry-vc,True,,,https://www.tech-week.com/calendar/nyc
6243,Healthcare Power Walk for Real Talk |,2026-06-04,15:30:00,Thursday,2026-06-04 15:30,New York City,Central Park,Central Park,Afternoon,Lowenstein Sandler,Lowenstein Sandler,Silicon Valley Bank; Oughta,Silicon Valley Bank; Lowenstein Sandler; Oughta,silicon-valley-bank; lowenstein-sandler; oughta,False,,https://partiful.com/e/1mYYwDoQV3EtIxTp2kU6,https://www.tech-week.com/calendar/nyc
4170,Food Technology Innovation: Shaping The Future Of Community Health,2026-06-04,16:00:00,Thursday,2026-06-04 16:00,New York City,Midtown,Midtown,Afternoon,FoodNiche Inc,FoodNiche Inc,,FoodNiche Inc,foodniche-inc,False,,https://partiful.com/e/2DMDnnMCfblj3XRPNAuO,https://www.tech-week.com/calendar/nyc
4228,Happy Hour: Qapita,2026-06-04,16:00:00,Thursday,2026-06-04 16:00,New York City,Chinatown,Chinatown,Afternoon,Qapita,Qapita,,Qapita,qapita,False,,https://partiful.com/e/8UaZ7T4xlzKG1R2LeAvY,https://www.tech-week.com/calendar/nyc
4623,Female Founder Pitch Day! +networking,2026-06-04,16:00:00,Thursday,2026-06-04 16:00,New York City,Midtown,Midtown,Afternoon,Fierce Foundry,Fierce Foundry,Perkins Coie,Fierce Foundry; Perkins Coie,fierce-foundry; perkins-coie,False,,https://partiful.com/e/LLiCxUejAn5y5prqxhg2,https://www.tech-week.com/calendar/nyc
4694,From First Principles: Physics AI for the Next Era of Industrial Innovation,2026-06-04,16:00:00,Thursday,2026-06-04 16:00,New York City,Flatiron,Flatiron,Afternoon,PhysicsX,PhysicsX,NVIDIA,PhysicsX; NVIDIA,physicsx; nvidia,False,,https://partiful.com/e/NEVIHlvoy0l9uAXH63P5,https://www.tech-week.com/calendar/nyc
5103,LP Collective Happy Hour,2026-06-04,16:00:00,Thursday,2026-06-04 16:00,New York City,Midtown,Midtown,Afternoon,Generous Ventures,Generous Ventures,,Generous Ventures,generous-ventures,False,,https://partiful.com/e/sjSEn3PFnoEkbggGFIVq,https://www.tech-week.com/calendar/nyc
5184,ANCHOR OUT A private sunset sail with AI leaders,2026-06-04,16:00:00,Thursday,2026-06-04 16:00,New York City,Midtown,Midtown,Afternoon,Lyzr,Lyzr,,Lyzr,lyzr,False,,https://partiful.com/e/wJ3YKRmuytbMEH7s1AP5,https://www.tech-week.com/calendar/nyc
5205,The Future of The Store Floor,2026-06-04,16:00:00,Thursday,2026-06-04 16:00,New York City,Financial District,Financial District,Afternoon,VAULT,VAULT,Printemps NYC,VAULT; Printemps NYC,vault; printemps-nyc,True,,,https://www.tech-week.com/calendar/nyc
5372,Shipping Faster with AI Coding Agents: What's Working and What's Not,2026-06-04,16:00:00,Thursday,2026-06-04 16:00,New York City,SoHo,SoHo,Afternoon,Driver AI,Driver AI,,Driver AI,driver-ai,False,,https://partiful.com/e/5K5c4eODrGPKME7or20H,https://www.tech-week.com/calendar/nyc
5790,Deel&a16z Masterclass: Founder's guide to building one of the world's fastest growing companies,2026-06-04,16:00:00,Thursday,2026-06-04 16:00,New York City,Midtown,Midtown,Afternoon,Deel,Deel,a16z; Orrick,a16z; Deel; Orrick,a16z; deel; orrick,False,platinum,https://partiful.com/e/pqEys4amaG8z14ZJnDGF,https://www.tech-week.com/calendar/nyc
5791,The Future of AI Personalization,2026-06-04,16:00:00,Thursday,2026-06-04 16:00,New York City,Murray Hill,Murray Hill,Afternoon,Zeta Global,Zeta Global,Columbia University,Zeta Global; Columbia University,zeta-global; columbia-university,False,,https://partiful.com/e/ac0iqK6LBUY1d4uFpXxp?,https://www.tech-week.com/calendar/nyc
5801,Bodega and Small Business Innovation Summit - Digitizing the Corner Store,2026-06-04,16:00:00,Thursday,2026-06-04 16:00,New York City,,,Afternoon,Bodega and Small Business Group,Bodega and Small Business Group,"Venture Outfitters, Inc. DBA Tech Ranch","Bodega and Small Business Group; Venture Outfitters, Inc. DBA Tech Ranch",bodega-and-small-business-group; venture-outfitters-inc-dba-tech-ranch,False,,https://partiful.com/e/K5lGeT64lmY0bPqejje4?c=gLDxMns-,https://www.tech-week.com/calendar/nyc
6077,"The Intelligent Workflow Playbook Event, featuring John Harbaugh",2026-06-04,16:00:00,Thursday,2026-06-04 16:00,New York City,Midtown,Midtown,Afternoon,Tines,Tines,,Tines,tines,False,,,https://www.tech-week.com/calendar/nyc
6233,Mastercard’s Discovering Quantum Computing,2026-06-04,16:00:00,Thursday,2026-06-04 16:00,New York City,Flatiron,Flatiron,Afternoon,Mastercard,Mastercard,,Mastercard,mastercard,False,,https://partiful.com/e/1DfnTdwjX1aN2XaPS5YC,https://www.tech-week.com/calendar/nyc
6291,RE:WEALTH,2026-06-04,16:00:00,Thursday,2026-06-04 16:00,New York City,Chelsea,Chelsea,Afternoon,Sanctum Foundation,Sanctum,,Sanctum,sanctum,False,,https://partiful.com/e/N0eqFpTuPdUZKPjJAhqj,https://www.tech-week.com/calendar/nyc
5721,The Future of Tech & Talent in NYC: A New Hub for Startups | Panel & Cocktail Reception,2026-06-04,16:15:00,Thursday,2026-06-04 16:15,New York City,Flatiron,Flatiron,Afternoon,IBM,IBM,Tech:NYC; Comcast Ventures,IBM; Tech:NYC; Comcast Ventures,ibm; tech-nyc; comcast-ventures,False,platinum,https://partiful.com/e/M22GC4aLfY3Rf3wS80SR?c=8lfq-lWI,https://www.tech-week.com/calendar/nyc
67,Claude Code Hackathon - Build an Agentic Team,2026-06-04,16:30:00,Thursday,2026-06-04 16:30,New York City,Chelsea,Chelsea,Afternoon,Elevate Online,Elevate Online,Imaginary Space,Elevate Online; Imaginary Space,elevate-online; imaginary-space,False,,https://partiful.com/e/W1wgKUzLIYEUHksaomkD,https://www.tech-week.com/calendar/nyc
5809,Sip & Scale: AI For Diverse Founders And Executives,2026-06-04,16:30:00,Thursday,2026-06-04 16:30,New York City,Midtown,Midtown,Afternoon,Accessible AI for All,Accessible AI for All,Angel Hive,Accessible AI for All; Angel Hive,accessible-ai-for-all; angel-hive,False,,https://partiful.com/events/l5ZDdLiowT38u4m6924Q/edit,https://www.tech-week.com/calendar/nyc
38,NYC Chief of Staff Happy Hour,2026-06-04,17:00:00,Thursday,2026-06-04 17:00,New York City,Flatiron,Flatiron,Evening,Ask a Chief of Staff,Ask a Chief of Staff,The Malin,Ask a Chief of Staff; The Malin,ask-a-chief-of-staff; the-malin,False,,https://partiful.com/e/3C8IkdVR36fsPzTyJMGR,https://www.tech-week.com/calendar/nyc
3994,The Journey of an Acquired Founder,2026-06-04,17:00:00,Thursday,2026-06-04 17:00,New York City,Flatiron,Flatiron,Evening,Atlassian,Atlassian,,Atlassian,atlassian,False,gold,https://partiful.com/e/iC3xjF6JPm0iKeTkvCCG,https://www.tech-week.com/calendar/nyc
4020,SE Improv Night + Happy Hour,2026-06-04,17:00:00,Thursday,2026-06-04 17:00,New York City,Midtown,Midtown,Evening,Navattic,Navattic,Opine,Navattic; Opine,navattic; opine,False,,https://partiful.com/e/rYca2LKVj8ucbtBacm8C,https://www.tech-week.com/calendar/nyc
4049,Beauty as Infrastructure: How the Hospitality Industry is Redefining the Guest Experience,2026-06-04,17:00:00,Thursday,2026-06-04 17:00,New York City,Union Square,Union Square,Evening,Triple Eight Creative,Triple Eight Creative,,Triple Eight Creative,triple-eight-creative,True,,,https://www.tech-week.com/calendar/nyc
4114,Legendary Ventures,2026-06-04,17:00:00,Thursday,2026-06-04 17:00,New York City,Midtown,Midtown,Evening,Legendary Ventures,Legendary Ventures,,Legendary Ventures,legendary-ventures,False,,https://partiful.com/e/sVle9BfwwyLeKURBoPEC,https://www.tech-week.com/calendar/nyc
4150,Ultimate startup mixer,2026-06-04,17:00:00,Thursday,2026-06-04 17:00,New York City,East Village,East Village,Evening,Startup+,Startup+,,Startup+,startup,False,,https://partiful.com/e/WeAEyXk7Z8ZVyIvTgn1P,https://www.tech-week.com/calendar/nyc
4199,Build Agents with TheVibeFounder,2026-06-04,17:00:00,Thursday,2026-06-04 17:00,New York City,Flatiron,Flatiron,Evening,TheVibeFounder,TheVibeFounder,,TheVibeFounder,thevibefounder,False,,https://partiful.com/e/wBX9hRAZ70hPhugZfvHY,https://www.tech-week.com/calendar/nyc
4205,AI Leader Dinner,2026-06-04,17:00:00,Thursday,2026-06-04 17:00,New York City,Financial District,Financial District,Evening,TrueLogic,TrueLogic,,TrueLogic,truelogic,True,,,https://www.tech-week.com/calendar/nyc
4302,Climate Scaling Summit: Financing the Full Capital Stack,2026-06-04,17:00:00,Thursday,2026-06-04 17:00,New York City,Brooklyn,Brooklyn,Evening,Los Angeles Cleantech Incubator (LACI),Los Angeles Cleantech Incubator (LACI),Urban Future Lab (UFL) at NYU Tandon,Los Angeles Cleantech Incubator (LACI); Urban Future Lab (UFL) at NYU Tandon,los-angeles-cleantech-incubator-laci; urban-future-lab-ufl-at-nyu-tandon,False,,https://partiful.com/e/SzwFkltgl0ehKttHyzAN,https://www.tech-week.com/calendar/nyc
4314,CREWASIS Presents: Human in the Loop: Marketing in the Age of Agentic AI for Enterprise,2026-06-04,17:00:00,Thursday,2026-06-04 17:00,New York City,Lower East Side,Lower East Side,Evening,CREWASIS,CREWASIS,,CREWASIS,crewasis,False,,https://partiful.com/e/0686jCvpOQUbYoBTLKXh?f=1&photo=all,https://www.tech-week.com/calendar/nyc
4344,AI Velocity Trading: Official Launch & Strategy Discussion,2026-06-04,17:00:00,Thursday,2026-06-04 17:00,New York City,Financial District,Financial District,Evening,"AI Velocity Fund, LLC","AI Velocity Fund, LLC",,"AI Velocity Fund, LLC",ai-velocity-fund-llc,False,,https://partiful.com/e/vfUtZSxua5sANHaUJPdb,https://www.tech-week.com/calendar/nyc
4356,Founders & Investors Soiree |,2026-06-04,17:00:00,Thursday,2026-06-04 17:00,New York City,Flatiron,Flatiron,Evening,Supermoon,Supermoon,,Supermoon,supermoon,False,,https://partiful.com/e/fcS1sPOYoO4R7xf3egac,https://www.tech-week.com/calendar/nyc
4384,Democratizing the Creative Economy - Presented by ByteDance,2026-06-04,17:00:00,Thursday,2026-06-04 17:00,New York City,Flatiron,Flatiron,Evening,SocialSight,SocialSight,ByteDance,SocialSight; ByteDance,socialsight; bytedance,False,,https://partiful.com/e/8eZFNPbkIvMBjsJELaAE,https://www.tech-week.com/calendar/nyc
4566,"Ready for Anything; preparing for IPO, Spac and Unexpected Capital Market Shifts",2026-06-04,17:00:00,Thursday,2026-06-04 17:00,New York City,Midtown,Midtown,Evening,Protiviti,Protiviti,,Protiviti,protiviti,True,,,https://www.tech-week.com/calendar/nyc
4628,founder wellness,2026-06-04,17:00:00,Thursday,2026-06-04 17:00,New York City,East Village,East Village,Evening,The Collective,The Collective,Zendesk,The Collective; Zendesk,the-collective; zendesk,False,,https://partiful.com/e/roBdpE5BbsISagoa8CzN,https://www.tech-week.com/calendar/nyc
4710,Innovation at the Regulatory Frontier: A Digital Assets Cocktail Evening,2026-06-04,17:00:00,Thursday,2026-06-04 17:00,New York City,Midtown,Midtown,Evening,Fox Rothschild,Fox Rothschild,EisnerAmper,Fox Rothschild; EisnerAmper,fox-rothschild; eisneramper,False,,https://partiful.com/e/BLHCHSAj6duohcGynakT,https://www.tech-week.com/calendar/nyc
4711,Tech Pulse 2030- AI 2030 New York Event,2026-06-04,17:00:00,Thursday,2026-06-04 17:00,New York City,Gramercy Park,Gramercy Park,Evening,AI2030,AI2030,,AI2030,ai2030,True,,,https://www.tech-week.com/calendar/nyc
4769,Crypto and AI Rooftop Mixer with Manatt + North Island Ventures,2026-06-04,17:00:00,Thursday,2026-06-04 17:00,New York City,Midtown,Midtown,Evening,Manatt,Manatt,North Island Ventures,Manatt; North Island Ventures,manatt; north-island-ventures,False,,https://partiful.com/e/nnaHoXkj6VVkLNImNNxJ,https://www.tech-week.com/calendar/nyc
4807,Cocktails & Capital,2026-06-04,17:00:00,Thursday,2026-06-04 17:00,New York City,West Village,West Village,Evening,DealMaker,DealMaker,,DealMaker,dealmaker,False,,https://partiful.com/e/zdVRzPuuWzJci0dvBipE,https://www.tech-week.com/calendar/nyc
4848,Unreal NYC June Meetup,2026-06-04,17:00:00,Thursday,2026-06-04 17:00,New York City,Midtown,Midtown,Evening,Agile Lens,Agile Lens,,Agile Lens,agile-lens,False,,https://partiful.com/e/kNzjYKYZPsXC63XE7Jn6,https://www.tech-week.com/calendar/nyc
4856,Traders Happy Hour & Co-Founders Chat,2026-06-04,17:00:00,Thursday,2026-06-04 17:00,New York City,Greenwich Village,Greenwich Village,Evening,True Markets,True Markets,,True Markets,true-markets,False,,https://partiful.com/e/gb4EHH1wLy3dGjA7uBtu,https://www.tech-week.com/calendar/nyc
5003,EdTech Rooftop: Founders & Leaders (Drinks on us),2026-06-04,17:00:00,Thursday,2026-06-04 17:00,New York City,Midtown,Midtown,Evening,Neocoast,Neocoast,,Neocoast,neocoast,False,,https://partiful.com/e/v5HOrZHjo2oq7YvxwxYx,https://www.tech-week.com/calendar/nyc
5011,Growth and Ecom in the Age of AI Happy Hour,2026-06-04,17:00:00,Thursday,2026-06-04 17:00,New York City,SoHo,SoHo,Evening,Haven,Haven,,Haven,haven,False,,https://partiful.com/e/W8Zz3f2lutZZRksKD1hr,https://www.tech-week.com/calendar/nyc
5020,Beyond Architecture: Closing the Performance Gap with Cultural Infrastructure Event.,2026-06-04,17:00:00,Thursday,2026-06-04 17:00,New York City,Midtown,Midtown,Evening,TAD,TAD,Art Republic,TAD; Art Republic,tad; art-republic,True,,,https://www.tech-week.com/calendar/nyc
5175,Stakeholder Risk: The Hidden Driver of Value Creation & Loss,2026-06-04,17:00:00,Thursday,2026-06-04 17:00,New York City,Midtown,Midtown,Evening,The Vertical,The Vertical,HumanFactor™ Enterprises,The Vertical; HumanFactor™ Enterprises,the-vertical; humanfactor-enterprises,False,,https://partiful.com/e/rHqfTd6Pxla6Sy7xkpkp,https://www.tech-week.com/calendar/nyc
5186,"The New CS Skill Set: Build the System, Become the Strategist",2026-06-04,17:00:00,Thursday,2026-06-04 17:00,New York City,SoHo,SoHo,Evening,Women of Customer Success,Women of Customer Success,,Women of Customer Success,women-of-customer-success,False,,https://partiful.com/e/GEDtdJiI0ZyMgIDvwZRh,https://www.tech-week.com/calendar/nyc
5244,She's Selling: Building the $3.3T Future of Female Exits with Fintech,2026-06-04,17:00:00,Thursday,2026-06-04 17:00,New York City,Flatiron,Flatiron,Evening,Exette,Exette,,Exette,exette,False,,https://partiful.com/e/rlMYu1yn8OTgJ0Vbaopm,https://www.tech-week.com/calendar/nyc
5309,Pinecone Nexus AI Launch Party,2026-06-04,17:00:00,Thursday,2026-06-04 17:00,New York City,Flatiron,Flatiron,Evening,Pinecone,Pinecone,,Pinecone,pinecone,False,,https://partiful.com/e/47mPwA31ZZoWx6Tzozgr,https://www.tech-week.com/calendar/nyc
5313,Global Startup Pitch Night,2026-06-04,17:00:00,Thursday,2026-06-04 17:00,New York City,Brooklyn,Brooklyn,Evening,Founder Social Club,Founder Social Club,,Founder Social Club,founder-social-club,False,,https://partiful.com/e/vUVTDsFNoe4i4aGWbY1o,https://www.tech-week.com/calendar/nyc
5377,Women in VC: Tarot readings and cocktail tasting,2026-06-04,17:00:00,Thursday,2026-06-04 17:00,New York City,Union Square,Union Square,Evening,Odin,Odin,Women in Tech UK,Odin; Women in Tech UK,odin; women-in-tech-uk,False,,https://partiful.com/e/joP5OC0Ccs4xFrVBBkp1?c=KQrEUeKF,https://www.tech-week.com/calendar/nyc
5455,Financial Markets & AI,2026-06-04,17:00:00,Thursday,2026-06-04 17:00,New York City,Financial District,Financial District,Evening,Carry,Carry,,Carry,carry,False,,https://partiful.com/e/XRh7BkU0gaV0FlYEwU32,https://www.tech-week.com/calendar/nyc
5605,Product Meetup by Lenny's Newsletter,2026-06-04,17:00:00,Thursday,2026-06-04 17:00,New York City,Greenwich Village,Greenwich Village,Evening,Lenny's Newsletter,Lenny's Newsletter,Anvil; Clerk,Lenny's Newsletter; Anvil; Clerk,lenny-s-newsletter; anvil; clerk,False,,https://partiful.com/e/9f5IxBLEiOhNjijLN7h3,https://www.tech-week.com/calendar/nyc
5700,"🏝App founders island: roundtables, drinks & tarot",2026-06-04,17:00:00,Thursday,2026-06-04 17:00,New York City,SoHo,SoHo,Evening,TRMNL4,TRMNL4,Flyer One Ventures,TRMNL4; Flyer One Ventures,trmnl4; flyer-one-ventures,False,,https://partiful.com/events/ZLbX6Dhvf2GxckCInpt1,https://www.tech-week.com/calendar/nyc
5776,Infinite Impact Lab: From Invisible Work to Undeniable Proof,2026-06-04,17:00:00,Thursday,2026-06-04 17:00,New York City,Midtown,Midtown,Evening,Growing the Middle,Growing the Middle,,Growing the Middle,growing-the-middle,False,,https://partiful.com/e/AgSHwfX52RKiTIHXYcLH?c=D0q5ij2t,https://www.tech-week.com/calendar/nyc
5778,WSC- AI vs Human Debate Night,2026-06-04,17:00:00,Thursday,2026-06-04 17:00,New York City,Chelsea,Chelsea,Evening,Women's Society of Cyberjutsu,,Women's Society of Cyberjutsu,Women's Society of Cyberjutsu,women-s-society-of-cyberjutsu,False,,https://partiful.com/e/Cig2PY1aZru3nhBQhMfj?c=s6rN3nhc,https://www.tech-week.com/calendar/nyc
5802,NY Tech Week Happy Hour,2026-06-04,17:00:00,Thursday,2026-06-04 17:00,New York City,Chelsea,Chelsea,Evening,Struck Capital,Struck Capital,,Struck Capital,struck-capital,False,,https://partiful.com/events/ZcJfnEMAhDF3jdpLXIZi/edit,https://www.tech-week.com/calendar/nyc
5804,"Physical AI, World Models & Spatial Intelligence",2026-06-04,17:00:00,Thursday,2026-06-04 17:00,New York City,Flatiron,Flatiron,Evening,Nucleus4D,Nucleus4D,,Nucleus4D,nucleus4d,False,,https://partiful.com/events/iPG3ECBjiSVSQKLrDvJs,https://www.tech-week.com/calendar/nyc
5810,Mixer with Justworks,2026-06-04,17:00:00,Thursday,2026-06-04 17:00,New York City,Financial District,Financial District,Evening,Justworks,Justworks,,Justworks,justworks,True,,,https://www.tech-week.com/calendar/nyc
5811,Mastering the Shift: Becoming an Agentic Engineer,2026-06-04,17:00:00,Thursday,2026-06-04 17:00,New York City,Chinatown,Chinatown,Evening,Melting,Melting,,Melting,melting,True,,,https://www.tech-week.com/calendar/nyc
6225,a16z Future of Media Soirée,2026-06-04,17:00:00,Thursday,2026-06-04 17:00,New York City,SoHo,SoHo,Evening,a16z,,a16z; https://sources.news/,a16z; https://sources.news/,a16z; https-sources-news,False,,https://partiful.com/e/NZ9HUBqar16zcrsqsxpQ,https://www.tech-week.com/calendar/nyc
116,Transformation Through AI: The Trust Layer Beneath AI,2026-06-04,17:30:00,Thursday,2026-06-04 17:30,New York City,Flatiron,Flatiron,Evening,Beyond Capital,Beyond Capital,,Beyond Capital,beyond-capital,True,,,https://www.tech-week.com/calendar/nyc
3989,"Somatic Wellness, Breathwork & Nervous System Regulation",2026-06-04,17:30:00,Thursday,2026-06-04 17:30,New York City,Meatpacking District,Meatpacking District,Evening,Somarae,Somarae,,Somarae,somarae,False,,https://partiful.com/e/BZqpixojsn6MKtOvYbBb?,https://www.tech-week.com/calendar/nyc
4421,"Don't Call It That — Naming, Brand & GTM with Eli Altman",2026-06-04,17:30:00,Thursday,2026-06-04 17:30,New York City,Hudson Yards,Hudson Yards,Evening,get.tech,get.tech,,get.tech,get-tech,False,,https://partiful.com/e/jeb9AxJN56eYiF5etSjH,https://www.tech-week.com/calendar/nyc
4425,Latinos In VC Vol lI,2026-06-04,17:30:00,Thursday,2026-06-04 17:30,New York City,Midtown,Midtown,Evening,Colectivo,Colectivo,,Colectivo,colectivo,False,,https://partiful.com/e/f6KrALsCB9k0DXqcG63d,https://www.tech-week.com/calendar/nyc
4440,"Data + UX in the Reality of AI agents, synthetic users",2026-06-04,17:30:00,Thursday,2026-06-04 17:30,New York City,Union Square,Union Square,Evening,STELLANS.io,Stellans.io,,Stellans.io,stellans-io,False,,https://partiful.com/e/m5xlxRZNLV9VsZZ97lGf,https://www.tech-week.com/calendar/nyc
4629,Blueberries. FP&A,2026-06-04,17:30:00,Thursday,2026-06-04 17:30,New York City,Midtown,Midtown,Evening,Blueberries.,Blueberries.,,Blueberries.,blueberries,False,,https://partiful.com/e/j2bZTtAyaOkOMidsx5YB,https://www.tech-week.com/calendar/nyc
4812,AI Ops in Action: Live Demos + Founder Showcases,2026-06-04,17:30:00,Thursday,2026-06-04 17:30,New York City,SoHo,SoHo,Evening,AutoOpsStack,AutoOpsStack,Brainstation; AI Networking Lab,AutoOpsStack; Brainstation; AI Networking Lab,autoopsstack; brainstation; ai-networking-lab,False,,https://partiful.com/e/deH1UugMJh8eLejlukJ5,https://www.tech-week.com/calendar/nyc
4832,"Travel, Recharged!",2026-06-04,17:30:00,Thursday,2026-06-04 17:30,New York City,Union Square,Union Square,Evening,Nappr,Nappr,Flex N' Fly,Nappr; Flex N' Fly,nappr; flex-n-fly,False,,https://partiful.com/e/Jl1DEHZSKYd66t6P0OHA,https://www.tech-week.com/calendar/nyc
5029,Contech Alliance Trivia Happy Hour,2026-06-04,17:30:00,Thursday,2026-06-04 17:30,New York City,Midtown,Midtown,Evening,Contech Alliance,Contech Alliance,,Contech Alliance,contech-alliance,False,,https://partiful.com/e/VHXdo63oVAkJ7tXkD0ie,https://www.tech-week.com/calendar/nyc
5090,Doing More With Less (On Purpose): Scaling the AI-Native Startup,2026-06-04,17:30:00,Thursday,2026-06-04 17:30,New York City,SoHo,SoHo,Evening,Cogent Security,Cogent Security,,Cogent Security,cogent-security,False,,https://partiful.com/e/dhReyZzxqXT2o2XLNjOT,https://www.tech-week.com/calendar/nyc
5151,WORKSHOP: Learn how to pitch press,2026-06-04,17:30:00,Thursday,2026-06-04 17:30,New York City,Union Square,Union Square,Evening,Rock Yard Ventures,Rock Yard Ventures,SutherlandGold,Rock Yard Ventures; SutherlandGold,rock-yard-ventures; sutherlandgold,False,,https://partiful.com/e/Ij7ljdnLIT3ixkj3yh1g,https://www.tech-week.com/calendar/nyc
5179,"Mobile Engineering Summit Scaling Apps with Performance, Reliability, and AI",2026-06-04,17:30:00,Thursday,2026-06-04 17:30,New York City,Flatiron,Flatiron,Evening,bitdrift,bitdrift,,bitdrift,bitdrift,False,,https://partiful.com/e/xq5OTmCRLm1PKm3Una2E,https://www.tech-week.com/calendar/nyc
5180,Build Smarter Debaters: AI Debating Demo —,2026-06-04,17:30:00,Thursday,2026-06-04 17:30,New York City,SoHo,SoHo,Evening,Delta Speech And Debate,Delta Speech And Debate,,Delta Speech And Debate,delta-speech-and-debate,False,,https://partiful.com/e/sCa5LOBUv2QarQsmzthk,https://www.tech-week.com/calendar/nyc
5234,Practical AI for Agencies,2026-06-04,17:30:00,Thursday,2026-06-04 17:30,New York City,Flatiron,Flatiron,Evening,Savas Labs,Savas Labs,,Savas Labs,savas-labs,False,,https://partiful.com/e/YJv70hysQ7Qz9yB9Dxkn,https://www.tech-week.com/calendar/nyc
5312,"Build Anywhere, Scale Everywhere: Global Founders Walk",2026-06-04,17:30:00,Thursday,2026-06-04 17:30,New York City,SoHo,SoHo,Evening,Afro Adventurer,Afro Adventurer,christineolukere@gmail.com,Afro Adventurer; christineolukere@gmail.com,afro-adventurer; christineolukere-gmail-com,False,,https://partiful.com/e/s4Oj5daPuG8kw5MqKOQV?c=OXzCdFeK,https://www.tech-week.com/calendar/nyc
5321,"Frontiers in Computing: Quantum, Chips, Semiconductors",2026-06-04,17:30:00,Thursday,2026-06-04 17:30,New York City,Midtown,Midtown,Evening,H*QUOTIENT,H*QUOTIENT,,H*QUOTIENT,h-quotient,False,,https://partiful.com/e/BAZ9mOpGGbNBVF8wCvJA,https://www.tech-week.com/calendar/nyc
5457,Build & Balance: Training With Your Biology,2026-06-04,17:30:00,Thursday,2026-06-04 17:30,New York City,Flatiron,Flatiron,Evening,Pinkmatter,Pinkmatter,Sync N,Pinkmatter; Sync N,pinkmatter; sync-n,False,,https://partiful.com/e/K1ivmFFt8ooSTv3l48vS,https://www.tech-week.com/calendar/nyc
5498,Voice AI After Hours: Cartesia x AWS Happy Hour,2026-06-04,17:30:00,Thursday,2026-06-04 17:30,New York City,Greenwich Village,Greenwich Village,Evening,Cartesia AI,Cartesia AI,Amazon Web Services,Cartesia AI; Amazon Web Services,cartesia-ai; amazon-web-services,False,,https://partiful.com/e/sp4Bjt8b6PEBpUg5pAtr,https://www.tech-week.com/calendar/nyc
5728,Tech x Creator Social at #NYTechWeek,2026-06-04,17:30:00,Thursday,2026-06-04 17:30,New York City,Lower East Side,Lower East Side,Evening,Wells Fargo TMT Investment Banking,Wells Fargo TMT Investment Banking,,Wells Fargo TMT Investment Banking,wells-fargo-tmt-investment-banking,False,,https://partiful.com/e/EuXFQer0qIBFcE0xOhBX,https://www.tech-week.com/calendar/nyc
5758,Latino Tech Mixer Vol 4,2026-06-04,17:30:00,Thursday,2026-06-04 17:30,New York City,Lower East Side,Lower East Side,Evening,Pygma,Pygma,Colectivo,Pygma; Colectivo,pygma; colectivo,False,,https://partiful.com/e/FDxH8qpnWSZ4DtT5Bp2a,https://www.tech-week.com/calendar/nyc
5806,Barsys Tech Week Happy Hour,2026-06-04,17:30:00,Thursday,2026-06-04 17:30,New York City,Midtown,Midtown,Evening,Barsys,Barsys,,Barsys,barsys,False,,https://partiful.com/e/wxObiQNzth3nAApeyYWG?,https://www.tech-week.com/calendar/nyc
5813,The Next Generation of Wealth Creators: From Influence to Equity,2026-06-04,17:30:00,Thursday,2026-06-04 17:30,New York City,Midtown,Midtown,Evening,Lazard Wealth,Lazard Wealth,,Lazard Wealth,lazard-wealth,False,,https://partiful.com/e/QYBJTmEeWSbkEgCpIc0d,https://www.tech-week.com/calendar/nyc
6278,Health2Tech - #NYTechWeek,2026-06-04,17:30:00,Thursday,2026-06-04 17:30,New York City,Midtown,Midtown,Evening,Health2Tech,Health2Tech,,Health2Tech,health2tech,False,,https://partiful.com/e/akUOkWP2DMvMosFELiqd,https://www.tech-week.com/calendar/nyc
6346,Edelman & Tech:NYC New Media & Comms Happy Hour,2026-06-04,17:30:00,Thursday,2026-06-04 17:30,New York City,SoHo,SoHo,Evening,Edelman,Edelman,Tech:NYC,Edelman; Tech:NYC,edelman; tech-nyc,False,,https://partiful.com/e/6IyADQq5v84QxvH5HuAM?c=UTbKDoTH,https://www.tech-week.com/calendar/nyc
6427,Executive Data Council: Evening Roundtables,2026-06-04,17:30:00,Thursday,2026-06-04 17:30,New York City,Midtown,Midtown,Evening,SYNTHESIS,SYNTHESIS,,SYNTHESIS,synthesis,False,,,https://www.tech-week.com/calendar/nyc
10,"Vertical AI in Accounting with CPA.com, Adaptive, and Tabs",2026-06-04,17:45:00,Thursday,2026-06-04 17:45,New York City,Central Park,Central Park,Evening,Adaptive,Adaptive,CPA.com; Tabs,Adaptive; CPA.com; Tabs,adaptive; cpa-com; tabs,False,,https://partiful.com/e/B6yvP8U2ZeeL3tVCudrZ,https://www.tech-week.com/calendar/nyc
32,The South Asian Tech Week Mixer Ed. IV,2026-06-04,18:00:00,Thursday,2026-06-04 18:00,New York City,Lower East Side,Lower East Side,Evening,Mango NYC,Mango NYC,,Mango NYC,mango-nyc,False,,https://partiful.com/e/0L84J8nQjMRq0eyBW4Do,https://www.tech-week.com/calendar/nyc
42,Haus of Creators AI LABS hosted by Venus Rose and ilias anwar,2026-06-04,18:00:00,Thursday,2026-06-04 18:00,New York City,SoHo,SoHo,Evening,"Haus of Creators Foundation, Inc.","Haus of Creators Foundation, Inc.",,"Haus of Creators Foundation, Inc.",haus-of-creators-foundation-inc,False,,https://partiful.com/e/HqDbwbDLWBvTjsl2YeR5?c=cOh7Q5eG,https://www.tech-week.com/calendar/nyc
194,Baddies In Tech,2026-06-04,18:00:00,Thursday,2026-06-04 18:00,New York City,Union Square,Union Square,Evening,Karamacare,Karamacare,Resident,Karamacare; Resident,karamacare; resident,False,,https://partiful.com/e/BHebxeHV8NH7GxZdypXE?,https://www.tech-week.com/calendar/nyc
212,3rd Annual VC Rooftop Happy Hour,2026-06-04,18:00:00,Thursday,2026-06-04 18:00,New York City,Midtown,Midtown,Evening,Alpha Partners,Alpha Partners,,Alpha Partners,alpha-partners,False,,https://partiful.com/e/0Bld4RlEWBDPwVQIOtT4,https://www.tech-week.com/calendar/nyc
222,"Women’s Physiology in AI, Performance & Longevity",2026-06-04,18:00:00,Thursday,2026-06-04 18:00,New York City,Chelsea,Chelsea,Evening,AskPetal,AskPetal,,AskPetal,askpetal,False,,https://partiful.com/e/n5x8mA6dCodI2A53nAtk,https://www.tech-week.com/calendar/nyc
223,New York Tech Week Afrobeats Party,2026-06-04,18:00:00,Thursday,2026-06-04 18:00,New York City,Upper Manhattan,Upper Manhattan,Evening,Travelbay,Travelbay,,Travelbay,travelbay,False,,https://partiful.com/e/sQabZ7OHPLufkb0Kgk4W,https://www.tech-week.com/calendar/nyc
251,Off Duty with Mirror Mirror AI,2026-06-04,18:00:00,Thursday,2026-06-04 18:00,New York City,Chelsea,Chelsea,Evening,Mirror Mirror AI,Mirror Mirror AI,,Mirror Mirror AI,mirror-mirror-ai,False,,https://partiful.com/e/b5KGzALeA3ztN4cWC76B?c=RKIC9gAU,https://www.tech-week.com/calendar/nyc
258,Personalized Career Journeys: Future of AI x Edu,2026-06-04,18:00:00,Thursday,2026-06-04 18:00,New York City,SoHo,SoHo,Evening,Rita Group,Rita Group,,Rita Group,rita-group,False,,https://partiful.com/e/UFhy6AtOcwhsalPnpYsB,https://www.tech-week.com/calendar/nyc
4067,Sunset Sips & Sushi with Female Founders and Execs,2026-06-04,18:00:00,Thursday,2026-06-04 18:00,New York City,Union Square,Union Square,Evening,New Enterprise Associates,New Enterprise Associates,JPMorgan,New Enterprise Associates; JPMorgan,new-enterprise-associates; jpmorgan,False,,https://partiful.com/e/WWPAAjfT9ybpzmNwU0UZ,https://www.tech-week.com/calendar/nyc
4156,European Café Night: For VCs and Founders,2026-06-04,18:00:00,Thursday,2026-06-04 18:00,New York City,Flatiron,Flatiron,Evening,Reitler Law,Reitler Law,,Reitler Law,reitler-law,False,,https://partiful.com/e/Umw3coh8ELu8mNKoRqWT,https://www.tech-week.com/calendar/nyc
4163,Albany Franchise Ownership,2026-06-04,18:00:00,Thursday,2026-06-04 18:00,New York City,Virtual (NYC),Virtual (NYC),Evening,Wefranch,Wefranch,,Wefranch,wefranch,False,,https://partiful.com/e/oFvkD9veGJyteOs39NCl,https://www.tech-week.com/calendar/nyc
4191,Agents at Scale,2026-06-04,18:00:00,Thursday,2026-06-04 18:00,New York City,SoHo,SoHo,Evening,Deskree,Desktree,Tavily; Braintrust; Modal,Desktree; Tavily; Braintrust; Modal,desktree; tavily; braintrust; modal,False,,https://partiful.com/e/6BlGFmwIdpyndqyLYS2v?c=bv5YqCoL,https://www.tech-week.com/calendar/nyc
4230,"BREWS, PITCH & CHILL #Westchester County",2026-06-04,18:00:00,Thursday,2026-06-04 18:00,New York City,,,Evening,"SafeStops Global, Inc.","SafeStops Global, Inc.",QUAY Acceleration,"QUAY Acceleration; SafeStops Global, Inc.",quay-acceleration; safestops-global-inc,False,,https://partiful.com/e/qZn5XHYuMR373Ah1MIen?c=xf14_TXE,https://www.tech-week.com/calendar/nyc
4233,Camber x a16z: Healthcare Mixer,2026-06-04,18:00:00,Thursday,2026-06-04 18:00,New York City,Flatiron,Flatiron,Evening,Camber,Camber,,Camber,camber,False,,https://partiful.com/e/sNTzT8AWyMCE1MpKepZk,https://www.tech-week.com/calendar/nyc
4238,PMAI: AI GTM Workshop,2026-06-04,18:00:00,Thursday,2026-06-04 18:00,New York City,Midtown,Midtown,Evening,Pioneering Minds AI,Pioneering Minds AI,,Pioneering Minds AI,pioneering-minds-ai,False,,https://partiful.com/e/Q50pWz1Jw0pVwULvZ8WA,https://www.tech-week.com/calendar/nyc
4253,AEO + PR = Your Winning Comms Strategy,2026-06-04,18:00:00,Thursday,2026-06-04 18:00,New York City,Flatiron,Flatiron,Evening,SUSO Digital,SUSO Digital,Kite Hill,SUSO Digital; Kite Hill,suso-digital; kite-hill,False,,https://partiful.com/e/FHQzZG7KWORsvYyorbhQ,https://www.tech-week.com/calendar/nyc
4324,Finance Leaders Tee Off - TechWeek Mixer Hosted by BILL and DualEntry,2026-06-04,18:00:00,Thursday,2026-06-04 18:00,New York City,Midtown,Midtown,Evening,BILL,BILL,DualEntry,BILL; DualEntry,bill; dualentry,False,,https://partiful.com/e/TPywyXANl1kJ9N385RDw,https://www.tech-week.com/calendar/nyc
4325,Off the Record: Tech & Media Mixer at,2026-06-04,18:00:00,Thursday,2026-06-04 18:00,New York City,Midtown,Midtown,Evening,InPress,InPress,Beehiiv,InPress; Beehiiv,inpress; beehiiv,False,,https://partiful.com/e/1gPW73Afek9kp0i6nZNc,https://www.tech-week.com/calendar/nyc
4347,"The New Arena: How Sports Are Driving Culture, Commerce, and Connection",2026-06-04,18:00:00,Thursday,2026-06-04 18:00,New York City,Chelsea,Chelsea,Evening,Capitalize VC,Capitalize VC,SickBird Production,Capitalize VC; SickBird Production,capitalize-vc; sickbird-production,False,,https://partiful.com/e/TvlF0H0cSQa9lSMDxEqU?c=JbiNWAgj,https://www.tech-week.com/calendar/nyc
4369,ElevenLabs: Live from NY,2026-06-04,18:00:00,Thursday,2026-06-04 18:00,New York City,SoHo,SoHo,Evening,ElevenLabs,ElevenLabs,,ElevenLabs,elevenlabs,False,,https://partiful.com/e/Vamn82rpSCMY5sp1UgNG,https://www.tech-week.com/calendar/nyc
4396,After AI: The New Hedge Fund Playbook — #NYTechWeek,2026-06-04,18:00:00,Thursday,2026-06-04 18:00,New York City,Tribeca,Tribeca,Evening,Siegen,Siegen,,Siegen,siegen,False,,https://partiful.com/e/aLDnFGn5Cxishs3VQzQs,https://www.tech-week.com/calendar/nyc
4400,AI & Arts - Sip and Learn,2026-06-04,18:00:00,Thursday,2026-06-04 18:00,New York City,SoHo,SoHo,Evening,LUMAS Gallery,LUMAS Gallery,,LUMAS Gallery,lumas-gallery,False,,https://partiful.com/e/cwByFgUxH8YwBKozvBcP,https://www.tech-week.com/calendar/nyc
4432,Glimpse presents AI in CPG & Retail,2026-06-04,18:00:00,Thursday,2026-06-04 18:00,New York City,Gramercy Park,Gramercy Park,Evening,Glimpse,Glimpse,StartupExperts,StartupExperts; Glimpse,startupexperts; glimpse,False,,https://partiful.com/e/9W1eBGct3noonDwcYkad,https://www.tech-week.com/calendar/nyc
4435,Tech for Economic Mobility Mixer,2026-06-04,18:00:00,Thursday,2026-06-04 18:00,New York City,Chinatown,Chinatown,Evening,Gutter Capital,Gutter Capital,Techonomic Mobility,Gutter Capital; Techonomic Mobility,gutter-capital; techonomic-mobility,False,,https://partiful.com/e/cuho3rLbstXqMSZAbREE,https://www.tech-week.com/calendar/nyc
4498,"The Future of Tech: AI, Access & Who Gets Funded",2026-06-04,18:00:00,Thursday,2026-06-04 18:00,New York City,Queens,Queens,Evening,Enpak,Enpak,,Enpak,enpak,False,,https://partiful.com/e/m6zg2yXrZXoH8y7BFVgx,https://www.tech-week.com/calendar/nyc
4499,Out of the Darkness: AI and the Future of Video,2026-06-04,18:00:00,Thursday,2026-06-04 18:00,New York City,Midtown,Midtown,Evening,TwelveLabs,ElevenLabs,,ElevenLabs,elevenlabs,False,,https://partiful.com/e/QGjkHFaKUj5Ozzx7pcAm,https://www.tech-week.com/calendar/nyc
4511,GTM in the technical era,2026-06-04,18:00:00,Thursday,2026-06-04 18:00,New York City,Flatiron,Flatiron,Evening,Exa,Exa,Lightfield,Lightfield; Exa,lightfield; exa,False,,https://partiful.com/e/AkOmmpB7B1CwFVpu1Xrn?,https://www.tech-week.com/calendar/nyc
4548,Tomato Tomato Party @ Ambrook,2026-06-04,18:00:00,Thursday,2026-06-04 18:00,New York City,SoHo,SoHo,Evening,Ambrook,Ambrook,,Ambrook,ambrook,False,,https://partiful.com/e/MkbepF7zY8oKuzIMECtC?c=5YAmwNPT,https://www.tech-week.com/calendar/nyc
4564,From Prototype to Production: The Reality of Deploying Robotics and Embodied AI,2026-06-04,18:00:00,Thursday,2026-06-04 18:00,New York City,Midtown,Midtown,Evening,New York Robotics,New York Robotics,22 Astronauts,New York Robotics; 22 Astronauts,new-york-robotics; 22-astronauts,False,,https://partiful.com/e/LjcDUfXhSF8zoLtGn03K,https://www.tech-week.com/calendar/nyc
4621,Healthtech Social by Scalpels & Spreadsheets,2026-06-04,18:00:00,Thursday,2026-06-04 18:00,New York City,Midtown,Midtown,Evening,Scalpels & Spreadsheets,Scalpels & Spreadsheets,,Scalpels & Spreadsheets,scalpels-spreadsheets,False,,https://partiful.com/e/zBR84Ayt1fwNpL7b6SCX,https://www.tech-week.com/calendar/nyc
4633,"Celebrating Israeli Tech in the Big Apple, NYC Style",2026-06-04,18:00:00,Thursday,2026-06-04 18:00,New York City,Greenwich Village,Greenwich Village,Evening,97212 Ventures,97212 Ventures,,97212 Ventures,97212-ventures,False,,https://partiful.com/e/UzxEf3JkuHZ9bBliW4pa,https://www.tech-week.com/calendar/nyc
4656,The European Innovation Summit - TechCrunch & 13 Countries,2026-06-04,18:00:00,Thursday,2026-06-04 18:00,New York City,Midtown,Midtown,Evening,How2Scale,How2Scale,,How2Scale,how2scale,False,,https://partiful.com/e/TgONROpj21IPSTpuQ806,https://www.tech-week.com/calendar/nyc
4717,Roundtrip Capital,2026-06-04,18:00:00,Thursday,2026-06-04 18:00,New York City,Lower East Side,Lower East Side,Evening,IncentivesPRO,IncentivesPRO,ALPFA (Association of Latino Professionals for America),IncentivesPRO; ALPFA (Association of Latino Professionals for America),incentivespro; alpfa-association-of-latino-professionals-for-america,False,,https://partiful.com/e/u5rsjRGDWcnqyDzdkwYE?c=9czgr54z,https://www.tech-week.com/calendar/nyc
4728,Aurelian Labs: Prototypes & Pours @ NY Tech Week,2026-06-04,18:00:00,Thursday,2026-06-04 18:00,New York City,Brooklyn,Brooklyn,Evening,Aurelian Labs,Aurelian Labs,,Aurelian Labs,aurelian-labs,False,,https://partiful.com/e/7r9d5lFrwIbz2cQbhTl0?c=BnuHZuPp,https://www.tech-week.com/calendar/nyc
4767,LHCollab Cocktail Party,2026-06-04,18:00:00,Thursday,2026-06-04 18:00,New York City,Tribeca,Tribeca,Evening,Lighthouse Creative,lighthouse creative,,lighthouse creative,lighthouse-creative,False,,https://partiful.com/e/OdDnHQyO4lxgDn7HX2DX,https://www.tech-week.com/calendar/nyc
4799,The Table ✦ by Women in AI,2026-06-04,18:00:00,Thursday,2026-06-04 18:00,New York City,Flatiron,Flatiron,Evening,Women in AI,Women in AI,,Women in AI,women-in-ai,False,,https://partiful.com/e/3w3F8gnlAbVfFLiL3kJA?c=Iiim4kIN,https://www.tech-week.com/calendar/nyc
4803,Founders and Funders Rooftop Party,2026-06-04,18:00:00,Thursday,2026-06-04 18:00,New York City,Lower East Side,Lower East Side,Evening,Morrison Foerster,Morrison Foerster,Carta; NYU Tandon Future Labs,Morrison Foerster; Carta; NYU Tandon Future Labs,morrison-foerster; carta; nyu-tandon-future-labs,False,,https://partiful.com/e/RobIjG7RR9EwAdmIQ5IP,https://www.tech-week.com/calendar/nyc
4814,Still Human: AI x EQ,2026-06-04,18:00:00,Thursday,2026-06-04 18:00,New York City,SoHo,SoHo,Evening,Lora,Lora,,Lora,lora,False,,https://partiful.com/e/yfRUBuGLEOBb8kY2O16s,https://www.tech-week.com/calendar/nyc
4826,Steal These AI Workflows: Live Demos from NYC’s Top AI Builders,2026-06-04,18:00:00,Thursday,2026-06-04 18:00,New York City,Union Square,Union Square,Evening,Startup Grind,Startup Grind,,Startup Grind,startup-grind,False,,https://partiful.com/e/sGvp4VIr3KrGqRoWCKhV,https://www.tech-week.com/calendar/nyc
4837,AI dinner for Internal Audit Leaders,2026-06-04,18:00:00,Thursday,2026-06-04 18:00,New York City,Brooklyn,Brooklyn,Evening,Bead AI,Bead AI,,Bead AI,bead-ai,False,,https://partiful.com/e/k3uSaDveta7Zhnrg3u18,https://www.tech-week.com/calendar/nyc
4845,TCS Presents: The Gemini Experience Center Illuminated,2026-06-04,18:00:00,Thursday,2026-06-04 18:00,New York City,Midtown,Midtown,Evening,Tata Consultancy Services (TCS),Tata Consultancy Services (TCS),,Tata Consultancy Services (TCS),tata-consultancy-services-tcs,True,,,https://www.tech-week.com/calendar/nyc
4860,Leading Through the AI Marketing Shift,2026-06-04,18:00:00,Thursday,2026-06-04 18:00,New York City,Midtown,Midtown,Evening,Emergences Labs,,Emergences Labs,Emergences Labs,emergences-labs,False,,https://partiful.com/e/0xOTioP4rEuXZH1VInVN,https://www.tech-week.com/calendar/nyc
4876,Music Ate AI’s Homework: Why Music Tech Is Writing the Rules for Everyone Else Description Every Industry,2026-06-04,18:00:00,Thursday,2026-06-04 18:00,New York City,Lower East Side,Lower East Side,Evening,MOST Wanted Co,MOST Wanted Co,Davis & Gilbert,MOST Wanted Co; Davis & Gilbert,most-wanted-co; davis-gilbert,True,,,https://www.tech-week.com/calendar/nyc
4935,Max Her Potential — by AI Valley × MiniMax,2026-06-04,18:00:00,Thursday,2026-06-04 18:00,New York City,Greenwich Village,Greenwich Village,Evening,AI Valley,AI Valley,MiniMax,AI Valley; MiniMax,ai-valley; minimax,False,,https://partiful.com/e/o3Ux5EmDllYV8E8yuJMA?c=nnJHKOal,https://www.tech-week.com/calendar/nyc
4990,Off the Record: Founders & Funders,2026-06-04,18:00:00,Thursday,2026-06-04 18:00,New York City,Greenwich Village,Greenwich Village,Evening,Supper,Supper,,Supper,supper,False,,https://partiful.com/e/vnXKL2lRlzHaRJQwv174?c=XkOZlFan,https://www.tech-week.com/calendar/nyc
5001,Event: Build the Brick — Founders × VCs × Real Problems,2026-06-04,18:00:00,Thursday,2026-06-04 18:00,New York City,Flatiron,Flatiron,Evening,Fine Line Consultants,Fineline Consultants,,Fineline Consultants,fineline-consultants,True,,,https://www.tech-week.com/calendar/nyc
5019,Planting the Seeds to Launch,2026-06-04,18:00:00,Thursday,2026-06-04 18:00,New York City,Chelsea,Chelsea,Evening,TechBloom,TechBloom,,TechBloom,techbloom,False,,https://partiful.com/e/HGXptwRUS8GaLld8zyz1,https://www.tech-week.com/calendar/nyc
5030,Artificially Unintelligent Tech Comedy Show,2026-06-04,18:00:00,Thursday,2026-06-04 18:00,New York City,Union Square,Union Square,Evening,NSDS Tech Comedy Show,NSDS Tech Comedy Show,Vanta,Vanta; NSDS Tech Comedy Show,vanta; nsds-tech-comedy-show,False,,https://partiful.com/e/g4CVcAdTyNSSOvJqqgbd,https://www.tech-week.com/calendar/nyc
5063,The AI Amplification Effect: How Humans Thrive at Work,2026-06-04,18:00:00,Thursday,2026-06-04 18:00,New York City,Brooklyn,Brooklyn,Evening,Valutare,Valutare,Seeking Floral Arrangements,Valutare; Seeking Floral Arrangements,valutare; seeking-floral-arrangements,False,,https://partiful.com/e/frdQbiPhepooSB3FlBEF,https://www.tech-week.com/calendar/nyc
5171,The Future of Art Tech and Investment,2026-06-04,18:00:00,Thursday,2026-06-04 18:00,New York City,Chelsea,Chelsea,Evening,Brown Girl Angels,Brown Girl Angels,,Brown Girl Angels,brown-girl-angels,True,,,https://www.tech-week.com/calendar/nyc
5211,"The AI Shift: Jobs, Skills & What Employers Really Want",2026-06-04,18:00:00,Thursday,2026-06-04 18:00,New York City,Midtown,Midtown,Evening,VANGUARDE DIGITAL LLC,VANGUARDE DIGITAL LLC,,VANGUARDE DIGITAL LLC,vanguarde-digital-llc,False,,https://partiful.com/e/MV3KJOOXQT6nZr8jjMBj,https://www.tech-week.com/calendar/nyc
5289,The Rise Circle: After Hours,2026-06-04,18:00:00,Thursday,2026-06-04 18:00,New York City,Midtown,Midtown,Evening,African Women in STEM,African Women in STEM,Altruistic Scribe,African Women in STEM; Altruistic Scribe,african-women-in-stem; altruistic-scribe,False,,https://partiful.com/e/64Fzm7ItTZKGiWI419L2,https://www.tech-week.com/calendar/nyc
5293,How to Get Paid by OpenAI: An Expert's Guide to AI Training Data,2026-06-04,18:00:00,Thursday,2026-06-04 18:00,New York City,Flatiron,Flatiron,Evening,ProNexus,ProNexus,,ProNexus,pronexus,False,,https://partiful.com/e/PxFIdsr0zGW0aya26MrZ,https://www.tech-week.com/calendar/nyc
5300,From Audience to Community: Turning IRL Connection into a Growth Channel,2026-06-04,18:00:00,Thursday,2026-06-04 18:00,New York City,Tribeca,Tribeca,Evening,Clyx,Clyx,Jelly Jelly,Clyx; Jelly Jelly,clyx; jelly-jelly,True,,,https://www.tech-week.com/calendar/nyc
5333,The Rise Circle: After Hours,2026-06-04,18:00:00,Thursday,2026-06-04 18:00,New York City,Midtown,Midtown,Evening,African Women in STEM,African Women in STEM,Altruistic Scribe,African Women in STEM; Altruistic Scribe,african-women-in-stem; altruistic-scribe,False,,https://partiful.com/e/64Fzm7ItTZKGiWI419L2?c=MpqCABzS,https://www.tech-week.com/calendar/nyc
5351,Financial Services in the age of AI - FinTech Panel and Networking,2026-06-04,18:00:00,Thursday,2026-06-04 18:00,New York City,Midtown,Midtown,Evening,Cabaka,Cabaka,,Cabaka,cabaka,False,,https://partiful.com/e/7yVLWDSWCrZChpot2fGl?c=No3j2-gH,https://www.tech-week.com/calendar/nyc
5352,Financial Services in the age of AI - FinTech Panel and Networking,2026-06-04,18:00:00,Thursday,2026-06-04 18:00,New York City,Midtown,Midtown,Evening,Cabaka,Cabaka,,Cabaka,cabaka,False,,https://partiful.com/e/7yVLWDSWCrZChpot2fGl?c=No3j2-gH,https://www.tech-week.com/calendar/nyc
5358,Building with AI Agents in Finance Operations,2026-06-04,18:00:00,Thursday,2026-06-04 18:00,New York City,Flatiron,Flatiron,Evening,Zomma,Zomma,,Zomma,zomma,False,,https://partiful.com/e/mfHRNATDYC48A1XIrUKM,https://www.tech-week.com/calendar/nyc
5359,Building with AI Agents in Finance Operations,2026-06-04,18:00:00,Thursday,2026-06-04 18:00,New York City,Flatiron,Flatiron,Evening,Zomma,Zomma,,Zomma,zomma,False,,https://partiful.com/e/mfHRNATDYC48A1XIrUKM,https://www.tech-week.com/calendar/nyc
5365,Venture Capital for enterprise leaders Happy Hour,2026-06-04,18:00:00,Thursday,2026-06-04 18:00,New York City,East Village,East Village,Evening,Collinear Capital,Collinear Capital,,Collinear Capital,collinear-capital,False,,https://partiful.com/e/KdLa1WJ6PlhHPaaWJKgJ,https://www.tech-week.com/calendar/nyc
5367,Builders Night by B-HiTech for Papermap & MineLogX,2026-06-04,18:00:00,Thursday,2026-06-04 18:00,New York City,Union Square,Union Square,Evening,B-HitTech,B-HitTech,Papermap AI,B-HitTech; Papermap AI,b-hittech; papermap-ai,True,,,https://www.tech-week.com/calendar/nyc
5399,"Find a Cofounder, Help or Join a Startup",2026-06-04,18:00:00,Thursday,2026-06-04 18:00,New York City,Midtown,Midtown,Evening,Startup Oasis,Startup Oasis,,Startup Oasis,startup-oasis,False,,https://partiful.com/e/tCB5SR4rrqMPxtOu9EuY,https://www.tech-week.com/calendar/nyc
5438,Slow Down to Think Forward: An immersive sound experience for futures thinking in the age of AI,2026-06-04,18:00:00,Thursday,2026-06-04 18:00,New York City,SoHo,SoHo,Evening,Yalla Now AI,Yalla Now AI,,Yalla Now AI,yalla-now-ai,False,,https://partiful.com/e/v2PR8vHTXeuw6Io1ZJKR,https://www.tech-week.com/calendar/nyc
5442,Agent-Led Growth: The CMO Briefing,2026-06-04,18:00:00,Thursday,2026-06-04 18:00,New York City,Midtown,Midtown,Evening,Limy AI,Limy AI,,Limy AI,limy-ai,False,,https://partiful.com/e/wO7Livvy7ag3WP8PoPUQ,https://www.tech-week.com/calendar/nyc
5445,100 Women in AI Announcement Celebration,2026-06-04,18:00:00,Thursday,2026-06-04 18:00,New York City,Nomad,Nomad,Evening,Flybridge,Flybridge,,Flybridge,flybridge,False,,https://partiful.com/e/eBsvmOq8tMbpLuVWno0N,https://www.tech-week.com/calendar/nyc
5456,AI Infra Night,2026-06-04,18:00:00,Thursday,2026-06-04 18:00,New York City,Midtown,Midtown,Evening,TowersTeam,Towersteam,EverGrid,Towersteam; EverGrid,towersteam; evergrid,False,,https://partiful.com/e/9Vb2HFPhUit5Ra9OCcap?c=wiICZziA,https://www.tech-week.com/calendar/nyc
5478,INNOV8,2026-06-04,18:00:00,Thursday,2026-06-04 18:00,New York City,Flatiron,Flatiron,Evening,POCIT,POCIT,,POCIT,pocit,True,,,https://www.tech-week.com/calendar/nyc
5495,Managing in an AI-Native Company: Live Podcast,2026-06-04,18:00:00,Thursday,2026-06-04 18:00,New York City,Flatiron,Flatiron,Evening,Prompt Engineers Society,Prompt Engineers Society,Aster AI,Prompt Engineers Society; Aster AI,prompt-engineers-society; aster-ai,False,,https://partiful.com/e/yA3gzGGSIW6kN2QOkdId?c=9Wwdi5AW,https://www.tech-week.com/calendar/nyc
5506,Ship & Sip,2026-06-04,18:00:00,Thursday,2026-06-04 18:00,New York City,Flatiron,Flatiron,Evening,Dawn Choo,Dawn Choo,Ale Thomas,Dawn Choo; Ale Thomas,dawn-choo; ale-thomas,False,,https://partiful.com/e/5bWP3otVjB8QyaHvzh2P,https://www.tech-week.com/calendar/nyc
5534,IRL SOCIAL - founders and investor meet-up,2026-06-04,18:00:00,Thursday,2026-06-04 18:00,New York City,SoHo,SoHo,Evening,Women in Tech UK,Women in Tech UK,,Women in Tech UK,women-in-tech-uk,False,,https://partiful.com/e/3gfDFnOcXdwD4KBwwNvK?c=cCF3y5oK,https://www.tech-week.com/calendar/nyc
5779,InsurTech Insights after-hours,2026-06-04,18:00:00,Thursday,2026-06-04 18:00,New York City,Midtown,Midtown,Evening,VirtusLab,Virtuslab z.o.o,,Virtuslab z.o.o,virtuslab-z-o-o,False,,https://partiful.com/e/7YHD19kDNMhkBd3Az3wx,https://www.tech-week.com/calendar/nyc
5807,"The New Beauty Counter- AI, Community, and the Customer Experience Retail Has Been Missing",2026-06-04,18:00:00,Thursday,2026-06-04 18:00,New York City,SoHo,SoHo,Evening,Triple Eight Creative,Triple Eight Creative,,Triple Eight Creative,triple-eight-creative,True,,,https://www.tech-week.com/calendar/nyc
5812,Ownership in the Age of AI,2026-06-04,18:00:00,Thursday,2026-06-04 18:00,New York City,Brooklyn,Brooklyn,Evening,Bosmos,Bosmos,,Bosmos,bosmos,False,,https://partiful.com/e/sKTBmeGlJpYVbAyWmQIw,https://www.tech-week.com/calendar/nyc
5815,AI Builders Mixer with DigitalOcean & Techstars,2026-06-04,18:00:00,Thursday,2026-06-04 18:00,New York City,Lower East Side,Lower East Side,Evening,DigitalOcean,DigitalOcean,Techstars,DigitalOcean; Techstars,digitalocean; techstars,False,,https://partiful.com/e/GNp5Np64desAmk4gUxYm,https://www.tech-week.com/calendar/nyc
6190,Politics to Tech: A NYC Happy Hour,2026-06-04,18:00:00,Thursday,2026-06-04 18:00,New York City,West Village,West Village,Evening,EO Ventures,EO Ventures,,EO Ventures,eo-ventures,False,,https://partiful.com/e/DcfibtJxRFnjfeZzA7PZ,https://www.tech-week.com/calendar/nyc
6260,Intuit Mailchimp Dev Happy Hour,2026-06-04,18:00:00,Thursday,2026-06-04 18:00,New York City,Meatpacking District,Meatpacking District,Evening,Intuit Mailchimp,Intuit Mailchimp,,Intuit Mailchimp,intuit-mailchimp,False,,https://partiful.com/e/MYIMRXEDdObGOyBaCpeK,https://www.tech-week.com/calendar/nyc
6301,Pixels & Pints,2026-06-04,18:00:00,Thursday,2026-06-04 18:00,New York City,Flatiron,Flatiron,Evening,CambrianEdge.ai,CambrianEdge.ai,,CambrianEdge.ai,cambrianedge-ai,False,,,https://www.tech-week.com/calendar/nyc
6317,Rippling x Superhuman Mail x The Varo: Founders at Every Stage,2026-06-04,18:00:00,Thursday,2026-06-04 18:00,New York City,Nomad,Nomad,Evening,The Varo,The Varo,Rippling,Rippling; The Varo,rippling; the-varo,False,,https://partiful.com/e/ngIR5POoNayvrfRI63Ka,https://www.tech-week.com/calendar/nyc
6321,Video in the Age of AI: Fireside Chat with a16z and Mirage,2026-06-04,18:00:00,Thursday,2026-06-04 18:00,New York City,Union Square,Union Square,Evening,Mirage,Mirage,a16z,Mirage; a16z,mirage; a16z,False,,https://partiful.com/e/dNI5cNYva0wRz2LinJRV,https://www.tech-week.com/calendar/nyc
6326,[Real Life AI Build Lab] [Vibe Code Mama] #NYTechWeek,2026-06-04,18:00:00,Thursday,2026-06-04 18:00,New York City,Flatiron,Flatiron,Evening,Vibe Code Mama,Vibe Code Mama,,Vibe Code Mama,vibe-code-mama,False,,https://partiful.com/e/4ZRTBFiLnPBvUbh1n7UW,https://www.tech-week.com/calendar/nyc
6334,The Reality of Compliance in 2026,2026-06-04,18:00:00,Thursday,2026-06-04 18:00,New York City,SoHo,SoHo,Evening,SpeakUp,SpeakUp,,SpeakUp,speakup,False,,https://partiful.com/e/Ud6pAKoIDVMAvYh2lHHQ,https://www.tech-week.com/calendar/nyc
6405,NYC Investor Networking Salon,2026-06-04,18:00:00,Thursday,2026-06-04 18:00,New York City,Midtown,Midtown,Evening,aiRaiz Inc,aiRaiz Inc,aiRaiz,aiRaiz Inc; aiRaiz,airaiz-inc; airaiz,False,,,https://www.tech-week.com/calendar/nyc
172,Immigrant Founder Dinner,2026-06-04,18:30:00,Thursday,2026-06-04 18:30,New York City,Lower East Side,Lower East Side,Evening,America Visa Advisory,America Visa Advisory,,America Visa Advisory,america-visa-advisory,True,,,https://www.tech-week.com/calendar/nyc
221,Capital Conversations with Setpoint & Cross River Bank,2026-06-04,18:30:00,Thursday,2026-06-04 18:30,New York City,Chelsea,Chelsea,Evening,Setpoint,Setpoint,Cross River Bank,Setpoint; Cross River Bank,setpoint; cross-river-bank,True,,,https://www.tech-week.com/calendar/nyc
4148,Product design leader dinner,2026-06-04,18:30:00,Thursday,2026-06-04 18:30,New York City,Flatiron,Flatiron,Evening,Koi Studios,Koi Studios,Asian women in design leadership,Koi Studios; Asian women in design leadership,koi-studios; asian-women-in-design-leadership,False,,https://partiful.com/e/0LzOTdMr0JBCzNfr1jKz?c=wx-ZI2vA,https://www.tech-week.com/calendar/nyc
4173,Fund It or Kill It: The CFO–CIO AI ROI Lab,2026-06-04,18:30:00,Thursday,2026-06-04 18:30,New York City,Financial District,Financial District,Evening,SafeSpace,Safe Space,Linnify,Linnify; Safe Space,linnify; safe-space,False,,https://partiful.com/e/VelsqrAD2a26jnovmOK1?c=4rLePUSp,https://www.tech-week.com/calendar/nyc
4183,Engineering Leaders After Hours: A Build and Ship Cocktail Competition,2026-06-04,18:30:00,Thursday,2026-06-04 18:30,New York City,Midtown,Midtown,Evening,Cloudsmith,Cloudsmith,,Cloudsmith,cloudsmith,False,,https://partiful.com/e/bETmU06uq4TtORng6I1l,https://www.tech-week.com/calendar/nyc
4410,NY Hardware Meetup – Rooftop Happy Hour @ Thalo Labs,2026-06-04,18:30:00,Thursday,2026-06-04 18:30,New York City,Midtown,Midtown,Evening,NY Hardware Meetup,NY Hardware Meetup,SRVO; Helogen; Informal,NY Hardware Meetup; SRVO; Helogen; Informal,ny-hardware-meetup; srvo; helogen; informal,False,,https://partiful.com/e/yJeAGfIAYFfgZIdyjB2u?c=BfAJnO4S,https://www.tech-week.com/calendar/nyc
4585,Maybern Presents From A to B: How to Take Your Startup from Series A to Series B,2026-06-04,18:30:00,Thursday,2026-06-04 18:30,New York City,Union Square,Union Square,Evening,Maybern,Maybern,,Maybern,maybern,False,,https://partiful.com/e/wPTbroGTpsEN1J0YhZ7M,https://www.tech-week.com/calendar/nyc
4600,Global Payroll & Impact Mixer: Stablecoins for NGOs & Cross-Border Teams,2026-06-04,18:30:00,Thursday,2026-06-04 18:30,New York City,Midtown,Midtown,Evening,Lipaworld,Lipaworld,NABU,Lipaworld; NABU,lipaworld; nabu,True,,,https://www.tech-week.com/calendar/nyc
4627,Tech Tribe,2026-06-04,18:30:00,Thursday,2026-06-04 18:30,New York City,Brooklyn,Brooklyn,Evening,Irie Jam Media,Irie Jam Media,Leader-ish Media Group,Irie Jam Media; Leader-ish Media Group,irie-jam-media; leader-ish-media-group,False,,https://partiful.com/e/IivV8IzESVAW6KJRkslZ,https://www.tech-week.com/calendar/nyc
4663,VIP Soiree with Udio by Uncharted Labs,2026-06-04,18:30:00,Thursday,2026-06-04 18:30,New York City,Midtown,Midtown,Evening,Udio by Uncharted Labs,Udio by Uncharted Labs,,Udio by Uncharted Labs,udio-by-uncharted-labs,False,,https://partiful.com/e/6ya1t6QyHoxNYlAj7jim,https://www.tech-week.com/calendar/nyc
5113,AI & Deep Tech,2026-06-04,18:30:00,Thursday,2026-06-04 18:30,New York City,Chelsea,Chelsea,Evening,New York AI Labs,New York AI Labs,SearchParty; Hue; Halespan,New York AI Labs; SearchParty; Hue; Halespan,new-york-ai-labs; searchparty; hue; halespan,False,,https://partiful.com/e/3yZYQKw2f4aMWf9sMEEb,https://www.tech-week.com/calendar/nyc
5192,Fail Tales: Leadership Lessons from AI in Complex Health Systems,2026-06-04,18:30:00,Thursday,2026-06-04 18:30,New York City,Union Square,Union Square,Evening,8400 The Health Network,8400 The Health Network,Lionbird,8400 The Health Network; Lionbird,8400-the-health-network; lionbird,False,,https://partiful.com/e/TRgVEVErU9GKEEvmPhKd,https://www.tech-week.com/calendar/nyc
5222,Design Chats,2026-06-04,18:30:00,Thursday,2026-06-04 18:30,New York City,Midtown,Midtown,Evening,sashaisalex.com,sashaisalex.com,,sashaisalex.com,sashaisalex-com,False,,https://partiful.com/e/hF4eRqY2ThtP8aYIV76d,https://www.tech-week.com/calendar/nyc
5477,Jazz Speakeasy Happy Hour,2026-06-04,18:30:00,Thursday,2026-06-04 18:30,New York City,Flatiron,Flatiron,Evening,PromptLayer,PromptLayer,,PromptLayer,promptlayer,False,,https://partiful.com/e/gso3akWkut37bwv4WsuU,https://www.tech-week.com/calendar/nyc
5630,travel intelligence club of new york: summer social,2026-06-04,18:30:00,Thursday,2026-06-04 18:30,New York City,West Village,West Village,Evening,travel intelligence club of new york,travel intelligence club of new york,,travel intelligence club of new york,travel-intelligence-club-of-new-york,False,,https://partiful.com/e/B3x5fJOf5XlG3NECDbPg,https://www.tech-week.com/calendar/nyc
6185,Wine & Einstein: NPCs and Consciousness - #NYTechWeek,2026-06-04,18:30:00,Thursday,2026-06-04 18:30,New York City,Chinatown,Chinatown,Evening,Kage Kickback,Kage Kickback,,Kage Kickback,kage-kickback,False,,https://partiful.com/e/BMBvJqXkWckboYnpl0Si,https://www.tech-week.com/calendar/nyc
6310,South Asians in Tech,2026-06-04,18:30:00,Thursday,2026-06-04 18:30,New York City,Midtown,Midtown,Evening,American South Asian Network (ASAN),American South Asian Network (ASAN),,American South Asian Network (ASAN),american-south-asian-network-asan,False,,https://partiful.com/e/BZmYKmtn6mwaNQ9Yf24O,https://www.tech-week.com/calendar/nyc
6319,Rebuilding the Government's Front Door,2026-06-04,18:30:00,Thursday,2026-06-04 18:30,New York City,Union Square,Union Square,Evening,Kaizen Labs,Kaizen Labs,,Kaizen Labs,kaizen-labs,False,,https://partiful.com/e/MJv2XcUotqaZ8mJWdnpj,https://www.tech-week.com/calendar/nyc
6329,Spawn Point: NYC Game Dev Night | AAA Fireside + Mixer,2026-06-04,18:30:00,Thursday,2026-06-04 18:30,New York City,East Village,East Village,Evening,Ozborn Interactive,Ozborn Interactive,,Ozborn Interactive,ozborn-interactive,False,,https://partiful.com/e/RcCgumyDHdRqDvJaCQiT?c=jrVSb-8c,https://www.tech-week.com/calendar/nyc
103,Using AI at the best restaurants in NYC,2026-06-04,19:00:00,Thursday,2026-06-04 19:00,New York City,SoHo,SoHo,Evening,Loyalist,Loyalist,,Loyalist,loyalist,False,,https://partiful.com/e/3VrQkUHCqbrYTUVDjbx0?c=DKEBU2OF,https://www.tech-week.com/calendar/nyc
119,OUT OF OFFICE at,2026-06-04,19:00:00,Thursday,2026-06-04 19:00,New York City,Brooklyn,Brooklyn,Evening,Fonzi AI,Fonzi AI,,Fonzi AI,fonzi-ai,False,,https://partiful.com/e/6oWH3J0AUIj2Y3DawG39,https://www.tech-week.com/calendar/nyc
4100,Power in Motion: Heels Dance Workshop for Women in Tech,2026-06-04,19:00:00,Thursday,2026-06-04 19:00,New York City,Midtown,Midtown,Evening,Ignite with Izzy,Ignite with Izzy,,Ignite with Izzy,ignite-with-izzy,False,,https://partiful.com/e/ArxIzJCzN9uEAEpGvqOu?,https://www.tech-week.com/calendar/nyc
4155,Endeavor Jeffersonian Dinner,2026-06-04,19:00:00,Thursday,2026-06-04 19:00,New York City,SoHo,SoHo,Evening,Endeavor Global,Endeavor Global,,Endeavor Global,endeavor-global,False,,https://partiful.com/e/Wj1UVS8pDNqGVunQ6NRm?c=1HIC8LOz,https://www.tech-week.com/calendar/nyc
4282,The Dinner Table: Social Dinner Party Experience in West Village,2026-06-04,19:00:00,Thursday,2026-06-04 19:00,New York City,West Village,West Village,Evening,The Dinner Table Club,The Dinner Table Club,,The Dinner Table Club,the-dinner-table-club,True,,,https://www.tech-week.com/calendar/nyc
4286,Pride x TechWeek hosted by LGBT+ VC,2026-06-04,19:00:00,Thursday,2026-06-04 19:00,New York City,Greenwich Village,Greenwich Village,Evening,LGBT+ VC,LGBT+ VC,,LGBT+ VC,lgbt-vc,False,,https://partiful.com/e/JARG5N9akq8WxYuD0sJN,https://www.tech-week.com/calendar/nyc
4397,New Friendship Tech Week,2026-06-04,19:00:00,Thursday,2026-06-04 19:00,New York City,Lower East Side,Lower East Side,Evening,New Friendship Tech,New Friendship Tech,,New Friendship Tech,new-friendship-tech,False,,https://partiful.com/e/9G0ro5zcuJ1DQ2ajc9aI,https://www.tech-week.com/calendar/nyc
4515,NEXUS: A Night for Creatives in AI,2026-06-04,19:00:00,Thursday,2026-06-04 19:00,New York City,Brooklyn,Brooklyn,Evening,FLORA,FLORA,,FLORA,flora,False,,https://partiful.com/e/OfGCygDIYyGdcDxkFikr,https://www.tech-week.com/calendar/nyc
4586,VC Connect,2026-06-04,19:00:00,Thursday,2026-06-04 19:00,New York City,Central Park,Central Park,Evening,Lazo Fintech Inc,Lazo Fintech Inc,,Lazo Fintech Inc,lazo-fintech-inc,False,,https://partiful.com/e/2nxAO6q4kirC15aKFzuF,https://www.tech-week.com/calendar/nyc
4632,Hard Truths: Why Fintech Growth Fails? Slash Your CAC with AI-Powered Growth,2026-06-04,19:00:00,Thursday,2026-06-04 19:00,New York City,Upper Manhattan,Upper Manhattan,Evening,QCAC,QCAC,,QCAC,qcac,False,,https://partiful.com/e/XXkHgZkN0CliSflVMKeI,https://www.tech-week.com/calendar/nyc
4757,Salubrum Salon Dinner for Healthcare Investors,2026-06-04,19:00:00,Thursday,2026-06-04 19:00,New York City,Midtown,Midtown,Evening,Coeus Collective Ventures,Coeus Collective Ventures,Salubrum,Coeus Collective Ventures; Salubrum,coeus-collective-ventures; salubrum,False,,https://partiful.com/e/waaD8WHscyLjlQkL4Uoi,https://www.tech-week.com/calendar/nyc
4776,The Privacy Table,2026-06-04,19:00:00,Thursday,2026-06-04 19:00,New York City,Tribeca,Tribeca,Evening,Boundless Network,Boundless Network,Stellar Development Foundation,Boundless Network; Stellar Development Foundation,boundless-network; stellar-development-foundation,False,,https://partiful.com/e/aMqjo2Rjk5bg1IBYHc38,https://www.tech-week.com/calendar/nyc
4810,AI for HR: Simplifying the H1B Process with AI Support,2026-06-04,19:00:00,Thursday,2026-06-04 19:00,New York City,Union Square,Union Square,Evening,peoplepower.ai,peoplepower.ai,,peoplepower.ai,peoplepower-ai,False,,https://partiful.com/e/AfaQ98WoXIVZNcAvPcxJ,https://www.tech-week.com/calendar/nyc
4853,Built By Us: Involving Young Adults in Mental Health Tech,2026-06-04,19:00:00,Thursday,2026-06-04 19:00,New York City,SoHo,SoHo,Evening,Headstream by SecondMuse,Headstream by SecondMuse,,Headstream by SecondMuse,headstream-by-secondmuse,False,,https://partiful.com/e/DlrEnx0mq1qn6Zi9Pwyy?c=PNPd5kN0,https://www.tech-week.com/calendar/nyc
5114,Stop Making AI Guess: When Your Codebase Becomes the Spec,2026-06-04,19:00:00,Thursday,2026-06-04 19:00,New York City,Union Square,Union Square,Evening,"Relevant Context, Inc.","Relevant Context, Inc.",,"Relevant Context, Inc.",relevant-context-inc,False,,https://partiful.com/e/X0u5GrmzvIUTrjoAOgVm,https://www.tech-week.com/calendar/nyc
5137,The Data Room by Snowflake and Verci,2026-06-04,19:00:00,Thursday,2026-06-04 19:00,New York City,Flatiron,Flatiron,Evening,Snowflake,Snowflake,Verci,Verci; Snowflake,verci; snowflake,False,,https://partiful.com/e/ZxCTPNAXwPBHfwY631IS?c=SlUdQNzC,https://www.tech-week.com/calendar/nyc
5168,VC & PE Dinner,2026-06-04,19:00:00,Thursday,2026-06-04 19:00,New York City,Flatiron,Flatiron,Evening,Flex,Flex,JLL,Flex; JLL,flex; jll,False,,https://partiful.com/e/UMldX1pfIZblwgClUpXY,https://www.tech-week.com/calendar/nyc
5204,From Prediction Markets to Predictive Intelligence Systems,2026-06-04,19:00:00,Thursday,2026-06-04 19:00,New York City,Financial District,Financial District,Evening,Daedalus Research,Daedalus Research,,Daedalus Research,daedalus-research,False,,https://partiful.com/e/eSldi3iNIvAVo9utdd8S,https://www.tech-week.com/calendar/nyc
5231,AI BUILDERS DINNER,2026-06-04,19:00:00,Thursday,2026-06-04 19:00,New York City,Flatiron,Flatiron,Evening,Vibe Forward,Vibe Forward,,Vibe Forward,vibe-forward,False,,https://partiful.com/e/idltitmjA4ZzL9IuK0Y6,https://www.tech-week.com/calendar/nyc
5606,Finding Harmony Tech Week Jam Session,2026-06-04,19:00:00,Thursday,2026-06-04 19:00,New York City,Midtown,Midtown,Evening,StartupExperts,StartupExperts,,StartupExperts,startupexperts,False,,https://partiful.com/e/zv377n2JhHS9VlfJ8UXS?c=ff0km6pD,https://www.tech-week.com/calendar/nyc
5780,A Taste of the Future of Finance,2026-06-04,19:00:00,Thursday,2026-06-04 19:00,New York City,Tribeca,Tribeca,Evening,ExChao,ExChao,,ExChao,exchao,True,,,https://www.tech-week.com/calendar/nyc
5792,AgTech Hacky Hour,2026-06-04,19:00:00,Thursday,2026-06-04 19:00,New York City,Union Square,Union Square,Evening,Leaf Agriculture,Leaf Agriculture,,Leaf Agriculture,leaf-agriculture,False,,https://partiful.com/e/Gn5FQI9e514uD7lPGFHh,https://www.tech-week.com/calendar/nyc
5796,InTheRoom: From Match to Meeting,2026-06-04,19:00:00,Thursday,2026-06-04 19:00,New York City,Nomad,Nomad,Evening,VeraYou Inc.,VeraYou Inc.,,VeraYou Inc.,verayou-inc,False,,https://partiful.com/e/zqPj0FZ2l4DcxG8YS9lq,https://www.tech-week.com/calendar/nyc
5818,Invest Before the Ticker Exists: Augment's Invite-Only App Launch Party,2026-06-04,19:00:00,Thursday,2026-06-04 19:00,New York City,Midtown,Midtown,Evening,Augment,Augment,Covent,Covent; Augment,covent; augment,False,,https://partiful.com/e/67G3mKpklwCGWzAjYkgz,https://www.tech-week.com/calendar/nyc
6161,NYC Vide Debugging Party,2026-06-04,19:00:00,Thursday,2026-06-04 19:00,New York City,Midtown,Midtown,Evening,Sherlocks AI,Sherlocks AI,,Sherlocks AI,sherlocks-ai,False,,,https://www.tech-week.com/calendar/nyc
6228,Navigating AI Adoption For Business Leaders,2026-06-04,19:00:00,Thursday,2026-06-04 19:00,New York City,Bronx,Bronx,Evening,AI Vantage Consulting,AI Vantage Consulting,,AI Vantage Consulting,ai-vantage-consulting,False,,https://partiful.com/e/tomdkKStTFKFSARo3Sin?c=5vygr8CB,https://www.tech-week.com/calendar/nyc
5453,olive  Dinner Series | AI (NYC Tech Week),2026-06-04,19:30:00,Thursday,2026-06-04 19:30,New York City,West Village,West Village,Evening,olive,olive,,olive,olive,True,,,https://www.tech-week.com/calendar/nyc
4626,The Gatsby Party,2026-06-04,20:00:00,Thursday,2026-06-04 20:00,New York City,Long Island,Long Island,Evening,Propel Earth,Propel Earth,,Propel Earth,propel-earth,False,,https://partiful.com/e/S2BRvVwmC7WiZs5HUtYE,https://www.tech-week.com/calendar/nyc
4630,Raisi x Forecastr: Fundraising Arena Panel + Pitch Competition,2026-06-04,20:00:00,Thursday,2026-06-04 20:00,New York City,SoHo,SoHo,Evening,Raisi,Raisi,Forecastr,Raisi; Forecastr,raisi; forecastr,False,,https://partiful.com/e/qG3izuxTUNhkCyhc3I45,https://www.tech-week.com/calendar/nyc
5207,"Free Phos, Real Convos. Agents in your DMs",2026-06-04,20:00:00,Thursday,2026-06-04 20:00,New York City,Flatiron,Flatiron,Evening,Photon,Photon,,Photon,photon,False,,https://partiful.com/e/ed2EFWip0do9OuYmVPZI,https://www.tech-week.com/calendar/nyc
4972,Fashion Hackathon Networking Event,2026-06-04,20:30:00,Thursday,2026-06-04 20:30,New York City,Flatiron,Flatiron,Evening,Fashion Forward,Fashion Forward,,Fashion Forward,fashion-forward,False,,https://partiful.com/e/9Og1H8nulI9zPH9OxEco?c=FYq9jAMd,https://www.tech-week.com/calendar/nyc
4535,AI Comedy Roast + Happy Hour,2026-06-04,21:00:00,Thursday,2026-06-04 21:00,New York City,Midtown,Midtown,Evening,WorkClaw,WorkClaw,Workmate,WorkClaw; Workmate,workclaw; workmate,False,,https://partiful.com/e/7QRI7F6JJM3BSJw6dEj5?c=OjXHZPl6,https://www.tech-week.com/calendar/nyc
5400,Karaoke Capital: Founders & investors,2026-06-04,21:00:00,Thursday,2026-06-04 21:00,New York City,Union Square,Union Square,Evening,Odin,Odin,Green Room,Odin; Green Room,odin; green-room,False,,https://partiful.com/e/H9OexzyrTsRRlTTyBmF9,https://www.tech-week.com/calendar/nyc
4771,Privacy Please,2026-06-04,22:00:00,Thursday,2026-06-04 22:00,New York City,Tribeca,Tribeca,Evening,Boundless Network,Boundless Network,Stellar Development Foundation,Boundless Network; Stellar Development Foundation,boundless-network; stellar-development-foundation,False,,https://partiful.com/e/HwlNp8UC6vwWCBX97Dp9,https://www.tech-week.com/calendar/nyc
5405,Run Tech Club | Signal Run x Wildwood Ventures,2026-06-05,07:30:00,Friday,2026-06-05 07:30,New York City,Tribeca,Tribeca,Morning,Run Tech Club,Run Tech Club,Wildwood Ventures,Run Tech Club; Wildwood Ventures,run-tech-club; wildwood-ventures,False,,https://partiful.com/e/OiFkcaWT26YBs7Hr5dtL?c=1g2UGlt9,https://www.tech-week.com/calendar/nyc
5772,Tech Pickleball NYC - Tech Week Edition,2026-06-05,07:30:00,Friday,2026-06-05 07:30,New York City,Brooklyn,Brooklyn,Morning,Optemization,Optemization,,Optemization,optemization,True,,,https://www.tech-week.com/calendar/nyc
4849,"After Quantum: Money, Markets, & Cryptography",2026-06-05,08:00:00,Friday,2026-06-05 08:00,New York City,Flatiron,Flatiron,Morning,Wiesner Labs,Wiesner Labs,New York University,Wiesner Labs; New York University,wiesner-labs; new-york-university,True,,,https://www.tech-week.com/calendar/nyc
5757,Walk and Talk Tech in Central Park,2026-06-05,08:00:00,Friday,2026-06-05 08:00,New York City,Central Park,Central Park,Morning,Fish & Richardson P.C.,Fish & Richardson P.C.,,Fish & Richardson P.C.,fish-richardson-p-c,False,,https://partiful.com/e/WLI2FHyuUJeKxYxsl7L5?c=KqqYCf3H,https://www.tech-week.com/calendar/nyc
5121,GNOMI Gen Z Growth Hackathon: Build the Growth Engine for the World’s First AI News Agent,2026-06-05,08:30:00,Friday,2026-06-05 08:30,New York City,SoHo,SoHo,Morning,GNOMI App Corp,GNOMI App,,GNOMI App,gnomi-app,False,,https://partiful.com/e/hfSyqoSqdglV01JHqHue?c=58XXQtR8,https://www.tech-week.com/calendar/nyc
5513,Does brand matter in venture?,2026-06-05,08:30:00,Friday,2026-06-05 08:30,New York City,Financial District,Financial District,Morning,Astronaut Monastery,Astronaut Monastery,,Astronaut Monastery,astronaut-monastery,False,,,https://www.tech-week.com/calendar/nyc
207,InstaLILY x Women in AI Coffee & Breakfast,2026-06-05,09:00:00,Friday,2026-06-05 09:00,New York City,SoHo,SoHo,Morning,instalily,instalily,Wilson Sonsini,instalily; Wilson Sonsini,instalily; wilson-sonsini,False,,https://partiful.com/e/b5VPB8KMbUuHvUOcKMHG?c=fMVwHL2x,https://www.tech-week.com/calendar/nyc
4092,NYCPA Hack-a-thon - #NYCPA,2026-06-05,09:00:00,Friday,2026-06-05 09:00,New York City,Midtown,Midtown,Morning,NYCPA,NYCPA,,NYCPA,nycpa,False,,https://partiful.com/e/BGETQMMJexGVcvaJYX6l,https://www.tech-week.com/calendar/nyc
4236,Vault Summit,2026-06-05,09:00:00,Friday,2026-06-05 09:00,New York City,SoHo,SoHo,Morning,Vault Summit,Vault Summit,,Vault Summit,vault-summit,True,,,https://www.tech-week.com/calendar/nyc
4267,Pitch and Run Friday,2026-06-05,09:00:00,Friday,2026-06-05 09:00,New York City,Chelsea,Chelsea,Morning,Pitch and Run,Pitch and Run,,Pitch and Run,pitch-and-run,False,,https://partiful.com/e/h1cWOUaSCLmevpgdttai,https://www.tech-week.com/calendar/nyc
4346,Tea: Founder/CEO Self-Mastery - a Dialogue,2026-06-05,09:00:00,Friday,2026-06-05 09:00,New York City,Brooklyn,Brooklyn,Morning,Corbett Ventures,Corbett Ventures,,Corbett Ventures,corbett-ventures,False,,https://partiful.com/e/dr4panHTBefqyiB4ggk4,https://www.tech-week.com/calendar/nyc
4426,Accelerators Coffee Mixer,2026-06-05,09:00:00,Friday,2026-06-05 09:00,New York City,SoHo,SoHo,Morning,Colectivo,Colectivo,,Colectivo,colectivo,False,,https://partiful.com/e/mXwYs3HTaa8IWKNrLTMy,https://www.tech-week.com/calendar/nyc
4712,Sanctum Digital: Global Mindful Movement,2026-06-05,09:00:00,Friday,2026-06-05 09:00,New York City,Midtown,Midtown,Morning,Sanctum,Sanctum,,Sanctum,sanctum,False,,https://partiful.com/e/OrQcBqgwq8KX9NOUxhSv,https://www.tech-week.com/calendar/nyc
4716,Aussies in Tech - NYC Edition,2026-06-05,09:00:00,Friday,2026-06-05 09:00,New York City,Midtown,Midtown,Morning,Australian Women in New York,Australian Women in New York,,Australian Women in New York,australian-women-in-new-york,True,,,https://www.tech-week.com/calendar/nyc
4723,Women Who Restore,2026-06-05,09:00:00,Friday,2026-06-05 09:00,New York City,Flatiron,Flatiron,Morning,Valon,Valon,,Valon,valon,False,,https://partiful.com/e/ZkoF0HAUirlcek9ECWbI,https://www.tech-week.com/calendar/nyc
4842,The Cost of Looking Sustainable: Competing Standards Across the Atlantic in a Tech-Driven World,2026-06-05,09:00:00,Friday,2026-06-05 09:00,New York City,Midtown,Midtown,Morning,Transatlantic Growth,Transatlantic Growth,,Transatlantic Growth,transatlantic-growth,True,,,https://www.tech-week.com/calendar/nyc
5033,Clair Health: Living in Clarity,2026-06-05,09:00:00,Friday,2026-06-05 09:00,New York City,Flatiron,Flatiron,Morning,Clair Health,Clair Health,,Clair Health,clair-health,False,,https://partiful.com/e/8j2aEOaE2GIi1b08Kw5m,https://www.tech-week.com/calendar/nyc
5092,Pre-Seed Investor Breakfast,2026-06-05,09:00:00,Friday,2026-06-05 09:00,New York City,Midtown,Midtown,Morning,Generous Ventures,Generous Ventures,,Generous Ventures,generous-ventures,False,,https://partiful.com/e/MHdN7iIv7D3p7uXBnItl,https://www.tech-week.com/calendar/nyc
5194,NET Worth - A padel morning,2026-06-05,09:00:00,Friday,2026-06-05 09:00,New York City,Brooklyn,Brooklyn,Morning,Lyzr,Lyzr,,Lyzr,lyzr,False,,https://partiful.com/e/DIYNw5DJj1QWLJxfDb4g,https://www.tech-week.com/calendar/nyc
5773,"Innovators' Hub: Cutting-Edge Tech, SMB Ready",2026-06-05,09:00:00,Friday,2026-06-05 09:00,New York City,Queens,Queens,Morning,Queens Chamber of Commerce,Queens Chamber of Commerce,Firstlight Cloud Xchange,Queens Chamber of Commerce; Firstlight Cloud Xchange,queens-chamber-of-commerce; firstlight-cloud-xchange,False,,https://partiful.com/e/cy4iiLTbdihqqMMs9WeM,https://www.tech-week.com/calendar/nyc
4291,Building with the Bard: Remixing Shakespeare,2026-06-05,09:30:00,Friday,2026-06-05 09:30,New York City,Nomad,Nomad,Morning,Build First,Build First,,Build First,build-first,False,,https://partiful.com/e/Mt1yixuqsZw3l7qHMq3T,https://www.tech-week.com/calendar/nyc
4654,She Speaks Health,2026-06-05,09:30:00,Friday,2026-06-05 09:30,New York City,Midtown,Midtown,Morning,FemBuild,FemBuild,Scalpels & Spreadsheets,FemBuild; Scalpels & Spreadsheets,fembuild; scalpels-spreadsheets,False,,https://partiful.com/e/aFk8297jBypjQ3ycXiHB,https://www.tech-week.com/calendar/nyc
5699,C10 Labs x Wells Fargo x NY Robotics — Pitch the Product,2026-06-05,09:30:00,Friday,2026-06-05 09:30,New York City,Midtown,Midtown,Morning,C10 Labs,C10 Labs,Wells Fargo; New York Robotics,C10 Labs; Wells Fargo; New York Robotics,c10-labs; wells-fargo; new-york-robotics,False,,https://partiful.com/e/EHqpUupSw2r4hWswjqZc?c=C6kq81jv,https://www.tech-week.com/calendar/nyc
4365,Real-Time Sprint: Build It Live,2026-06-05,10:00:00,Friday,2026-06-05 10:00,New York City,Midtown,Midtown,Morning,XLAI,XLAI,,XLAI,xlai,False,,https://partiful.com/e/hy44NsXy8fICdvIMp2bI,https://www.tech-week.com/calendar/nyc
4804,Open for Ops,2026-06-05,10:00:00,Friday,2026-06-05 10:00,New York City,Midtown,Midtown,Morning,Greenhouse,Greenhouse,,Greenhouse,greenhouse,True,,,https://www.tech-week.com/calendar/nyc
4854,"Photoreal VR for Archvis, Real Estate and Location-Based Entertainment - Day 2",2026-06-05,10:00:00,Friday,2026-06-05 10:00,New York City,Financial District,Financial District,Morning,Agile Lens,Agile Lens,DBOX; WanderLens Lab,Agile Lens; DBOX; WanderLens Lab,agile-lens; dbox; wanderlens-lab,False,,https://partiful.com/e/dA79zHIgCReURfjwFEki,https://www.tech-week.com/calendar/nyc
4950,Voice Agents Weekender Hackathon,2026-06-05,10:00:00,Friday,2026-06-05 10:00,New York City,Central Park,Central Park,Morning,Leverage,Leverage,,Leverage,leverage,False,,https://partiful.com/e/rlbH6VVwOsJZfXlJkLpY,https://www.tech-week.com/calendar/nyc
4995,Equity to Estate - Turning Startup Wealth into Long-Term Legacy,2026-06-05,10:00:00,Friday,2026-06-05 10:00,New York City,Financial District,Financial District,Morning,Northwestern Mutual Life Insurance Company,Northwestern Mutual Life Insurance Company,"Cloudonix, Inc","Northwestern Mutual Life Insurance Company; Cloudonix, Inc",northwestern-mutual-life-insurance-company; cloudonix-inc,False,,https://partiful.com/e/JcyP1ORbOE16X2gY5wAu,https://www.tech-week.com/calendar/nyc
5345,Food Tech Coffee Chat: Tech that Keeps Humanity at the Table,2026-06-05,10:00:00,Friday,2026-06-05 10:00,New York City,Tribeca,Tribeca,Morning,Letters from the Table,Letters from the Table,,Letters from the Table,letters-from-the-table,True,,,https://www.tech-week.com/calendar/nyc
5364,The Poop Pill Myth Lab,2026-06-05,10:00:00,Friday,2026-06-05 10:00,New York City,Greenwich Village,Greenwich Village,Morning,FitBiomics,FitBiomics,,FitBiomics,fitbiomics,True,,,https://www.tech-week.com/calendar/nyc
4143,The Hidden Currency of Healthcare Leadership in the AI Era,2026-06-05,11:00:00,Friday,2026-06-05 11:00,New York City,Tribeca,Tribeca,Morning,Virre,Virre,,Virre,virre,False,,https://partiful.com/e/M7TEr1UmiL341A0iFk7Q,https://www.tech-week.com/calendar/nyc
4352,Pitch 'n' Pop Live Workshop,2026-06-05,11:00:00,Friday,2026-06-05 11:00,New York City,SoHo,SoHo,Morning,Presentation Mode,Presentation Mode,,Presentation Mode,presentation-mode,False,,https://partiful.com/e/7xmYfFfhTQBHPGqBUNn4,https://www.tech-week.com/calendar/nyc
4543,Chi-Ching: Integrated Financial Operations,2026-06-05,11:00:00,Friday,2026-06-05 11:00,New York City,Virtual (NYC),Virtual (NYC),Morning,WIZETRAK,WizeTrak,,WizeTrak,wizetrak,False,,https://partiful.com/e/sDrNi3lXsHFWExiKn9Gf?c=Q2odHzgD,https://www.tech-week.com/calendar/nyc
4851,We Solved the Chatbot Misinfo Problem. Here's How.,2026-06-05,11:00:00,Friday,2026-06-05 11:00,New York City,Midtown,Midtown,Morning,NewsGuard,NewsGuard,,NewsGuard,newsguard,False,,https://partiful.com/e/4mvtLjRkoCUa7D1tfO3L,https://www.tech-week.com/calendar/nyc
5250,Build to Exit: The Exit Readiness Hackathon for Women Founders,2026-06-05,11:00:00,Friday,2026-06-05 11:00,New York City,Flatiron,Flatiron,Morning,Exette,Exette,,Exette,exette,False,,https://partiful.com/e/mfI66ljwzfZeqxn7v52g,https://www.tech-week.com/calendar/nyc
5727,How AI is transforming the workforce model – and what comes next for talent strategy,2026-06-05,11:00:00,Friday,2026-06-05 11:00,New York City,Flatiron,Flatiron,Morning,IBM,IBM,,IBM,ibm,False,platinum,https://partiful.com/e/Y6jJoRk6U9E5hgPXi6uc?c=JtaUGquU,https://www.tech-week.com/calendar/nyc
6221,a16z speedrun AI Faire,2026-06-05,11:00:00,Friday,2026-06-05 11:00,New York City,Midtown,Midtown,Morning,a16z speedrun,a16z speedrun,Orrick,a16z speedrun; Orrick,a16z-speedrun; orrick,False,,https://partiful.com/e/JXbUkObwnkyVvC87cz8a,https://www.tech-week.com/calendar/nyc
6419,ElevenLabs NY Tech Week PopUp,2026-06-05,11:00:00,Friday,2026-06-05 11:00,New York City,SoHo,SoHo,Morning,ElevenLabs,ElevenLabs,,ElevenLabs,elevenlabs,False,,https://partiful.com/e/hVN69QHHQKaL72l700kB?,https://www.tech-week.com/calendar/nyc
5499,Female Founders Lunch,2026-06-05,11:30:00,Friday,2026-06-05 11:30,New York City,Midtown,Midtown,Morning,Perkins Coie LLP,Perkins Coie,Everywhere Ventures,Perkins Coie; Everywhere Ventures,perkins-coie; everywhere-ventures,False,,https://partiful.com/e/UC1NXYJ9EHyHyXonLjsP,https://www.tech-week.com/calendar/nyc
5510,Before You Raise: What Investors Actually Check,2026-06-05,11:30:00,Friday,2026-06-05 11:30,New York City,Virtual (NYC),Virtual (NYC),Morning,Ad Hoc Founders Counsel,Ad Hoc Founders Counsel,,Ad Hoc Founders Counsel,ad-hoc-founders-counsel,False,,https://partiful.com/e/CNhLw58DXtAMPjBzhmSL?c=PZVvcO05,https://www.tech-week.com/calendar/nyc
4374,Founders' Lunch hosted by Cherry Hill Advisory,2026-06-05,12:00:00,Friday,2026-06-05 12:00,New York City,SoHo,SoHo,Noon,Cherry Hill Advisory,Cherry Hill Advisory,,Cherry Hill Advisory,cherry-hill-advisory,False,,https://partiful.com/e/3s09stRIIrmrcoVEFCT8,https://www.tech-week.com/calendar/nyc
5240,Skills That Matter,2026-06-05,12:00:00,Friday,2026-06-05 12:00,New York City,SoHo,SoHo,Noon,Savas Labs,Savas Labs,,Savas Labs,savas-labs,False,,https://partiful.com/e/OTB0d4SND0ZJS5WYzdxc,https://www.tech-week.com/calendar/nyc
5462,Latinos & Latam in AI,2026-06-05,12:00:00,Friday,2026-06-05 12:00,New York City,SoHo,SoHo,Noon,Colectivo,Colectivo,,Colectivo,colectivo,False,,https://partiful.com/e/H6ckvNb4WAjNTkDJTqsp,https://www.tech-week.com/calendar/nyc
6081,The $15M Founder Forum: Private Lunch at #NYTechWeek,2026-06-05,12:00:00,Friday,2026-06-05 12:00,New York City,Gramercy Park,Gramercy Park,Noon,Startup Grind,Startup Grind,,Startup Grind,startup-grind,False,,https://partiful.com/e/mG8lr0MOZDcE9Aid3QXR,https://www.tech-week.com/calendar/nyc
4643,Healthtech Founders Networking,2026-06-05,12:30:00,Friday,2026-06-05 12:30,New York City,Midtown,Midtown,Noon,KLI Capital,KLI Capital,Scalpels & Spreadsheets,KLI Capital; Scalpels & Spreadsheets,kli-capital; scalpels-spreadsheets,False,,https://partiful.com/e/Waeh7VPePdoGvYfP7nSs,https://www.tech-week.com/calendar/nyc
4127,"The Autonomous Enterprise: How AI Will Redefine Company Operations, Leadership, and Talent.",2026-06-05,13:00:00,Friday,2026-06-05 13:00,New York City,Virtual (NYC),Virtual (NYC),Afternoon,Orquesta Inc,Orquesta Inc,,Orquesta Inc,orquesta-inc,False,,https://partiful.com/e/t2IAjZOPxfRkn0b62Ypj,https://www.tech-week.com/calendar/nyc
4720,Building AI Agents for Science,2026-06-05,13:00:00,Friday,2026-06-05 13:00,New York City,Financial District,Financial District,Afternoon,GRAIL,GRAIL,"Cloudonix, Inc","GRAIL; Cloudonix, Inc",grail; cloudonix-inc,False,,https://partiful.com/e/glbUe1VF4t4MRsDbktVx?c=BcYgJv5K,https://www.tech-week.com/calendar/nyc
4820,Money in 2036: The Future of Finance and How We Get There,2026-06-05,13:00:00,Friday,2026-06-05 13:00,New York City,SoHo,SoHo,Afternoon,CreditBridge,CreditBridge,NYU Blockchain Lab,CreditBridge; NYU Blockchain Lab,creditbridge; nyu-blockchain-lab,False,,https://partiful.com/e/TfQk8z0Kzm00HCm55rVN,https://www.tech-week.com/calendar/nyc
5701,Diasporic Impact Tech: Revitalizing Millenary Solutions to Redefine How We Live and Interact,2026-06-05,13:00:00,Friday,2026-06-05 13:00,New York City,Virtual (NYC),Virtual (NYC),Afternoon,GLOBAL PORTAL INSTITUTE,,GLOBAL PORTAL INSTITUTE; THE PORT GLOBAL,GLOBAL PORTAL INSTITUTE; THE PORT GLOBAL,global-portal-institute; the-port-global,False,,https://partiful.com/events/Nz0QBVpUivKQKpzIs7Xl/,https://www.tech-week.com/calendar/nyc
5765,The Oasis @ NY Tech Week Day 5 - Emerging Technology,2026-06-05,13:00:00,Friday,2026-06-05 13:00,New York City,Flatiron,Flatiron,Afternoon,Boardy,Boardy,Vibe Space; Flowstate; The AI Collective,Boardy; Vibe Space; Flowstate; The AI Collective,boardy; vibe-space; flowstate; the-ai-collective,False,,https://partiful.com/e/wME3CoGVwNPhbRyevKYp,https://www.tech-week.com/calendar/nyc
4568,$14M for Faces That Don’t Exist Yet,2026-06-05,13:30:00,Friday,2026-06-05 13:30,New York City,Upper Manhattan,Upper Manhattan,Afternoon,ValkaAI,ValkaAI,European Startup Embassy,ValkaAI; European Startup Embassy,valkaai; european-startup-embassy,False,,https://partiful.com/e/WPs4H72VXEFetgndB7A0,https://www.tech-week.com/calendar/nyc
4706,The American Playbook: How Global Founders Win in the US,2026-06-05,13:30:00,Friday,2026-06-05 13:30,New York City,Hudson Yards,Hudson Yards,Afternoon,BDev Ventures,BDev Ventures,Arc Ventures; Wells Fargo,BDev Ventures; Arc Ventures; Wells Fargo,bdev-ventures; arc-ventures; wells-fargo,False,,https://partiful.com/e/6TEpduZJ2faxAuFUv5QV,https://www.tech-week.com/calendar/nyc
4647,Live Events Are Becoming A Real-World Testbed For Web3 Infrastructure,2026-06-05,14:00:00,Friday,2026-06-05 14:00,New York City,Queens,Queens,Afternoon,Stub3,Stub3,,Stub3,stub3,True,,,https://www.tech-week.com/calendar/nyc
5097,Too Young to Lead? How to Win in Tech Anyway,2026-06-05,14:00:00,Friday,2026-06-05 14:00,New York City,Central Park,Central Park,Afternoon,Smadlytics Inc,Smadlytics Inc,,Smadlytics Inc,smadlytics-inc,True,,,https://www.tech-week.com/calendar/nyc
4079,DESIGNERS OFFLINE,2026-06-05,15:00:00,Friday,2026-06-05 15:00,New York City,Midtown,Midtown,Afternoon,Designers Offline,Designers Offline,Designers & Coffee,Designers Offline; Designers & Coffee,designers-offline; designers-coffee,False,,https://partiful.com/e/Qrdae742d6FOxQj1HGhT?c=0-mReFzo,https://www.tech-week.com/calendar/nyc
4082,VCs & LPs Cocktail Hour,2026-06-05,15:00:00,Friday,2026-06-05 15:00,New York City,Financial District,Financial District,Afternoon,fractl,fractl,,fractl,fractl,True,,,https://www.tech-week.com/calendar/nyc
4351,I ❤️ NY Seed,2026-06-05,15:00:00,Friday,2026-06-05 15:00,New York City,SoHo,SoHo,Afternoon,Presentation Mode,Presentation Mode,,Presentation Mode,presentation-mode,False,,https://partiful.com/e/2NJ2Wb2IAPAikejr1DLL,https://www.tech-week.com/calendar/nyc
4394,"Connecting Celebrities, Fans & Brands, Where Influence Meets Impact — Celecart × Watch Her Win at",2026-06-05,15:00:00,Friday,2026-06-05 15:00,New York City,Greenwich Village,Greenwich Village,Afternoon,Celecart Inc.,Celecart Inc.,Watch Her Win New York,Celecart Inc.; Watch Her Win New York,celecart-inc; watch-her-win-new-york,False,,https://partiful.com/e/KbU1aXj8PlE4DHqMi7nL?c=wBQ4lvmn,https://www.tech-week.com/calendar/nyc
4772,The US Expansion blueprint,2026-06-05,15:00:00,Friday,2026-06-05 15:00,New York City,Midtown,Midtown,Afternoon,Razorpay,Razorpay,,Razorpay,razorpay,False,,https://partiful.com/e/NIRmE2CXx6LigqpHaRzA,https://www.tech-week.com/calendar/nyc
5142,Healthcare Innovation Night,2026-06-05,15:00:00,Friday,2026-06-05 15:00,New York City,Flatiron,Flatiron,Afternoon,Aiwomenfounders,Aiwomenfounders,,Aiwomenfounders,aiwomenfounders,False,,https://partiful.com/e/ldlqu4a7ndyU37GIi7X0,https://www.tech-week.com/calendar/nyc
5327,The Briefing: Market Intelligence on the Female Exit for Wealth Management & Advisory Firms,2026-06-05,15:00:00,Friday,2026-06-05 15:00,New York City,Financial District,Financial District,Afternoon,Exette,Exette,,Exette,exette,False,,https://partiful.com/e/W1Y2Nl4n23PBrt3KWj3Z,https://www.tech-week.com/calendar/nyc
5337,Careers of the Future: AI Career Development Day,2026-06-05,15:00:00,Friday,2026-06-05 15:00,New York City,Union Square,Union Square,Afternoon,Black Women Talk Tech,"Black Women Talk Tech, NY Tech Alliance",Baddies In Tech,"Black Women Talk Tech, NY Tech Alliance; Baddies In Tech",black-women-talk-tech-ny-tech-alliance; baddies-in-tech,False,,https://partiful.com/e/P3vW41fYoKxlPihzQGFI?accept-cohost=19c3ff94-e5a9-4dec-ae92-469c52a18dda,https://www.tech-week.com/calendar/nyc
5408,Vibe Code 💻 & Tea 🍵: build with gemini,2026-06-05,15:00:00,Friday,2026-06-05 15:00,New York City,Lower East Side,Lower East Side,Afternoon,GDG NYC,GDG NYC,Columbia University Founders; Columbia Entrepreneurs Organization and FinOptiv AI,GDG NYC; Columbia University Founders; Columbia Entrepreneurs Organization and FinOptiv AI,gdg-nyc; columbia-university-founders; columbia-entrepreneurs-organization-and-finoptiv-ai,False,,https://partiful.com/e/5VTezY208ZqXJI4zsvJt,https://www.tech-week.com/calendar/nyc
5448,Careers of the Future: AI Career Development Day,2026-06-05,15:00:00,Friday,2026-06-05 15:00,New York City,Union Square,Union Square,Afternoon,Black Women Talk Tech,"Black Women Talk Tech, NY Tech Alliance",AcceleratorCON,"Black Women Talk Tech, NY Tech Alliance; AcceleratorCON",black-women-talk-tech-ny-tech-alliance; acceleratorcon,False,,https://partiful.com/e/P3vW41fYoKxlPihzQGFI?c=6VnEPXY4,https://www.tech-week.com/calendar/nyc
5775,Marketplace and Community Led Growth,2026-06-05,15:00:00,Friday,2026-06-05 15:00,New York City,Midtown,Midtown,Afternoon,Partner1,Partner1,NachoNacho; Uplyft Collective,Partner1; NachoNacho; Uplyft Collective,partner1; nachonacho; uplyft-collective,False,,https://partiful.com/e/QoKkKe7U2NhgDoV3hZEt,https://www.tech-week.com/calendar/nyc
6210,"Hi, Cofounder",2026-06-05,15:00:00,Friday,2026-06-05 15:00,New York City,Flatiron,Flatiron,Afternoon,Envision Blueprint,Envision Blueprint,,Envision Blueprint,envision-blueprint,False,,https://partiful.com/e/OhZKHpSNaeZLLepi9AAC,https://www.tech-week.com/calendar/nyc
5459,The Alignment Lab: a Live Experience to Reveal Coherence & Navigate Uncertainty,2026-06-05,15:30:00,Friday,2026-06-05 15:30,New York City,Union Square,Union Square,Afternoon,Meridian Collective,Meridian Collective,,Meridian Collective,meridian-collective,False,,https://partiful.com/e/foEPEVCrozyJZCN4W19S,https://www.tech-week.com/calendar/nyc
4131,From Survive to Thrive,2026-06-05,16:00:00,Friday,2026-06-05 16:00,New York City,Midtown,Midtown,Afternoon,Astia,Astia,Lowenstein Sandler; Osborne Clarke,Astia; Lowenstein Sandler; Osborne Clarke,astia; lowenstein-sandler; osborne-clarke,False,,https://partiful.com/e/gKj9MaPMRgLAfdoUrS8A,https://www.tech-week.com/calendar/nyc
4343,Female Founder/CEO Self-Mastery - a Dialogue,2026-06-05,16:00:00,Friday,2026-06-05 16:00,New York City,Brooklyn,Brooklyn,Afternoon,Corbett Ventures,Corbett Ventures,,Corbett Ventures,corbett-ventures,False,,https://partiful.com/e/d9mOqctHrPQiu4oeaF6t,https://www.tech-week.com/calendar/nyc
4620,NYC AI/ML Hackathon,2026-06-05,16:00:00,Friday,2026-06-05 16:00,New York City,East Village,East Village,Afternoon,Intuit,Intuit,,Intuit,intuit,False,,https://partiful.com/e/EstgcJd2gxjOPGIbPHmv?c=YMrfWKQg,https://www.tech-week.com/calendar/nyc
4701,Trans Talent In Tech,2026-06-05,16:00:00,Friday,2026-06-05 16:00,New York City,Tribeca,Tribeca,Afternoon,Cool Trans Girl,Cool Trans Girl,Avid Society; NYC Pride; MSCI Pride & Allies,Cool Trans Girl; Avid Society; NYC Pride; MSCI Pride & Allies,cool-trans-girl; avid-society; nyc-pride; msci-pride-allies,False,,https://partiful.com/e/iym9LN4KS0uf1UV9BaB8,https://www.tech-week.com/calendar/nyc
4914,Curated Happy Hour for European founders and US Investors! Powered by ESE,2026-06-05,16:00:00,Friday,2026-06-05 16:00,New York City,Upper Manhattan,Upper Manhattan,Afternoon,EUROPEAN STARTUP EMBASSY,,European Startup Embassy; Valka AI,European Startup Embassy; Valka AI,european-startup-embassy; valka-ai,False,,https://partiful.com/e/LEDa1R82yEii1oxgrTBF,https://www.tech-week.com/calendar/nyc
4953,Immersive Oyster Happy Hour with Tandon @The Yard,2026-06-05,16:00:00,Friday,2026-06-05 16:00,New York City,Brooklyn,Brooklyn,Afternoon,NYU Tandon @ The Yard,NYU Tandon @ The Yard,NYU,NYU Tandon @ The Yard; NYU,nyu-tandon-the-yard; nyu,True,,,https://www.tech-week.com/calendar/nyc
5761,"Finance Agents Demo Night with JP Morgan, LangChain & Tavily",2026-06-05,16:00:00,Friday,2026-06-05 16:00,New York City,Midtown,Midtown,Afternoon,Tavily AI,Tavily AI,JP Morgan,Tavily AI; JP Morgan,tavily-ai; jp-morgan,False,,https://partiful.com/e/iVvYeqLhieeu6286yKro,https://www.tech-week.com/calendar/nyc
5769,Startup Spotlight: Lithuania,2026-06-05,16:30:00,Friday,2026-06-05 16:30,New York City,Midtown,Midtown,Afternoon,Consulate General of the Republic of Lithuania in New York,Consulate General of the Republic of Lithuania in New York,Innovation Agency Lithuania,Consulate General of the Republic of Lithuania in New York; Innovation Agency Lithuania,consulate-general-of-the-republic-of-lithuania-in-new-york; innovation-agency-lithuania,False,,https://partiful.com/e/ByVS3R0LSmqvOoywWhDe?,https://www.tech-week.com/calendar/nyc
4190,Brown Girls on the Rise,2026-06-05,17:00:00,Friday,2026-06-05 17:00,New York City,Midtown,Midtown,Evening,American South Asian Network,American South Asian Network,,American South Asian Network,american-south-asian-network,False,,https://partiful.com/e/tBeCQBUTILQSESj8hP3m,https://www.tech-week.com/calendar/nyc
4287,Venture Salon: Founders & Investors,2026-06-05,17:00:00,Friday,2026-06-05 17:00,New York City,Midtown,Midtown,Evening,In Pulse,In Pulse,Yorkseed,In Pulse; Yorkseed,in-pulse; yorkseed,False,,https://partiful.com/e/AIjt9GNmqfJGNSGsOECn,https://www.tech-week.com/calendar/nyc
4514,Networking Happy Hour by Morgan Stanley Inclusive & Sustainable Ventures and QUAY Acceleration,2026-06-05,17:00:00,Friday,2026-06-05 17:00,New York City,Midtown,Midtown,Evening,QUAY Acceleration,QUAY Acceleration,Morgan Stanley Inclusive & Sustainable Ventures,QUAY Acceleration; Morgan Stanley Inclusive & Sustainable Ventures,quay-acceleration; morgan-stanley-inclusive-sustainable-ventures,False,,https://partiful.com/e/QfUCKBQL13W8DA0Yutl5,https://www.tech-week.com/calendar/nyc
4554,The Light Stack,2026-06-05,17:00:00,Friday,2026-06-05 17:00,New York City,Midtown,Midtown,Evening,Sentry,Sentry,Harness; Databricks Neon,Sentry; Harness; Databricks Neon,sentry; harness; databricks-neon,False,,https://partiful.com/e/CKczGayvJbdWdba2q8kr,https://www.tech-week.com/calendar/nyc
4718,AI-Native Services: Why SaaS is Dead,2026-06-05,17:00:00,Friday,2026-06-05 17:00,New York City,Midtown,Midtown,Evening,Elysian,Elysian,Portage Ventures,Elysian; Portage Ventures,elysian; portage-ventures,False,,https://partiful.com/e/NSLiWDiJVzPWl0DyQcDU,https://www.tech-week.com/calendar/nyc
5068,Billion Oyster Project Field Trip,2026-06-05,17:00:00,Friday,2026-06-05 17:00,New York City,Financial District,Financial District,Evening,Ambrook,Ambrook,Casa de Tilda,Ambrook; Casa de Tilda,ambrook; casa-de-tilda,False,,https://partiful.com/e/1FFSWMPK1VyrAatMRp0s?c=YyxkJKxu,https://www.tech-week.com/calendar/nyc
5228,After Hours by Bounty,2026-06-05,17:00:00,Friday,2026-06-05 17:00,New York City,SoHo,SoHo,Evening,Bounty,Bounty,,Bounty,bounty,False,,https://partiful.com/e/kYWNQTNgGYDZV4EfE9Ia,https://www.tech-week.com/calendar/nyc
5291,Seedling Spark Fund - High School Students,2026-06-05,17:00:00,Friday,2026-06-05 17:00,New York City,SoHo,SoHo,Evening,Yalla Now AI - High School Students,Yalla Now AI - High School Students,,Yalla Now AI - High School Students,yalla-now-ai-high-school-students,False,,https://partiful.com/e/S0qnVAP4oH8tNJYQeU8J,https://www.tech-week.com/calendar/nyc
5383,The Room Is the Algorithm,2026-06-05,17:00:00,Friday,2026-06-05 17:00,New York City,Midtown,Midtown,Evening,"Mega Exhibit, Inc","Mega Exhibit, Inc",Mannarino Designs Inc,"Mega Exhibit, Inc; Mannarino Designs Inc",mega-exhibit-inc; mannarino-designs-inc,False,,https://partiful.com/e/TfUUsohe1JWQV2saAmWV,https://www.tech-week.com/calendar/nyc
5385,The Room Is the Algorithm,2026-06-05,17:00:00,Friday,2026-06-05 17:00,New York City,Midtown,Midtown,Evening,"Mega Exhibit, Inc","Mega Exhibit, Inc",Mannarino Designs Inc,"Mega Exhibit, Inc; Mannarino Designs Inc",mega-exhibit-inc; mannarino-designs-inc,False,,https://partiful.com/e/TfUUsohe1JWQV2saAmWV,https://www.tech-week.com/calendar/nyc
5481,AI x Consulting,2026-06-05,17:00:00,Friday,2026-06-05 17:00,New York City,Flatiron,Flatiron,Evening,alkemy,alkemy,,alkemy,alkemy,True,,,https://www.tech-week.com/calendar/nyc
5722,Bare Metal Happy Hour: Autonomous Systems & Agent Fleet Orchestration,2026-06-05,17:00:00,Friday,2026-06-05 17:00,New York City,Union Square,Union Square,Evening,Lazy 8,Lazy 8,Every,Lazy 8; Every,lazy-8; every,False,,https://partiful.com/e/jkjGahQgmH9PLIxjfTFt,https://www.tech-week.com/calendar/nyc
5450,TechWalk,2026-06-05,17:30:00,Friday,2026-06-05 17:30,New York City,Queens,Queens,Evening,TechWalk,TechWalk,,TechWalk,techwalk,False,,https://partiful.com/e/rRCBVWRZ2Hijadxm4yfr?c=15Ouxj7t,https://www.tech-week.com/calendar/nyc
5762,Iconic Futures,2026-06-05,17:30:00,Friday,2026-06-05 17:30,New York City,Nomad,Nomad,Evening,Icon New York,Icon New York,SYT Studio,Icon New York; SYT Studio,icon-new-york; syt-studio,False,,https://partiful.com/e/6xOCaM1O0odnjhhFoer6,https://www.tech-week.com/calendar/nyc
46,BizKol x Tech Week: Empowering AI Companies with GTM & Vibe Marketing,2026-06-05,18:00:00,Friday,2026-06-05 18:00,New York City,Financial District,Financial District,Evening,BizKol,BizKol,,BizKol,bizkol,True,,,https://www.tech-week.com/calendar/nyc
71,"[SHE-E-O, Women in Finance]",2026-06-05,18:00:00,Friday,2026-06-05 18:00,New York City,Financial District,Financial District,Evening,she.e.o ventures,she.e.o ventures,,she.e.o ventures,she-e-o-ventures,False,,https://partiful.com/e/Bcail4raG8pdPzMECgBm,https://www.tech-week.com/calendar/nyc
75,Tech Networking Event with NY City Council,2026-06-05,18:00:00,Friday,2026-06-05 18:00,New York City,Upper Manhattan,Upper Manhattan,Evening,"ContraSearch, Inc.","ContraSearch, Inc.",,"ContraSearch, Inc.",contrasearch-inc,False,,https://partiful.com/e/EWOiH1i0q7dBW763j1HH?,https://www.tech-week.com/calendar/nyc
203,PHL vs NYC Founder Draft,2026-06-05,18:00:00,Friday,2026-06-05 18:00,New York City,Midtown,Midtown,Evening,localhost:nyc,localhost:nyc,TechBrig; Pace University,localhost:nyc; TechBrig; Pace University,localhost-nyc; techbrig; pace-university,False,,https://partiful.com/e/vMnZZEd9ek0rQ09zFpeE?c=vGTiWmcq,https://www.tech-week.com/calendar/nyc
208,Bollywood & Builders,2026-06-05,18:00:00,Friday,2026-06-05 18:00,New York City,Tribeca,Tribeca,Evening,The Brown Room,The Brown Room,Momo VC,The Brown Room; Momo VC,the-brown-room; momo-vc,False,,https://partiful.com/e/gmQJ86KtlMO3vaJxSQz0?c=2FILEPkS,https://www.tech-week.com/calendar/nyc
226,"Celecart - Celebrities, Fans and Brands on one Platform",2026-06-05,18:00:00,Friday,2026-06-05 18:00,New York City,Hudson Yards,Hudson Yards,Evening,Celecart Inc.,Celecart Inc.,,Celecart Inc.,celecart-inc,True,,,https://www.tech-week.com/calendar/nyc
250,YouCode AI Salon,2026-06-05,18:00:00,Friday,2026-06-05 18:00,New York City,Brooklyn,Brooklyn,Evening,You.com,You.com,,You.com,you-com,False,,https://partiful.com/e/kvGpuFMeACW7ZWPYtxTP,https://www.tech-week.com/calendar/nyc
4239,PMAI: The Demo,2026-06-05,18:00:00,Friday,2026-06-05 18:00,New York City,SoHo,SoHo,Evening,Pioneering Minds AI`,Pioneering Minds AI,,Pioneering Minds AI,pioneering-minds-ai,False,,https://partiful.com/e/ktoXGoRYxuJrZwxM1KWq,https://www.tech-week.com/calendar/nyc
4445,[Immigrant Founders&Investors Mixer],2026-06-05,18:00:00,Friday,2026-06-05 18:00,New York City,Midtown,Midtown,Evening,OneRise,OneRise,The Yard,OneRise; The Yard,onerise; the-yard,False,,https://partiful.com/e/mKW3TVj7dKZWNHi8X37B,https://www.tech-week.com/calendar/nyc
5149,Flirt Tank Dating,2026-06-05,18:00:00,Friday,2026-06-05 18:00,New York City,East Village,East Village,Evening,Live Different Comedy,Live Different Comedy,,Live Different Comedy,live-different-comedy,False,,https://partiful.com/e/958YRufxIqlYXcPAaBpB?c=ZhwP0txa,https://www.tech-week.com/calendar/nyc
5232,Wavelength: Founders & Investors Night — AI‑Curated Matches Powered by VibeMatch,2026-06-05,18:00:00,Friday,2026-06-05 18:00,New York City,Nomad,Nomad,Evening,Ascend NYC,Ascend NYC,,Ascend NYC,ascend-nyc,True,,,https://www.tech-week.com/calendar/nyc
5297,Deeptech Buildathon,2026-06-05,18:00:00,Friday,2026-06-05 18:00,New York City,SoHo,SoHo,Evening,GenZtea,GenZtea,Soma Capital; Epiphany,GenZtea; Soma Capital; Epiphany,genztea; soma-capital; epiphany,False,,https://partiful.com/e/8pmTKnFonLGM4FdI3MxF,https://www.tech-week.com/calendar/nyc
5323,The (T)echo Chamber Takeover,2026-06-05,18:00:00,Friday,2026-06-05 18:00,New York City,Union Square,Union Square,Evening,CMU T&E,CMU T&E,IK Agba Inc.,CMU T&E; IK Agba Inc.,cmu-t-e; ik-agba-inc,False,,https://partiful.com/e/zhxqPWOP82fFhLaHoMQT,https://www.tech-week.com/calendar/nyc
5433,AAC Impact Table - Ai Adoption Dinner,2026-06-05,18:00:00,Friday,2026-06-05 18:00,New York City,SoHo,SoHo,Evening,AAC,AAC,,AAC,aac,True,,,https://www.tech-week.com/calendar/nyc
5756,Vibe Space Founders Dinner,2026-06-05,18:00:00,Friday,2026-06-05 18:00,New York City,Tribeca,Tribeca,Evening,Venture Miner,Venture Miner,,Venture Miner,venture-miner,False,,https://partiful.com/e/YPsMBQ0qbJ4qJi1E3ZzM,https://www.tech-week.com/calendar/nyc
6299,"""New Money"" — A Fintech Founders Mixer",2026-06-05,18:00:00,Friday,2026-06-05 18:00,New York City,Financial District,Financial District,Evening,Rolla,Rolla,,Rolla,rolla,False,,https://partiful.com/e/HNzBBTq1gXdenq3tLu9i?c=eZh2QUub,https://www.tech-week.com/calendar/nyc
4039,South Asian Builders Happy Hour / Networking,2026-06-05,18:30:00,Friday,2026-06-05 18:30,New York City,Chelsea,Chelsea,Evening,Products by Women,Products by Women,Geeks & Experts,Products by Women; Geeks & Experts,products-by-women; geeks-experts,False,,https://partiful.com/e/qcs6HrzV1RsoT1Hj1tnI?f=1,https://www.tech-week.com/calendar/nyc
4091,Founder Feud,2026-06-05,18:30:00,Friday,2026-06-05 18:30,New York City,Flatiron,Flatiron,Evening,Forecastr,Forecastr,,Forecastr,forecastr,False,,https://partiful.com/e/g2e6kS6GPDm0icQCC14A?c=Et_Y6PRu,https://www.tech-week.com/calendar/nyc
4193,Investor-Founder Connect,2026-06-05,18:30:00,Friday,2026-06-05 18:30,New York City,Midtown,Midtown,Evening,American South Asian Network,American South Asian Network,,American South Asian Network,american-south-asian-network,False,,https://partiful.com/e/UlFftZW7i9XR5gzWbGMR,https://www.tech-week.com/calendar/nyc
4450,Run(way)time,2026-06-05,18:30:00,Friday,2026-06-05 18:30,New York City,Midtown,Midtown,Evening,Dedalus Labs,Dedalus Labs,,Dedalus Labs,dedalus-labs,False,,https://partiful.com/e/OIxO16hJaP5ZVEu9Nl90,https://www.tech-week.com/calendar/nyc
4562,Speaker Panel: Are We Building Better Lives?,2026-06-05,18:30:00,Friday,2026-06-05 18:30,New York City,Midtown,Midtown,Evening,Thinking Through,Thinking Through,Human Machines,Thinking Through; Human Machines,thinking-through; human-machines,False,,https://partiful.com/e/lSZgmttSVy4Eg93Di0Gr,https://www.tech-week.com/calendar/nyc
4729,Shabbat Dinner Social,2026-06-05,18:30:00,Friday,2026-06-05 18:30,New York City,Lower East Side,Lower East Side,Evening,Leverage,Leverage,,Leverage,leverage,False,,https://partiful.com/e/H2wb6JSBw1jxZUgdB927,https://www.tech-week.com/calendar/nyc
5087,Made In This Room,2026-06-05,18:30:00,Friday,2026-06-05 18:30,New York City,Tribeca,Tribeca,Evening,Capital V Strategies,Capital V Strategies,,Capital V Strategies,capital-v-strategies,False,,https://partiful.com/e/iwz1MCsuGW7sQSYYAuzn?,https://www.tech-week.com/calendar/nyc
5774,World Modeling Dinner: Strategy in the Age of AI,2026-06-05,18:30:00,Friday,2026-06-05 18:30,New York City,SoHo,SoHo,Evening,Principle,Principle,,Principle,principle,False,,https://partiful.com/e/T7fUPRr3KArqfToIuGRR,https://www.tech-week.com/calendar/nyc
5798,Speak Easy: Rooftop Pitch Lab,2026-06-05,18:30:00,Friday,2026-06-05 18:30,New York City,Midtown,Midtown,Evening,Speech & Mind,Speech & Mind,,Speech & Mind,speech-mind,False,,https://partiful.com/e/Sq84DVyhqLuB0Qj6vFhh,https://www.tech-week.com/calendar/nyc
31,Brex Shabbat Dinner,2026-06-05,19:00:00,Friday,2026-06-05 19:00,New York City,SoHo,SoHo,Evening,Tech Tribe,Tech Tribe,Brex,Tech Tribe; Brex,tech-tribe; brex,False,,https://partiful.com/e/4ZZwfYwsanqlxiKEHMY6,https://www.tech-week.com/calendar/nyc
4387,Voice Ai Builders & Billiards,2026-06-05,19:00:00,Friday,2026-06-05 19:00,New York City,Korea Town,Koreatown,Evening,Bespoken AI,Bespoken AI,,Bespoken AI,bespoken-ai,False,,https://partiful.com/e/OUxJyD6iKq9FxninwLD5,https://www.tech-week.com/calendar/nyc
4898,Friday Night Disco,2026-06-05,19:00:00,Friday,2026-06-05 19:00,New York City,Upper East Side,Upper West Side,Evening,XLAI,XLAI,,XLAI,xlai,False,,https://partiful.com/e/0drPw9UHAL5xfy3TvITt,https://www.tech-week.com/calendar/nyc
5278,Pitch & Play,2026-06-05,19:00:00,Friday,2026-06-05 19:00,New York City,Midtown,Midtown,Evening,44ROCH,44ROCH,,44ROCH,44roch,False,,https://partiful.com/e/ymHgfeNe18CR1181DLC5?c=O0amOzxg,https://www.tech-week.com/calendar/nyc
5324,"Flow State: Dance, Rhythm & the Brain",2026-06-05,19:00:00,Friday,2026-06-05 19:00,New York City,SoHo,SoHo,Evening,Soma Precision Health,Soma Precision Health,,Soma Precision Health,soma-precision-health,False,,https://partiful.com/e/SIlu6inx1uTKxS3DIMWV?c=fJSHGH-9,https://www.tech-week.com/calendar/nyc
5759,"The Missing Record: Memory, Power, and the Communities AI Was Never Trained to Know",2026-06-05,19:00:00,Friday,2026-06-05 19:00,New York City,Midtown,Midtown,Evening,QuarterMill,QuarterMill,,QuarterMill,quartermill,False,,,https://www.tech-week.com/calendar/nyc
5781,Measured HRIS X Tech Week,2026-06-05,19:00:00,Friday,2026-06-05 19:00,New York City,Midtown,Midtown,Evening,"Measured HRIS , Inc","Measured HRIS , Inc",,"Measured HRIS , Inc",measured-hris-inc,False,,https://partiful.com/e/0UXV0ocPHY8mMNweUPgR,https://www.tech-week.com/calendar/nyc
4998,ionava x SoulCycle: VIP Friday Night Ride,2026-06-05,19:30:00,Friday,2026-06-05 19:30,New York City,Greenwich Village,Greenwich Village,Evening,ionava,IONAVA,SoulCycle,IONAVA; SoulCycle,ionava; soulcycle,False,,https://partiful.com/e/0Acg5QNuZq1LMb3lI20Q,https://www.tech-week.com/calendar/nyc
4196,Future of Content: The Nova Studio Launch Party at,2026-06-05,20:00:00,Friday,2026-06-05 20:00,New York City,Midtown,Midtown,Evening,Insurgi Urban Concepts,Insurgi Urban Concepts,,Insurgi Urban Concepts,insurgi-urban-concepts,False,,https://partiful.com/e/wLYY9WDfvCMooIwus7j4,https://www.tech-week.com/calendar/nyc
5125,Gather 01 by 165 Global: NYC Launch Party - for Investors and founders,2026-06-05,20:00:00,Friday,2026-06-05 20:00,New York City,Midtown,Midtown,Evening,165 Global,165 Global,,165 Global,165-global,False,,https://partiful.com/e/0CnNiFTmqb0m0QqQkoob,https://www.tech-week.com/calendar/nyc
5501,SpacetimeDB Launchpad Hackathon,2026-06-05,20:00:00,Friday,2026-06-05 20:00,New York City,Midtown,Midtown,Evening,SpacetimeDB,SpacetimeDB,,SpacetimeDB,spacetimedb,False,,https://partiful.com/e/YxvEsJDZYLbJ9KkMt2bE,https://www.tech-week.com/calendar/nyc
4819,Above Fridays at PhD lounge by Stephen Michael Never Look Back,2026-06-05,21:00:00,Friday,2026-06-05 21:00,New York City,Chelsea,Chelsea,Evening,Propel Earth,Propel Earth,,Propel Earth,propel-earth,False,,https://partiful.com/e/NliTjJnlzHdCsjcx3JFS?c=ToEB8-7b,https://www.tech-week.com/calendar/nyc
5514,Vega Presents: The +1 Party of the Summer,2026-06-05,21:00:00,Friday,2026-06-05 21:00,New York City,SoHo,SoHo,Evening,Vega,Vega,,Vega,vega,False,,https://partiful.com/e/oXjXF7XulL335ng19B6b,https://www.tech-week.com/calendar/nyc
4037,Fitness For Founders: The TAY Way Pro Day,2026-06-06,09:00:00,Saturday,2026-06-06 09:00,New York City,Midtown,Midtown,Morning,TAY Fitness,TAY Fitness,Technology Founders of America,TAY Fitness; Technology Founders of America,tay-fitness; technology-founders-of-america,False,,https://partiful.com/e/M0IcRybbcOWR9tbpmutm?c=YxuLHd9g,https://www.tech-week.com/calendar/nyc
4536,CLI Hacks: build the interface for agents,2026-06-06,09:00:00,Saturday,2026-06-06 09:00,New York City,Meatpacking District,Meatpacking District,Morning,Betaworks,Betaworks,Forever 22; LangChain; Google Deepmind,Betaworks; Forever 22; LangChain; Google Deepmind,betaworks; forever-22; langchain; google-deepmind,False,,https://partiful.com/e/Z2SAKZpOG6VHZvi1iTTl?c=_e0hyTHs,https://www.tech-week.com/calendar/nyc
4650,Healthtech Roundtables by Social by Scalpels & Spreadsheets,2026-06-06,09:00:00,Saturday,2026-06-06 09:00,New York City,Midtown,Midtown,Morning,Scalpels & Spreadsheets,Scalpels & Spreadsheets,,Scalpels & Spreadsheets,scalpels-spreadsheets,False,,https://partiful.com/e/ojZeZf4Fgq48lmtmv0xx,https://www.tech-week.com/calendar/nyc
5058,NextGen BioAgents Hackathon,2026-06-06,09:00:00,Saturday,2026-06-06 09:00,New York City,Kips Bay,Kips Bay,Morning,Nucleate NY,Nucleate NY,,Nucleate NY,nucleate-ny,False,,https://partiful.com/e/RD1KcZIDmYx2q5J7fUbM,https://www.tech-week.com/calendar/nyc
5287,Brain Workout,2026-06-06,09:00:00,Saturday,2026-06-06 09:00,New York City,SoHo,SoHo,Morning,Soma Precision Health,Soma Precision Health,,Soma Precision Health,soma-precision-health,False,,https://partiful.com/e/vGGK1oDMEBtV51cgXE09,https://www.tech-week.com/calendar/nyc
5417,Founder Reset,2026-06-06,09:00:00,Saturday,2026-06-06 09:00,New York City,Brooklyn,Brooklyn,Morning,Ginga,Ginga,MOTHER Tech; Bahia Taste,Ginga; MOTHER Tech; Bahia Taste,ginga; mother-tech; bahia-taste,False,,https://partiful.com/e/BkBgm4A6roB2plBcGf2e?c=0ZNHUrG4,https://www.tech-week.com/calendar/nyc
5611,Code For Climate: Build with AI,2026-06-06,09:00:00,Saturday,2026-06-06 09:00,New York City,Midtown,Midtown,Morning,Mentor Me Collective,Mentor Me Collective,Google Cloud; Thinking About Thinking; Base44,Mentor Me Collective; Google Cloud; Thinking About Thinking; Base44,mentor-me-collective; google-cloud; thinking-about-thinking; base44,False,,https://partiful.com/e/oIAGx5NCqfYVJS9iPljh,https://www.tech-week.com/calendar/nyc
5629,Code For Climate: Build with AI,2026-06-06,09:00:00,Saturday,2026-06-06 09:00,New York City,Midtown,Midtown,Morning,Mentor Me Collective,Mentor Me Collective,Google Cloud; Thinking About Thinking; Base44,Mentor Me Collective; Google Cloud; Thinking About Thinking; Base44,mentor-me-collective; google-cloud; thinking-about-thinking; base44,False,,https://partiful.com/e/oIAGx5NCqfYVJS9iPljh,https://www.tech-week.com/calendar/nyc
5659,Code For Climate: Build with AI,2026-06-06,09:00:00,Saturday,2026-06-06 09:00,New York City,Midtown,Midtown,Morning,Mentor Me Collective,Mentor Me Collective,Thinking About Thinking; Google Cloud,Mentor Me Collective; Thinking About Thinking; Google Cloud,mentor-me-collective; thinking-about-thinking; google-cloud,False,,https://partiful.com/e/oIAGx5NCqfYVJS9iPljh,https://www.tech-week.com/calendar/nyc
5750,Build A Plan of Life - Can AI Help with Daily Spiritual Habits?,2026-06-06,09:00:00,Saturday,2026-06-06 09:00,New York City,Greenwich Village,Greenwich Village,Morning,BuildSaints,BuildSaints,St Joseph’s Entrepreneur Club,BuildSaints; St Joseph’s Entrepreneur Club,buildsaints; st-joseph-s-entrepreneur-club,False,,https://partiful.com/e/of5BZt7bvyRnAWZ3xoK7?c=TNGvUu0s,https://www.tech-week.com/calendar/nyc
6365,Rebuild x Eleven Labs Hackathon,2026-06-06,09:00:00,Saturday,2026-06-06 09:00,New York City,Chinatown,Chinatown,Morning,Rebuild,Rebuild,Eleven Labs,Rebuild; Eleven Labs,rebuild; eleven-labs,False,,https://partiful.com/e/5gz90KPGpE1XoK3GZtoW,https://www.tech-week.com/calendar/nyc
6380,Founders Running Club: 5K Networking Run - #NYCTechWeek,2026-06-06,09:00:00,Saturday,2026-06-06 09:00,New York City,West Village,West Village,Morning,Founders Running Club,Founders Running Club,,Founders Running Club,founders-running-club,False,,,https://www.tech-week.com/calendar/nyc
5047,"QueensKnow Prayer Walk for Women in Tech, Business & Leadership",2026-06-06,09:30:00,Saturday,2026-06-06 09:30,New York City,Brooklyn,Brooklyn,Morning,QueensKnow,QueensKnow,,QueensKnow,queensknow,False,,https://partiful.com/e/r5NNkxDEGwuImYwwqvqe,https://www.tech-week.com/calendar/nyc
5748,Agents Hackathon by Lightning AI & Validia,2026-06-06,09:30:00,Saturday,2026-06-06 09:30,New York City,Flatiron,Flatiron,Morning,Validia,Validia,Lightning AI,Validia; Lightning AI,validia; lightning-ai,False,,https://partiful.com/e/UUSBKyeFqHuURxthFyji,https://www.tech-week.com/calendar/nyc
5454,Bring Your Own Data (BYOD): A Creative Tech Potluck,2026-06-06,09:45:00,Saturday,2026-06-06 09:45,New York City,Brooklyn,Brooklyn,Morning,Black Interactive,Black Interactive,,Black Interactive,black-interactive,False,,https://partiful.com/e/OaMuPHbkv4A3c4MJxwW5?c=QdGEkD_c,https://www.tech-week.com/calendar/nyc
13,New York Hackathon,2026-06-06,10:00:00,Saturday,2026-06-06 10:00,New York City,Brooklyn,Brooklyn,Morning,Paradigm,Paradigm,,Paradigm,paradigm,False,,https://partiful.com/e/2sVPnwqQOK5sF4FckWXf,https://www.tech-week.com/calendar/nyc
72,Consumer AI hackathon For Builder,2026-06-06,10:00:00,Saturday,2026-06-06 10:00,New York City,Chelsea,Chelsea,Morning,BeFreed,BeFreed,,BeFreed,befreed,False,,https://partiful.com/e/83GF2SN1253QIV5Yr2rY,https://www.tech-week.com/calendar/nyc
204,Hardware Hack,2026-06-06,10:00:00,Saturday,2026-06-06 10:00,New York City,Brooklyn,Brooklyn,Morning,localhost:nyc,localhost:nyc,Visionbrew; Connnext,localhost:nyc; Visionbrew; Connnext,localhost-nyc; visionbrew; connnext,False,,https://partiful.com/e/5b8DE39ZNAUhZsPcSepq?c=97LD9b-L,https://www.tech-week.com/calendar/nyc
4003,Bio-Health Run,2026-06-06,10:00:00,Saturday,2026-06-06 10:00,New York City,West Village,West Village,Morning,Bio-Health Run Club,Bio-Health Run Club,,Bio-Health Run Club,bio-health-run-club,False,,https://partiful.com/e/Yypg1qLoBZxTQeULD3pH,https://www.tech-week.com/calendar/nyc
4040,Vibe Code Hackathon,2026-06-06,10:00:00,Saturday,2026-06-06 10:00,New York City,Chelsea,Chelsea,Morning,Products by Women,Products by Women,Geeks & Experts,Geeks & Experts; Products by Women,geeks-experts; products-by-women,False,,https://partiful.com/e/uQdzb29YFCGMt5EyS7T0,https://www.tech-week.com/calendar/nyc
5140,NYC Prompt-to-Play Hackathon,2026-06-06,10:00:00,Saturday,2026-06-06 10:00,New York City,Flatiron,Flatiron,Morning,blAng productions,blAng productions,,blAng productions,blang-productions,True,,,https://www.tech-week.com/calendar/nyc
5465,G-Hacks,2026-06-06,10:00:00,Saturday,2026-06-06 10:00,New York City,Flatiron,Flatiron,Morning,G-Fellows,G-Fellows,,G-Fellows,g-fellows,False,,https://partiful.com/e/p0S0WixaAo2RJlWgsVlf,https://www.tech-week.com/calendar/nyc
4243,Meet Me in the Middle (Pickleball Edition),2026-06-06,10:15:00,Saturday,2026-06-06 10:15,New York City,Brooklyn,Brooklyn,Morning,Growing the Middle,Growing the Middle,Volley & Vibe,Growing the Middle; Volley & Vibe,growing-the-middle; volley-vibe,True,,,https://www.tech-week.com/calendar/nyc
4391,​Founder Basketball [Hosted by Rho x Lerer Hippeau],2026-06-06,10:30:00,Saturday,2026-06-06 10:30,New York City,Chelsea,Chelsea,Morning,Rho,Rho,Lerer Hippeau,Rho; Lerer Hippeau,rho; lerer-hippeau,False,,https://partiful.com/e/HtAfI5g4LYFrR0hAMWGg,https://www.tech-week.com/calendar/nyc
4875,Hack- Aging Vibecoding,2026-06-06,10:30:00,Saturday,2026-06-06 10:30,New York City,Midtown,Midtown,Morning,Owle AI,Owle AI,,Owle AI,owle-ai,False,,https://partiful.com/events/ldrUZdvoSlbrx3uQT7dd/edit,https://www.tech-week.com/calendar/nyc
5755,Walk and Talk Tech in Central Park,2026-06-06,10:30:00,Saturday,2026-06-06 10:30,New York City,Central Park,Central Park,Morning,Fish & Richardson P.C.,Fish & Richardson P.C.,,Fish & Richardson P.C.,fish-richardson-p-c,False,,https://partiful.com/e/QUnG1qTMwyGP9hkg8MYP?c=ZtME0xHL,https://www.tech-week.com/calendar/nyc
100,Under-20 Showcase : Demo Day x AI Prompt Battle x Wellbeing Lab,2026-06-06,11:00:00,Saturday,2026-06-06 11:00,New York City,Upper Manhattan,Upper Manhattan,Morning,The Kijana Company,The Kijana Company,,The Kijana Company,the-kijana-company,False,,https://partiful.com/e/QKl9xqtTykyORMM50ifg?c=LB759EP5,https://www.tech-week.com/calendar/nyc
4749,"Frontier Demo Day: AI, Robotics & Real-World Systems (NYC)",2026-06-06,11:00:00,Saturday,2026-06-06 11:00,New York City,Midtown,Midtown,Morning,Stonegardens Advisory,Stonegardens Advisory,Orama Technologies; XFund; Harvard GovLab Incubator Hackathon,Stonegardens Advisory; Orama Technologies; XFund; Harvard GovLab Incubator Hackathon,stonegardens-advisory; orama-technologies; xfund; harvard-govlab-incubator-hackathon,True,,,https://www.tech-week.com/calendar/nyc
4802,NY TECH PRAYER BRUNCH,2026-06-06,11:00:00,Saturday,2026-06-06 11:00,New York City,Brooklyn,Brooklyn,Morning,Gather for Glory,Gather for Glory,Baddies In Tech,Gather for Glory; Baddies In Tech,gather-for-glory; baddies-in-tech,False,,https://partiful.com/e/otWn9aTcoYTcUY4QWh5x,https://www.tech-week.com/calendar/nyc
4828,Demo Day at the CSI Innovation Hub,2026-06-06,11:00:00,Saturday,2026-06-06 11:00,New York City,Financial District,Financial District,Morning,CSI Innovation Hub,CSI Innovation Hub,,CSI Innovation Hub,csi-innovation-hub,False,,https://partiful.com/e/KRCgLaYukzBfeBmNoQfA?c=VHqSTMgR,https://www.tech-week.com/calendar/nyc
5214,Proof Wins: The Future of Non-Profit Impact,2026-06-06,11:00:00,Saturday,2026-06-06 11:00,New York City,Virtual (NYC),Virtual (NYC),Morning,Gifted Life LLC,Gifted Life LLC,,Gifted Life LLC,gifted-life-llc,False,,https://partiful.com/e/rLezkpKZ3QRfCdlVcLF6,https://www.tech-week.com/calendar/nyc
5744,AI Agents in the Wild: A Candid Conversation on Trust and Accountability,2026-06-06,11:00:00,Saturday,2026-06-06 11:00,New York City,Flatiron,Flatiron,Morning,Ezio,Ezio,,Ezio,ezio,False,,https://partiful.com/e/hI6Tdz9djTmB6Zrpz9ZS,https://www.tech-week.com/calendar/nyc
6248,The Creatives Mixer,2026-06-06,11:00:00,Saturday,2026-06-06 11:00,New York City,Chelsea,Chelsea,Morning,Velle,Velle,,Velle,velle,False,,https://partiful.com/e/HjFwJN8F4iK3LPhBy4D9,https://www.tech-week.com/calendar/nyc
6364,ElevenLabs NY Tech Week PopUp,2026-06-06,11:00:00,Saturday,2026-06-06 11:00,New York City,SoHo,SoHo,Morning,ElevenLabs,ElevenLabs,,ElevenLabs,elevenlabs,False,,https://partiful.com/e/hVN69QHHQKaL72l700kB?,https://www.tech-week.com/calendar/nyc
4035,Vibe Coding  Hackathon,2026-06-06,11:30:00,Saturday,2026-06-06 11:30,New York City,Virtual (NYC),Virtual (NYC),Morning,Products by Women,Products by Women,Geeks & Experts,Products by Women; Geeks & Experts,products-by-women; geeks-experts,True,,,https://www.tech-week.com/calendar/nyc
16,New York City Pizza Crawl #15 West Village Crawl,2026-06-06,12:00:00,Saturday,2026-06-06 12:00,New York City,Greenwich Village,Greenwich Village,Noon,New York City Pizza Crawl,New York City Pizza Crawl,,New York City Pizza Crawl,new-york-city-pizza-crawl,False,,https://partiful.com/e/UcvDCeDT5tKas1H5sWSs,https://www.tech-week.com/calendar/nyc
4023,FASHIONOLOGY SUMMIT,2026-06-06,12:00:00,Saturday,2026-06-06 12:00,New York City,Midtown,Midtown,Noon,Fashionology,Fashionology,In Haus; All Things Fashion Tech,Fashionology; In Haus; All Things Fashion Tech,fashionology; in-haus; all-things-fashion-tech,False,,https://partiful.com/e/VmF6aB4qEp7mD0mxZMSG?c=PZhHDhL4,https://www.tech-week.com/calendar/nyc
4680,UGLY TALK: What Healthtech Founders Break on the Way to Revenue,2026-06-06,12:00:00,Saturday,2026-06-06 12:00,New York City,Midtown,Midtown,Noon,Ugly Talk,Ugly Talk,Scalpels & Spreadsheets,Scalpels & Spreadsheets; Ugly Talk,scalpels-spreadsheets; ugly-talk,False,,https://partiful.com/e/irecvleCIgFuqft0aeUn,https://www.tech-week.com/calendar/nyc
4734,Tech Week Ritmo & Reiki,2026-06-06,12:00:00,Saturday,2026-06-06 12:00,New York City,Midtown,Midtown,Noon,Inner Pattrn,Inner Pattrn,,Inner Pattrn,inner-pattrn,False,,https://partiful.com/e/ZndEhiwL152GBxWRPdRD?c=wTpWJHc8,https://www.tech-week.com/calendar/nyc
5341,Ask a VP of Sales: Live GTM Office Hours for Early-Stage B2B Founders (Virtual),2026-06-06,12:00:00,Saturday,2026-06-06 12:00,New York City,Virtual (NYC),Virtual (NYC),Noon,KRCG,KRCG,,KRCG,krcg,False,,https://partiful.com/e/Yv14yR9RYc4QaZ4jXg2o,https://www.tech-week.com/calendar/nyc
6304,NIN Think Tank,2026-06-06,12:00:00,Saturday,2026-06-06 12:00,New York City,Midtown,Midtown,Noon,Nigerians in New York,Nigerians in New York,,Nigerians in New York,nigerians-in-new-york,False,,https://partiful.com/e/lNq9y2Rths5DCin5fKP7,https://www.tech-week.com/calendar/nyc
4076,"DWD - Wearing the Future: Culture, Capital & Community",2026-06-06,12:30:00,Saturday,2026-06-06 12:30,New York City,Union Square,Union Square,Noon,Mothers to Daughters,Mothers to Daughters,,Mothers to Daughters,mothers-to-daughters,False,,https://partiful.com/e/7UpZe9eo90pwQSpSutZ0,https://www.tech-week.com/calendar/nyc
4226,Manifesting a Better City: AI x Sustainability,2026-06-06,12:30:00,Saturday,2026-06-06 12:30,New York City,Chinatown,Chinatown,Noon,YOUTH CIVIC SERVICE INC.,YOUTH CIVIC SERVICE INC.,Futuris,YOUTH CIVIC SERVICE INC.; Futuris,youth-civic-service-inc; futuris,False,,https://partiful.com/e/KPHecJglWFrn7uza4AV4,https://www.tech-week.com/calendar/nyc
4370,Startup Friends - Coffee & Chill by Satori & Seedlegals,2026-06-06,12:30:00,Saturday,2026-06-06 12:30,New York City,Central Park,Central Park,Noon,Satori,Satori,SeedLegals,Satori; SeedLegals,satori; seedlegals,False,,https://partiful.com/e/yTqgggQ3ob59khjHM9F9,https://www.tech-week.com/calendar/nyc
5544,NYC University Founders ONLY Meet,2026-06-06,13:00:00,Saturday,2026-06-06 13:00,New York City,Chelsea,Chelsea,Afternoon,staaake,staaake,,staaake,staaake,False,,https://partiful.com/e/KhKOePrEky8gzr3zllTi,https://www.tech-week.com/calendar/nyc
5747,The Innovator’s Spark: Art Meditation in AI Era,2026-06-06,13:00:00,Saturday,2026-06-06 13:00,New York City,Long Island,Long Island,Afternoon,Sunning Hill Retreat,Sunning Hill Retreat,New York Youth Roundtable; YOUTH CIVIC SERVICE INC.,Sunning Hill Retreat; New York Youth Roundtable; YOUTH CIVIC SERVICE INC.,sunning-hill-retreat; new-york-youth-roundtable; youth-civic-service-inc,False,,https://partiful.com/e/VqJRZaJnyH6fButRkTtV,https://www.tech-week.com/calendar/nyc
5749,The Make & Market Hackathon,2026-06-06,13:00:00,Saturday,2026-06-06 13:00,New York City,Flatiron,Flatiron,Afternoon,The FOMO Group,The FOMO Group,,The FOMO Group,the-fomo-group,False,,https://partiful.com/e/2pEmZp1BxNcZENUjpUxv,https://www.tech-week.com/calendar/nyc
6194,Times Square Takeover: Hbcu Pitch,2026-06-06,13:30:00,Saturday,2026-06-06 13:30,New York City,Midtown,Midtown,Afternoon,The DM Firm & Venture for THEM,The DM Firm & Venture for THEM,,The DM Firm & Venture for THEM,the-dm-firm-venture-for-them,False,,,https://www.tech-week.com/calendar/nyc
5425,Beyond the Chair: Building Human-Centered Workplaces from the Ground Up,2026-06-06,14:00:00,Saturday,2026-06-06 14:00,New York City,Midtown,Midtown,Afternoon,Libernovo,Libernovo,,Libernovo,libernovo,False,,https://partiful.com/e/BL7kNCTtwHWtSlcaftcW?c=H-gj982l,https://www.tech-week.com/calendar/nyc
5746,Run One With Me: Plan Your First Tech Event in One Session,2026-06-06,14:00:00,Saturday,2026-06-06 14:00,New York City,Virtual (NYC),Virtual (NYC),Afternoon,Tech Wednesdays,Tech Wednesdays,,Tech Wednesdays,tech-wednesdays,False,,https://partiful.com/e/nHdWQ9BiS434yZS636i0,https://www.tech-week.com/calendar/nyc
6266,Infinite Machine Open House,2026-06-06,14:00:00,Saturday,2026-06-06 14:00,New York City,Queens,Queens,Afternoon,Infinite Machine,Infinite Machine,,Infinite Machine,infinite-machine,False,,https://partiful.com/e/5ZJamdty4j6ooj2DxZPS,https://www.tech-week.com/calendar/nyc
4222,Dance Unbound: Dance for Every Body,2026-06-06,14:30:00,Saturday,2026-06-06 14:30,New York City,Chinatown,Chinatown,Afternoon,Dance Unbound,Dance Unbound,YOUTH CIVIC SERVICE INC.,Dance Unbound; YOUTH CIVIC SERVICE INC.,dance-unbound; youth-civic-service-inc,False,,https://partiful.com/e/zh0xYiNA0DCbZsa16DId,https://www.tech-week.com/calendar/nyc
5473,Sidewalk Games: Recess,2026-06-06,14:30:00,Saturday,2026-06-06 14:30,New York City,Financial District,Financial District,Afternoon,Urban Origins NYC,Urban Origins NYC,,Urban Origins NYC,urban-origins-nyc,False,,https://partiful.com/e/0YT8cdfJmiZ7RfwO6QNv?c=D4-irq_G,https://www.tech-week.com/calendar/nyc
4437,HUMANA FUTURA: Aligning Tech w/ Human Agency & Wellness,2026-06-06,15:00:00,Saturday,2026-06-06 15:00,New York City,SoHo,SoHo,Afternoon,OneDay MBA,OneDay MBA,,OneDay MBA,oneday-mba,False,,https://partiful.com/e/N5XpjjaQK2GRCCNbEels,https://www.tech-week.com/calendar/nyc
4911,Tech & Spirituality: Thriving in a Hyper-Digital World,2026-06-06,15:00:00,Saturday,2026-06-06 15:00,New York City,Upper East Side,Upper West Side,Afternoon,One Energetics,One Energetics,Practice with Paola; Bhakti Marga NYC,Practice with Paola; One Energetics; Bhakti Marga NYC,practice-with-paola; one-energetics; bhakti-marga-nyc,False,,https://partiful.com/e/18ODB3943M8wJdiu2dS7,https://www.tech-week.com/calendar/nyc
5355,Beyond Burnout: The Future of Brain Health,2026-06-06,15:00:00,Saturday,2026-06-06 15:00,New York City,SoHo,SoHo,Afternoon,RelaXi,RelaXi,InnovatorX,InnovatorX; RelaXi,innovatorx; relaxi,False,,https://partiful.com/e/H5hGfwGeZkSjaKitxWLz,https://www.tech-week.com/calendar/nyc
5464,The Unfiltered Edit,2026-06-06,15:00:00,Saturday,2026-06-06 15:00,New York City,Upper Manhattan,Upper Manhattan,Afternoon,"Pomp Academy, Inc.","Pomp Academy, Inc.",,"Pomp Academy, Inc.",pomp-academy-inc,False,,https://partiful.com/e/Ya1MgnNVYOcy0eundZBK,https://www.tech-week.com/calendar/nyc
5754,Vinrelo Style Lab,2026-06-06,16:00:00,Saturday,2026-06-06 16:00,New York City,Upper Manhattan,Upper Manhattan,Afternoon,Vinrelo,Vinrelo,,Vinrelo,vinrelo,True,,,https://www.tech-week.com/calendar/nyc
98,Dating,2026-06-06,17:00:00,Saturday,2026-06-06 17:00,New York City,Upper Manhattan,Upper Manhattan,Evening,Honey Computer,Honey Computer,,Honey Computer,honey-computer,False,,https://partiful.com/e/PfQTdVfXYLAA3w9FmNPt,https://www.tech-week.com/calendar/nyc
4671,Asian Founders' Night Market,2026-06-06,17:00:00,Saturday,2026-06-06 17:00,New York City,Chinatown,Chinatown,Evening,Asian Founders Club,Asian Founders Club,,Asian Founders Club,asian-founders-club,True,,,https://www.tech-week.com/calendar/nyc
4141,Arcangel x JP Morgan Yacht Networking Event,2026-06-06,18:00:00,Saturday,2026-06-06 18:00,New York City,Upper East Side,Upper West Side,Evening,Arcangel AI,Arcangel AI,JP Morgan; Shopline,Arcangel AI; JP Morgan; Shopline,arcangel-ai; jp-morgan; shopline,False,,https://partiful.com/e/H2RtNpAkYJHw4iZapT8w?c=7oHjeRIt,https://www.tech-week.com/calendar/nyc
4774,Unlocking Alpha: AI Meets Market Edge,2026-06-06,18:00:00,Saturday,2026-06-06 18:00,New York City,Brooklyn,Brooklyn,Evening,Strata Fund,Strata Fund,,Strata Fund,strata-fund,False,,https://partiful.com/e/jgRIft4JG6uRIUFVDWC2,https://www.tech-week.com/calendar/nyc
4924,NYTW Boat Party,2026-06-06,18:00:00,Saturday,2026-06-06 18:00,New York City,Midtown,Midtown,Evening,Post Up NYC LLC,POST UP NYC LLC,,POST UP NYC LLC,post-up-nyc-llc,False,,https://partiful.com/e/BzKnYHZZBq8mmoLMIHKK,https://www.tech-week.com/calendar/nyc
5134,The Unplug,2026-06-06,18:00:00,Saturday,2026-06-06 18:00,New York City,Flatiron,Flatiron,Evening,KA Marketing Studio,KA Marketing Studio,Icon NY; NYC Coders,KA Marketing Studio; Icon NY; NYC Coders,ka-marketing-studio; icon-ny; nyc-coders,False,,https://partiful.com/e/QLi3DdplyyXEScRPDoGz,https://www.tech-week.com/calendar/nyc
4303,From Curb to Collar: AI Demos That Solve Real-World Problems,2026-06-06,18:30:00,Saturday,2026-06-06 18:30,New York City,Chinatown,Chinatown,Evening,TechMatte Inc,TechMatte Inc,,TechMatte Inc,techmatte-inc,False,,https://partiful.com/e/T9QDurH6p4XVT71XQzye,https://www.tech-week.com/calendar/nyc
18,Robots & Networking,2026-06-06,19:00:00,Saturday,2026-06-06 19:00,New York City,Financial District,Financial District,Evening,DareFail,DareFail,,DareFail,darefail,False,,https://partiful.com/e/87Zdcwg3oOfpvZvXDwcd?,https://www.tech-week.com/calendar/nyc
61,Interstellar in VR,2026-06-06,19:00:00,Saturday,2026-06-06 19:00,New York City,Midtown,Midtown,Evening,True3D,True3D,,True3D,true3d,True,,,https://www.tech-week.com/calendar/nyc
4383,Mental HealthTech Leaders Happy Hour,2026-06-06,19:00:00,Saturday,2026-06-06 19:00,New York City,Lower East Side,Lower East Side,Evening,Mental Health Tech AI,Mental Health Tech AI,,Mental Health Tech AI,mental-health-tech-ai,False,,https://partiful.com/e/5k4J5XGe2u8UQWTO4duo,https://www.tech-week.com/calendar/nyc
4709,The Hiring Roast Show,2026-06-06,19:00:00,Saturday,2026-06-06 19:00,New York City,Financial District,Financial District,Evening,"LEAP US, Inc.","LEAP US, Inc.",,"LEAP US, Inc.",leap-us-inc,False,,https://partiful.com/e/7pyV0K7xAuzjPStkZ3y8,https://www.tech-week.com/calendar/nyc
5357,Cyber AI Happy Hour,2026-06-06,19:00:00,Saturday,2026-06-06 19:00,New York City,East Village,East Village,Evening,Plurall AI,Plurall AI,,Plurall AI,plurall-ai,True,,,https://www.tech-week.com/calendar/nyc
5411,Smart Pet Stack: Tools We Actually Use for our Furry Friends,2026-06-06,19:00:00,Saturday,2026-06-06 19:00,New York City,Midtown,Midtown,Evening,Pync Inc.,Pync Inc.,,Pync Inc.,pync-inc,True,,,https://www.tech-week.com/calendar/nyc
5467,ConnectUs AI Networking — Meet Your Next Investor or Founder,2026-06-06,19:00:00,Saturday,2026-06-06 19:00,New York City,Upper Manhattan,Upper Manhattan,Evening,ConnectUs Technology Inc.,ConnectUs Technology Inc.,,ConnectUs Technology Inc.,connectus-technology-inc,False,,https://partiful.com/e/s68ynUSjqjWTCY8M6F0Q,https://www.tech-week.com/calendar/nyc
5743,SUNGATE x TECHWEEK NEW MUSIC TECH SHOWCASE,2026-06-06,19:00:00,Saturday,2026-06-06 19:00,New York City,Brooklyn,Brooklyn,Evening,Sungate Records,Sungate Records,,Sungate Records,sungate-records,False,,https://partiful.com/e/vRlkMachucjhX6Iyx6QX,https://www.tech-week.com/calendar/nyc
5124,Cliqk Launch Party - Fun House by Ilias Anwar,2026-06-06,20:00:00,Saturday,2026-06-06 20:00,New York City,Midtown,Midtown,Evening,Cliqk,Cliqk,,Cliqk,cliqk,False,,https://partiful.com/e/951fFm115izQgb8Bsn1y,https://www.tech-week.com/calendar/nyc
5545,NY Slice Profitable Founders Meet,2026-06-06,20:00:00,Saturday,2026-06-06 20:00,New York City,Tribeca,Tribeca,Evening,staaake,staaake,,staaake,staaake,False,,https://partiful.com/e/tYvAB17by93hhfnp5k8H,https://www.tech-week.com/calendar/nyc
5745,We live in a simulation,2026-06-06,20:00:00,Saturday,2026-06-06 20:00,New York City,Nomad,Nomad,Evening,Rehearsals,Rehearsals,,Rehearsals,rehearsals,False,,https://partiful.com/e/ZufreFEAqR1zABNdPzvB,https://www.tech-week.com/calendar/nyc
4928,VibeHack: Health x AI - Build your prototype & win $500 + API credits,2026-06-07,08:30:00,Sunday,2026-06-07 08:30,New York City,Midtown,Midtown,Morning,Girls Into VC NYC,Girls Into VC NYC,Scalpels & Spreadsheets; Fierce Foundry,Girls Into VC NYC; Scalpels & Spreadsheets; Fierce Foundry,girls-into-vc-nyc; scalpels-spreadsheets; fierce-foundry,False,,https://partiful.com/e/sc4MhJbd0dglGivVnHYe?c=mHqKifgd,https://www.tech-week.com/calendar/nyc
79,AI Community Conference - New York,2026-06-07,09:00:00,Sunday,2026-06-07 09:00,New York City,Union Square,Union Square,Morning,AICO,AICO,,AICO,aico,False,,,https://www.tech-week.com/calendar/nyc
5723,AI Investment Summit @ Wall Street,2026-06-07,09:00:00,Sunday,2026-06-07 09:00,New York City,Financial District,Financial District,Morning,SINBAD CAPITAL.COM,SINBAD CAPITAL.COM,Zeytoon Ventures; AI insiders; AIX2,SINBAD CAPITAL.COM; Zeytoon Ventures; AI insiders; AIX2,sinbad-capital-com; zeytoon-ventures; ai-insiders; aix2,False,,,https://www.tech-week.com/calendar/nyc
5741,ChemCatalysis 2026,2026-06-07,09:00:00,Sunday,2026-06-07 09:00,New York City,Hudson Yards,Hudson Yards,Morning,Vartus Group,Vartus Group,,Vartus Group,vartus-group,True,,,https://www.tech-week.com/calendar/nyc
5310,vibeFORWARD: M-2,2026-06-07,09:30:00,Sunday,2026-06-07 09:30,New York City,SoHo,SoHo,Morning,Individual,Individual,,Individual,individual,False,,https://partiful.com/e/ONYSrk9bi7nfpjTjY48B?c=ICkg652r,https://www.tech-week.com/calendar/nyc
5202,HOW TO RAISE FUNDS TO FUND ANY BUSINESS USING DIGITAL PRODUCTS,2026-06-07,10:00:00,Sunday,2026-06-07 10:00,New York City,Brooklyn,Brooklyn,Morning,DN,DN,,DN,dn,True,,,https://www.tech-week.com/calendar/nyc
5742,"Coffee, Walk, and Schmooze",2026-06-07,10:00:00,Sunday,2026-06-07 10:00,New York City,Central Park,Central Park,Morning,JFE (Jews For Entrepreneurship) Network,JFE (Jews For Entrepreneurship) Network,,JFE (Jews For Entrepreneurship) Network,jfe-jews-for-entrepreneurship-network,False,,https://partiful.com/e/Jq1quUvHHfm2rmoNU6qm,https://www.tech-week.com/calendar/nyc
6217,NYTW Intern Hackathon,2026-06-07,10:00:00,Sunday,2026-06-07 10:00,New York City,Meatpacking District,Meatpacking District,Morning,Hackathon Company of California,Hackathon Company of California,,Hackathon Company of California,hackathon-company-of-california,False,,https://partiful.com/e/Ve6Zk5IVb4UQkiDDcpYg,https://www.tech-week.com/calendar/nyc
4523,Recovery Walk,2026-06-07,11:00:00,Sunday,2026-06-07 11:00,New York City,Chelsea,Chelsea,Morning,icon new york,Icon New York,,Icon New York,icon-new-york,False,,https://partiful.com/e/zjO2ze9LSy4MQoBA1LA9,https://www.tech-week.com/calendar/nyc
6300,World's Youngest Demo Day,2026-06-07,11:00:00,Sunday,2026-06-07 11:00,New York City,Union Square,Union Square,Morning,The Knowledge Society (TKS),The Knowledge Society (TKS),,The Knowledge Society (TKS),the-knowledge-society-tks,False,,https://partiful.com/e/S1GWW9LgdfrsRourMeSH,https://www.tech-week.com/calendar/nyc
5263,Ask a VP of Sales: Live GTM Office Hours for Early-Stage B2B Founders (Virtual),2026-06-07,12:00:00,Sunday,2026-06-07 12:00,New York City,Virtual (NYC),Virtual (NYC),Noon,KRCG,KRCG,,KRCG,krcg,False,,https://partiful.com/e/7xiFS67WNTZphi6dvhYs,https://www.tech-week.com/calendar/nyc
5010,Christians*inTech Picnic,2026-06-07,12:30:00,Sunday,2026-06-07 12:30,New York City,Central Park,Central Park,Noon,Christians*inTech,Christians*inTech,,Christians*inTech,christians-intech,False,,https://partiful.com/e/J3QgJAdVI8mGoxIqfzTa?c=akgl2UvQ,https://www.tech-week.com/calendar/nyc
5490,Live Networking Experiment: Curated vs Chaos,2026-06-07,13:00:00,Sunday,2026-06-07 13:00,New York City,Virtual (NYC),Virtual (NYC),Afternoon,Clutch Talent (Recruiting Agency),Clutch Talent (Recruiting Agency),,Clutch Talent (Recruiting Agency),clutch-talent-recruiting-agency,False,,https://partiful.com/e/BFXCyv28vsxpmDmIlVI1?c=96NI6TKd,https://www.tech-week.com/calendar/nyc
4910,Yacht Party,2026-06-07,14:00:00,Sunday,2026-06-07 14:00,New York City,Midtown,Midtown,Afternoon,Tavern Community,Tavern Community,The Neo Club,Tavern Community; The Neo Club,tavern-community; the-neo-club,False,,https://partiful.com/e/FZ7WeO0BmZcJVabK8DSV,https://www.tech-week.com/calendar/nyc
4960,Open Mic -Founders Roast,2026-06-07,14:00:00,Sunday,2026-06-07 14:00,New York City,Midtown,Midtown,Afternoon,Owle AI,Owle AI,,Owle AI,owle-ai,False,,https://partiful.com/e/CWT9rn39Gi6krDUfm7NJ,https://www.tech-week.com/calendar/nyc
4259,Nutrinity: Data to Diet,2026-06-07,15:00:00,Sunday,2026-06-07 15:00,New York City,Queens,Queens,Afternoon,Nutrinity,Nutrinity,,Nutrinity,nutrinity,False,,https://partiful.com/e/p7KXoFYmCuOcPl7nBRkg?c=17hvKJdE,https://www.tech-week.com/calendar/nyc
5753,Vibe Space Demo Day and Mixer,2026-06-07,15:00:00,Sunday,2026-06-07 15:00,New York City,Tribeca,Tribeca,Afternoon,Venture Miner,Venture Miner,,Venture Miner,venture-miner,False,,https://partiful.com/e/Kic8XARGdGTCYCZqd62I,https://www.tech-week.com/calendar/nyc
6239,NYTW Rooftop Party,2026-06-07,15:00:00,Sunday,2026-06-07 15:00,New York City,Lower East Side,Lower East Side,Afternoon,Post Up NYC LLC,POST UP NYC LLC,,POST UP NYC LLC,post-up-nyc-llc,False,,https://partiful.com/e/088mqg3qFDdHttfFXxbd?c=Emh3hd6z,https://www.tech-week.com/calendar/nyc
4338,Hold The Phone! & Some Beers,2026-06-07,16:00:00,Sunday,2026-06-07 16:00,New York City,Brooklyn,Brooklyn,Afternoon,SmarterPhone,SmarterPhone,Analog Kids; Park Slope Parents; The Balance Project,SmarterPhone; Analog Kids; Park Slope Parents; The Balance Project,smarterphone; analog-kids; park-slope-parents; the-balance-project,False,,https://partiful.com/e/bjTaMqKYweRN3M8syced,https://www.tech-week.com/calendar/nyc
259,West Village Pizza Crawl: NY Tech Week Edition,2026-06-07,17:00:00,Sunday,2026-06-07 17:00,New York City,West Village,West Village,Evening,localhost:nyc,localhost:nyc,,localhost:nyc,localhost-nyc,False,,https://partiful.com/e/MOOeASMh0NNfJNE1Dlsa,https://www.tech-week.com/calendar/nyc
5494,"DevSpot Showcase: Agent-Built, Human-Run",2026-06-07,17:00:00,Sunday,2026-06-07 17:00,New York City,Midtown,Midtown,Evening,DevSpot,DevSpot,,DevSpot,devspot,False,,https://partiful.com/e/31YHSjX2oIPH2aDC4qb3,https://www.tech-week.com/calendar/nyc
5548,Special NYTW AI/Tech Founders Rooftop Series,2026-06-07,17:30:00,Sunday,2026-06-07 17:30,New York City,Chelsea,Chelsea,Evening,staaake,staaake,,staaake,staaake,False,,https://partiful.com/e/fKbfXevmgFNV5GgHWYqx,https://www.tech-week.com/calendar/nyc
4963,Happy Demo | Draper House Americas x NYC Tech Week,2026-06-07,18:00:00,Sunday,2026-06-07 18:00,New York City,Midtown,Midtown,Evening,Draper House Americas,Draper House Americas,Tha Yard,Draper House Americas; Tha Yard,draper-house-americas; tha-yard,False,,https://partiful.com/e/Vxxev8vasdfViiBYqQjd,https://www.tech-week.com/calendar/nyc
5480,Stablecoin Dinner,2026-06-07,18:00:00,Sunday,2026-06-07 18:00,New York City,Hudson Yards,Hudson Yards,Evening,Crypto Nomads,Crypto Nomads,,Crypto Nomads,crypto-nomads,True,,,https://www.tech-week.com/calendar/nyc
78,Investor Dinner by 165 Global,2026-06-07,20:00:00,Sunday,2026-06-07 20:00,New York City,Financial District,Financial District,Evening,165 Global,165 Global,,165 Global,165-global,False,,,https://www.tech-week.com/calendar/nyc
4264,Pitch and Rum,2026-06-11,19:00:00,Thursday,2026-06-11 19:00,New York City,Chelsea,Chelsea,Evening,Pitch and Run,Pitch and Run,,Pitch and Run,pitch-and-run,False,,https://partiful.com/e/Lg39I7COpAjqNOwEkuxs,https://www.tech-week.com/calendar/nyc
