id,name,date,time,weekday,start_datetime_local,city,location,locations,time_bucket,company,primary_host,cohosts,all_hosts,host_keys,invite_only,sponsor_tier,event_url,partiful_id,source_url,diff_type,opportunity_score,tier,rationale
5720,"Data Center, Power & Enterprise Infrastructure Dinner",2026-06-03,18:00:00,Wednesday,2026-06-03 18:00,New York City,Central Park,Central Park,Evening,"Prosgrow AI, Inc","Prosgrow AI, Inc",,"Prosgrow AI, Inc",prosgrow-ai-inc,False,,https://partiful.com/e/Vkvjr5dBr2FmbI2yK5UB,Vkvjr5dBr2FmbI2yK5UB,https://www.tech-week.com/calendar/nyc,added,73,A,"infra/platform; AI/agents; enterprise/security; high-signal format; neutral location; peak Wednesday, evening; open/rsvp"
6519,SGLang Happy Hour: AI Infra in Finance,2026-06-03,18:00:00,Wednesday,2026-06-03 18:00,New York City,SoHo,SoHo,Evening,SGLang,SGLang,HOF Capital; Arklex AI,SGLang; HOF Capital; Arklex AI,sglang; hof-capital; arklex-ai,False,,https://partiful.com/e/p74X9KDrgoLaDtU8BmvS,p74X9KDrgoLaDtU8BmvS,https://www.tech-week.com/calendar/nyc,added,67,A,"infra/platform; AI/agents; networking format; downtown convenient; peak Wednesday, evening; open/rsvp"
6469,Investing in Agents: The Future of Autonomous AI,2026-06-03,12:00:00,Wednesday,2026-06-03 12:00,New York City,Chelsea,Chelsea,Noon,Google for Startups,Google for Startups,Google Cloud,Google for Startups; Google Cloud,google-for-startups; google-cloud,False,gold,https://partiful.com/e/TjC1eG8CxxAKtYaVxrH2,TjC1eG8CxxAKtYaVxrH2,https://www.tech-week.com/calendar/nyc,added,61,A,"infra/platform; AI/agents; reasonable Manhattan; peak Wednesday, midday; gold sponsor; open/rsvp"
6557,AI Control Room for Regulated Industries: A Private Dinner,2026-06-02,19:00:00,Tuesday,2026-06-02 19:00,New York City,Flatiron,Flatiron,Evening,Jeen.ai,Jeen.ai,,Jeen.ai,jeen-ai,True,,,,https://www.tech-week.com/calendar/nyc,added,59,B,"AI/agents; curated/private; high-signal format; near downtown; peak Tuesday, evening; invite-only"
4931,Tessera Labs x a16z : The Closing Gap (Private Dinner),2026-06-03,17:30:00,Wednesday,2026-06-03 17:30,New York City,Flatiron,Flatiron,Evening,Tessera Labs,Tessera Labs,,Tessera Labs,tessera-labs,False,,https://partiful.com/e/tPlMvExfd6gOdgKCW6O7,tPlMvExfd6gOdgKCW6O7,https://www.tech-week.com/calendar/nyc,added,55,B,"curated/private; high-signal format; near downtown; peak Wednesday, evening; open/rsvp"
6594,"Founders, Investors & Builders — An Intimate NYC Cocktail Evening",2026-06-04,19:00:00,Thursday,2026-06-04 19:00,New York City,Union Square,Union Square,Evening,DDC Enterprise,DDC Enterprise,Alphataraxia,DDC Enterprise; Alphataraxia,ddc-enterprise; alphataraxia,False,,https://partiful.com/e/PhqnW15PCQAdoENB6aNl,PhqnW15PCQAdoENB6aNl,https://www.tech-week.com/calendar/nyc,added,55,B,"founders/operators; enterprise/security; leaders/builders; near downtown; Thursday density, evening; open/rsvp"
6629,Founders x Investors AI Toolkit & Happy Hour,2026-06-02,18:00:00,Tuesday,2026-06-02 18:00,New York City,Midtown,Midtown,Evening,Hatsu,Hatsu,,Hatsu,hatsu,False,,https://partiful.com/e/Vs2eC7nERtgF0PgNWfUo,Vs2eC7nERtgF0PgNWfUo,https://www.tech-week.com/calendar/nyc,added,54,B,"founders/operators; AI/agents; networking format; midtown reachable; peak Tuesday, evening; open/rsvp"
6395,Vesey Ventures & J.P. Morgan dinner: an evening of Agentic Commerce,2026-06-02,17:30:00,Tuesday,2026-06-02 17:30,New York City,Midtown,Midtown,Evening,Vesey Ventures,Vesey Ventures,J.P. Morgan,Vesey Ventures; J.P. Morgan,vesey-ventures; j-p-morgan,False,,https://partiful.com/e/u7UgtF8gTKW9BOKuG7k8,u7UgtF8gTKW9BOKuG7k8,https://www.tech-week.com/calendar/nyc,added,53,B,"AI/agents; high-signal format; midtown reachable; peak Tuesday, evening; open/rsvp"
6742,Pull Up a Chair: A Coffee Salon on What It Would Take to Actually Fix Tech,2026-06-03,13:00:00,Wednesday,2026-06-03 13:00,New York City,East Village,East Village,Afternoon,"The Make Sense Podcast w/ Lindsay T., Lady Engineer®","The Make Sense Podcast w/ Lindsay T., Lady Engineer®",Leap_year; elsuss,"The Make Sense Podcast w/ Lindsay T., Lady Engineer®; Leap_year; elsuss",the-make-sense-podcast-w-lindsay-t-lady-engineer; leap-year; elsuss,False,,https://partiful.com/e/AzVoaw82pHkJLwh4XtEy,AzVoaw82pHkJLwh4XtEy,https://www.tech-week.com/calendar/nyc,added,53,B,"software builders; high-signal format; downtown convenient; peak Wednesday, afternoon; open/rsvp"
6493,"The builder’s table: AI finance leaders lunch with Vayu, Base44 & PwC",2026-06-01,14:30:00,Monday,2026-06-01 14:30,New York City,Midtown,Midtown,Afternoon,PwC,PwC,Vayu; Base44,PwC; Vayu; Base44,pwc; vayu; base44,False,gold,https://partiful.com/e/MQvS9RrcXl6HcAEzfzhg,MQvS9RrcXl6HcAEzfzhg,https://www.tech-week.com/calendar/nyc,added,52,B,"AI/agents; leaders/builders; midtown reachable; early-week push, afternoon; gold sponsor; open/rsvp"
6393,AI on Main Street: How Chinatown's Small Businesses Are Using AI,2026-06-02,17:30:00,Tuesday,2026-06-02 17:30,New York City,Chinatown,Chinatown,Evening,Welcome to Chinatown,Welcome to Chinatown,,Welcome to Chinatown,welcome-to-chinatown,False,,https://partiful.com/e/hl2AIeWhZ1e2t6LveEGw,hl2AIeWhZ1e2t6LveEGw,https://www.tech-week.com/calendar/nyc,added,51,B,"AI/agents; downtown convenient; peak Tuesday, evening; open/rsvp"
6642,The Semiconductor & AI Supply Chain Lunch: Investors & Operators,2026-06-04,12:30:00,Thursday,2026-06-04 12:30,New York City,Nomad,Nomad,Noon,Silicon Frontier,Silicon Frontier,Startup Baddie,Silicon Frontier; Startup Baddie,silicon-frontier; startup-baddie,False,,https://partiful.com/e/WJe6XcxPXwbpCiCVLCas,WJe6XcxPXwbpCiCVLCas,https://www.tech-week.com/calendar/nyc,added,51,B,"founders/operators; AI/agents; leaders/builders; near downtown; Thursday density, midday; open/rsvp"
6506,Fintech Engineers Happy Hour,2026-06-01,18:00:00,Monday,2026-06-01 18:00,New York City,SoHo,SoHo,Evening,Dots (YC S21),Dots (YC S21),,Dots (YC S21),dots-yc-s21,False,,https://partiful.com/e/pmDosvwgBQPxLVDk8WWb,pmDosvwgBQPxLVDk8WWb,https://www.tech-week.com/calendar/nyc,added,50,B,"software builders; networking format; downtown convenient; early-week push, evening; open/rsvp"
4882,Voice AI Meetup: Build a Voice Agent in 1 hour,2026-06-03,17:00:00,Wednesday,2026-06-03 17:00,New York City,SoHo,SoHo,Evening,AssemblyAI,AssemblyAI,,AssemblyAI,assemblyai,False,,https://partiful.com/e/pIS8aostHgPm9GXmaN6X,pIS8aostHgPm9GXmaN6X,https://www.tech-week.com/calendar/nyc,added,50,B,"AI/agents; downtown convenient; peak Wednesday, evening; open/rsvp"
5489,From Startup to Scale: Using AI to Streamline and Grow,2026-06-04,16:30:00,Thursday,2026-06-04 16:30,New York City,Tribeca,Tribeca,Afternoon,Female Founder Collective,Female Founder Collective,,Female Founder Collective,female-founder-collective,False,,https://partiful.com/e/gP80ioDptVy1W5Gx5Lv4,gP80ioDptVy1W5Gx5Lv4,https://www.tech-week.com/calendar/nyc,added,50,B,"founders/operators; AI/agents; downtown convenient; Thursday density, afternoon; open/rsvp"
6455,Leading HR Through the AI Revolution,2026-06-01,17:30:00,Monday,2026-06-01 17:30,New York City,Financial District,Financial District,Evening,Bereisheet Tech,Bereisheet Tech,,Bereisheet Tech,bereisheet-tech,False,,https://partiful.com/e/BFLcrBj99wiF87EefZM3,BFLcrBj99wiF87EefZM3,https://www.tech-week.com/calendar/nyc,added,49,B,"AI/agents; downtown convenient; early-week push, evening; open/rsvp"
4530,True Confessions:AI Hype & Fundraising,2026-06-01,19:00:00,Monday,2026-06-01 19:00,New York City,SoHo,SoHo,Evening,Flywheel Strategy,Flywheel Strategy,Tech/ish,Flywheel Strategy; Tech/ish,flywheel-strategy; tech-ish,False,,https://partiful.com/e/PGgsiNcwPvVS7VW92mZM,PGgsiNcwPvVS7VW92mZM,https://www.tech-week.com/calendar/nyc,added,49,B,"AI/agents; downtown convenient; early-week push, evening; open/rsvp"
6479,AWS for Startups - AI Visionaries Forum,2026-06-02,16:00:00,Tuesday,2026-06-02 16:00,New York City,Midtown,Midtown,Afternoon,AWS for Startups,AWS Startups,,AWS Startups,aws-startups,False,gold,https://nyc-ai-visionaries-forum.splashthat.com/,,https://www.tech-week.com/calendar/nyc,added,49,B,"AI/agents; midtown reachable; peak Tuesday, afternoon; gold sponsor; open/rsvp"
6404,NYC RegTech and Compliance Happy Hour,2026-06-02,18:00:00,Tuesday,2026-06-02 18:00,New York City,Midtown,Midtown,Evening,Surveill,Surveill,,Surveill,surveill,False,,https://partiful.com/e/AKJAMb5YYWnLz8lFb5xl,AKJAMb5YYWnLz8lFb5xl,https://www.tech-week.com/calendar/nyc,added,49,B,"enterprise/security; networking format; midtown reachable; peak Tuesday, evening; open/rsvp"
6330,"AI in Heavily Regulated, High-Stakes Industries: HealthTech & FinTech",2026-06-02,18:30:00,Tuesday,2026-06-02 18:30,New York City,Nomad,Nomad,Evening,Orquezta,Orquezta,Theonix,Orquezta; Theonix,orquezta; theonix,False,,https://partiful.com/e/QaK3xX2vL5vLlQ2V9C5y,QaK3xX2vL5vLlQ2V9C5y,https://www.tech-week.com/calendar/nyc,added,49,B,"AI/agents; near downtown; peak Tuesday, evening; open/rsvp"
4779,The Art of the Table Curated Culinary Experience,2026-06-03,18:00:00,Wednesday,2026-06-03 18:00,New York City,SoHo,SoHo,Evening,Arnold & Porter,Arnold & Porter,Aon,Arnold & Porter; Aon,arnold-porter; aon,False,,https://partiful.com/e/Ab5lLaSZSFIEBGGIt19K,Ab5lLaSZSFIEBGGIt19K,https://www.tech-week.com/calendar/nyc,added,49,B,"curated/private; downtown convenient; peak Wednesday, evening; open/rsvp"
6526,The Mooch and IBM’s Gary Cohn on Owning the Future: Digital Sovereignty in the Age of AI,2026-06-04,13:00:00,Thursday,2026-06-04 13:00,New York City,Flatiron,Flatiron,Afternoon,IBM,IBM,,IBM,ibm,False,platinum,https://partiful.com/e/tUV88fW7J763Q0ZLdTBI,tUV88fW7J763Q0ZLdTBI,https://www.tech-week.com/calendar/nyc,added,49,B,"AI/agents; near downtown; Thursday density, afternoon; platinum sponsor; open/rsvp"
5795,"AI Cruise Happy Hour: AGI House, Alpha Square Group, General Catalyst, MongoDB & Backcountry.vc",2026-06-04,15:30:00,Thursday,2026-06-04 15:30,New York City,East Village,East Village,Afternoon,AGI House,AGI House,Alpha Square Group; Fidelity; Backcountry VC,AGI House; Alpha Square Group; Fidelity; Backcountry VC,agi-house; alpha-square-group; fidelity; backcountry-vc,False,,https://partiful.com/e/bzH8pCNS375AWo2jUqlD,bzH8pCNS375AWo2jUqlD,https://www.tech-week.com/calendar/nyc,added,49,B,"AI/agents; networking format; downtown convenient; Thursday density, afternoon; open/rsvp"
6577,Built in NYC: AI Edition,2026-06-04,16:00:00,Thursday,2026-06-04 16:00,New York City,Flatiron,Flatiron,Afternoon,Fenwick,Fenwick,Radical Ventures,Fenwick; Radical Ventures,fenwick; radical-ventures,False,platinum,https://partiful.com/e/KIimVVdYB8fjaiE1UdZz,KIimVVdYB8fjaiE1UdZz,https://www.tech-week.com/calendar/nyc,added,49,B,"AI/agents; near downtown; Thursday density, afternoon; platinum sponsor; open/rsvp"
5022,"[BIOADAPTING Happy Hour: AI, Holograms & the Future of Live Performance]",2026-06-04,17:00:00,Thursday,2026-06-04 17:00,New York City,Nomad,Nomad,Evening,Bioadapting,Bioadapting,Transforma Theatre,Bioadapting; Transforma Theatre,bioadapting; transforma-theatre,False,,https://partiful.com/e/0gu1lOnNUW1XdAVgqlKt,0gu1lOnNUW1XdAVgqlKt,https://www.tech-week.com/calendar/nyc,added,49,B,"AI/agents; networking format; near downtown; Thursday density, evening; open/rsvp"
6465,Healthcare AI Rooftop Happy Hour,2026-06-02,17:30:00,Tuesday,2026-06-02 17:30,New York City,SoHo,SoHo,Evening,Alaffia Health,Alaffia Health,,Alaffia Health,alaffia-health,False,,https://partiful.com/e/G2KyxGWf2wHA4lYjcd8F,G2KyxGWf2wHA4lYjcd8F,https://www.tech-week.com/calendar/nyc,added,48,B,"AI/agents; networking format; healthcare vertical; downtown convenient; peak Tuesday, evening; open/rsvp"
6514,In Good Company: An Intimate Dinner with the Women Leading Today's Tech Brands,2026-06-02,19:00:00,Tuesday,2026-06-02 19:00,New York City,Meatpacking District,Meatpacking District,Evening,Beacons AI,Beacons AI,,Beacons AI,beacon-ai,True,,,,https://www.tech-week.com/calendar/nyc,added,48,B,"AI/agents; high-signal format; reasonable Manhattan; peak Tuesday, evening; invite-only"
19,AI Agents: From Prototype to Production,2026-06-03,19:00:00,Wednesday,2026-06-03 19:00,New York City,Flatiron,Flatiron,Evening,Phinite AI,Phinite AI,NVIDIA; GMI; OSS4AI,Phinite AI; NVIDIA; GMI; OSS4AI,phinite-ai; nvidia; gmi; oss4ai,False,,https://partiful.com/e/DItIrZ4soRc9FKWDzvoT,DItIrZ4soRc9FKWDzvoT,https://www.tech-week.com/calendar/nyc,added,48,B,"AI/agents; near downtown; peak Wednesday, evening; open/rsvp"
6596,AI Agents in Finance - The Next Wave of Adoption,2026-06-01,18:00:00,Monday,2026-06-01 18:00,New York City,Nomad,Nomad,Evening,Women Leading AI,Women in AI,,Women in AI,women-in-ai,False,,https://partiful.com/e/qpq2DX18rcPKN4LDTtJb,qpq2DX18rcPKN4LDTtJb,https://www.tech-week.com/calendar/nyc,added,47,B,"AI/agents; near downtown; early-week push, evening; open/rsvp"
5560,Building Safe Agents for Business,2026-06-02,14:00:00,Tuesday,2026-06-02 14:00,New York City,Union Square,Union Square,Afternoon,ICME Labs,ICME Labs,,ICME Labs,icme-labs,False,,https://partiful.com/e/SsoQR8v1U9oS3KHP517R,SsoQR8v1U9oS3KHP517R,https://www.tech-week.com/calendar/nyc,added,47,B,"AI/agents; near downtown; peak Tuesday, afternoon; open/rsvp"
6463,The Rise of Role-Based AI,2026-06-02,14:00:00,Tuesday,2026-06-02 14:00,New York City,Nomad,Nomad,Afternoon,Ariso,Ariso,Opine; 24 and up,Ariso; Opine; 24 and up,ariso; opine; 24-and-up,False,,https://partiful.com/e/Y6JiO5I17r9Kcmz9BRXz,Y6JiO5I17r9Kcmz9BRXz,https://www.tech-week.com/calendar/nyc,added,47,B,"AI/agents; near downtown; peak Tuesday, afternoon; open/rsvp"
6480,"AI, Capital & CRE: What's Actually Working in the Built Environment",2026-06-02,15:00:00,Tuesday,2026-06-02 15:00,New York City,Union Square,Union Square,Afternoon,Relm,Relm,Metropolis Group; JUUNOO; Proptimal,Relm; Metropolis Group; JUUNOO; Proptimal,relm; metropolis-group; juunoo; proptimal,False,,https://partiful.com/e/vfnHvA22yQNk1H8Hh1Fb,vfnHvA22yQNk1H8Hh1Fb,https://www.tech-week.com/calendar/nyc,added,47,B,"AI/agents; near downtown; peak Tuesday, afternoon; open/rsvp"
6550,Women Building AI That Matters,2026-06-02,16:30:00,Tuesday,2026-06-02 16:30,New York City,Flatiron,Flatiron,Afternoon,Opsera,Opsera,ProgramEarth; AWS,Opsera; ProgramEarth; AWS,opsera; programearth; aws,False,,https://partiful.com/e/D07x2JMguAYHV1tdU6Jm,D07x2JMguAYHV1tdU6Jm,https://www.tech-week.com/calendar/nyc,added,47,B,"AI/agents; near downtown; peak Tuesday, afternoon; open/rsvp"
5872,Liquidity for RWA Private Credit Asset Managers,2026-06-03,16:00:00,Wednesday,2026-06-03 16:00,New York City,SoHo,SoHo,Afternoon,Protofire,Protofire,,Protofire,protofire,False,,https://partiful.com/e/h8O1Xi3GohXMHZ1FqrK0,h8O1Xi3GohXMHZ1FqrK0,https://www.tech-week.com/calendar/nyc,added,47,B,"curated/private; downtown convenient; peak Wednesday, afternoon; open/rsvp"
5426,AI in action: Executive roundtable & live demo forum,2026-06-04,10:00:00,Thursday,2026-06-04 10:00,New York City,Midtown,Midtown,Morning,PwC,PwC,,PwC,pwc,False,gold,https://partiful.com/e/ng86YpYK7z8hyoGBDHb2,ng86YpYK7z8hyoGBDHb2,https://www.tech-week.com/calendar/nyc,added,47,B,"AI/agents; high-signal format; midtown reachable; Thursday density, morning; gold sponsor; open/rsvp"
6562,"Investing in AI in 2026: For VCs, family offices, angels",2026-06-04,18:00:00,Thursday,2026-06-04 18:00,New York City,Tribeca,Tribeca,Evening,Good Investor Club,Good Investor Club,,Good Investor Club,good-investor-club,False,,https://partiful.com/e/QV0Ih8gphWIUgE3CjvyH,QV0Ih8gphWIUgE3CjvyH,https://www.tech-week.com/calendar/nyc,added,47,B,"AI/agents; downtown convenient; Thursday density, evening; open/rsvp"
6521,Soundcheck: Networking & Deals Insights for the Music Industry,2026-06-04,18:00:00,Thursday,2026-06-04 18:00,New York City,Financial District,Financial District,Evening,PwC,PwC,,PwC,pwc,False,gold,https://partiful.com/e/v5laWvDWHWiNPxlOocJc,v5laWvDWHWiNPxlOocJc,https://www.tech-week.com/calendar/nyc,added,47,B,"networking format; downtown convenient; Thursday density, evening; gold sponsor; open/rsvp"
6552,From AI Prompt to Real Jewelry,2026-06-04,18:30:00,Thursday,2026-06-04 18:30,New York City,SoHo,SoHo,Evening,Skyveil AI,Skyveil AI,EchoHer,Skyveil AI; EchoHer,skyveil-ai; echoher,False,,https://partiful.com/e/Zm3BaEMeL5lyMrBGyOW9,Zm3BaEMeL5lyMrBGyOW9,https://www.tech-week.com/calendar/nyc,added,47,B,"AI/agents; downtown convenient; Thursday density, evening; open/rsvp"
6744,Taste is the Moat: Building Consumer AI Beyond the Chatbot,2026-06-03,16:00:00,Wednesday,2026-06-03 16:00,New York City,Flatiron,Flatiron,Afternoon,Fenwick,Fenwick,,Fenwick,fenwick,False,,https://partiful.com/e/IIdZd3lVrg4N50JYS9Fg,IIdZd3lVrg4N50JYS9Fg,https://www.tech-week.com/calendar/nyc,added,46,B,"AI/agents; near downtown; peak Wednesday, afternoon; open/rsvp"
4711,Building the Responsible AI City,2026-06-03,17:00:00,Wednesday,2026-06-03 17:00,New York City,Gramercy Park,Gramercy Park,Evening,AI2030,AI2030,,AI2030,ai2030,False,,https://partiful.com/e/RRKTFLLQ3k5UpzWqjCtH,RRKTFLLQ3k5UpzWqjCtH,https://www.tech-week.com/calendar/nyc,added,46,B,"AI/agents; reasonable Manhattan; peak Wednesday, evening; open/rsvp"
6606,AI for Good Meetup,2026-06-01,14:00:00,Monday,2026-06-01 14:00,New York City,Flatiron,Flatiron,Afternoon,AI for Social Good NYC,AI for Social Good NYC,,AI for Social Good NYC,ai-for-social-good-nyc,False,,https://partiful.com/e/IwQrRKHdA83SveHTnf1X,IwQrRKHdA83SveHTnf1X,https://www.tech-week.com/calendar/nyc,added,45,B,"AI/agents; near downtown; early-week push, afternoon; open/rsvp"
6535,Low Latency Club Voice AI Meetup @NYC Tech Week,2026-06-01,17:00:00,Monday,2026-06-01 17:00,New York City,Chelsea,Chelsea,Evening,Telnyx,Telnyx,,Telnyx,telnyx,False,,https://partiful.com/e/RgHt813jEQVbAYoKl7cX,RgHt813jEQVbAYoKl7cX,https://www.tech-week.com/calendar/nyc,added,45,B,"AI/agents; reasonable Manhattan; early-week push, evening; open/rsvp"
6818,AI Search: The 500-foot view,2026-06-02,18:00:00,Tuesday,2026-06-02 18:00,New York City,Midtown,Midtown,Evening,Modus Digital,Modus Digital,Semrush,Modus Digital; Semrush,modus-digital; semrush,False,,https://partiful.com/e/HuAdcwZ2YjmPZobp316y,HuAdcwZ2YjmPZobp316y,https://www.tech-week.com/calendar/nyc,added,45,B,"AI/agents; midtown reachable; peak Tuesday, evening; open/rsvp"
6512,a16z New Media Happy Hour,2026-06-02,18:00:00,Tuesday,2026-06-02 18:00,New York City,Financial District,Financial District,Evening,Andreessen Horowitz,Andreessen Horowitz,,Andreessen Horowitz,andreessen-horowitz,False,,https://partiful.com/e/h0NJIDOs2n2VBcznvikl,h0NJIDOs2n2VBcznvikl,https://www.tech-week.com/calendar/nyc,added,45,B,"networking format; downtown convenient; peak Tuesday, evening; open/rsvp"
6483,Next-Gen Social Content: AI Video Screening & Deep Dive,2026-06-02,18:00:00,Tuesday,2026-06-02 18:00,New York City,Midtown,Midtown,Evening,MartiniArt,MartiniArt,,MartiniArt,martiniart,False,,https://partiful.com/e/lEuafK4T1kCkkgdRotjO,lEuafK4T1kCkkgdRotjO,https://www.tech-week.com/calendar/nyc,added,45,B,"AI/agents; midtown reachable; peak Tuesday, evening; open/rsvp"
6820,NYC TechWeek x CHIEF: Building AI for an Intentional Life,2026-06-04,17:30:00,Thursday,2026-06-04 17:30,New York City,Union Square,Union Square,Evening,Banjo.ai,Banjo.ai,Chief,Banjo.ai; Chief,banjo-ai; chief,False,,https://partiful.com/e/tnjdx3R4HJ3wQyZeZ8PI,tnjdx3R4HJ3wQyZeZ8PI,https://www.tech-week.com/calendar/nyc,added,45,B,"AI/agents; near downtown; Thursday density, evening; open/rsvp"
6301,How We AI? NYC Edition,2026-06-04,18:00:00,Thursday,2026-06-04 18:00,New York City,Flatiron,Flatiron,Evening,CambrianEdge.ai,CambrianEdge.ai,,CambrianEdge.ai,cambrianedge-ai,False,,https://partiful.com/e/ImH5yBRFVdqG8ol24cmc,ImH5yBRFVdqG8ol24cmc,https://www.tech-week.com/calendar/nyc,added,45,B,"AI/agents; near downtown; Thursday density, evening; open/rsvp"
6520,Vercel's AI Cafe,2026-06-02,09:00:00,Tuesday,2026-06-02 09:00,New York City,Flatiron,Flatiron,Morning,Vercel,Vercel,,Vercel,vercel,False,gold,https://partiful.com/e/Qmtu47YtTIxUJ7JGzPSP,Qmtu47YtTIxUJ7JGzPSP,https://www.tech-week.com/calendar/nyc,added,44,C,"AI/agents; near downtown; peak Tuesday, morning, early; gold sponsor; open/rsvp"
6622,MLH Accelerate - AI hackathon for founders,2026-06-02,13:00:00,Tuesday,2026-06-02 13:00,New York City,Flatiron,Flatiron,Afternoon,Major League Hacking,Major League Hacking,,Major League Hacking,major-league-hacking,False,,https://partiful.com/e/MWGk8lDzyyBUFWW7Cv2f,MWGk8lDzyyBUFWW7Cv2f,https://www.tech-week.com/calendar/nyc,added,44,C,"founders/operators; AI/agents; hackathon; near downtown; peak Tuesday, afternoon; open/rsvp"
6269,The Agentic Company Playbook: Why Data Is Still the Moat,2026-06-03,18:00:00,Wednesday,2026-06-03 18:00,New York City,Midtown,Midtown,Evening,YG,YG,Sandro,YG; Sandro,yg; sandro,False,,https://partiful.com/e/TxqtiIE5vDlLmXeiRkDW,TxqtiIE5vDlLmXeiRkDW,https://www.tech-week.com/calendar/nyc,added,44,C,"AI/agents; midtown reachable; peak Wednesday, evening; open/rsvp"
6559,NYC Finance Leaders Dinner with Turnstile,2026-06-03,18:00:00,Wednesday,2026-06-03 18:00,New York City,Greenwich Village,Greenwich Village,Evening,Turnstile,Turnstile,,Turnstile,turnstile,True,,,,https://www.tech-week.com/calendar/nyc,added,44,C,"high-signal format; leaders/builders; near downtown; peak Wednesday, evening; invite-only"
6313,Tech Week: Networking Event by Ascent Valley,2026-06-03,18:00:00,Wednesday,2026-06-03 18:00,New York City,Financial District,Financial District,Evening,Ascent Valley,Ascent Valley,,Ascent Valley,ascent-valley,False,,https://partiful.com/e/qHNiowdDBNRygRjZlYcp,qHNiowdDBNRygRjZlYcp,https://www.tech-week.com/calendar/nyc,added,44,C,"networking format; downtown convenient; peak Wednesday, evening; open/rsvp"
6271,Generation AI: After the Algorithm,2026-06-03,18:30:00,Wednesday,2026-06-03 18:30,New York City,Midtown,Midtown,Evening,Anyway,Anyway,,Anyway,anyway,False,,https://partiful.com/e/X7mGXPmgyjEiS4oG9U97,X7mGXPmgyjEiS4oG9U97,https://www.tech-week.com/calendar/nyc,added,44,C,"AI/agents; midtown reachable; peak Wednesday, evening; open/rsvp"
6566,AI Founder × VC Breakfast,2026-06-04,10:00:00,Thursday,2026-06-04 10:00,New York City,SoHo,SoHo,Morning,You.com,You.com,,You.com,you-com,False,,https://partiful.com/e/Cm9Vo7iQf7tMc60ZdAcN,Cm9Vo7iQf7tMc60ZdAcN,https://www.tech-week.com/calendar/nyc,added,44,C,"founders/operators; AI/agents; downtown convenient; Thursday density, morning; open/rsvp"
6630,"AI-Native Women · NYC: Build, Operate, Influence",2026-06-05,18:00:00,Friday,2026-06-05 18:00,New York City,Chinatown,Chinatown,Evening,Her Frontier,Her Frontier,,Her Frontier,her-frontier,False,,https://partiful.com/e/lKauxsY3iT3JRiLZji2c,lKauxsY3iT3JRiLZji2c,https://www.tech-week.com/calendar/nyc,added,44,C,"AI/agents; downtown convenient; taper day, evening; open/rsvp"
6492,NY Tech Week: ML & Engineering Connect SoHo Happy Hour,2026-06-01,18:00:00,Monday,2026-06-01 18:00,New York City,SoHo,SoHo,Evening,R37 Lab - R1 RCM,R37 Lab - R1 RCM,,R37 Lab - R1 RCM,r37-lab-r1-rcm,False,,https://partiful.com/e/7ILtx8BRwV10Vo6CtHGb,7ILtx8BRwV10Vo6CtHGb,https://www.tech-week.com/calendar/nyc,added,43,C,"networking format; downtown convenient; early-week push, evening; open/rsvp"
4019,B2B Early-Stage Founders & Funders Breakfast,2026-06-02,09:30:00,Tuesday,2026-06-02 09:30,New York City,Hudson Yards,Hudson Yards,Morning,Forum Ventures,Forum Ventures,Cooley LLP,Forum Ventures; Cooley LLP,forum-ventures; cooley-llp,False,gold,https://partiful.com/e/8ZT9dY3olgGbE54rwJLh,8ZT9dY3olgGbE54rwJLh,https://www.tech-week.com/calendar/nyc,added,43,C,"founders/operators; B2B SaaS; midtown reachable; peak Tuesday, morning, early; gold sponsor; open/rsvp"
6498,Yahoo x beehiiv Comms & Media Mixer |,2026-06-02,17:30:00,Tuesday,2026-06-02 17:30,New York City,Greenwich Village,Greenwich Village,Evening,Yahoo,Yahoo,https://www.beehiiv.com/,Yahoo; https://www.beehiiv.com/,yahoo; https-www-beehiiv-com,False,,https://partiful.com/e/eA5ORw6fKg24Xe61fIDn,eA5ORw6fKg24Xe61fIDn,https://www.tech-week.com/calendar/nyc,added,43,C,"networking format; near downtown; peak Tuesday, evening; open/rsvp"
6387,Investor Dinner with Stifel Bank & York IE,2026-06-02,17:30:00,Tuesday,2026-06-02 17:30,New York City,Midtown,Midtown,Evening,York IE,York IE,Stifel Bank,York IE; Stifel Bank,york-ie; stifel-bank,False,,https://partiful.com/e/tZhaSlXaHE3UvbpBvXAZ,tZhaSlXaHE3UvbpBvXAZ,https://www.tech-week.com/calendar/nyc,added,43,C,"high-signal format; midtown reachable; peak Tuesday, evening; open/rsvp"
6433,"""Unlocking the Youth Market with Age-Aware Design"" Roundtable / Workshop",2026-06-02,18:00:00,Tuesday,2026-06-02 18:00,New York City,Midtown,Midtown,Evening,Vys,Vys,,Vys,vys,False,,https://partiful.com/e/TyWioDVBdTPLR3y80ZtJ,TyWioDVBdTPLR3y80ZtJ,https://www.tech-week.com/calendar/nyc,added,43,C,"high-signal format; midtown reachable; peak Tuesday, evening; open/rsvp"
6523,"Tokenizing the Real Economy: Web3, Regulation and New Market Infrastructure",2026-06-03,14:30:00,Wednesday,2026-06-03 14:30,New York City,Central Park,Central Park,Afternoon,Wootic,Wootic,Consulate General of Argentina in New York; KLW,Wootic; Consulate General of Argentina in New York; KLW,wootic; consulate-general-of-argentina-in-new-york; klw,False,,https://partiful.com/e/KdjtJu1sSTiUTHrehm2e,KdjtJu1sSTiUTHrehm2e,https://www.tech-week.com/calendar/nyc,added,43,C,"infra/platform; neutral location; peak Wednesday, afternoon; open/rsvp"
6564,ElevenLabs NY Tech Week PopUp - Founder Edition,2026-06-03,15:00:00,Wednesday,2026-06-03 15:00,New York City,SoHo,SoHo,Afternoon,ElevenLabs,ElevenLabs,,ElevenLabs,elevenlabs,False,,https://partiful.com/e/veW9vq95oUaMplo0TG66,veW9vq95oUaMplo0TG66,https://www.tech-week.com/calendar/nyc,added,43,C,"founders/operators; downtown convenient; peak Wednesday, afternoon; open/rsvp"
152,Bridging Together Communities & AI,2026-06-04,12:30:00,Thursday,2026-06-04 12:30,New York City,Chinatown,Chinatown,Noon,HealthBridge,HealthBridge,YOUTH CIVIC SERVICE INC.,HealthBridge; YOUTH CIVIC SERVICE INC.,healthbridge; youth-civic-service-inc,False,,https://partiful.com/e/90GOuJSB0E4e46U5Bo4b,90GOuJSB0E4e46U5Bo4b,https://www.tech-week.com/calendar/nyc,added,43,C,"AI/agents; downtown convenient; Thursday density, midday; open/rsvp"
6747,The Runway - A dinner series by Airwallex,2026-06-04,19:00:00,Thursday,2026-06-04 19:00,New York City,Union Square,Union Square,Evening,Airwallex,Airwallex,,Airwallex,airwallex,False,,https://partiful.com/e/cz75IF61uvnmLyPykAri,cz75IF61uvnmLyPykAri,https://www.tech-week.com/calendar/nyc,added,43,C,"high-signal format; near downtown; Thursday density, evening; open/rsvp"
6441,Dinner with 14 CEOs + 1 Imposter,2026-06-04,20:00:00,Thursday,2026-06-04 20:00,New York City,Flatiron,Flatiron,Evening,Six,Six,,Six,six,False,,https://partiful.com/e/nDR5zz1fydJhFJcxu1Bj,nDR5zz1fydJhFJcxu1Bj,https://www.tech-week.com/calendar/nyc,added,43,C,"high-signal format; near downtown; Thursday density, evening; open/rsvp"
6092,Closing Party - Techweek NYC,2026-06-05,18:00:00,Friday,2026-06-05 18:00,New York City,SoHo,SoHo,Evening,Fireworks AI,Fireworks AI,Exa AI; Turbopuffer; Composio,Fireworks AI; Exa AI; Turbopuffer; Composio,fireworks-ai; exa-ai; turbopuffer; composio,False,gold,https://partiful.com/e/dYXQFsMvHHthXj4gC280,dYXQFsMvHHthXj4gC280,https://www.tech-week.com/calendar/nyc,added,43,C,"AI/agents; party/social; downtown convenient; taper day, evening; gold sponsor; open/rsvp"
6575,Women Shaping the Future of AI,2026-06-01,09:30:00,Monday,2026-06-01 09:30,New York City,Flatiron,Flatiron,Morning,Fenwick,Fenwick,,Fenwick,fenwick,False,platinum,https://partiful.com/e/6tB6kOTWvCsW0CDO5Cam,6tB6kOTWvCsW0CDO5Cam,https://www.tech-week.com/calendar/nyc,added,42,C,"AI/agents; near downtown; early-week push, morning, early; platinum sponsor; open/rsvp"
6315,The Non-Engineer's AI Playbook — MuleRun,2026-06-03,14:00:00,Wednesday,2026-06-03 14:00,New York City,Upper Manhattan,Upper Manhattan,Afternoon,The Non-Engineer's AI Playbook — MuleRun Product Day- #NYC TechWeek,The Non-Engineer's AI Playbook — MuleRun Product Day- #NYC TechWeek,,The Non-Engineer's AI Playbook — MuleRun Product Day- #NYC TechWeek,the-non-engineer-s-ai-playbook-mulerun-product-day-nyc-techweek,False,,https://partiful.com/e/Pr0PZvKKGZ49kG8jr8XV,Pr0PZvKKGZ49kG8jr8XV,https://www.tech-week.com/calendar/nyc,added,42,C,"software builders; AI/agents; less convenient; peak Wednesday, afternoon; open/rsvp"
6750,Beyond Boarders Happy Hour,2026-06-03,16:00:00,Wednesday,2026-06-03 16:00,New York City,SoHo,SoHo,Afternoon,Deel,Deel,SVB,Deel; SVB,deel; svb,False,,https://partiful.com/e/neEOpN1kjAiwJP4T3mVS,neEOpN1kjAiwJP4T3mVS,https://www.tech-week.com/calendar/nyc,added,42,C,"networking format; downtown convenient; peak Wednesday, afternoon; open/rsvp"
6473,Work Hard. Feel Good. How to Build a Tech Career Worth Keeping . Panel & Happy Hour,2026-06-03,18:30:00,Wednesday,2026-06-03 18:30,New York City,Union Square,Union Square,Evening,Heidi Health,Heidi Health,,Heidi Health,heidi-health,False,,https://partiful.com/e/vKyAvKTUaP446l9aLtDw,vKyAvKTUaP446l9aLtDw,https://www.tech-week.com/calendar/nyc,added,42,C,"networking format; near downtown; peak Wednesday, evening; open/rsvp"
6551,HealthIMPACT Live Operators Table Dinner,2026-06-04,18:00:00,Thursday,2026-06-04 18:00,New York City,Hudson Yards,Hudson Yards,Evening,HealthIMPACT Live | Digital Health Talks,HealthIMPACT Live | Digital Health Talks,,HealthIMPACT Live | Digital Health Talks,healthimpact-live-digital-health-talks,True,,,,https://www.tech-week.com/calendar/nyc,added,42,C,"founders/operators; high-signal format; leaders/builders; midtown reachable; Thursday density, evening; invite-only"
6569,The Deal House,2026-06-01,10:00:00,Monday,2026-06-01 10:00,New York City,SoHo,SoHo,Morning,Expert DOJO,Expert DOJO,Nightrush AI,Expert DOJO; Nightrush AI,expert-dojo; nightrush-ai,False,,https://partiful.com/e/muXQlVgG3uqwpbvvPIve,muXQlVgG3uqwpbvvPIve,https://www.tech-week.com/calendar/nyc,added,41,C,"AI/agents; downtown convenient; early-week push, morning; open/rsvp"
6253,AI Agents for Allocators and Asset Managers,2026-06-01,15:00:00,Monday,2026-06-01 15:00,New York City,Midtown,Midtown,Afternoon,DiligenceVault,DiligenceVault,,DiligenceVault,diligencevault,False,,https://partiful.com/e/yfxaKR8dFsaY4HPQixoL,yfxaKR8dFsaY4HPQixoL,https://www.tech-week.com/calendar/nyc,added,41,C,"AI/agents; midtown reachable; early-week push, afternoon; open/rsvp"
6655,Global South Mixer,2026-06-01,17:00:00,Monday,2026-06-01 17:00,New York City,West Village,West Village,Evening,Zeytoon Ventures,Zeytoon Ventures,Sinbad Capital,Zeytoon Ventures; Sinbad Capital,zeytoon-ventures; sinbad-capital,False,,https://partiful.com/e/VkYzcfVYemTtBVupPiIx,VkYzcfVYemTtBVupPiIx,https://www.tech-week.com/calendar/nyc,added,41,C,"networking format; near downtown; early-week push, evening; open/rsvp"
6438,"Many Models, One Workflow — with Bria and Cloudflare Replicate",2026-06-01,17:00:00,Monday,2026-06-01 17:00,New York City,Chelsea,Chelsea,Evening,Bria,Bria,Cloudflare Replicate,Bria; Cloudflare Replicate,bria; cloudflare-replicate,False,gold,https://partiful.com/e/ibT9C0IBhvOASyp5qIks,ibT9C0IBhvOASyp5qIks,https://www.tech-week.com/calendar/nyc,added,41,C,"reasonable Manhattan; early-week push, evening; gold sponsor; open/rsvp"
6613,Nordic AI Luncheon,2026-06-02,12:00:00,Tuesday,2026-06-02 12:00,New York City,Hudson Yards,Hudson Yards,Noon,Kohtas,Kohtas,C10 Studios; Cravath,Kohtas; C10 Studios; Cravath,kohtas; c10-studios; cravath,False,,https://partiful.com/e/ap7ihRX3qowb8OX2d7R2,ap7ihRX3qowb8OX2d7R2,https://www.tech-week.com/calendar/nyc,added,41,C,"AI/agents; midtown reachable; peak Tuesday, midday; open/rsvp"
6576,Swiss Innovation @ NY Tech Week 2026,2026-06-02,18:00:00,Tuesday,2026-06-02 18:00,New York City,East Village,East Village,Evening,Swissnex,Swissnex,,Swissnex,swissnex,False,,https://partiful.com/e/obCSrtSObg9mVne5kl4D,obCSrtSObg9mVne5kl4D,https://www.tech-week.com/calendar/nyc,added,41,C,"downtown convenient; peak Tuesday, evening; open/rsvp"
6223,The Backstage Live — New York,2026-06-02,18:30:00,Tuesday,2026-06-02 18:30,New York City,SoHo,SoHo,Evening,Good Publishing,Good Publishing,,Good Publishing,good-publishing,False,,https://partiful.com/e/uoBdX5KHOTpzJGFIggSE,uoBdX5KHOTpzJGFIggSE,https://www.tech-week.com/calendar/nyc,added,41,C,"downtown convenient; peak Tuesday, evening; open/rsvp"
5880,From Prototype to Production for Non-Technical Founders,2026-06-03,08:00:00,Wednesday,2026-06-03 08:00,New York City,Flatiron,Flatiron,Morning,Tequity,Tequity,,Tequity,tequity,False,,https://partiful.com/e/AbbL1aqeScPPUW22Ijrf,AbbL1aqeScPPUW22Ijrf,https://www.tech-week.com/calendar/nyc,added,41,C,"technical founders; founders/operators; near downtown; peak Wednesday, morning, very early; open/rsvp"
247,When AI meets the patient,2026-06-03,17:00:00,Wednesday,2026-06-03 17:00,New York City,Flatiron,Flatiron,Evening,Amigo.AI,Amigo.AI,,Amigo.AI,amigo-ai,False,,https://partiful.com/e/4MdmB4GHC4bD4vav1tPQ,4MdmB4GHC4bD4vav1tPQ,https://www.tech-week.com/calendar/nyc,added,41,C,"AI/agents; healthcare vertical; near downtown; peak Wednesday, evening; open/rsvp"
6322,Prediction Markets Mixer,2026-06-04,17:00:00,Thursday,2026-06-04 17:00,New York City,Financial District,Financial District,Evening,FiftyOneAlpha,FiftyOneAlpha,,FiftyOneAlpha,fiftyonealpha,False,,https://partiful.com/e/aT7YZV6DtRClIOEcIBSx,aT7YZV6DtRClIOEcIBSx,https://www.tech-week.com/calendar/nyc,added,41,C,"networking format; downtown convenient; Thursday density, evening; open/rsvp"
6434,The AI Effect: How Enterprises Are Actually Winning,2026-06-04,17:00:00,Thursday,2026-06-04 17:00,New York City,Midtown,Midtown,Evening,Kizen,Kizen,,Kizen,kizen,False,,https://partiful.com/e/tLkNSguUFu4OSJwMiwDI,tLkNSguUFu4OSJwMiwDI,https://www.tech-week.com/calendar/nyc,added,41,C,"AI/agents; midtown reachable; Thursday density, evening; open/rsvp"
5810,Shape What's Next with Justworks - A Networking Happy Hour!,2026-06-04,17:30:00,Thursday,2026-06-04 17:30,New York City,Financial District,Financial District,Evening,Justworks,Justworks,,Justworks,justworks,False,,https://partiful.com/e/k5BGHkPmkIiP0SUK4n0F,k5BGHkPmkIiP0SUK4n0F,https://www.tech-week.com/calendar/nyc,added,41,C,"networking format; downtown convenient; Thursday density, evening; open/rsvp"
6544,STRATEGY AT THE SPEED OF INFERENCE: What Happens When AI Analysis Is Free,2026-06-04,18:00:00,Thursday,2026-06-04 18:00,New York City,Midtown,Midtown,Evening,Colombia Business School Alumni,Colombia Business School Alumni,Inevitable,Colombia Business School Alumni; Inevitable,colombia-business-school-alumni; inevitable,False,,https://partiful.com/e/h5ayMfeDR9TCZ0cuFGwX,h5ayMfeDR9TCZ0cuFGwX,https://www.tech-week.com/calendar/nyc,added,41,C,"AI/agents; midtown reachable; Thursday density, evening; open/rsvp"
6558,NYC Founder Dinner with Turnstile,2026-06-04,18:00:00,Thursday,2026-06-04 18:00,New York City,Greenwich Village,Greenwich Village,Evening,Turnstile,Turnstile,,Turnstile,turnstile,True,,,,https://www.tech-week.com/calendar/nyc,added,41,C,"founders/operators; high-signal format; near downtown; Thursday density, evening; invite-only"
4049,The Beauty of Infrastructure: Redesigning the Guest and Resident Experience,2026-06-01,17:00:00,Monday,2026-06-01 17:00,New York City,Union Square,Union Square,Evening,Triple Eight Creative,Triple Eight Creative,,Triple Eight Creative,triple-eight-creative,False,,https://partiful.com/e/Mwy9DqLWKajBik1wulVn,Mwy9DqLWKajBik1wulVn,https://www.tech-week.com/calendar/nyc,added,40,C,"infra/platform; consumer/lifestyle; near downtown; early-week push, evening; open/rsvp"
6583,The (Ethical) Guide To (AI) Hacking,2026-06-03,10:00:00,Wednesday,2026-06-03 10:00,New York City,Union Square,Union Square,Morning,Tequity,Tequity,,Tequity,tequity,False,,https://partiful.com/e/GA2rWFRC5nPohWnE3vJU,GA2rWFRC5nPohWnE3vJU,https://www.tech-week.com/calendar/nyc,added,40,C,"AI/agents; near downtown; peak Wednesday, morning; open/rsvp"
6561,"Full Calendar, Empty Evening: Building Career in Cities That Don't Know You",2026-06-03,17:30:00,Wednesday,2026-06-03 17:30,New York City,SoHo,SoHo,Evening,Bridgit,Bridgit,Y·US Ventures,Bridgit; Y·US Ventures,bridgit; y-us-ventures,False,,https://partiful.com/e/5j2hBbAeXtCNHymh8oJV,5j2hBbAeXtCNHymh8oJV,https://www.tech-week.com/calendar/nyc,added,40,C,"downtown convenient; peak Wednesday, evening; open/rsvp"
6578,HealthTech by the Harbor,2026-06-03,18:00:00,Wednesday,2026-06-03 18:00,New York City,Financial District,Financial District,Evening,Marwood Group,Marwood Group,,Marwood Group,marwood-group,False,,https://partiful.com/e/79Er0b9t7T3CeaAOzYrs,79Er0b9t7T3CeaAOzYrs,https://www.tech-week.com/calendar/nyc,added,40,C,"downtown convenient; peak Wednesday, evening; open/rsvp"
6443,SoHo Soirée,2026-06-03,18:00:00,Wednesday,2026-06-03 18:00,New York City,SoHo,SoHo,Evening,Plaud,Plaud,,Plaud,plaud,False,,https://partiful.com/e/RtUAYbmAz18kpleaTuio,RtUAYbmAz18kpleaTuio,https://www.tech-week.com/calendar/nyc,added,40,C,"downtown convenient; peak Wednesday, evening; open/rsvp"
5504,How to Live Longer & Happier: An evening on the future of personal intelligence.,2026-06-03,18:30:00,Wednesday,2026-06-03 18:30,New York City,SoHo,SoHo,Evening,moccet,moccet,,moccet,moccet,False,,https://partiful.com/e/DeSu8551onFwpwFq7tnW,DeSu8551onFwpwFq7tnW,https://www.tech-week.com/calendar/nyc,added,40,C,"downtown convenient; peak Wednesday, evening; open/rsvp"
6351,NY Tech Week: First (Reality) Check,2026-06-03,19:00:00,Wednesday,2026-06-03 19:00,New York City,Tribeca,Tribeca,Evening,For The Firsts,For The Firsts,,For The Firsts,for-the-firsts,False,,https://partiful.com/e/Jax5q2nEKzeH7VhmDvS3,Jax5q2nEKzeH7VhmDvS3,https://www.tech-week.com/calendar/nyc,added,40,C,"downtown convenient; peak Wednesday, evening; open/rsvp"
6372,Female Founders & Investors Speakeasy,2026-06-04,17:00:00,Thursday,2026-06-04 17:00,New York City,West Village,West Village,Evening,Madeline & Co.,Madeline & Co.,Excelsior Edge Ventures,Madeline & Co.; Excelsior Edge Ventures,madeline-co; excelsior-edge-ventures,False,,https://partiful.com/e/gqcsznzpItihFOcdHIBH,gqcsznzpItihFOcdHIBH,https://www.tech-week.com/calendar/nyc,added,40,C,"founders/operators; near downtown; Thursday density, evening; open/rsvp"
6567,Rhino User Meetup,2026-06-01,18:00:00,Monday,2026-06-01 18:00,New York City,Financial District,Financial District,Evening,Raven,Raven,McNeel,Raven; McNeel,raven; mcneel,False,,https://partiful.com/e/pE0mRfPx7XPRe9uegQyl,pE0mRfPx7XPRe9uegQyl,https://www.tech-week.com/calendar/nyc,added,39,C,"downtown convenient; early-week push, evening; open/rsvp"
6571,"Women Who Code Summit Cocktails & Conversations - Tuesday, June 2nd",2026-06-02,16:00:00,Tuesday,2026-06-02 16:00,New York City,Financial District,Financial District,Afternoon,Women Who Code,Women Who Code,,Women Who Code,women-who-code,False,,https://partiful.com/e/5apSj4xpKEHJ0C1DzIXb,5apSj4xpKEHJ0C1DzIXb,https://www.tech-week.com/calendar/nyc,added,39,C,"downtown convenient; peak Tuesday, afternoon; open/rsvp"
5947,London x NYC: Scaling Across Borders w/ Revolut & Ramp + the Experience Economy w/ Delta & Virgin,2026-06-02,16:00:00,Tuesday,2026-06-02 16:00,New York City,Financial District,Financial District,Afternoon,London and Partners,London & Partners,,London & Partners,london-partners,False,,https://partiful.com/e/6racWcR6SfxbsyO2zmVA,6racWcR6SfxbsyO2zmVA,https://www.tech-week.com/calendar/nyc,added,39,C,"downtown convenient; peak Tuesday, afternoon; open/rsvp"
6611,Equiply hiring tournament,2026-06-02,17:00:00,Tuesday,2026-06-02 17:00,New York City,Flatiron,Flatiron,Evening,Equiply,Equiply,,Equiply,equiply,False,,https://partiful.com/e/ETmLjJsMXWh9WB4nmFe0,ETmLjJsMXWh9WB4nmFe0,https://www.tech-week.com/calendar/nyc,added,39,C,"near downtown; peak Tuesday, evening; open/rsvp"
6545,"Defense Tech Debate + Reception with Bloomberg, Lux Capital, & Tech:NYC",2026-06-02,17:00:00,Tuesday,2026-06-02 17:00,New York City,Nomad,Nomad,Evening,Bloomberg,Bloomberg,Bloomberg Beta; Lux Capital; Tech:NYC,Bloomberg; Bloomberg Beta; Lux Capital; Tech:NYC,bloomberg; bloomberg-beta; lux-capital; tech-nyc,False,,https://partiful.com/e/n9CCyMio7NyeQT2wkeE3,n9CCyMio7NyeQT2wkeE3,https://www.tech-week.com/calendar/nyc,added,39,C,"near downtown; peak Tuesday, evening; open/rsvp"
6625,Why Are Women Spending $100K+ on IVF Without Real Answers?,2026-06-02,17:30:00,Tuesday,2026-06-02 17:30,New York City,Flatiron,Flatiron,Evening,VitalHelix,VitalHelix,,VitalHelix,vitalhelix,False,,https://partiful.com/e/NoKxyoAj7jUITuEXT448,NoKxyoAj7jUITuEXT448,https://www.tech-week.com/calendar/nyc,added,39,C,"near downtown; peak Tuesday, evening; open/rsvp"
6436,AIMLC Meetup: Understanding and Advancing General Intelligence Through Game,2026-06-02,17:30:00,Tuesday,2026-06-02 17:30,New York City,Flatiron,Flatiron,Evening,Capital One,Capital One,,Capital One,capital-one,False,,https://partiful.com/e/X6NFw7EkD1FoWNswwoqQ,X6NFw7EkD1FoWNswwoqQ,https://www.tech-week.com/calendar/nyc,added,39,C,"near downtown; peak Tuesday, evening; open/rsvp"
6762,NY Tech Week Dinner: Building the Future of Aerospace & Defense,2026-06-03,18:00:00,Wednesday,2026-06-03 18:00,New York City,Flatiron,Flatiron,Evening,Fenwick,Fenwick,,Fenwick,fenwick,True,,,,https://www.tech-week.com/calendar/nyc,added,39,C,"high-signal format; near downtown; peak Wednesday, evening; invite-only"
6556,Screens That See: How AI Is Turning Signage Into Revenue.,2026-06-04,14:30:00,Thursday,2026-06-04 14:30,New York City,Midtown,Midtown,Afternoon,WillDom,WillDom,Consulate General of Argentina in New York; CieloVision,WillDom; Consulate General of Argentina in New York; CieloVision,willdom; consulate-general-of-argentina-in-new-york; cielovision,False,,https://partiful.com/e/Z8jfrYxy2LpndGfiyoDF,Z8jfrYxy2LpndGfiyoDF,https://www.tech-week.com/calendar/nyc,added,39,C,"AI/agents; midtown reachable; Thursday density, afternoon; open/rsvp"
6468,An Executive Harbor Dinner Experience,2026-06-04,15:00:00,Thursday,2026-06-04 15:00,New York City,Chelsea,Chelsea,Afternoon,Gathering of Minds,Gathering of Minds,,Gathering of Minds,gathering-of-minds,False,,https://partiful.com/e/cbyBD4xAhpcd4mEeBJOG,cbyBD4xAhpcd4mEeBJOG,https://www.tech-week.com/calendar/nyc,added,39,C,"high-signal format; reasonable Manhattan; Thursday density, afternoon; open/rsvp"
6574,Truelogic presents Beyond the Demo: Building Agentic AI Teams That Actually Ship,2026-06-04,16:15:00,Thursday,2026-06-04 16:15,New York City,Midtown,Midtown,Afternoon,TrueLogic,TrueLogic,Consulate General of Argentina in New York,TrueLogic; Consulate General of Argentina in New York,truelogic; consulate-general-of-argentina-in-new-york,False,,https://partiful.com/e/FA2Q9jHGnpJig9RwCOax,FA2Q9jHGnpJig9RwCOax,https://www.tech-week.com/calendar/nyc,added,39,C,"AI/agents; midtown reachable; Thursday density, afternoon; open/rsvp"
6531,HigherPeople's NYTW Happy Hour,2026-06-04,16:30:00,Thursday,2026-06-04 16:30,New York City,SoHo,SoHo,Afternoon,HigherPeople,HigherPeople,,HigherPeople,higherpeople,False,,https://partiful.com/e/AMDCAbR2zrSQ3gTtQBgs,AMDCAbR2zrSQ3gTtQBgs,https://www.tech-week.com/calendar/nyc,added,39,C,"networking format; downtown convenient; Thursday density, afternoon; open/rsvp"
6458,VNTR Investor Roundtable New York,2026-06-04,17:30:00,Thursday,2026-06-04 17:30,New York City,Midtown,Midtown,Evening,VNTR,VNTR,,VNTR,vntr,False,,https://partiful.com/e/K9Ysd4ENZ9lGTRHpR8v9,K9Ysd4ENZ9lGTRHpR8v9,https://www.tech-week.com/calendar/nyc,added,39,C,"high-signal format; midtown reachable; Thursday density, evening; open/rsvp"
6635,Tech Week Web3 Hotel Mixer,2026-06-04,17:30:00,Thursday,2026-06-04 17:30,New York City,Union Square,Union Square,Evening,Peiheng,Peiheng,,Peiheng,peiheng,False,,https://partiful.com/e/lBLDmnEK3sHNl8q3phmR,lBLDmnEK3sHNl8q3phmR,https://www.tech-week.com/calendar/nyc,added,39,C,"networking format; near downtown; Thursday density, evening; open/rsvp"
6431,"Mandarin x Markets: China, Conversation, & Cocktails",2026-06-03,17:00:00,Wednesday,2026-06-03 17:00,New York City,Flatiron,Flatiron,Evening,A Day With Aslan,A Day With Aslan,,A Day With Aslan,a-day-with-aslan,False,,https://partiful.com/e/G6SCgiK0QTXDg0MtyANy,G6SCgiK0QTXDg0MtyANy,https://www.tech-week.com/calendar/nyc,added,38,C,"near downtown; peak Wednesday, evening; open/rsvp"
4124,212 After Hours,2026-06-03,17:30:00,Wednesday,2026-06-03 17:30,New York City,Flatiron,Flatiron,Evening,212.VC,212.VC,Revolv,212.VC; Revolv,212-vc; revolv,False,,https://partiful.com/e/wF1ave94YI0WGlfDq82S,wF1ave94YI0WGlfDq82S,https://www.tech-week.com/calendar/nyc,added,38,C,"near downtown; peak Wednesday, evening; open/rsvp"
5646,Distilled Conversations: Questions at the Frontier with Mirage,2026-06-03,18:30:00,Wednesday,2026-06-03 18:30,New York City,Union Square,Union Square,Evening,Distilled,Distilled,Mirage,Distilled; Mirage,distilled; mirage,False,,https://partiful.com/e/JKLycObL4isIKtz0HqjO,JKLycObL4isIKtz0HqjO,https://www.tech-week.com/calendar/nyc,added,38,C,"near downtown; peak Wednesday, evening; open/rsvp"
6350,Founders Boat Party,2026-06-03,20:00:00,Wednesday,2026-06-03 20:00,New York City,SoHo,SoHo,Evening,Persona,Persona,Thera; Coinflow; Get Winner,Persona; Thera; Coinflow; Get Winner,persona; thera; coinflow; get-winner,False,,https://partiful.com/e/F6QBoXGfme8OED1Q4T6d,F6QBoXGfme8OED1Q4T6d,https://www.tech-week.com/calendar/nyc,added,38,C,"founders/operators; party/social; downtown convenient; peak Wednesday, evening; open/rsvp"
6604,Tapas & Cañas,2026-06-01,14:00:00,Monday,2026-06-01 14:00,New York City,SoHo,SoHo,Afternoon,Pygma,Pygma,,Pygma,pygma,False,,https://partiful.com/e/TPvTUoxpB2JrX9JKu3rA,TPvTUoxpB2JrX9JKu3rA,https://www.tech-week.com/calendar/nyc,added,37,C,"downtown convenient; early-week push, afternoon; open/rsvp"
5556,Dubai is Building the Future. Come Join Us.,2026-06-01,14:00:00,Monday,2026-06-01 14:00,New York City,SoHo,SoHo,Afternoon,Dubai Future Foundation,Dubai Future Foundation,,Dubai Future Foundation,dubai-future-foundation,False,,https://partiful.com/e/yVeiohVURo6J6QMPAjUv,yVeiohVURo6J6QMPAjUv,https://www.tech-week.com/calendar/nyc,added,37,C,"downtown convenient; early-week push, afternoon; open/rsvp"
6160,The Digital Twin Experience: Powered by HeyGen,2026-06-01,16:00:00,Monday,2026-06-01 16:00,New York City,SoHo,SoHo,Afternoon,Avantgarde Communications,Avantgarde Communications,,Avantgarde Communications,avantgarde-communications,False,,https://partiful.com/e/N7RkEZo76K7Y1nHa2Mpu,N7RkEZo76K7Y1nHa2Mpu,https://www.tech-week.com/calendar/nyc,added,37,C,"downtown convenient; early-week push, afternoon; open/rsvp"
6406,Let’s talk money over makeup,2026-06-01,16:00:00,Monday,2026-06-01 16:00,New York City,Lower East Side,Lower East Side,Afternoon,Verve Club,Verve Club,Cooley,Verve Club; Cooley,verve-club; cooley,False,,https://partiful.com/e/zZQ8JIguvn8j40Dc0S1C,zZQ8JIguvn8j40Dc0S1C,https://www.tech-week.com/calendar/nyc,added,37,C,"downtown convenient; early-week push, afternoon; open/rsvp"
5001,The Brick Room - Where the Best Ideas get built Twice,2026-06-01,17:00:00,Monday,2026-06-01 17:00,New York City,Flatiron,Flatiron,Evening,Fine Line Consultants,Fine Line Consultants,,Fine Line Consultants,fineline-consultants,False,,https://partiful.com/e/IoEy26e6LoWbvwVRCTzR,IoEy26e6LoWbvwVRCTzR,https://www.tech-week.com/calendar/nyc,added,37,C,"near downtown; early-week push, evening; open/rsvp"
6357,Trust Issues - A Traitors style game for NYTW,2026-06-01,18:00:00,Monday,2026-06-01 18:00,New York City,West Village,West Village,Evening,Axis Labs,Axis Labs,,Axis Labs,axis-labs,False,,https://partiful.com/e/1K4RUKGNdOY7K8EvJB1B,1K4RUKGNdOY7K8EvJB1B,https://www.tech-week.com/calendar/nyc,added,37,C,"near downtown; early-week push, evening; open/rsvp"
6305,OpenClaw for Investors (Amino Capital & UBS),2026-06-02,15:00:00,Tuesday,2026-06-02 15:00,New York City,Flatiron,Flatiron,Afternoon,Amino Capital,Amino Capital,,Amino Capital,amino-capital,False,,https://partiful.com/e/EKVRCkLXxR7HVL9Ogump,EKVRCkLXxR7HVL9Ogump,https://www.tech-week.com/calendar/nyc,added,37,C,"near downtown; peak Tuesday, afternoon; open/rsvp"
4112,"Munis, Meet the Future: A Briefing on Tokenized Bonds",2026-06-02,15:30:00,Tuesday,2026-06-02 15:30,New York City,Union Square,Union Square,Afternoon,Zuzlab Inc.,Zuzlab Inc.,,Zuzlab Inc.,zuzlab-inc,False,,https://partiful.com/e/6I7FKBOq3eeCIyKALJA3,6I7FKBOq3eeCIyKALJA3,https://www.tech-week.com/calendar/nyc,added,37,C,"near downtown; peak Tuesday, afternoon; open/rsvp"
5885,Forward Deployed Social,2026-06-03,17:30:00,Wednesday,2026-06-03 17:30,New York City,Upper Manhattan,Upper Manhattan,Evening,Cresta AI,Cresta AI,,Cresta AI,cresta-ai,False,,https://partiful.com/e/WDT8qQr3GmiczlMEqStK,WDT8qQr3GmiczlMEqStK,https://www.tech-week.com/calendar/nyc,added,37,C,"AI/agents; less convenient; peak Wednesday, evening; open/rsvp"
6553,working with monsters: how toxic AI is reshaping the workplace & what young professionals can do about it,2026-06-03,18:30:00,Wednesday,2026-06-03 18:30,New York City,Murray Hill,Murray Hill,Evening,Consulate General of Poland in New York,Consulate General of Poland in New York,,Consulate General of Poland in New York,consulate-general-of-poland-in-new-york,True,,,,https://www.tech-week.com/calendar/nyc,added,37,C,"AI/agents; midtown reachable; peak Wednesday, evening; invite-only"
6812,Atrios Tech Week Basketball: Rolex Giveaway,2026-06-04,17:00:00,Thursday,2026-06-04 17:00,New York City,Lower East Side,Lower East Side,Evening,Atrios,Atrios,,Atrios,atrios,False,,https://partiful.com/e/mVJjqhRHhpwGdCfSmu6o,mVJjqhRHhpwGdCfSmu6o,https://www.tech-week.com/calendar/nyc,added,37,C,"downtown convenient; Thursday density, evening; open/rsvp"
6279,ADHD & Startup Life,2026-06-04,18:00:00,Thursday,2026-06-04 18:00,New York City,SoHo,SoHo,Evening,M13,M13,Rho,M13; Rho,m13; rho,False,,https://partiful.com/e/M9CYO508xMYhTkW9mphO,M9CYO508xMYhTkW9mphO,https://www.tech-week.com/calendar/nyc,added,37,C,"downtown convenient; Thursday density, evening; open/rsvp"
6394,Humanizing AI,2026-06-02,13:00:00,Tuesday,2026-06-02 13:00,New York City,Brooklyn,Brooklyn,Afternoon,Tacos & Trends,Tacos & Trends,C2.studio,Tacos & Trends; C2.studio,tacos-trends; c2-studio,False,,https://partiful.com/e/UFx7yJOWPNEsF1tA180j,UFx7yJOWPNEsF1tA180j,https://www.tech-week.com/calendar/nyc,added,36,C,"AI/agents; less convenient; peak Tuesday, afternoon; open/rsvp"
6565,"Who Captures the Value? AI, Data & IP in the Future of Sports",2026-06-02,14:30:00,Tuesday,2026-06-02 14:30,New York City,Midtown,Midtown,Afternoon,FutbolTalent.pro,FutbolTalent.pro,Consulate General of Argentina in New York,FutbolTalent.pro; Consulate General of Argentina in New York,futboltalent-pro; consulate-general-of-argentina-in-new-york,False,,https://partiful.com/e/9VmRVXtl6VajweNDiO8y,9VmRVXtl6VajweNDiO8y,https://www.tech-week.com/calendar/nyc,added,36,C,"AI/agents; off-ICP vertical; midtown reachable; peak Tuesday, afternoon; open/rsvp"
6386,QonfX - An Invite-Only Gathering of QA & Tech Leaders,2026-06-03,08:30:00,Wednesday,2026-06-03 08:30,New York City,Chelsea,Chelsea,Morning,The Test Tribe,The Test Tribe,,The Test Tribe,the-test-tribe,False,,https://partiful.com/e/orQg3cOa8TT6n5TAgni0,orQg3cOa8TT6n5TAgni0,https://www.tech-week.com/calendar/nyc,added,36,C,"curated/private; leaders/builders; reasonable Manhattan; peak Wednesday, morning, very early; open/rsvp"
5031,Getting To Product-Market Fit Panel,2026-06-03,12:00:00,Wednesday,2026-06-03 12:00,New York City,Financial District,Financial District,Noon,Mucker Capital,Mucker Capital,,Mucker Capital,mucker-capital,False,,https://partiful.com/e/Ps8FoK7Ed1LAS9qYAQXV,Ps8FoK7Ed1LAS9qYAQXV,https://www.tech-week.com/calendar/nyc,added,36,C,"downtown convenient; peak Wednesday, midday; open/rsvp"
6768,FoundHer House: The Female Funding Floor,2026-06-03,13:00:00,Wednesday,2026-06-03 13:00,New York City,Greenwich Village,Greenwich Village,Afternoon,FoundHer House,FoundHer House,Pace Capital,FoundHer House; Pace Capital,foundher-house; pace-capital,False,,https://partiful.com/e/omWNQXlOurTDgzPvdiO3,omWNQXlOurTDgzPvdiO3,https://www.tech-week.com/calendar/nyc,added,36,C,"near downtown; peak Wednesday, afternoon; open/rsvp"
6568,Southern Code — Harness Engineering for Founders: How to Ship Real Software with AI,2026-06-04,11:00:00,Thursday,2026-06-04 11:00,New York City,Central Park,Central Park,Morning,Southern Code,Southern Code,Consulate General of Argentina in New York,Southern Code; Consulate General of Argentina in New York,southern-code; consulate-general-of-argentina-in-new-york,False,,https://partiful.com/e/JSaitRA2wgRoRy9FP45G,JSaitRA2wgRoRy9FP45G,https://www.tech-week.com/calendar/nyc,added,36,C,"founders/operators; AI/agents; neutral location; Thursday density, morning; open/rsvp"
5807,The New Beauty Counter: A Curated NYC Tech Week Experience,2026-06-04,17:00:00,Thursday,2026-06-04 17:00,New York City,SoHo,SoHo,Evening,Triple Eight Creative,Triple Eight Creative,,Triple Eight Creative,triple-eight-creative,False,,https://partiful.com/e/7QcGEL1PzCCWwCLoJLET,7QcGEL1PzCCWwCLoJLET,https://www.tech-week.com/calendar/nyc,added,36,C,"curated/private; consumer/lifestyle; downtown convenient; Thursday density, evening; open/rsvp"
6590,"Steeped in Tech: A Tea Reception Exploring AI, Taste & Human Experience",2026-06-05,15:00:00,Friday,2026-06-05 15:00,New York City,Midtown,Midtown,Afternoon,Tea Drunk,Tea Drunk,,Tea Drunk,tea-drunk,False,,https://partiful.com/e/piSMRtidmZjBAZR6kvqL,piSMRtidmZjBAZR6kvqL,https://www.tech-week.com/calendar/nyc,added,36,C,"AI/agents; midtown reachable; taper day, afternoon; open/rsvp"
6547,How AI Gets You to AI,2026-06-05,16:00:00,Friday,2026-06-05 16:00,New York City,Midtown,Midtown,Afternoon,Creative Bits AI,Creative Bits AI,,Creative Bits AI,creative-bits-ai,False,,https://partiful.com/e/9YS9QE1XBY0mMpELVYSq,9YS9QE1XBY0mMpELVYSq,https://www.tech-week.com/calendar/nyc,added,36,C,"AI/agents; midtown reachable; taper day, afternoon; open/rsvp"
6631,AI-Native Planning: How Companies Are Transforming Supply Chain & Finance Decision-Making,2026-06-01,11:00:00,Monday,2026-06-01 11:00,New York City,Midtown,Midtown,Morning,Pyplan,Pyplan,Consulate General of Argentina in New York,Pyplan; Consulate General of Argentina in New York,pyplan; consulate-general-of-argentina-in-new-york,False,,https://partiful.com/e/499cWPHnN3Uoh8j7C9AN,499cWPHnN3Uoh8j7C9AN,https://www.tech-week.com/calendar/nyc,added,35,C,"AI/agents; midtown reachable; early-week push, morning; open/rsvp"
6636,Anchor Angels x Vanderbilt C4E Pitch Day,2026-06-02,14:30:00,Tuesday,2026-06-02 14:30,New York City,Chelsea,Chelsea,Afternoon,Vanderbilt University,Vanderbilt University,Anchor Angels,Vanderbilt University; Anchor Angels,vanderbilt-university; anchor-angels,False,,https://partiful.com/e/rKC8JinNw0ODFYE8bevJ,rKC8JinNw0ODFYE8bevJ,https://www.tech-week.com/calendar/nyc,added,35,C,"reasonable Manhattan; peak Tuesday, afternoon; open/rsvp"
6264,"from PMF to Scale! If Your GTM doesn't scale, let's build an agentic GTM system",2026-06-02,17:30:00,Tuesday,2026-06-02 17:30,New York City,Chelsea,Chelsea,Evening,DragonflyAI Consulting,DragonflyAI Consulting,Civic Hall,DragonflyAI Consulting; Civic Hall,dragonflyai-consulting; civic-hall,False,,https://partiful.com/e/ClDoZdTBs7mmjqoMw3k2,ClDoZdTBs7mmjqoMw3k2,https://www.tech-week.com/calendar/nyc,added,35,C,"AI/agents; marketing/GTM/creator; reasonable Manhattan; peak Tuesday, evening; open/rsvp"
6363,ARR You Kidding Me: A Comedy Night for Finance Pros,2026-06-02,18:00:00,Tuesday,2026-06-02 18:00,New York City,Midtown,Midtown,Evening,Rillet,Rillet,,Rillet,rillet,False,,https://partiful.com/e/6kXnEpDS0MeuoqEZAmY2,6kXnEpDS0MeuoqEZAmY2,https://www.tech-week.com/calendar/nyc,added,35,C,"midtown reachable; peak Tuesday, evening; open/rsvp"
6232,NYC Tech Week- The New Era of Business Productivity Tools,2026-06-02,18:00:00,Tuesday,2026-06-02 18:00,New York City,Midtown,Midtown,Evening,Second Axis,second axis,,second axis,second-axis,False,,https://partiful.com/e/lcmXSFhnXlltkqQjyLuW,lcmXSFhnXlltkqQjyLuW,https://www.tech-week.com/calendar/nyc,added,35,C,"midtown reachable; peak Tuesday, evening; open/rsvp"
6822,AI x Hospitality @ La Cabra,2026-06-03,10:00:00,Wednesday,2026-06-03 10:00,New York City,SoHo,SoHo,Morning,Kintow,Kintow,Dria Ventures,Kintow; Dria Ventures,kintow; dria-ventures,False,,https://partiful.com/e/ubmg6AxONd0iqFnkSO5Y,ubmg6AxONd0iqFnkSO5Y,https://www.tech-week.com/calendar/nyc,added,35,C,"AI/agents; off-ICP vertical; downtown convenient; peak Wednesday, morning; open/rsvp"
6754,TECH WEEK VISIONARY HUB,2026-06-04,13:00:00,Thursday,2026-06-04 13:00,New York City,East Village,East Village,Afternoon,Vinrelo,Vinrelo,,Vinrelo,vinrelo,False,,https://partiful.com/e/DQLmNSvszUDBdewZ60Rb,DQLmNSvszUDBdewZ60Rb,https://www.tech-week.com/calendar/nyc,added,35,C,"downtown convenient; Thursday density, afternoon; open/rsvp"
6522,Tech:NYC's Decoded Futures Build Day,2026-06-04,14:00:00,Thursday,2026-06-04 14:00,New York City,Financial District,Financial District,Afternoon,Decoded Futures at Tech:NYC,Decoded Futures (Tech:NYC),,Decoded Futures (Tech:NYC),decoded-futures-tech-nyc,False,,https://partiful.com/e/KOwyHVmXJ0MHmuKHPRmu,KOwyHVmXJ0MHmuKHPRmu,https://www.tech-week.com/calendar/nyc,added,35,C,"downtown convenient; Thursday density, afternoon; open/rsvp"
6737,Borderless Markets: How Digital Assets Are Reshaping Finance,2026-06-04,16:30:00,Thursday,2026-06-04 16:30,New York City,Financial District,Financial District,Afternoon,DriveWealth,DriveWealth,,DriveWealth,drivewealth,False,,https://partiful.com/e/8KTke0MILjTllFxUNKIo,8KTke0MILjTllFxUNKIo,https://www.tech-week.com/calendar/nyc,added,35,C,"downtown convenient; Thursday density, afternoon; open/rsvp"
6491,East Asians in Tech Happy Hour,2026-06-04,17:00:00,Thursday,2026-06-04 17:00,New York City,Korea Town,Korea Town,Evening,East Asians in Tech,East Asians in Tech,,East Asians in Tech,east-asians-in-tech,False,,https://partiful.com/e/kZFSvvs0w2QtpLlK5fKp,kZFSvvs0w2QtpLlK5fKp,https://www.tech-week.com/calendar/nyc,added,35,C,"networking format; midtown reachable; Thursday density, evening; open/rsvp"
6615,Answer Engine Hour: Where Marketing Meets AI Search,2026-06-04,19:00:00,Thursday,2026-06-04 19:00,New York City,SoHo,SoHo,Evening,Petra Labs,Petra Labs,,Petra Labs,petra-labs,False,,https://partiful.com/e/OfP2nxPWBMWMn6RgXVP1,OfP2nxPWBMWMn6RgXVP1,https://www.tech-week.com/calendar/nyc,added,35,C,"AI/agents; marketing/GTM/creator; downtown convenient; Thursday density, evening; open/rsvp"
6582,VIP Only: Institutions & Introductions,2026-06-04,19:00:00,Thursday,2026-06-04 19:00,New York City,West Village,West Village,Evening,Introduction,Introduction,,Introduction,introduction,False,,https://partiful.com/e/yUgTDw1Bkps9Rb62ojJf,yUgTDw1Bkps9Rb62ojJf,https://www.tech-week.com/calendar/nyc,added,35,C,"near downtown; Thursday density, evening; open/rsvp"
6527,Health Tech Happy Hour,2026-06-01,17:30:00,Monday,2026-06-01 17:30,New York City,Nomad,Nomad,Evening,Aegis Ventures,Aegis Ventures,,Aegis Ventures,aegis-ventures,True,,,,https://www.tech-week.com/calendar/nyc,added,34,C,"networking format; near downtown; early-week push, evening; invite-only"
5640,Tech Week Founder Lab: Scaling Clinics for Seed & Series A Founders,2026-06-02,17:00:00,Tuesday,2026-06-02 17:00,New York City,Lower East Side,Lower East Side,Evening,Karcic Partners,Karcic Partners,Mark Wellness; The Front Yard at Pace University,Karcic Partners; Mark Wellness; The Front Yard at Pace University,karcic-partners; mark-wellness; the-front-yard-at-pace-university,False,,https://partiful.com/e/xmJ2Bjacl2LgQ3i7q6V7,xmJ2Bjacl2LgQ3i7q6V7,https://www.tech-week.com/calendar/nyc,added,34,C,"founders/operators; wellness/social; downtown convenient; peak Tuesday, evening; open/rsvp"
6270,Becoming a Responsible AI Company: How to get started,2026-06-03,08:00:00,Wednesday,2026-06-03 08:00,New York City,Flatiron,Flatiron,Morning,The Ethical Tech Project,The Ethical Tech Project,,The Ethical Tech Project,ethical-tech-project,False,,https://partiful.com/e/pR2diUa7uD7hgdkPhiij,pR2diUa7uD7hgdkPhiij,https://www.tech-week.com/calendar/nyc,added,34,C,"AI/agents; near downtown; peak Wednesday, morning, very early; open/rsvp"
5129,From Pitch to Check: Preparing for Your Seed Raise,2026-06-03,17:30:00,Wednesday,2026-06-03 17:30,New York City,Midtown,Midtown,Evening,Brown Girl Angels,Brown Girl Angels,NineF Angels,Brown Girl Angels; NineF Angels,brown-girl-angels; ninef-angels,False,,https://partiful.com/e/P3HsW6ZPOohypJDFUyt9,P3HsW6ZPOohypJDFUyt9,https://www.tech-week.com/calendar/nyc,added,34,C,"midtown reachable; peak Wednesday, evening; open/rsvp"
6078,A Conversation on Irish Ambition,2026-06-03,17:30:00,Wednesday,2026-06-03 17:30,New York City,Midtown,Midtown,Evening,Green Room,Green Room,,Green Room,green-room,False,,https://partiful.com/e/Pz1qDVbobxHDNZAqrk8I,Pz1qDVbobxHDNZAqrk8I,https://www.tech-week.com/calendar/nyc,added,34,C,"midtown reachable; peak Wednesday, evening; open/rsvp"
6283,Switchcraft — Build Your Own Keyboard (Anterior),2026-06-03,17:30:00,Wednesday,2026-06-03 17:30,New York City,Midtown,Midtown,Evening,Anterior,Anterior,,Anterior,anterior,False,,https://partiful.com/e/fKGWVWedefyfix8WYFOq,fKGWVWedefyfix8WYFOq,https://www.tech-week.com/calendar/nyc,added,34,C,"midtown reachable; peak Wednesday, evening; open/rsvp"
6532,Build & Pitch w/ Raylu,2026-06-03,18:30:00,Wednesday,2026-06-03 18:30,New York City,Midtown,Midtown,Evening,Raylu,Raylu,,Raylu,raylu,False,,https://partiful.com/e/rbrAD6bdIvtkmWCsBThO,rbrAD6bdIvtkmWCsBThO,https://www.tech-week.com/calendar/nyc,added,34,C,"midtown reachable; peak Wednesday, evening; open/rsvp"
4999,Common Thread: The Haus Games,2026-06-03,19:00:00,Wednesday,2026-06-03 19:00,New York City,Murray Hill,Murray Hill,Evening,Fostr,Fostr,Tera,Fostr; Tera,fostr; tera,False,,https://partiful.com/e/4rKK0rE5UYPMKSO3bQoZ,4rKK0rE5UYPMKSO3bQoZ,https://www.tech-week.com/calendar/nyc,added,34,C,"midtown reachable; peak Wednesday, evening; open/rsvp"
6607,Optimize Nonprofit Impact with monday.com AI,2026-06-04,09:00:00,Thursday,2026-06-04 09:00,New York City,Union Square,Union Square,Morning,monday.com,monday.com,,monday.com,monday-com,False,,https://partiful.com/e/qM9SmpgGutQg5bm5PLGI,qM9SmpgGutQg5bm5PLGI,https://www.tech-week.com/calendar/nyc,added,34,C,"AI/agents; near downtown; Thursday density, morning, early; open/rsvp"
5433,Impact Room: Building The Future We Want,2026-06-05,18:00:00,Friday,2026-06-05 18:00,New York City,Lower East Side,Lower East Side,Evening,AAC,AAC,Starseed Studios,AAC; Starseed Studios,aac; starseed-studios,False,,https://partiful.com/e/IaHFZrZwfwKVMbQGFvAt,IaHFZrZwfwKVMbQGFvAt,https://www.tech-week.com/calendar/nyc,added,34,C,"downtown convenient; taper day, evening; open/rsvp"
6332,SOLO UNICORN HOUR — Day 1 Debrief,2026-06-01,19:00:00,Monday,2026-06-01 19:00,New York City,Midtown,Midtown,Evening,Solo Unicorn Club,Solo Unicorn Club,Manhattan Elite Club,Solo Unicorn Club; Manhattan Elite Club,solo-unicorn-club; manhattan-elite-club,False,,https://partiful.com/e/ZvcuMmgNFFdga0eFdy5R,ZvcuMmgNFFdga0eFdy5R,https://www.tech-week.com/calendar/nyc,added,33,C,"midtown reachable; early-week push, evening; open/rsvp"
6515,Land Your First U.S. Tech Opportunity,2026-06-02,13:00:00,Tuesday,2026-06-02 13:00,New York City,Korea Town,Korea Town,Afternoon,EZ Visa LLC,EZ Visa LLC,DreamIT ESL,EZ Visa LLC; DreamIT ESL,ez-visa-llc; dreamit-esl,False,,https://partiful.com/e/RexRXYvIzwqZbEtws5Kt,RexRXYvIzwqZbEtws5Kt,https://www.tech-week.com/calendar/nyc,added,33,C,"midtown reachable; peak Tuesday, afternoon; open/rsvp"
6598,Seraphim SpaceTech Drinks,2026-06-02,16:30:00,Tuesday,2026-06-02 16:30,New York City,Midtown,Midtown,Afternoon,Seraphim Space,Seraphim Space,Crowell & Moring,Seraphim Space; Crowell & Moring,seraphim-space; crowell-moring,False,,https://partiful.com/e/NEACQLRcBvDYbv4ERCaW,NEACQLRcBvDYbv4ERCaW,https://www.tech-week.com/calendar/nyc,added,33,C,"midtown reachable; peak Tuesday, afternoon; open/rsvp"
5959,FoundersBoost NYC Demo Day,2026-06-02,16:45:00,Tuesday,2026-06-02 16:45,New York City,Midtown,Midtown,Afternoon,FoundersBoost,FoundersBoost,,FoundersBoost,foundersboost,False,,https://partiful.com/e/N5MNmuL6UAxVrfURtxc8,N5MNmuL6UAxVrfURtxc8,https://www.tech-week.com/calendar/nyc,added,33,C,"midtown reachable; peak Tuesday, afternoon; open/rsvp"
5716,Shark Tank: Unethical Hackathon & Pitch Competition,2026-06-02,17:30:00,Tuesday,2026-06-02 17:30,New York City,Lower East Side,Lower East Side,Evening,MAANG,MAANG,,MAANG,maang,False,,https://partiful.com/e/NCyCpVKFHXfdVuODhP90,NCyCpVKFHXfdVuODhP90,https://www.tech-week.com/calendar/nyc,added,33,C,"hackathon; downtown convenient; peak Tuesday, evening; open/rsvp"
6587,Rewiring Humans for AI Era,2026-06-04,11:00:00,Thursday,2026-06-04 11:00,New York City,Midtown,Midtown,Morning,RobinTests,RobinTests,Consulate General of Argentina in New York,RobinTests; Consulate General of Argentina in New York,robintests; consulate-general-of-argentina-in-new-york,False,,https://partiful.com/e/3FJhBMtmVPBNG5pIaPlb,3FJhBMtmVPBNG5pIaPlb,https://www.tech-week.com/calendar/nyc,added,33,C,"AI/agents; midtown reachable; Thursday density, morning; open/rsvp"
6549,The Autonomous enterprise: You're Not Late. You're Right on Time,2026-06-04,11:00:00,Thursday,2026-06-04 11:00,New York City,Midtown,Midtown,Morning,WillDom,WillDom,Consulate General of Argentina in New York; JeenAI,WillDom; Consulate General of Argentina in New York; JeenAI,willdom; consulate-general-of-argentina-in-new-york; jeenai,False,,https://partiful.com/e/FMRHU5PZmbpskRMORfqK,FMRHU5PZmbpskRMORfqK,https://www.tech-week.com/calendar/nyc,added,33,C,"enterprise/security; midtown reachable; Thursday density, morning; open/rsvp"
6814,"Big Apple, Bigger AI",2026-06-04,11:30:00,Thursday,2026-06-04 11:30,New York City,Midtown,Midtown,Morning,Upstarts Media,Upstarts Media,Vanta; Company Ventures; Airwallex,Upstarts Media; Vanta; Company Ventures; Airwallex,upstarts-media; vanta; the-ventures; airwallex,False,,https://partiful.com/e/usTxNe1nWX3BBZB7GT9m,usTxNe1nWX3BBZB7GT9m,https://www.tech-week.com/calendar/nyc,added,33,C,"AI/agents; midtown reachable; Thursday density, morning; open/rsvp"
6362,The Case for Open Generative Media: Bria X fal X LTX,2026-06-04,17:00:00,Thursday,2026-06-04 17:00,New York City,Chelsea,Chelsea,Evening,Bria,Bria,fal; LTX,Bria; fal; LTX,bria; fal; ltx,False,,https://partiful.com/e/MGw5Ckm5L452QnaezIkR,MGw5Ckm5L452QnaezIkR,https://www.tech-week.com/calendar/nyc,added,33,C,"reasonable Manhattan; Thursday density, evening; open/rsvp"
6536,Taiwan Founder Night,2026-06-05,18:00:00,Friday,2026-06-05 18:00,New York City,Midtown,Midtown,Evening,LANDED Accelerator,LANDED Accelerator,Taipei Economic And Cultural Office In New York,LANDED Accelerator; Taipei Economic And Cultural Office In New York,landed-accelerator; taipei-economic-and-cultural-office-in-new-york,False,,https://partiful.com/e/mVKbO7NA2Xf0qLmT4hKt,mVKbO7NA2Xf0qLmT4hKt,https://www.tech-week.com/calendar/nyc,added,33,C,"founders/operators; midtown reachable; taper day, evening; open/rsvp"
6467,Consumer Goods Coffee Mixer,2026-06-01,09:00:00,Monday,2026-06-01 09:00,New York City,SoHo,SoHo,Morning,Bright Cup,Bright Cup,VHS,Bright Cup; VHS,bright-cup; vhs,False,,https://partiful.com/e/vvNMFT7CRsvXm3EBXOqd,vvNMFT7CRsvXm3EBXOqd,https://www.tech-week.com/calendar/nyc,added,32,C,"networking format; downtown convenient; early-week push, morning, early; open/rsvp"
6337,NY Tech Week Opening After Party by Madeline & Co. + Excelsior Edge Ventures,2026-06-01,20:00:00,Monday,2026-06-01 20:00,New York City,SoHo,SoHo,Evening,Madeline & Co.,Madeline & Co.,Excelsior Edge Ventures,Madeline & Co.; Excelsior Edge Ventures,madeline-co; excelsior-edge-ventures,False,,https://partiful.com/e/SoDNNl5aPjceB4M661s4,SoDNNl5aPjceB4M661s4,https://www.tech-week.com/calendar/nyc,added,32,C,"party/social; downtown convenient; early-week push, evening; open/rsvp"
4202,Agentic Finance Summit,2026-06-03,09:00:00,Wednesday,2026-06-03 09:00,New York City,SoHo,SoHo,Morning,Party Action People,Party Action People,Microsoft,Party Action People; Microsoft,party-action-people; microsoft,False,,https://partiful.com/e/7giOIl1G0R949i9stVOE,7giOIl1G0R949i9stVOE,https://www.tech-week.com/calendar/nyc,added,32,C,"AI/agents; party/social; downtown convenient; peak Wednesday, morning, early; open/rsvp"
6360,Tech for Safer Cities: Tackling Gender Based Violence for Women & Youth,2026-06-03,11:00:00,Wednesday,2026-06-03 11:00,New York City,Financial District,Financial District,Morning,Red Dot Foundation Global,Red Dot Foundation Global,Mobile Pathways; The CUNY Public Interest Tech Lab,Red Dot Foundation Global; Mobile Pathways; The CUNY Public Interest Tech Lab,red-dot-foundation-global; mobile-pathways; the-cuny-public-interest-tech-lab,False,,https://partiful.com/e/nDbviUZWOe0l4xxDr82M,nDbviUZWOe0l4xxDr82M,https://www.tech-week.com/calendar/nyc,added,32,C,"downtown convenient; peak Wednesday, morning; open/rsvp"
6560,"Investing in Deeptech 2026 - for VCs, angels, family offices",2026-06-03,14:30:00,Wednesday,2026-06-03 14:30,New York City,Midtown,Midtown,Afternoon,Good Investor Club,Good Investor Club,,Good Investor Club,good-investor-club,False,,https://partiful.com/e/6iJnKBHJDDD6pzokZKqh,6iJnKBHJDDD6pzokZKqh,https://www.tech-week.com/calendar/nyc,added,32,C,"midtown reachable; peak Wednesday, afternoon; open/rsvp"
6609,IGNITE 2026,2026-06-03,16:00:00,Wednesday,2026-06-03 16:00,New York City,Midtown,Midtown,Afternoon,Lowenstein Sandler,Lowenstein Sandler,Chilly Works,Lowenstein Sandler; Chilly Works,lowenstein-sandler; chilly-works,False,,https://partiful.com/e/rLtByVXIsbqhgD3CEvaS,rLtByVXIsbqhgD3CEvaS,https://www.tech-week.com/calendar/nyc,added,32,C,"midtown reachable; peak Wednesday, afternoon; open/rsvp"
6764,"Synth: The Network for Artists, Venues & Creators",2026-06-03,17:30:00,Wednesday,2026-06-03 17:30,New York City,Lower East Side,Lower East Side,Evening,Synth,Synth,,Synth,synth,False,,https://partiful.com/e/PJ3ecgvPoBAZfR6McnkS,PJ3ecgvPoBAZfR6McnkS,https://www.tech-week.com/calendar/nyc,added,32,C,"networking format; marketing/GTM/creator; downtown convenient; peak Wednesday, evening; open/rsvp"
6494,Agentic Commerce Decoded,2026-06-04,14:00:00,Thursday,2026-06-04 14:00,New York City,Midtown,Midtown,Afternoon,Azoma AI,Azoma AI,,Azoma AI,azoma-ai,True,,,,https://www.tech-week.com/calendar/nyc,added,32,C,"AI/agents; midtown reachable; Thursday density, afternoon; invite-only"
6261,The New 0→1 GTM Playbook for AI-Native Founders,2026-06-04,16:30:00,Thursday,2026-06-04 16:30,New York City,Midtown,Midtown,Afternoon,Digitalista,Digitalista,,Digitalista,digitalista,False,,https://partiful.com/e/r0srpfriv3SWRcQEBVk7,r0srpfriv3SWRcQEBVk7,https://www.tech-week.com/calendar/nyc,added,32,C,"founders/operators; AI/agents; marketing/GTM/creator; midtown reachable; Thursday density, afternoon; open/rsvp"
6543,Health Tech AI Investment for Physicians,2026-06-06,15:00:00,Saturday,2026-06-06 15:00,New York City,Chelsea,Chelsea,Afternoon,InvestDoc,investDoc,,investDoc,investdoc,False,,https://partiful.com/e/3qoCh02LCVOwm3OQFVQy,3qoCh02LCVOwm3OQFVQy,https://www.tech-week.com/calendar/nyc,added,32,C,"AI/agents; reasonable Manhattan; weekend, afternoon; open/rsvp"
6597,Causal Foresight with Anthos: Navigate Uncertainty with Better Decision-Making.,2026-06-01,16:00:00,Monday,2026-06-01 16:00,New York City,Midtown,Midtown,Afternoon,Anthos Systems,Anthos Systems,,Anthos Systems,anthos-systems,False,,https://partiful.com/e/VP9dWPMJ5h3V8Wv5K4G5,VP9dWPMJ5h3V8Wv5K4G5,https://www.tech-week.com/calendar/nyc,added,31,C,"midtown reachable; early-week push, afternoon; open/rsvp"
6584,Pengu_lab,2026-06-01,16:30:00,Monday,2026-06-01 16:30,New York City,Midtown,Midtown,Afternoon,Pengu_Lab,Pengu_Lab,Consulate General of Argentina in New York,Pengu_Lab; Consulate General of Argentina in New York,pengu-lab; consulate-general-of-argentina-in-new-york,False,,https://partiful.com/e/zfNYlVcQJalXtpR0NmXt,zfNYlVcQJalXtpR0NmXt,https://www.tech-week.com/calendar/nyc,added,31,C,"midtown reachable; early-week push, afternoon; open/rsvp"
4590,The Living Space,2026-06-01,17:00:00,Monday,2026-06-01 17:00,New York City,Central Park,Central Park,Evening,Lazo Fintech Inc,Lazo Fintech Inc,,Lazo Fintech Inc,lazo-fintech-inc,False,,https://partiful.com/e/NCgg6DTFr0Gf4WYiUwJD,NCgg6DTFr0Gf4WYiUwJD,https://www.tech-week.com/calendar/nyc,added,31,C,"neutral location; early-week push, evening; open/rsvp"
5053,Working,2026-06-02,16:00:00,Tuesday,2026-06-02 16:00,New York City,Central Park,Central Park,Afternoon,The Council Capital,The Council Capital,,The Council Capital,the-council-capital,False,,https://partiful.com/e/X7auQ9epT2J1JmoewLKi,X7auQ9epT2J1JmoewLKi,https://www.tech-week.com/calendar/nyc,added,31,C,"neutral location; peak Tuesday, afternoon; open/rsvp"
6628,The Future of PropTech,2026-06-03,18:00:00,Wednesday,2026-06-03 18:00,New York City,West Village,West Village,Evening,Jetzy,Jetzy,Sklut,Jetzy; Sklut,jetzy; sklut,False,,https://partiful.com/e/Dc2p7GbvzQiC32DBPCMJ,Dc2p7GbvzQiC32DBPCMJ,https://www.tech-week.com/calendar/nyc,added,31,C,"off-ICP vertical; near downtown; peak Wednesday, evening; open/rsvp"
5794,The City Hacks the State: Part 1 - Panel Discussion,2026-06-04,14:00:00,Thursday,2026-06-04 14:00,New York City,Meatpacking District,Meatpacking District,Afternoon,JEA Advertising,JEA Advertising,InsureMEP,JEA Advertising; InsureMEP,jea-advertising; insuremep,False,,https://partiful.com/e/rYEwnDFPz3NvShbq76M1,rYEwnDFPz3NvShbq76M1,https://www.tech-week.com/calendar/nyc,added,31,C,"reasonable Manhattan; Thursday density, afternoon; open/rsvp"
5020,Beyond Architecture: a Cultural OS for the Built Environment,2026-06-04,17:00:00,Thursday,2026-06-04 17:00,New York City,Midtown,Midtown,Evening,TAD,TAD,Art Republic,TAD; Art Republic,tad; art-republic,False,,https://partiful.com/e/uPvKiccg8joUIExvGKpD,uPvKiccg8joUIExvGKpD,https://www.tech-week.com/calendar/nyc,added,31,C,"midtown reachable; Thursday density, evening; open/rsvp"
6296,Capital Meets Credibility: ZavoVentures Tech Week Experience,2026-06-04,18:30:00,Thursday,2026-06-04 18:30,New York City,Midtown,Midtown,Evening,ZavoVentures,ZavoVentures,,ZavoVentures,zavoventures,False,,https://partiful.com/e/XegmGLkc2dLtgSWxHdpj,XegmGLkc2dLtgSWxHdpj,https://www.tech-week.com/calendar/nyc,added,31,C,"midtown reachable; Thursday density, evening; open/rsvp"
6331,SOLO UNICORN BUILD NIGHT — Vibe Code Live,2026-06-04,19:00:00,Thursday,2026-06-04 19:00,New York City,Midtown,Midtown,Evening,Solo Unicorn Club,Solo Unicorn Club,Manhattan Elite Club,Solo Unicorn Club; Manhattan Elite Club,solo-unicorn-club; manhattan-elite-club,False,,https://partiful.com/e/gX1zdtbIO2AvDe8bhWzy,gX1zdtbIO2AvDe8bhWzy,https://www.tech-week.com/calendar/nyc,added,31,C,"midtown reachable; Thursday density, evening; open/rsvp"
6595,The Future of Storytelling: AI-Native Filmmaking Demo Room,2026-06-05,18:00:00,Friday,2026-06-05 18:00,New York City,Brooklyn,Brooklyn,Evening,Just Videos Studios,Just Videos Studios,,Just Videos Studios,just-videos-studios,False,,https://partiful.com/e/V6w1IXuollfxgvdfYcHZ,V6w1IXuollfxgvdfYcHZ,https://www.tech-week.com/calendar/nyc,added,31,C,"AI/agents; less convenient; taper day, evening; open/rsvp"
6815,Tech Week City Hall: A Fireside Chat with City Council Speaker Julie Menin,2026-10-05,12:00:00,Monday,2026-10-05 12:00,New York City,Tribeca,Tribeca,Noon,New York City Council,New York City Council,a16z,New York City Council; a16z,new-york-city-council; a16z,False,,https://partiful.com/e/D901huF1IbzkfBRq0ikx,D901huF1IbzkfBRq0ikx,https://www.tech-week.com/calendar/nyc,added,31,C,"high-signal format; downtown convenient; early-week push, outside June Tech Week, midday; open/rsvp"
6292,Venture Point Legal Office Hours and Happy Hours,2026-06-01,15:00:00,Monday,2026-06-01 15:00,New York City,SoHo,SoHo,Afternoon,Venture Point Legal,Venture Point Legal,,Venture Point Legal,venture-point-legal,False,,https://partiful.com/e/MqjofFn5eLPZywUqKfdQ,MqjofFn5eLPZywUqKfdQ,https://www.tech-week.com/calendar/nyc,added,30,C,"off-ICP vertical; downtown convenient; early-week push, afternoon; open/rsvp"
6200,Japan x NYC Startup Mixer @ Jungle of Invention,2026-06-01,18:00:00,Monday,2026-06-01 18:00,New York City,Brooklyn,Brooklyn,Evening,FreakOut HD,FreakOut HD,,FreakOut HD,freakout-hd,False,,https://partiful.com/e/k0Z3WGdanIGHlTsvsAqW,k0Z3WGdanIGHlTsvsAqW,https://www.tech-week.com/calendar/nyc,added,30,C,"networking format; less convenient; early-week push, evening; open/rsvp"
6658,Founders Run & Coffee!,2026-06-02,07:00:00,Tuesday,2026-06-02 07:00,New York City,West Village,West Village,Morning,Founder House,Founder House,,Founder House,the-founders-house,False,,https://partiful.com/e/O53OgLYjmATsfG8LtciO,O53OgLYjmATsfG8LtciO,https://www.tech-week.com/calendar/nyc,added,30,C,"founders/operators; near downtown; peak Tuesday, morning, very early; open/rsvp"
6610,Cook with Cursor,2026-06-02,09:00:00,Tuesday,2026-06-02 09:00,New York City,SoHo,SoHo,Morning,Cursor,Cursor,,Cursor,cursor,False,,https://partiful.com/e/Xv4PHzfI7e2cuFQzaf1D,Xv4PHzfI7e2cuFQzaf1D,https://www.tech-week.com/calendar/nyc,added,30,C,"downtown convenient; peak Tuesday, morning, early; open/rsvp"
6825,AWS x Flybridge Bodega Takeover,2026-06-03,08:00:00,Wednesday,2026-06-03 08:00,New York City,Nomad,Nomad,Morning,AWS,AWS,Flybridge Capital Partners,AWS; Flybridge Capital Partners,aws; flybridge-capital-partners,False,gold,https://partiful.com/e/eaZmQ8Q59gAVMctgHXiQ,eaZmQ8Q59gAVMctgHXiQ,https://www.tech-week.com/calendar/nyc,added,30,C,"near downtown; peak Wednesday, morning, very early; gold sponsor; open/rsvp"
6617,Be Our Guest: Podcast Live Recording,2026-06-03,10:00:00,Wednesday,2026-06-03 10:00,New York City,Flatiron,Flatiron,Morning,Mikhail Agency,Mikhail Agency,,Mikhail Agency,mikhail-agency,False,,https://partiful.com/e/QV9Nll6J0cO4WSUDjgZX,QV9Nll6J0cO4WSUDjgZX,https://www.tech-week.com/calendar/nyc,added,30,C,"near downtown; peak Wednesday, morning; open/rsvp"
6285,"Capital, Wealth, and Wellbeing - building while staying sane",2026-06-03,10:30:00,Wednesday,2026-06-03 10:30,New York City,Flatiron,Flatiron,Morning,The Capital Flex,The Capital Flex,UBS,The Capital Flex; UBS,the-capital-flex; ubs,False,,https://partiful.com/e/Wq012xH2oUKVTG0dNneU,Wq012xH2oUKVTG0dNneU,https://www.tech-week.com/calendar/nyc,added,30,C,"near downtown; peak Wednesday, morning; open/rsvp"
5203,GP-LP Tech Week Mixer,2026-06-03,18:30:00,Wednesday,2026-06-03 18:30,New York City,Midtown,Midtown,Evening,The Kairos Circle,The Kairos Circle,,The Kairos Circle,the-kairos-circle,False,,https://partiful.com/e/li3OTq6DQintDXxppVK8,li3OTq6DQintDXxppVK8,https://www.tech-week.com/calendar/nyc,added,30,C,"networking format; investor-heavy; midtown reachable; peak Wednesday, evening; open/rsvp"
6546,"The ""Real Impact"" Angle (Focuses on Applied AI) The Hook: The AI Shift: From Hype to Applied Business Value.",2026-06-04,09:15:00,Thursday,2026-06-04 09:15,New York City,Midtown,Midtown,Morning,Consulate General of Argentina in New York,Consulate General of Argentina in New York,,Consulate General of Argentina in New York,consulate-general-of-argentina-in-new-york,False,,https://partiful.com/e/bFWbEF02HO3vpXGLOmMH,bFWbEF02HO3vpXGLOmMH,https://www.tech-week.com/calendar/nyc,added,30,C,"AI/agents; midtown reachable; Thursday density, morning, early; open/rsvp"
6530,Post-Westphalia: The Future of Money and Nation States,2026-06-04,19:00:00,Thursday,2026-06-04 19:00,New York City,East Village,East Village,Evening,Macktez,Macktez,,Macktez,macktez,True,,,,https://www.tech-week.com/calendar/nyc,added,30,C,"downtown convenient; Thursday density, evening; invite-only"
6478,"Ekoparty: Argentina’s Cybersecurity Ecosystem, Talent, Startups, and Regional Expansion",2026-06-05,11:00:00,Friday,2026-06-05 11:00,New York City,Midtown,Midtown,Morning,Ekoparty Security Conference,Ekoparty Security Conference,Consulate General of Argentina in New York,Ekoparty Security Conference; Consulate General of Argentina in New York,ekoparty-security-conference; consulate-general-of-argentina-in-new-york,False,,https://partiful.com/e/9H9IsgkJAWIo4dUMlqmO,9H9IsgkJAWIo4dUMlqmO,https://www.tech-week.com/calendar/nyc,added,30,C,"enterprise/security; midtown reachable; taper day, morning; open/rsvp"
6435,Vibe Coding Meetup for Designers,2026-06-05,17:00:00,Friday,2026-06-05 17:00,New York City,Meatpacking District,Meatpacking District,Evening,NYC Design Community,NYC Design Community,,NYC Design Community,nyc-design-community,False,,https://partiful.com/e/4Qp4a2zWqGDfkbMlBq59,4Qp4a2zWqGDfkbMlBq59,https://www.tech-week.com/calendar/nyc,added,30,C,"reasonable Manhattan; taper day, evening; open/rsvp"
6500,Duct Tape and GPUs: How AI is Being Used to Stitch PE Rollups Together,2026-06-06,13:00:00,Saturday,2026-06-06 13:00,New York City,Midtown,Midtown,Afternoon,Tallaris Partners,Tallaris Partners,,Tallaris Partners,tallaris-partners,False,,https://partiful.com/e/sM2xFUYglx4DTIZZrw3S,sM2xFUYglx4DTIZZrw3S,https://www.tech-week.com/calendar/nyc,added,30,C,"AI/agents; midtown reachable; weekend, afternoon; open/rsvp"
6537,Servipro the future of On Demand Services,2026-06-01,14:30:00,Monday,2026-06-01 14:30,New York City,Central Park,Central Park,Afternoon,Servipro,Servipro,Consulate General of Argentina in New York,Servipro; Consulate General of Argentina in New York,servipro; consulate-general-of-argentina-in-new-york,False,,https://partiful.com/e/LSj9Pfuz86SEiUvjvtNt,LSj9Pfuz86SEiUvjvtNt,https://www.tech-week.com/calendar/nyc,added,29,D,"neutral location; early-week push, afternoon; open/rsvp"
6475,a16z Tech Week Sponsor Luncheon,2026-06-03,12:00:00,Wednesday,2026-06-03 12:00,New York City,Tribeca,Tribeca,Noon,a16z,a16z,,a16z,a16z,True,,,,https://www.tech-week.com/calendar/nyc,added,29,D,"downtown convenient; peak Wednesday, midday; invite-only"
6326,Just Build It: Vibe Coding Lab for Founders,2026-06-04,09:30:00,Thursday,2026-06-04 09:30,New York City,Flatiron,Flatiron,Morning,Vibe Code Mama,Vibe Code Mama,,Vibe Code Mama,vibe-code-mama,False,,https://partiful.com/e/ERKlFfoI0Tbw9CKCvFnj,ERKlFfoI0Tbw9CKCvFnj,https://www.tech-week.com/calendar/nyc,added,29,D,"founders/operators; near downtown; Thursday density, morning, early; open/rsvp"
6752,NY TECH WEEK: PHOTOS & BRANDING EXPERIENCE,2026-06-04,10:00:00,Thursday,2026-06-04 10:00,New York City,East Village,East Village,Morning,Vinrelo,Vinrelo,Bussalenz Media,Vinrelo; Bussalenz Media,vinrelo; bussalenz-media,False,,https://partiful.com/e/Yeub3FdGWyhtwhpIwUOm,Yeub3FdGWyhtwhpIwUOm,https://www.tech-week.com/calendar/nyc,added,29,D,"downtown convenient; Thursday density, morning; open/rsvp"
6503,Women in Tech Collective,2026-06-04,14:00:00,Thursday,2026-06-04 14:00,New York City,Midtown,Midtown,Afternoon,Per Scholas New York,Per Scholas New York,New Women New Yorkers,Per Scholas New York; New Women New Yorkers,per-scholas-new-york; new-women-new-yorkers,False,,https://partiful.com/e/9qwEMzu2QRBGEzchXnPL,9qwEMzu2QRBGEzchXnPL,https://www.tech-week.com/calendar/nyc,added,29,D,"midtown reachable; Thursday density, afternoon; open/rsvp"
6429,Giga Energy's Power Hour @ New York TechWeek,2026-06-01,16:00:00,Monday,2026-06-01 16:00,New York City,Flatiron,Flatiron,Afternoon,Giga Energy,Giga Energy,,Giga Energy,giga-energy,False,,https://partiful.com/e/0vnZ8PxenDVeYECu3FXi,0vnZ8PxenDVeYECu3FXi,https://www.tech-week.com/calendar/nyc,added,28,D,"off-ICP vertical; near downtown; early-week push, afternoon; open/rsvp"
6603,Vanderbilt Founders x Investors Breakfast,2026-06-02,08:00:00,Tuesday,2026-06-02 08:00,New York City,Chelsea,Chelsea,Morning,Vanderbilt Center for Entrepreneurship,Vanderbilt Center for Entrepreneurship,,Vanderbilt Center for Entrepreneurship,vanderbilt-center-for-entrepreneurship,False,,https://partiful.com/e/56JZd57ccfmBIPipRzxG,56JZd57ccfmBIPipRzxG,https://www.tech-week.com/calendar/nyc,added,28,D,"founders/operators; reasonable Manhattan; peak Tuesday, morning, very early; open/rsvp"
6513,The New Money Builders: Fintech and Venture Capital in Latin America,2026-06-03,09:15:00,Wednesday,2026-06-03 09:15,New York City,Midtown,Midtown,Morning,Consulate General of Argentina in New York,Consulate General of Argentina in New York,,Consulate General of Argentina in New York,consulate-general-of-argentina-in-new-york,False,,https://partiful.com/e/qRPqQEngVH26DukCxojf,qRPqQEngVH26DukCxojf,https://www.tech-week.com/calendar/nyc,added,28,D,"leaders/builders; midtown reachable; peak Wednesday, morning, early; open/rsvp"
6425,Non-Alcoholic Happy Hour @ Soft Bar,2026-06-04,17:00:00,Thursday,2026-06-04 17:00,New York City,Brooklyn,Brooklyn,Evening,Steady,Steady,,Steady,steady,False,,https://partiful.com/e/9pSmQHu2ooiZAvj7RoVV,9pSmQHu2ooiZAvj7RoVV,https://www.tech-week.com/calendar/nyc,added,28,D,"networking format; less convenient; Thursday density, evening; open/rsvp"
4996,The AI x Sustainability Paradox: Using Climate AI Responsibly,2026-06-02,09:00:00,Tuesday,2026-06-02 09:00,New York City,Midtown,Midtown,Morning,Women in Cleantech & Sustainability,Women in Cleantech and Sustainability,,Women in Cleantech and Sustainability,women-in-cleantech-and-sustainability,False,,https://partiful.com/e/oAkb6sUA678cbVtfJaKL,oAkb6sUA678cbVtfJaKL,https://www.tech-week.com/calendar/nyc,added,27,D,"AI/agents; off-ICP vertical; midtown reachable; peak Tuesday, morning, early; open/rsvp"
6343,2026 NY K-Tech Demo Day,2026-06-02,10:00:00,Tuesday,2026-06-02 10:00,New York City,Midtown,Midtown,Morning,Korea SMEs and Startups Agency (KOSME),Korea SMEs and Startups Agency (KOSME),"Witness Creative Partners Inc.; ENOV SOLUTION, INC","Korea SMEs and Startups Agency (KOSME); Witness Creative Partners Inc.; ENOV SOLUTION, INC",korea-smes-and-startups-agency-kosme; witness-creative-partners-inc; enov-solution-inc,False,,https://partiful.com/e/gti2RppRB4R62eRuHQ6h,gti2RppRB4R62eRuHQ6h,https://www.tech-week.com/calendar/nyc,added,27,D,"midtown reachable; peak Tuesday, morning; open/rsvp"
117,FUTURE TITANS LP/GP Movie Night: The Big Short (with Greg Lippmann live commentary),2026-06-02,18:00:00,Tuesday,2026-06-02 18:00,New York City,Midtown,Midtown,Evening,Rock Yard Ventures,Rock Yard Ventures,,Rock Yard Ventures,rock-yard-ventures,False,,https://partiful.com/e/JWVWOaAPymS8WRbP2g5T,JWVWOaAPymS8WRbP2g5T,https://www.tech-week.com/calendar/nyc,added,27,D,"investor-heavy; midtown reachable; peak Tuesday, evening; open/rsvp"
6509,Hitlab NYC Tech Week Cocktail Hour,2026-06-02,18:00:00,Tuesday,2026-06-02 18:00,New York City,SoHo,SoHo,Evening,Healthcare Innovation and Technology Lab,Healthcare Innovation and Technology Lab,,Healthcare Innovation and Technology Lab,healthcare-innovation-and-technology-lab,True,,,,https://www.tech-week.com/calendar/nyc,added,27,D,"healthcare vertical; downtown convenient; peak Tuesday, evening; invite-only"
6464,The Board Member Club Summer Gala,2026-06-03,17:30:00,Wednesday,2026-06-03 17:30,New York City,Midtown,Midtown,Evening,Wall Street Capital Partners,Wall Street Capital Partners,Metaterra,Wall Street Capital Partners; Metaterra,wall-street-capital-partners; metaterra,True,,,,https://www.tech-week.com/calendar/nyc,added,27,D,"midtown reachable; peak Wednesday, evening; invite-only"
6504,The Board Member Club Summer Gala,2026-06-03,17:30:00,Wednesday,2026-06-03 17:30,New York City,Midtown,Midtown,Evening,Wall Street Capital Partners,Wall Street Capital Partners,Metaterra,Wall Street Capital Partners; Metaterra,wall-street-capital-partners; metaterra,True,,,,https://www.tech-week.com/calendar/nyc,added,27,D,"midtown reachable; peak Wednesday, evening; invite-only"
5875,Tech Adda at NYC Tech Week,2026-06-03,18:00:00,Wednesday,2026-06-03 18:00,New York City,Queens,Queens,Evening,SJ Innovation,SJ Innovation,,SJ Innovation,sj-innovation,False,,https://partiful.com/e/OhUsbOxXZolx8sPIhXZy,OhUsbOxXZolx8sPIhXZy,https://www.tech-week.com/calendar/nyc,added,27,D,"less convenient; peak Wednesday, evening; open/rsvp"
6516,VC Records,2026-06-03,19:00:00,Wednesday,2026-06-03 19:00,New York City,Brooklyn,Brooklyn,Evening,401 Accelerator,401 Accelerator,Morrison Foerster; Persea Ventures,401 Accelerator; Morrison Foerster; Persea Ventures,401-accelerator; morrison-foerster; persea-ventures,False,,https://partiful.com/e/bbIszpVK8KGM5XvYIUH3,bbIszpVK8KGM5XvYIUH3,https://www.tech-week.com/calendar/nyc,added,27,D,"less convenient; peak Wednesday, evening; open/rsvp"
6448,Bring Your Product. We'll Break It.,2026-06-04,10:30:00,Thursday,2026-06-04 10:30,New York City,Flatiron,Flatiron,Morning,Tequity,Tequity,,Tequity,tequity,False,,https://partiful.com/e/yLzERjsutx3rP8h0Dw3m,yLzERjsutx3rP8h0Dw3m,https://www.tech-week.com/calendar/nyc,added,27,D,"near downtown; Thursday density, morning; open/rsvp"
6612,AI-First Product Enablement: Scaling GTM Assets from Weeks to Seconds,2026-06-04,16:15:00,Thursday,2026-06-04 16:15,New York City,Midtown,Midtown,Afternoon,Nodus,Nodus,Consulate General of Argentina in New York,Nodus; Consulate General of Argentina in New York,nodus; consulate-general-of-argentina-in-new-york,False,,https://partiful.com/e/9EErpQOcDpw3irxtNFtK,9EErpQOcDpw3irxtNFtK,https://www.tech-week.com/calendar/nyc,added,27,D,"AI/agents; marketing/GTM/creator; midtown reachable; Thursday density, afternoon; open/rsvp"
6626,After Hours: Fashion x Tech Rooftop Mixer,2026-06-04,17:00:00,Thursday,2026-06-04 17:00,New York City,Chelsea,Chelsea,Evening,99 yards,99 yards,,99 yards,99-yards,False,,https://partiful.com/e/ZefsGtWMJ6PuHQuOmOI3,ZefsGtWMJ6PuHQuOmOI3,https://www.tech-week.com/calendar/nyc,added,27,D,"networking format; consumer/lifestyle; reasonable Manhattan; Thursday density, evening; open/rsvp"
6614,Female Founders Bagels + Debrief,2026-06-07,12:00:00,Sunday,2026-06-07 12:00,New York City,Flatiron,Flatiron,Noon,Narrativ by AK,Narrativ by AK,,Narrativ by AK,narrativ-by-ak,False,,https://partiful.com/e/7xZ5QvSj15tyv8hkEQgh,7xZ5QvSj15tyv8hkEQgh,https://www.tech-week.com/calendar/nyc,added,27,D,"founders/operators; near downtown; weekend, midday; open/rsvp"
6450,How To Get Your First 1000 Customers: A Zero To One Hands-On Workshop,2026-06-01,17:30:00,Monday,2026-06-01 17:30,New York City,Brooklyn,Brooklyn,Evening,No BS Startup Coach,No BS Startup Coach,,No BS Startup Coach,no-bs-startup-coach,False,,https://partiful.com/e/7ZDTUGm5kB3iRZj9S5zc,7ZDTUGm5kB3iRZj9S5zc,https://www.tech-week.com/calendar/nyc,added,26,D,"less convenient; early-week push, evening; open/rsvp"
6275,Founders House - Investing in Health & Wellness Panel,2026-06-02,14:00:00,Tuesday,2026-06-02 14:00,New York City,Midtown,Midtown,Afternoon,Founders House,Founder House,,Founder House,the-founders-house,False,,https://partiful.com/e/f6DKCMI3i7t7nfuZ36LZ,f6DKCMI3i7t7nfuZ36LZ,https://www.tech-week.com/calendar/nyc,added,26,D,"founders/operators; wellness/social; midtown reachable; peak Tuesday, afternoon; open/rsvp"
6164,"Exit Planning - Trust & Estate Planning, Tax Loss Harvesting, & More",2026-06-03,11:00:00,Wednesday,2026-06-03 11:00,New York City,Midtown,Midtown,Morning,Rockefeller Global Family Office,Rockefeller Global Family Office,,Rockefeller Global Family Office,rockefeller-global-family-office,False,,https://partiful.com/e/cawhwSDIOeQin6tGsDuU,cawhwSDIOeQin6tGsDuU,https://www.tech-week.com/calendar/nyc,added,26,D,"midtown reachable; peak Wednesday, morning; open/rsvp"
6641,Breakfast: Building AI Companies When the Stakes Have Never Been Higher,2026-06-04,08:30:00,Thursday,2026-06-04 08:30,New York City,East Village,East Village,Morning,Gamma,Gamma,,Gamma,gamma,True,,,,https://www.tech-week.com/calendar/nyc,added,26,D,"AI/agents; downtown convenient; Thursday density, morning, very early; invite-only"
4209,Stable Summit IV: New York City,2026-06-04,09:00:00,Thursday,2026-06-04 09:00,New York City,SoHo,SoHo,Morning,Stable Summit,Stable Summit,,Stable Summit,stable-summit,False,,https://partiful.com/e/JBz0cmetzCNNmrxKhAfI,JBz0cmetzCNNmrxKhAfI,https://www.tech-week.com/calendar/nyc,added,26,D,"downtown convenient; Thursday density, morning, early; open/rsvp"
6528,Happy Hour x Soho Works,2026-06-04,16:00:00,Thursday,2026-06-04 16:00,New York City,Brooklyn,Brooklyn,Afternoon,Tacos & Trends hosted by MADE Trends,Tacos & Trends,,Tacos & Trends,tacos-trends,False,,https://partiful.com/e/hDKxAgHY63MzSrmj4pv3,hDKxAgHY63MzSrmj4pv3,https://www.tech-week.com/calendar/nyc,added,26,D,"networking format; less convenient; Thursday density, afternoon; open/rsvp"
6336,11-11 Venture Building Sprint: Tech Week Edition by Madeline & Co. + Excelsior Edge Ventures,2026-06-05,11:00:00,Friday,2026-06-05 11:00,New York City,Financial District,Financial District,Morning,Madeline & Co.,Madeline & Co.,Excelsior Edge Ventures,Madeline & Co.; Excelsior Edge Ventures,madeline-co; excelsior-edge-ventures,False,,https://partiful.com/e/qyk65dBFAtgDutz68VMK,qyk65dBFAtgDutz68VMK,https://www.tech-week.com/calendar/nyc,added,26,D,"downtown convenient; taper day, morning; open/rsvp"
5097,Too Young to Lead? How to Win in Tech Anyway,2026-06-05,14:00:00,Friday,2026-06-05 14:00,New York City,Midtown,Midtown,Afternoon,Smadlytics Inc,Smadlytics Inc,,Smadlytics Inc,smadlytics-inc,False,,https://partiful.com/e/M066UywP0GahJpN3RtDM,M066UywP0GahJpN3RtDM,https://www.tech-week.com/calendar/nyc,added,26,D,"midtown reachable; taper day, afternoon; open/rsvp"
6542,Structuring for Global Capital: How Argentina's Digital Zones Can Compete with Dubai and Estonia,2026-06-05,14:30:00,Friday,2026-06-05 14:30,New York City,Midtown,Midtown,Afternoon,Andén Tech,Andén Tech,Consulate General of Argentina in New York,Andén Tech; Consulate General of Argentina in New York,anden-tech; consulate-general-of-argentina-in-new-york,False,,https://partiful.com/e/ZT09j5tN5H4GPqoEYnwJ,ZT09j5tN5H4GPqoEYnwJ,https://www.tech-week.com/calendar/nyc,added,26,D,"midtown reachable; taper day, afternoon; open/rsvp"
6306,Pet Tech Meet Up NYC,2026-06-05,17:00:00,Friday,2026-06-05 17:00,New York City,Central Park,Central Park,Evening,Pync Inc.,Pync Inc.,,Pync Inc.,pync-inc,False,,https://partiful.com/e/DbJ8hrweBskIasfuf4cM,DbJ8hrweBskIasfuf4cM,https://www.tech-week.com/calendar/nyc,added,26,D,"neutral location; taper day, evening; open/rsvp"
6311,South Asian Collective,2026-06-06,17:30:00,Saturday,2026-06-06 17:30,New York City,Midtown,Midtown,Evening,American South Asian Network (ASAN),American South Asian Network (ASAN),,American South Asian Network (ASAN),american-south-asian-network-asan,False,,https://partiful.com/e/TTOsCwiWb0y2ox67ZI1h,TTOsCwiWb0y2ox67ZI1h,https://www.tech-week.com/calendar/nyc,added,26,D,"networking format; midtown reachable; weekend, evening; open/rsvp"
6591,GFC Central Park Coffee Walk // NY Tech Week Edition,2026-06-01,09:00:00,Monday,2026-06-01 09:00,New York City,Central Park,Central Park,Morning,German Founders Club,German Founders Club,,German Founders Club,german-founders-club,False,,https://partiful.com/e/TWRplmkXTwYNEQHHM1VF,TWRplmkXTwYNEQHHM1VF,https://www.tech-week.com/calendar/nyc,added,25,D,"founders/operators; neutral location; early-week push, morning, early; open/rsvp"
6619,Why Argentina? Key Facts About Argentina's Knowledge-Based Economy. Zoom in: Argentina Delivers,2026-06-01,11:00:00,Monday,2026-06-01 11:00,New York City,Midtown,Midtown,Morning,Argencon,Argencon,Consulate General of Argentina in New York,Argencon; Consulate General of Argentina in New York,argencon; consulate-general-of-argentina-in-new-york,False,,https://partiful.com/e/WJDHl4NiUwrLHeQxBi7S,WJDHl4NiUwrLHeQxBi7S,https://www.tech-week.com/calendar/nyc,added,25,D,"midtown reachable; early-week push, morning; open/rsvp"
6276,Founders House Launch,2026-06-03,06:30:00,Wednesday,2026-06-03 06:30,New York City,Midtown,Midtown,Morning,Founders House,Founder House,,Founder House,the-founders-house,False,,https://partiful.com/e/IJIotns2Lp1I4BmGGVJ9,IJIotns2Lp1I4BmGGVJ9,https://www.tech-week.com/calendar/nyc,added,25,D,"founders/operators; midtown reachable; peak Wednesday, morning, very early; open/rsvp"
6449,How To Raise VC Like A Pro: A Zero To One Hands-On Workshop,2026-06-03,13:30:00,Wednesday,2026-06-03 13:30,New York City,Brooklyn,Brooklyn,Afternoon,No BS Startup Coach,No BS Startup Coach,,No BS Startup Coach,no-bs-startup-coach,False,,https://partiful.com/e/yt2GcDfBv98EmNcUpITD,yt2GcDfBv98EmNcUpITD,https://www.tech-week.com/calendar/nyc,added,25,D,"less convenient; peak Wednesday, afternoon; open/rsvp"
6638,Creators x Marketers Margarita Mixer,2026-06-04,17:00:00,Thursday,2026-06-04 17:00,New York City,Chelsea,Chelsea,Evening,Smooth Media,Smooth Media,,Smooth Media,smooth-media,False,,https://partiful.com/e/QMtFhbrAzUpHSHdfBM8O,QMtFhbrAzUpHSHdfBM8O,https://www.tech-week.com/calendar/nyc,added,25,D,"networking format; marketing/GTM/creator; reasonable Manhattan; Thursday density, evening; open/rsvp"
6273,Founders House - Launch,2026-06-01,06:30:00,Monday,2026-06-01 06:30,New York City,Midtown,Midtown,Morning,Founder,Founder,,Founder,founder,False,,https://partiful.com/e/Ol2qfN9cV1M4bsImhMJy,Ol2qfN9cV1M4bsImhMJy,https://www.tech-week.com/calendar/nyc,added,24,D,"founders/operators; midtown reachable; early-week push, morning, very early; open/rsvp"
6632,The Argentine Edge: From Deep Tech to Global Scale,2026-06-02,09:15:00,Tuesday,2026-06-02 09:15,New York City,Midtown,Midtown,Morning,Consulate General of Argentina in New York,Consulate General of Argentina in New York,,Consulate General of Argentina in New York,consulate-general-of-argentina-in-new-york,False,,https://partiful.com/e/BlZgZXgnXauVuQtAvgTc,BlZgZXgnXauVuQtAvgTc,https://www.tech-week.com/calendar/nyc,added,24,D,"midtown reachable; peak Tuesday, morning, early; open/rsvp"
6352,The Founding Table: Brunch & Spa Experience,2026-06-03,08:30:00,Wednesday,2026-06-03 08:30,New York City,Flatiron,Flatiron,Morning,Persona,Persona,,Persona,persona,False,,https://partiful.com/e/bkKnnXki0QaAP3cUZvPD,bkKnnXki0QaAP3cUZvPD,https://www.tech-week.com/calendar/nyc,added,24,D,"near downtown; peak Wednesday, morning, very early; open/rsvp"
6593,Female Founders Breakfast - Cap Table Management,2026-06-03,10:00:00,Wednesday,2026-06-03 10:00,New York City,Midtown,Midtown,Morning,Foundess,Foundess,Founder House; Carta,Foundess; Founder House; Carta,foundess; the-founders-house; carta,True,,,,https://www.tech-week.com/calendar/nyc,added,24,D,"founders/operators; midtown reachable; peak Wednesday, morning; invite-only"
6390,THE INTELLIGENT ATELIER,2026-06-03,18:00:00,Wednesday,2026-06-03 18:00,New York City,Midtown,Midtown,Evening,99 yards,99 yards,Digital Fashion week,99 yards; Digital Fashion week,99-yards; digital-fashion-week,False,,https://partiful.com/e/PkSJvLVvmR0oviZ0C0IT,PkSJvLVvmR0oviZ0C0IT,https://www.tech-week.com/calendar/nyc,added,24,D,"consumer/lifestyle; midtown reachable; peak Wednesday, evening; open/rsvp"
6548,"Debugging the NYC Rental: Using Data to Escape ""The Zero Data Decision""",2026-06-03,19:00:00,Wednesday,2026-06-03 19:00,New York City,Virtual (NYC),Virtual (NYC),Evening,"Houstory, LLC","Houstory, LLC",,"Houstory, LLC",houstory-llc,False,,https://partiful.com/e/67csjJfCRZMu8aQL8xes,67csjJfCRZMu8aQL8xes,https://www.tech-week.com/calendar/nyc,added,24,D,"virtual; peak Wednesday, evening; open/rsvp"
6165,Physical AI and the Connected Industry,2026-06-04,08:30:00,Thursday,2026-06-04 08:30,New York City,Flatiron,Flatiron,Morning,Blackhorn Ventures,Blackhorn Ventures,Holman Ventures,Blackhorn Ventures; Holman Ventures,blackhorn-ventures; holman-ventures,True,,,,https://www.tech-week.com/calendar/nyc,added,24,D,"AI/agents; near downtown; Thursday density, morning, very early; invite-only"
6647,The Venture Studio Playbook,2026-06-04,09:00:00,Thursday,2026-06-04 09:00,New York City,Flatiron,Flatiron,Morning,Fenwick,Fenwick,,Fenwick,fenwick,False,,https://partiful.com/e/LHa7ajTxQ2ocA6PaKy6j,LHa7ajTxQ2ocA6PaKy6j,https://www.tech-week.com/calendar/nyc,added,24,D,"near downtown; Thursday density, morning, early; open/rsvp"
6579,UES Parents in Tech - Central Park Meetup w/ Your Kids,2026-06-04,17:00:00,Thursday,2026-06-04 17:00,New York City,Upper East Side,Upper East Side,Evening,Alison Go,Alison Go,Narwhalim; First Citizens,Alison Go; Narwhalim; First Citizens,alison-go; narwhalim; first-citizens,False,,https://partiful.com/e/6dWzjKVsM4dwYn1nHfYv,6dWzjKVsM4dwYn1nHfYv,https://www.tech-week.com/calendar/nyc,added,24,D,"less convenient; Thursday density, evening; open/rsvp"
6385,Vibe Code & Sip: Presented By Vibe Connect & Zo Computer,2026-06-04,18:00:00,Thursday,2026-06-04 18:00,New York City,Brooklyn,Brooklyn,Evening,Vibe Connect,Vibe Connect,Zo Computer,Vibe Connect; Zo Computer,vibe-connect; zo-computer,False,,https://partiful.com/e/Olyu7D14YnCyJUUWTdbo,Olyu7D14YnCyJUUWTdbo,https://www.tech-week.com/calendar/nyc,added,24,D,"less convenient; Thursday density, evening; open/rsvp"
6525,Pydantic at NY Tech Week,2026-06-04,18:00:00,Thursday,2026-06-04 18:00,New York City,Midtown,Midtown,Evening,Pydantic,Pydantic,,Pydantic,pydantic,True,,,,https://www.tech-week.com/calendar/nyc,added,24,D,"midtown reachable; Thursday density, evening; invite-only"
6633,Legal Tech Mix & Mingle,2026-06-04,18:00:00,Thursday,2026-06-04 18:00,New York City,Midtown,Midtown,Evening,Clio,Clio,,Clio,clio,False,,https://partiful.com/e/zfoERhqNuTZjpq3mhfPX,zfoERhqNuTZjpq3mhfPX,https://www.tech-week.com/calendar/nyc,added,24,D,"off-ICP vertical; midtown reachable; Thursday density, evening; open/rsvp"
6170,The City at Play: Locamotive Tech in NYC,2026-06-04,18:30:00,Thursday,2026-06-04 18:30,New York City,Brooklyn,Brooklyn,Evening,20Week Festival,20Week Festival,Stoop Sets,20Week Festival; Stoop Sets,20week-festival; stoop-sets,False,,https://partiful.com/e/xC3JsNbWiiEfrxXOijHQ,xC3JsNbWiiEfrxXOijHQ,https://www.tech-week.com/calendar/nyc,added,24,D,"less convenient; Thursday density, evening; open/rsvp"
5615,Own Your Style with Storytelling and Fine-tuning,2026-06-05,12:00:00,Friday,2026-06-05 12:00,New York City,Midtown,Midtown,Noon,Underscore Animation,Underscore Animation,NA,Underscore Animation; NA,underscore-animation; na,False,,https://partiful.com/e/eJCB3HaeeRyEkyuMJ9Vj,eJCB3HaeeRyEkyuMJ9Vj,https://www.tech-week.com/calendar/nyc,added,24,D,"midtown reachable; taper day, midday; open/rsvp"
6484,What’s Actually Working in EdTech Right Now,2026-06-05,18:30:00,Friday,2026-06-05 18:30,New York City,Upper Manhattan,Upper Manhattan,Evening,Eduwave AI,Eduwave AI,TransferX,Eduwave AI; TransferX,eduwave-ai; transferx,False,,https://partiful.com/e/MYjkIWX4pyKfwaKYp0PN,MYjkIWX4pyKfwaKYp0PN,https://www.tech-week.com/calendar/nyc,added,24,D,"AI/agents; off-ICP vertical; less convenient; taper day, evening; open/rsvp"
6380,Founders Running Club: 5K Networking Run,2026-06-06,09:00:00,Saturday,2026-06-06 09:00,New York City,West Village,West Village,Morning,Founders Running Club,Founders Running Club,,Founders Running Club,founders-running-club,False,,https://partiful.com/e/xOvJDFd1n53bUaABG9qG,xOvJDFd1n53bUaABG9qG,https://www.tech-week.com/calendar/nyc,added,24,D,"founders/operators; networking format; near downtown; weekend, morning, early; open/rsvp"
6816,Exec Briefing on AI Transformation,2026-10-08,09:00:00,Thursday,2026-10-08 09:00,New York City,Midtown,Midtown,Morning,Fin,Fin,,Fin,fin,False,gold,https://partiful.com/e/Fp5daroRFtl5IulOYhoD,Fp5daroRFtl5IulOYhoD,https://www.tech-week.com/calendar/nyc,added,24,D,"AI/agents; midtown reachable; Thursday density, outside June Tech Week, morning, early; gold sponsor; open/rsvp"
5653,Table: A Trusted Workspace for Solutions,2026-06-03,09:00:00,Wednesday,2026-06-03 09:00,New York City,Midtown,Midtown,Morning,Table,Table,Maripossawellness.com; NA,Table; Maripossawellness.com; NA,table; maripossawellness-com; na,False,,https://partiful.com/e/SPI10F7yIULjx2hQ6EGB,SPI10F7yIULjx2hQ6EGB,https://www.tech-week.com/calendar/nyc,added,23,D,"midtown reachable; peak Wednesday, morning, early; open/rsvp"
4236,Vault Summit: New York City,2026-06-05,09:00:00,Friday,2026-06-05 09:00,New York City,SoHo,SoHo,Morning,Vault Summit,Vault Summit,,Vault Summit,vault-summit,False,,https://partiful.com/e/04HsBAOTcvaqnnCycyQD,04HsBAOTcvaqnnCycyQD,https://www.tech-week.com/calendar/nyc,added,23,D,"downtown convenient; taper day, morning, early; open/rsvp"
6381,Consumer Founders & Investors Breakfast,2026-06-05,09:00:00,Friday,2026-06-05 09:00,New York City,Upper East Side,Upper East Side,Morning,Tiny Dinner,Tiny Dinner,,Tiny Dinner,tiny-dinner,False,,https://partiful.com/e/6HaKD546tO44phJnQHVx,6HaKD546tO44phJnQHVx,https://www.tech-week.com/calendar/nyc,added,23,D,"founders/operators; high-signal format; less convenient; taper day, morning, early; open/rsvp"
4953,Immersive Oyster Happy Hour with Tandon @The Yard,2026-06-05,16:00:00,Friday,2026-06-05 16:00,New York City,Brooklyn,Brooklyn,Afternoon,NYU Tandon @ The Yard,NYU Tandon @ The Yard,NYU,NYU Tandon @ The Yard; NYU,nyu-tandon-the-yard; nyu,False,,https://partiful.com/e/kN3NF2qN1659m0p5Yqbv,kN3NF2qN1659m0p5Yqbv,https://www.tech-week.com/calendar/nyc,added,23,D,"networking format; less convenient; taper day, afternoon; open/rsvp"
6511,"Argentina Delivers: Talent, Innovation & Global Tech - #NYTechWeek",2026-06-01,09:15:00,Monday,2026-06-01 09:15,New York City,Midtown,Midtown,Morning,Consulate General of Argentina in New York,Consulate General of Argentina in New York,,Consulate General of Argentina in New York,consulate-general-of-argentina-in-new-york,False,,https://partiful.com/e/cQQ5BDRrk32InHU7sutm,cQQ5BDRrk32InHU7sutm,https://www.tech-week.com/calendar/nyc,added,22,D,"midtown reachable; early-week push, morning, early; open/rsvp"
6424,Kamp Café (NYC Tech Week Kick Off Party @ High End Italian Bakery),2026-06-01,10:30:00,Monday,2026-06-01 10:30,New York City,Union Square,Union Square,Morning,Kamp,Kamp,,Kamp,kamp,False,,https://partiful.com/e/DO8XlNCIKaedsYpjKgny,DO8XlNCIKaedsYpjKgny,https://www.tech-week.com/calendar/nyc,added,22,D,"party/social; near downtown; early-week push, morning; open/rsvp"
6286,HARMONEY PRESENTS TAP INTO FREQUENCY,2026-06-04,16:00:00,Thursday,2026-06-04 16:00,New York City,Upper Manhattan,Upper Manhattan,Afternoon,Vinrelo,Vinrelo,,Vinrelo,vinrelo,False,,https://partiful.com/e/ZLLtnhM5ojVy7KcNKdkS,ZLLtnhM5ojVy7KcNKdkS,https://www.tech-week.com/calendar/nyc,added,22,D,"less convenient; Thursday density, afternoon; open/rsvp"
6580,Unstoppable Entrepreneurs: Argentine Founders in NYC,2026-06-05,09:15:00,Friday,2026-06-05 09:15,New York City,Midtown,Midtown,Morning,Consulate General of Argentina in New York,Consulate General of Argentina in New York,,Consulate General of Argentina in New York,consulate-general-of-argentina-in-new-york,False,,https://partiful.com/e/OgCPKZ96zrT1tzIiP5YL,OgCPKZ96zrT1tzIiP5YL,https://www.tech-week.com/calendar/nyc,added,22,D,"founders/operators; midtown reachable; taper day, morning, early; open/rsvp"
6388,The Future of Beauty-tech,2026-06-05,16:00:00,Friday,2026-06-05 16:00,New York City,East Village,East Village,Afternoon,FaceCard,FaceCard,,FaceCard,facecard,False,,https://partiful.com/e/ZOeFRrNgEB4lXfbQLvFR,ZOeFRrNgEB4lXfbQLvFR,https://www.tech-week.com/calendar/nyc,added,22,D,"consumer/lifestyle; downtown convenient; taper day, afternoon; open/rsvp"
6309,GLOW & GO LAUNCH PILATES,2026-06-06,14:30:00,Saturday,2026-06-06 14:30,New York City,Flatiron,Flatiron,Afternoon,Skinsights.Ai,Skinsights.Ai,,Skinsights.Ai,skinsights-ai,False,,https://partiful.com/e/skTQjAxgpIZ5kvh3mX6J,skTQjAxgpIZ5kvh3mX6J,https://www.tech-week.com/calendar/nyc,added,22,D,"AI/agents; wellness/social; near downtown; weekend, afternoon; open/rsvp"
6524,From ads to play: Bringing Argentina’s largest brand to Fortnite,2026-06-02,14:30:00,Tuesday,2026-06-02 14:30,New York City,Midtown,Midtown,Afternoon,Odaclick,Odaclick,Consulate General of Argentina in New York; Exomindset,Odaclick; Consulate General of Argentina in New York; Exomindset,odaclick; consulate-general-of-argentina-in-new-york; exomindset,False,,https://partiful.com/e/U2ypFIJ3AxTOaSxGwLcM,U2ypFIJ3AxTOaSxGwLcM,https://www.tech-week.com/calendar/nyc,added,21,D,"marketing/GTM/creator; midtown reachable; peak Tuesday, afternoon; open/rsvp"
6640,Connection Hike presented by HubSpot for Startups,2026-06-03,09:00:00,Wednesday,2026-06-03 09:00,New York City,Central Park,Central Park,Morning,HubSpot,HubSpot,Business Outside,HubSpot; Business Outside,hubspot; business-outside,False,,https://partiful.com/e/MkFFhfLec1pWUceNGwmu,MkFFhfLec1pWUceNGwmu,https://www.tech-week.com/calendar/nyc,added,21,D,"neutral location; peak Wednesday, morning, early; open/rsvp"
6639,AI-Tech in Innovation Triangle West Harlem,2026-06-05,10:00:00,Friday,2026-06-05 10:00,New York City,Upper West Side,Upper West Side,Morning,Columbia University-Janus Property Company+Others,Columbia University-Janus Property Company+Others,,Columbia University-Janus Property Company+Others,columbia-university-janus-property-company-others,True,,,,https://www.tech-week.com/calendar/nyc,added,21,D,"AI/agents; neutral location; taper day, morning; invite-only"
6338,Tech Week Closing Party by Madeline & Co. + Excelsior Edge Ventures,2026-06-06,19:00:00,Saturday,2026-06-06 19:00,New York City,SoHo,SoHo,Evening,Madeline & Co.,Madeline & Co.,Excelsior Edge Ventures,Madeline & Co.; Excelsior Edge Ventures,madeline-co; excelsior-edge-ventures,False,,https://partiful.com/e/LCvyYaFwldgIhU0yb8cW,LCvyYaFwldgIhU0yb8cW,https://www.tech-week.com/calendar/nyc,added,21,D,"party/social; downtown convenient; weekend, evening; open/rsvp"
6272,Founders House GTM Masterclass,2026-06-02,11:00:00,Tuesday,2026-06-02 11:00,New York City,Midtown,Midtown,Morning,Founders House,Founder House,,Founder House,the-founders-house,False,,https://partiful.com/e/3G66gsHlgtcPtsYoATiJ,3G66gsHlgtcPtsYoATiJ,https://www.tech-week.com/calendar/nyc,added,20,D,"founders/operators; marketing/GTM/creator; midtown reachable; peak Tuesday, morning; open/rsvp"
6540,Sweat Equity: Industrials and DeepTech Founders,2026-06-03,08:30:00,Wednesday,2026-06-03 08:30,New York City,Meatpacking District,Meatpacking District,Morning,Alumni Ventures,Alumni Ventures,Headline,Alumni Ventures; Headline,alumni-ventures; headline,True,,,,https://www.tech-week.com/calendar/nyc,added,20,D,"founders/operators; reasonable Manhattan; peak Wednesday, morning, very early; invite-only"
6421,Every 🤝 IRL,2026-06-03,18:00:00,Wednesday,2026-06-03 18:00,New York City,Brooklyn,Brooklyn,Evening,Every,Every,,Every,every,True,,,,https://www.tech-week.com/calendar/nyc,added,20,D,"less convenient; peak Wednesday, evening; invite-only"
6572,Agribusiness Softlanding in Argentina,2026-06-05,11:00:00,Friday,2026-06-05 11:00,New York City,Midtown,Midtown,Morning,Agriconsult Latam,AgriConsult LATAM & OFC,Consulate General of Argentina in New York,AgriConsult LATAM & OFC; Consulate General of Argentina in New York,agriconsult-latam; consulate-general-of-argentina-in-new-york,False,,https://partiful.com/e/VYLWElwvSQQsaO2bOZGn,VYLWElwvSQQsaO2bOZGn,https://www.tech-week.com/calendar/nyc,added,20,D,"midtown reachable; taper day, morning; open/rsvp"
6588,Tech Week Conversations: Crafting Community,2026-06-04,09:00:00,Thursday,2026-06-04 09:00,New York City,Tribeca,Tribeca,Morning,GoSadi,GoSadi,,GoSadi,gosadi,True,,,,https://www.tech-week.com/calendar/nyc,added,19,D,"downtown convenient; Thursday density, morning, early; invite-only"
6533,Scaling Founder-led Sales on LinkedIn,2026-06-05,12:00:00,Friday,2026-06-05 12:00,New York City,Virtual (NYC),Virtual (NYC),Noon,KRCG,KRCG,,KRCG,krcg,False,,https://partiful.com/e/yR1Y0eCTykwsyhDIgUsA,yR1Y0eCTykwsyhDIgUsA,https://www.tech-week.com/calendar/nyc,added,19,D,"founders/operators; virtual; taper day, midday; open/rsvp"
6821,Hell Grind Higgsfield Screening + Cocktail Reception,2026-10-08,14:00:00,Thursday,2026-10-08 14:00,New York City,Chelsea,Chelsea,Afternoon,Higgsfield,Higgsfield,,Higgsfield,higgsfield-ai,False,,https://partiful.com/e/RUd2LkP1mt4HzXZlbGmt,RUd2LkP1mt4HzXZlbGmt,https://www.tech-week.com/calendar/nyc,added,19,D,"reasonable Manhattan; Thursday density, outside June Tech Week, afternoon; open/rsvp"
6444,FEMALE FOUNDERS & FUNDERS RUN,2026-06-02,07:15:00,Tuesday,2026-06-02 07:15,New York City,West Village,West Village,Morning,Slow Girl Run Club,Slow Girl Run Club,,Slow Girl Run Club,slow-girl-run-club,False,,https://partiful.com/e/6P62aj9sdBO8Nk6BSYqJ,6P62aj9sdBO8Nk6BSYqJ,https://www.tech-week.com/calendar/nyc,added,18,D,"founders/operators; wellness/social; near downtown; peak Tuesday, morning, very early; open/rsvp"
4004,From Detection to Deployment: A New Era for Diabetic Foot Care,2026-06-03,08:45:00,Wednesday,2026-06-03 08:45,New York City,Central Park,Central Park,Morning,Solecooler,Solecooler,Maison de la région Occitanie à New York,Solecooler; Maison de la région Occitanie à New York,solecooler; maison-de-la-region-occitanie-a-new-york,False,,https://partiful.com/e/pRGMGLY8pbqZl3qbuG9s,pRGMGLY8pbqZl3qbuG9s,https://www.tech-week.com/calendar/nyc,added,18,D,"neutral location; peak Wednesday, morning, very early; open/rsvp"
6508,The City Hacks the State: Part 2 - Hackathon,2026-06-05,12:00:00,Friday,2026-06-05 12:00,New York City,Meatpacking District,Meatpacking District,Noon,JEA Advertising,JEA Advertising,InsureMEP,JEA Advertising; InsureMEP,jea-advertising; insuremep,False,,https://partiful.com/e/ncMRzEENiRelhy8yHSIM,ncMRzEENiRelhy8yHSIM,https://www.tech-week.com/calendar/nyc,added,18,D,"hackathon; reasonable Manhattan; taper day, midday; open/rsvp"
6663,Dual-Use Innovation Exchange,2026-06-01,17:00:00,Monday,2026-06-01 17:00,New York City,Midtown,Midtown,Evening,Campus Deep Tech,Campus Deep Tech,Defense Entrepreneurs Forum (DEF),Campus Deep Tech; Defense Entrepreneurs Forum (DEF),campus-deep-tech; defense-entrepreneurs-forum-def,False,,https://partiful.com/e/Kgq1v7sDmgY8kfJxmU8E,Kgq1v7sDmgY8kfJxmU8E,https://www.tech-week.com/calendar/nyc,added,17,D,"student-heavy; midtown reachable; early-week push, evening; open/rsvp"
6502,Coworking Day at WeWork | June 2,2026-06-02,09:00:00,Tuesday,2026-06-02 09:00,New York City,Midtown,Midtown,Morning,WeWork,WeWork,,WeWork,wework,True,,,,https://www.tech-week.com/calendar/nyc,added,17,D,"midtown reachable; peak Tuesday, morning, early; invite-only"
6645,Self Care with SemperVirens VC,2026-06-04,08:30:00,Thursday,2026-06-04 08:30,New York City,Midtown,Midtown,Morning,SemperVirens VC,SemperVirens,,SemperVirens,sempervirens,False,,https://partiful.com/e/0aiMw5kuhE8yIzGTMpy6,0aiMw5kuhE8yIzGTMpy6,https://www.tech-week.com/calendar/nyc,added,17,D,"midtown reachable; Thursday density, morning, very early; open/rsvp"
6798,Queens Tech Mixer,2026-06-06,13:00:00,Saturday,2026-06-06 13:00,New York City,Queens,Queens,Afternoon,Spot Dessert Bar,Spot Dessert Bar,Comma Captial; Not provided,Spot Dessert Bar; Comma Captial; Not provided,spot-dessert-bar; comma-captial; not-provided,False,,https://partiful.com/e/uPjpeeJ6JweEZOz6eoQU,uPjpeeJ6JweEZOz6eoQU,https://www.tech-week.com/calendar/nyc,added,17,D,"networking format; less convenient; weekend, afternoon; open/rsvp"
5505,"The Future of Relocation: AI, Fintech & Logistics Converging",2026-06-07,10:00:00,Sunday,2026-06-07 10:00,New York City,Brooklyn,Brooklyn,Morning,MoveSwitcher Inc,MoveSwitcher Inc,,MoveSwitcher Inc,moveswitcher-inc,False,,https://partiful.com/e/OCYHq1Lc3wZVhQDp6Xo7,OCYHq1Lc3wZVhQDp6Xo7,https://www.tech-week.com/calendar/nyc,added,17,D,"AI/agents; less convenient; weekend, morning; open/rsvp"
5183,K-Beauty 2.0: Shed Light on Biotech & AI & Pop Up,2026-06-03,12:00:00,Wednesday,2026-06-03 12:00,New York City,Long Island,Long Island,Noon,Enthera Bio,Enthera Bio,,Enthera Bio,enthera-bio,False,,https://partiful.com/e/R8Rwkvu3bxUPIePXp55D,R8Rwkvu3bxUPIePXp55D,https://www.tech-week.com/calendar/nyc,added,16,D,"AI/agents; consumer/lifestyle; healthcare vertical; less convenient; peak Wednesday, midday; open/rsvp"
6637,Taste the Truth- What do you know about your food?,2026-06-05,14:30:00,Friday,2026-06-05 14:30,New York City,Midtown,Midtown,Afternoon,AgriConsult LATAM & OFC,AgriConsult LATAM & OFC,Consulate General of Argentina in New York,AgriConsult LATAM & OFC; Consulate General of Argentina in New York,agriconsult-latam; consulate-general-of-argentina-in-new-york,False,,https://partiful.com/e/YHIW5UdTNrTFWFnIIGhX,YHIW5UdTNrTFWFnIIGhX,https://www.tech-week.com/calendar/nyc,added,16,D,"consumer/lifestyle; midtown reachable; taper day, afternoon; open/rsvp"
6445,The Fittest People in Tech.,2026-06-06,10:00:00,Saturday,2026-06-06 10:00,New York City,Chelsea,Chelsea,Morning,Thatch,Thatch,WHOOP,Thatch; WHOOP,thatch; whoop,False,,https://partiful.com/e/8r8Hg42X0rnZ9g0GAyTB,8r8Hg42X0rnZ9g0GAyTB,https://www.tech-week.com/calendar/nyc,added,16,D,"reasonable Manhattan; weekend, morning; open/rsvp"
6312,South Asian Summer Social @ Central Park,2026-06-07,11:00:00,Sunday,2026-06-07 11:00,New York City,Central Park,Central Park,Morning,American South Asian Network (ASAN),American South Asian Network (ASAN),,American South Asian Network (ASAN),american-south-asian-network-asan,False,,https://partiful.com/e/nCOyIyn3INX9mJU4E6Vt,nCOyIyn3INX9mJU4E6Vt,https://www.tech-week.com/calendar/nyc,added,16,D,"networking format; neutral location; weekend, morning; open/rsvp"
6601,Coffee & Walk: Turning Deep Tech IP into Ventures,2026-06-04,08:00:00,Thursday,2026-06-04 08:00,New York City,Central Park,Central Park,Morning,Koc University,Koc University,,Koc University,koc-university,False,,https://partiful.com/e/LfcdIfXJm6zJ4eEI2RaJ,LfcdIfXJm6zJ4eEI2RaJ,https://www.tech-week.com/calendar/nyc,added,15,D,"neutral location; Thursday density, morning, very early; open/rsvp"
6333,SOLO UNICORN AFTER-PARTY — Tech Week Wrap,2026-06-06,19:00:00,Saturday,2026-06-06 19:00,New York City,Midtown,Midtown,Evening,Solo Unicorn Club,Solo Unicorn Club,Manhattan Elite Club,Solo Unicorn Club; Manhattan Elite Club,solo-unicorn-club; manhattan-elite-club,False,,https://partiful.com/e/L07TEdnMvXFvon3yhy5f,L07TEdnMvXFvon3yhy5f,https://www.tech-week.com/calendar/nyc,added,15,D,"party/social; midtown reachable; weekend, evening; open/rsvp"
5960,BUILT by Triple Eight Creative — Live Brand Build + Char Pro Public Debut,2026-06-06,14:00:00,Saturday,2026-06-06 14:00,New York City,SoHo,SoHo,Afternoon,Triple Eight Creative,Triple Eight Creative,,Triple Eight Creative,triple-eight-creative,False,,https://partiful.com/e/0MYoOgujlqnPlEFKqwuv,0MYoOgujlqnPlEFKqwuv,https://www.tech-week.com/calendar/nyc,added,14,D,"marketing/GTM/creator; downtown convenient; weekend, afternoon; open/rsvp"
6624,The Doctor Investor Summit,2026-06-07,11:30:00,Sunday,2026-06-07 11:30,New York City,Midtown,Midtown,Morning,investDoc,investDoc,,investDoc,investdoc,False,,https://partiful.com/e/L9pbPvwYLTbSngRjJIT4,L9pbPvwYLTbSngRjJIT4,https://www.tech-week.com/calendar/nyc,added,14,D,"midtown reachable; weekend, morning; open/rsvp"
6501,Coworking Day at WeWork | June 4,2026-06-04,09:00:00,Thursday,2026-06-04 09:00,New York City,Midtown,Midtown,Morning,WeWork,WeWork,,WeWork,wework,True,,,,https://www.tech-week.com/calendar/nyc,added,13,D,"midtown reachable; Thursday density, morning, early; invite-only"
4243,Meet Me in the Middle,2026-06-06,13:15:00,Saturday,2026-06-06 13:15,New York City,Brooklyn,Brooklyn,Afternoon,Growing the Middle,Growing the Middle,Volley & Vibe,Growing the Middle; Volley & Vibe,growing-the-middle; volley-vibe,False,,https://partiful.com/e/YtdgTRrlrEh5IlnIbIYz,YtdgTRrlrEh5IlnIbIYz,https://www.tech-week.com/calendar/nyc,added,13,D,"less convenient; weekend, afternoon; open/rsvp"
6487,Sip & Yap + Vibes,2026-06-07,13:15:00,Sunday,2026-06-07 13:15,New York City,Queens,Queens,Afternoon,Sip & Yap + Vibes,Sip & Yap + Vibes,,Sip & Yap + Vibes,sip-yap-vibes,False,,https://partiful.com/e/iZLg7rd68SXz9JfyGdTz,iZLg7rd68SXz9JfyGdTz,https://www.tech-week.com/calendar/nyc,added,13,D,"less convenient; weekend, afternoon; open/rsvp"
5513,Does Brand Matter in Venture? Panel & Networking,2026-06-05,08:30:00,Friday,2026-06-05 08:30,New York City,Financial District,Financial District,Morning,Astronaut Monastery,Astronaut Monastery,,Astronaut Monastery,astronaut-monastery,False,,https://partiful.com/e/y1upsVnjvL885rva7lkb,y1upsVnjvL885rva7lkb,https://www.tech-week.com/calendar/nyc,added,12,D,"networking format; marketing/GTM/creator; downtown convenient; taper day, morning, very early; open/rsvp"
6819,"Vera Money - Media, VC & Creator Aperitivo",2026-10-06,15:30:00,Tuesday,2026-10-06 15:30,New York City,Chelsea,Chelsea,Afternoon,Vera Money,Vera Money,Coffee Communications,Vera Money; Coffee Communications,vera-money; coffee-communications,False,,https://partiful.com/e/z4306SGdvS7EFH6Ddrdo,z4306SGdvS7EFH6Ddrdo,https://www.tech-week.com/calendar/nyc,added,11,D,"marketing/GTM/creator; reasonable Manhattan; peak Tuesday, outside June Tech Week, afternoon; open/rsvp"
6197,Women Shaping the Future of Fintech,2026-06-07,08:30:00,Sunday,2026-06-07 08:30,New York City,Midtown,Midtown,Morning,Women X,Women X,,Women X,women-x,False,,https://partiful.com/e/p9eZwFALkLMiqIkrHbvK,p9eZwFALkLMiqIkrHbvK,https://www.tech-week.com/calendar/nyc,added,8,D,"midtown reachable; weekend, morning, very early; open/rsvp"
6477,The Marketing Party,2026-06-05,19:00:00,Friday,2026-06-05 19:00,New York City,Midtown,Midtown,Evening,The Marketing Party,The Marketing Party,Airframe Labs; Dreamdata.io,The Marketing Party; Airframe Labs; Dreamdata.io,the-marketing-party; airframe-labs; dreamdata-io,True,,,,https://www.tech-week.com/calendar/nyc,added,2,D,"marketing/GTM/creator; party/social; midtown reachable; taper day, evening; invite-only"
6489,Venture Capital 101: Coffee Chat on Careers in VC,2026-06-06,11:00:00,Saturday,2026-06-06 11:00,New York City,Union Square,Union Square,Morning,Venture Capital 101,Venture Capital 101,City College of New / City University of New York,Venture Capital 101; City College of New / City University of New York,venture-capital-101; city-college-of-new-city-university-of-new-york,False,,https://partiful.com/e/vil1h0maT1xq6sC6KFBC,vil1h0maT1xq6sC6KFBC,https://www.tech-week.com/calendar/nyc,added,2,D,"student-heavy; near downtown; weekend, morning; open/rsvp"
