id,name,date,time,weekday,start_datetime_local,city,location,locations,time_bucket,company,primary_host,cohosts,all_hosts,host_keys,invite_only,sponsor_tier,event_url,partiful_id,source_url
5363,4am IRR - for the inner IRR nerd in you!,2026-06-01,04:00:00,Monday,2026-06-01 04:00,New York City,Virtual (NYC),Virtual (NYC),Evening,VCAR,VCAR,,VCAR,vcar,False,,https://partiful.com/e/iyeVYNaUJxZqidnHixwa,iyeVYNaUJxZqidnHixwa,https://www.tech-week.com/calendar/nyc
4704,Founders Morning Run,2026-06-01,06:30:00,Monday,2026-06-01 06:30,New York City,Central Park,Central Park,Morning,Leverage.work,Leverage.Work,,Leverage.Work,leverage,False,,https://partiful.com/e/NG7L81DpetKxjQlMEFbf,NG7L81DpetKxjQlMEFbf,https://www.tech-week.com/calendar/nyc
6273,Founders House - Launch,2026-06-01,06:30:00,Monday,2026-06-01 06:30,New York City,Midtown,Midtown,Morning,Founder,Founder,,Founder,founder,False,,https://partiful.com/e/Ol2qfN9cV1M4bsImhMJy,Ol2qfN9cV1M4bsImhMJy,https://www.tech-week.com/calendar/nyc
4367,Proof of Concept Fest: A Startup-Only Hackathon,2026-06-01,07:00:00,Monday,2026-06-01 07:00,New York City,Midtown,Midtown,Morning,GoTogether AI,GoTogether AI,Valiron,GoTogether AI; Valiron,gotogether-ai; valiron,False,,https://partiful.com/e/uaMJVd3xreNGjfWDdiUF,uaMJVd3xreNGjfWDdiUF,https://www.tech-week.com/calendar/nyc
4518,Central Park Run 1,2026-06-01,07:00:00,Monday,2026-06-01 07:00,New York City,Central Park,Central Park,Morning,off labs,off labs,,off labs,off-labs,False,,https://partiful.com/e/Wgd27MHUJPFotcMBodca,Wgd27MHUJPFotcMBodca,https://www.tech-week.com/calendar/nyc
5279,Roast • NY Tech Week Kickoff Morning Mixer,2026-06-01,07:00:00,Monday,2026-06-01 07:00,New York City,Chelsea,Chelsea,Morning,Daap,Daap,,Daap,daap,False,,https://partiful.com/e/QsmJ6VLHB6BH422rNU5M,QsmJ6VLHB6BH422rNU5M,https://www.tech-week.com/calendar/nyc
5502,Sweat Equity: Founder + Investor HIIT Workout & Coffee,2026-06-01,07:00:00,Monday,2026-06-01 07:00,New York City,Greenwich Village,Greenwich Village,Morning,Build Momentum,Build Momentum,Founders and Fractioals,Build Momentum; Founders and Fractioals,build-momentum; founders-and-fractioals,False,,https://partiful.com/e/TbbdKjbVcYRMaHyA5PTp,TbbdKjbVcYRMaHyA5PTp,https://www.tech-week.com/calendar/nyc
5974,Central Park Morning Run,2026-06-01,07:00:00,Monday,2026-06-01 07:00,New York City,Central Park,Central Park,Morning,off labs,off labs,,off labs,off-labs,True,,,,https://www.tech-week.com/calendar/nyc
6,Agents Meet at New York 2026: Meet Your Next Partner,2026-06-01,08:00:00,Monday,2026-06-01 08:00,New York City,Brooklyn,Brooklyn,Morning,Walnut AI,Walnut AI,,Walnut AI,walnut-ai,False,,https://partiful.com/e/xEcp6n0qYyUuFZdbVauV,xEcp6n0qYyUuFZdbVauV,https://www.tech-week.com/calendar/nyc
4260,How Do You Build a Borderless Tech Career in the AI Era? Hosted by Darshana and Get on Board,2026-06-01,08:00:00,Monday,2026-06-01 08:00,New York City,Virtual (NYC),Virtual (NYC),Morning,darshana.ai,darshana.ai,Get on Board,darshana.ai; Get on Board,darshana-ai; get-on-board,False,,https://partiful.com/e/t00vYqgLgEg6ACA3C4R1,t00vYqgLgEg6ACA3C4R1,https://www.tech-week.com/calendar/nyc
4533,Central Park Walk & Talk,2026-06-01,08:00:00,Monday,2026-06-01 08:00,New York City,Central Park,Central Park,Morning,Steady,Steady,,Steady,steady,False,,https://partiful.com/e/nM6p1woMkNCsrCmbgFlS,nM6p1woMkNCsrCmbgFlS,https://www.tech-week.com/calendar/nyc
4969,Accelerate AI Summit: Australian x US AI,2026-06-01,08:00:00,Monday,2026-06-01 08:00,New York City,Midtown,Midtown,Morning,American Australian Association,American Australian Association,,American Australian Association,american-australian-association,False,,https://partiful.com/e/ifuH1HpxZuX8IjSb3Khb,ifuH1HpxZuX8IjSb3Khb,https://www.tech-week.com/calendar/nyc
5609,Synthetic Gene-Based Neurotransmitter Optimization Systems,2026-06-01,08:00:00,Monday,2026-06-01 08:00,New York City,Virtual (NYC),Virtual (NYC),Morning,Centro de Rehabilitacion Neuropsicologica,Centro de Rehabilitacion Neuropsicologica,,Centro de Rehabilitacion Neuropsicologica,centro-de-rehabilitacion-neuropsicologica,True,,,,https://www.tech-week.com/calendar/nyc
4033,"3D GenAI, Physical Ai & World Models Powered By Solaya X Betaworks",2026-06-01,08:30:00,Monday,2026-06-01 08:30,New York City,Meatpacking District,Meatpacking District,Morning,Solaya,SOLAYA,Betaworks,SOLAYA; Betaworks,solaya; betaworks,False,,https://partiful.com/e/CBiN0GMrUu8OZJUDP3Xm,CBiN0GMrUu8OZJUDP3Xm,https://www.tech-week.com/calendar/nyc
4458,TechWalk,2026-06-01,08:30:00,Monday,2026-06-01 08:30,New York City,Central Park,Central Park,Morning,TechWalk,TechWalk,,TechWalk,techwalk,False,,https://partiful.com/e/tZ2qzHAksZLgG2iYlhdC,tZ2qzHAksZLgG2iYlhdC,https://www.tech-week.com/calendar/nyc
5362,Maersk presents: the ultimate goal of full-stack supply chain transformation,2026-06-01,08:30:00,Monday,2026-06-01 08:30,New York City,Union Square,Union Square,Morning,Rock Yard Ventures,Rock Yard Ventures,Maersk,Rock Yard Ventures; Maersk,rock-yard-ventures; maersk,False,,https://partiful.com/e/iDvWUNFiXJGuAHCBID5O,iDvWUNFiXJGuAHCBID5O,https://www.tech-week.com/calendar/nyc
5449,Jobseeker Strategy,2026-06-01,08:30:00,Monday,2026-06-01 08:30,New York City,Virtual (NYC),Virtual (NYC),Morning,Clutch Talent,Clutch Talent,,Clutch Talent,clutch-talent,False,,https://partiful.com/e/8ssFjGdjO5qbkmrNalai,8ssFjGdjO5qbkmrNalai,https://www.tech-week.com/calendar/nyc
4240,Pitch and Run Mon,2026-06-01,08:45:00,Monday,2026-06-01 08:45,New York City,Chelsea,Chelsea,Morning,Pitch and Run,Pitch and Run,,Pitch and Run,pitch-and-run,False,,https://partiful.com/e/D7MpYUcIJgGdODVrUDnM,D7MpYUcIJgGdODVrUDnM,https://www.tech-week.com/calendar/nyc
238,Faith Driven Investors & Founders,2026-06-01,09:00:00,Monday,2026-06-01 09:00,New York City,Financial District,Financial District,Morning,Shane & Ife,Shane & Ife,Hubtal,Shane & Ife; Hubtal,shane-ife; hubtal,False,,https://partiful.com/e/qfMnfCfdVU5HZZuZjFaq,qfMnfCfdVU5HZZuZjFaq,https://www.tech-week.com/calendar/nyc
4379,Mercury Vinyl House,2026-06-01,09:00:00,Monday,2026-06-01 09:00,New York City,SoHo,SoHo,Morning,Mercury,Mercury,,Mercury,mercury,False,,https://partiful.com/e/OQcXidQ0QEKhEdW61f49,OQcXidQ0QEKhEdW61f49,https://www.tech-week.com/calendar/nyc
4635,Raisi: Pre-Seed and Seed Fundraising Breakfast,2026-06-01,09:00:00,Monday,2026-06-01 09:00,New York City,Midtown,Midtown,Morning,Raisi,Raisi,,Raisi,raisi,False,,https://partiful.com/e/JBmmrgrMzARVXgTMO34l,JBmmrgrMzARVXgTMO34l,https://www.tech-week.com/calendar/nyc
4904,NYTW Kickoff Networking Breakfast,2026-06-01,09:00:00,Monday,2026-06-01 09:00,New York City,Hudson Yards,Hudson Yards,Morning,XL AI,XL AI,,XL AI,xl-ai,False,,https://partiful.com/e/EbLHvoBrSl7ZV6xScsgz,EbLHvoBrSl7ZV6xScsgz,https://www.tech-week.com/calendar/nyc
4915,Build & Burn,2026-06-01,09:00:00,Monday,2026-06-01 09:00,New York City,Chelsea,Chelsea,Morning,sam.,sam.,,sam.,sam,False,,https://partiful.com/e/G6SmnsyZ3s56lOfHuRLW,G6SmnsyZ3s56lOfHuRLW,https://www.tech-week.com/calendar/nyc
5153,Female founders and funders breakfast,2026-06-01,09:00:00,Monday,2026-06-01 09:00,New York City,Midtown,Midtown,Morning,Sisters Capital,Sisters Capital,EVO VC & Startups Community,Sisters Capital; EVO VC & Startups Community,sisters-capital; evo-vc-startups-community,False,,https://partiful.com/e/NUHPiYrVsDZX1D3CYfBZ,NUHPiYrVsDZX1D3CYfBZ,https://www.tech-week.com/calendar/nyc
5508,Mercury Vinyl House,2026-06-01,09:00:00,Monday,2026-06-01 09:00,New York City,SoHo,SoHo,Morning,Mercury,Mercury,,Mercury,mercury,False,,https://partiful.com/e/OQcXidQ0QEKhEdW61f49,OQcXidQ0QEKhEdW61f49,https://www.tech-week.com/calendar/nyc
5509,Mercury Vinyl House,2026-06-01,09:00:00,Monday,2026-06-01 09:00,New York City,SoHo,SoHo,Morning,Mercury,Mercury,,Mercury,mercury,False,,https://partiful.com/e/OQcXidQ0QEKhEdW61f49,OQcXidQ0QEKhEdW61f49,https://www.tech-week.com/calendar/nyc
5647,"Tech Trends Unleashed: Explore, Engage, Excel in Queens!",2026-06-01,09:00:00,Monday,2026-06-01 09:00,New York City,Queens,Queens,Morning,Queens Chamber of Commerce,Queens Chamber of Commerce,Firstlight Cloud Xchange,Queens Chamber of Commerce; Firstlight Cloud Xchange,queens-chamber-of-commerce; firstlight-cloud-xchange,False,,https://partiful.com/e/8NDpBHnUtRgzbjpPnFz6,8NDpBHnUtRgzbjpPnFz6,https://www.tech-week.com/calendar/nyc
6467,Consumer Goods Coffee Mixer,2026-06-01,09:00:00,Monday,2026-06-01 09:00,New York City,SoHo,SoHo,Morning,Bright Cup,Bright Cup,VHS,Bright Cup; VHS,bright-cup; vhs,False,,https://partiful.com/e/vvNMFT7CRsvXm3EBXOqd,vvNMFT7CRsvXm3EBXOqd,https://www.tech-week.com/calendar/nyc
6591,GFC Central Park Coffee Walk // NY Tech Week Edition,2026-06-01,09:00:00,Monday,2026-06-01 09:00,New York City,Central Park,Central Park,Morning,German Founders Club,German Founders Club,,German Founders Club,german-founders-club,False,,https://partiful.com/e/TWRplmkXTwYNEQHHM1VF,TWRplmkXTwYNEQHHM1VF,https://www.tech-week.com/calendar/nyc
6511,"Argentina Delivers: Talent, Innovation & Global Tech - #NYTechWeek",2026-06-01,09:15:00,Monday,2026-06-01 09:15,New York City,Midtown,Midtown,Morning,Consulate General of Argentina in New York,Consulate General of Argentina in New York,,Consulate General of Argentina in New York,consulate-general-of-argentina-in-new-york,False,,https://partiful.com/e/cQQ5BDRrk32InHU7sutm,cQQ5BDRrk32InHU7sutm,https://www.tech-week.com/calendar/nyc
4140,The Infrastructure Behind the Mission,2026-06-01,09:30:00,Monday,2026-06-01 09:30,New York City,Midtown,Midtown,Morning,Watch Her Win,Watch Her Win,,Watch Her Win,watch-her-win,False,,https://partiful.com/e/Sowk0tqQHvZI3YEvybKo,Sowk0tqQHvZI3YEvybKo,https://www.tech-week.com/calendar/nyc
5413,Brews and Bagels,2026-06-01,09:30:00,Monday,2026-06-01 09:30,New York City,Midtown,Midtown,Morning,France Ovalle,France Ovalle,Scalpels & Spreadsheets,France Ovalle; Scalpels & Spreadsheets,france-ovalle; scalpels-spreadsheets,False,,https://partiful.com/e/FXwx27l3v2cgICQDCvAm,FXwx27l3v2cgICQDCvAm,https://www.tech-week.com/calendar/nyc
6575,Women Shaping the Future of AI,2026-06-01,09:30:00,Monday,2026-06-01 09:30,New York City,Flatiron,Flatiron,Morning,Fenwick,Fenwick,,Fenwick,fenwick,False,platinum,https://partiful.com/e/6tB6kOTWvCsW0CDO5Cam,6tB6kOTWvCsW0CDO5Cam,https://www.tech-week.com/calendar/nyc
112,Building Products That Scale Globally,2026-06-01,10:00:00,Monday,2026-06-01 10:00,New York City,Upper Manhattan,Upper Manhattan,Morning,Travelbay,Travelbay,,Travelbay,travelbay,False,,https://partiful.com/e/oCQeG6SZP23qz5nvcxBh,oCQeG6SZP23qz5nvcxBh,https://www.tech-week.com/calendar/nyc
4225,The Next Gen of Latino Founders,2026-06-01,10:00:00,Monday,2026-06-01 10:00,New York City,Queens,Queens,Morning,Colectivo,Colectivo,,Colectivo,colectivo,False,,https://partiful.com/e/pZyjQqYyNowpa54etkKp,pZyjQqYyNowpa54etkKp,https://www.tech-week.com/calendar/nyc
4316,Who Gets to Shape AI? Why Girls Must Be in the Room,2026-06-01,10:00:00,Monday,2026-06-01 10:00,New York City,Flatiron,Flatiron,Morning,Girls Who Code,Girls Who Code,,Girls Who Code,girls-who-code,False,,https://partiful.com/e/9JBYSWrl1xooe9Oee17J,9JBYSWrl1xooe9Oee17J,https://www.tech-week.com/calendar/nyc
4339,Art Tech Showcase,2026-06-01,10:00:00,Monday,2026-06-01 10:00,New York City,Brooklyn,Brooklyn,Morning,Beat Brush Studios,Beat Brush Studios,,Beat Brush Studios,beat-brush-studios,False,,https://partiful.com/e/IenfsGwJAOT1zkyDbOxu,IenfsGwJAOT1zkyDbOxu,https://www.tech-week.com/calendar/nyc
4867,"Photoreal VR for Archvis, Real Estate and Location-Based Entertainment - Day 1",2026-06-01,10:00:00,Monday,2026-06-01 10:00,New York City,Financial District,Financial District,Morning,Agile Lens,Agile Lens,DBOX; WanderLens Lab,Agile Lens; DBOX; WanderLens Lab,agile-lens; dbox; wanderlens-lab,False,,https://partiful.com/e/6bUok8RK79B927TfqX7F,6bUok8RK79B927TfqX7F,https://www.tech-week.com/calendar/nyc
4908,Why Your Team Isn’t Scaling (Yet): A Live Leadership OS Diagnostic,2026-06-01,10:00:00,Monday,2026-06-01 10:00,New York City,Flatiron,Flatiron,Morning,"Leap Leadership Solutions, LLC","Leap Leadership Solutions, LLC",,"Leap Leadership Solutions, LLC",leap-leadership-solutions-llc,False,,https://partiful.com/e/DWeEKEPfH5j5K8rt6Q6W,DWeEKEPfH5j5K8rt6Q6W,https://www.tech-week.com/calendar/nyc
4961,Founder Finance Office Hours: Second Opinion,2026-06-01,10:00:00,Monday,2026-06-01 10:00,New York City,Chelsea,Chelsea,Morning,Haven,Haven,,Haven,haven,False,,https://partiful.com/e/iNz2d5f2PFPwdFnpvHOl,iNz2d5f2PFPwdFnpvHOl,https://www.tech-week.com/calendar/nyc
5088,AI x Investing : The Age of Agents,2026-06-01,10:00:00,Monday,2026-06-01 10:00,New York City,Midtown,Midtown,Morning,Trade It,Trade It,Public; OptionUp; Unusual Whales,Trade It; Public; OptionUp; Unusual Whales,trade-it; public; optionup; unusual-whales,False,,https://partiful.com/e/g2m3ExEh1j9ZSo7eNpCD,g2m3ExEh1j9ZSo7eNpCD,https://www.tech-week.com/calendar/nyc
5099,The Founder's Guide to NYS Resources: From R&D to Global Expansion,2026-06-01,10:00:00,Monday,2026-06-01 10:00,New York City,Midtown,Midtown,Morning,Empire State Development,Empire State Development,SOSV NY,Empire State Development; SOSV NY,empire-state-development; sosv-ny,False,,https://partiful.com/e/sGbJCvDbECcdhfFN1m6O,sGbJCvDbECcdhfFN1m6O,https://www.tech-week.com/calendar/nyc
5152,CEO Intern Public Service Entrepreneurship,2026-06-01,10:00:00,Monday,2026-06-01 10:00,New York City,Virtual (NYC),Virtual (NYC),Morning,"Comida For Familias, Inc.","Comida For Familias, Inc.",,"Comida For Familias, Inc.",comida-for-familias-inc,False,,https://partiful.com/e/w5gAuNIs4Dq5I6cYkPia,w5gAuNIs4Dq5I6cYkPia,https://www.tech-week.com/calendar/nyc
5215,She Leads the Room,2026-06-01,10:00:00,Monday,2026-06-01 10:00,New York City,Midtown,Midtown,Morning,44ROCH,44ROCH,,44ROCH,44roch,False,,https://partiful.com/e/P41KkH7JnaPmz95p7q2Y,P41KkH7JnaPmz95p7q2Y,https://www.tech-week.com/calendar/nyc
5963,Women in AI,2026-06-01,10:00:00,Monday,2026-06-01 10:00,New York City,Union Square,Union Square,Morning,FitIDAI,FitIDAI,,FitIDAI,fitidai,True,,,,https://www.tech-week.com/calendar/nyc
5971,ATTAP (All Things to All People) Vibeathon & Agentathon,2026-06-01,10:00:00,Monday,2026-06-01 10:00,New York City,Chelsea,Chelsea,Morning,ATTAP-All Things to All People-attap.ai,ATTAP-All Things to All People-attap.ai,,ATTAP-All Things to All People-attap.ai,attap-all-things-to-all-people-attap-ai,False,,https://partiful.com/e/GmOIWn5hMegxDT7gDfTX,GmOIWn5hMegxDT7gDfTX,https://www.tech-week.com/calendar/nyc
6569,The Deal House,2026-06-01,10:00:00,Monday,2026-06-01 10:00,New York City,SoHo,SoHo,Morning,Expert DOJO,Expert DOJO,Nightrush AI,Expert DOJO; Nightrush AI,expert-dojo; nightrush-ai,False,,https://partiful.com/e/muXQlVgG3uqwpbvvPIve,muXQlVgG3uqwpbvvPIve,https://www.tech-week.com/calendar/nyc
6267,The Biotech & Deep Tech Pitch Clinic,2026-06-01,10:30:00,Monday,2026-06-01 10:30,New York City,Midtown,Midtown,Morning,Jennifer Pawlitschek Consulting,Jennifer Pawlitschek Consulting,,Jennifer Pawlitschek Consulting,jennifer-pawlitschek-consulting,False,,https://partiful.com/e/znsAwRLUqbzimqhrQOlI,znsAwRLUqbzimqhrQOlI,https://www.tech-week.com/calendar/nyc
6341,Quantum 'Magic' Masterclass: Code a Real Quantum Computer With an Uncanny Algorithm,2026-06-01,10:30:00,Monday,2026-06-01 10:30,New York City,Flatiron,Flatiron,Morning,IBM,IBM,,IBM,ibm,False,platinum,https://partiful.com/e/F5Y6wtHv792PJDhV56MB,F5Y6wtHv792PJDhV56MB,https://www.tech-week.com/calendar/nyc
6424,Kamp Café (NYC Tech Week Kick Off Party @ High End Italian Bakery),2026-06-01,10:30:00,Monday,2026-06-01 10:30,New York City,Union Square,Union Square,Morning,Kamp,Kamp,,Kamp,kamp,False,,https://partiful.com/e/DO8XlNCIKaedsYpjKgny,DO8XlNCIKaedsYpjKgny,https://www.tech-week.com/calendar/nyc
230,Cracking Founder-Led Marketing,2026-06-01,11:00:00,Monday,2026-06-01 11:00,New York City,Central Park,Central Park,Morning,Founder-Led Media Community,Founder-Led Media Community,,Founder-Led Media Community,founder-led-media-community,False,,https://partiful.com/e/A7Fi4pkz6XLgYA8YnQPp,A7Fi4pkz6XLgYA8YnQPp,https://www.tech-week.com/calendar/nyc
4063,Founders & Investors Brunch,2026-06-01,11:00:00,Monday,2026-06-01 11:00,New York City,Financial District,Financial District,Morning,fratl,fratl,,fratl,fratl,True,,,,https://www.tech-week.com/calendar/nyc
4333,"Health Systems, Clinicians, & the Consumer Health Era",2026-06-01,11:00:00,Monday,2026-06-01 11:00,New York City,Midtown,Midtown,Morning,One Health Collective,One Health Collective,Scalpels & Spreadsheets,One Health Collective; Scalpels & Spreadsheets,one-health-collective; scalpels-spreadsheets,False,,https://partiful.com/e/wAZzOJIAzjIpjfMYrgpS,wAZzOJIAzjIpjfMYrgpS,https://www.tech-week.com/calendar/nyc
4604,From Tissue to Treatment,2026-06-01,11:00:00,Monday,2026-06-01 11:00,New York City,Midtown,Midtown,Morning,AtlasXomics Inc.,AtlasXomics Inc.,,AtlasXomics Inc.,atlasxomics-inc,False,,https://partiful.com/e/CoVrmdYxgwtHlP7IkPoJ,CoVrmdYxgwtHlP7IkPoJ,https://www.tech-week.com/calendar/nyc
5715,Investors in the Cutting Edge Luncheon with Mercury,2026-06-01,11:00:00,Monday,2026-06-01 11:00,New York City,SoHo,SoHo,Morning,Actuate Ventures,Actuate Ventures,,Actuate Ventures,actuate-ventures,False,,https://partiful.com/e/q9Ekc1IjHSv32Xmd8hXB,q9Ekc1IjHSv32Xmd8hXB,https://www.tech-week.com/calendar/nyc
6364,ElevenLabs NY Tech Week PopUp,2026-06-01,11:00:00,Monday,2026-06-01 11:00,New York City,SoHo,SoHo,Morning,ElevenLabs,ElevenLabs,,ElevenLabs,elevenlabs,False,,https://partiful.com/e/hVN69QHHQKaL72l700kB,hVN69QHHQKaL72l700kB,https://www.tech-week.com/calendar/nyc
6415,ElevenLabs NY Tech Week PopUp,2026-06-01,11:00:00,Monday,2026-06-01 11:00,New York City,SoHo,SoHo,Morning,ElevenLabs,ElevenLabs,,ElevenLabs,elevenlabs,False,,https://partiful.com/e/hVN69QHHQKaL72l700kB,hVN69QHHQKaL72l700kB,https://www.tech-week.com/calendar/nyc
6416,ElevenLabs NY Tech Week PopUp,2026-06-01,11:00:00,Monday,2026-06-01 11:00,New York City,SoHo,SoHo,Morning,ElevenLabs,ElevenLabs,,ElevenLabs,elevenlabs,False,,https://partiful.com/e/hVN69QHHQKaL72l700kB,hVN69QHHQKaL72l700kB,https://www.tech-week.com/calendar/nyc
6417,ElevenLabs NY Tech Week PopUp,2026-06-01,11:00:00,Monday,2026-06-01 11:00,New York City,SoHo,SoHo,Morning,ElevenLabs,ElevenLabs,,ElevenLabs,elevenlabs,False,,https://partiful.com/e/hVN69QHHQKaL72l700kB,hVN69QHHQKaL72l700kB,https://www.tech-week.com/calendar/nyc
6418,ElevenLabs NY Tech Week PopUp,2026-06-01,11:00:00,Monday,2026-06-01 11:00,New York City,SoHo,SoHo,Morning,ElevenLabs,ElevenLabs,,ElevenLabs,elevenlabs,False,,https://partiful.com/e/hVN69QHHQKaL72l700kB,hVN69QHHQKaL72l700kB,https://www.tech-week.com/calendar/nyc
6419,ElevenLabs NY Tech Week PopUp,2026-06-01,11:00:00,Monday,2026-06-01 11:00,New York City,SoHo,SoHo,Morning,ElevenLabs,ElevenLabs,,ElevenLabs,elevenlabs,False,,https://partiful.com/e/hVN69QHHQKaL72l700kB,hVN69QHHQKaL72l700kB,https://www.tech-week.com/calendar/nyc
6462,ElevenLabs NY Tech Week PopUp,2026-06-01,11:00:00,Monday,2026-06-01 11:00,New York City,SoHo,SoHo,Morning,ElevenLabs,ElevenLabs,,ElevenLabs,elevenlabs,False,,https://partiful.com/e/hVN69QHHQKaL72l700kB,hVN69QHHQKaL72l700kB,https://www.tech-week.com/calendar/nyc
6619,Why Argentina? Key Facts About Argentina's Knowledge-Based Economy. Zoom in: Argentina Delivers,2026-06-01,11:00:00,Monday,2026-06-01 11:00,New York City,Midtown,Midtown,Morning,Argencon,Argencon,Consulate General of Argentina in New York,Argencon; Consulate General of Argentina in New York,argencon; consulate-general-of-argentina-in-new-york,False,,https://partiful.com/e/WJDHl4NiUwrLHeQxBi7S,WJDHl4NiUwrLHeQxBi7S,https://www.tech-week.com/calendar/nyc
6631,AI-Native Planning: How Companies Are Transforming Supply Chain & Finance Decision-Making,2026-06-01,11:00:00,Monday,2026-06-01 11:00,New York City,Midtown,Midtown,Morning,Pyplan,Pyplan,Consulate General of Argentina in New York,Pyplan; Consulate General of Argentina in New York,pyplan; consulate-general-of-argentina-in-new-york,False,,https://partiful.com/e/499cWPHnN3Uoh8j7C9AN,499cWPHnN3Uoh8j7C9AN,https://www.tech-week.com/calendar/nyc
36,How to Raise a Series A,2026-06-01,11:30:00,Monday,2026-06-01 11:30,New York City,Midtown,Midtown,Morning,Silicon Valley Bank,Silicon Valley Bank,SSM; Pilot; TriNet,Silicon Valley Bank; SSM; Pilot; TriNet,silicon-valley-bank; ssm; pilot; trinet,False,,https://partiful.com/e/ASu0bbJUv36y2648J12G,ASu0bbJUv36y2648J12G,https://www.tech-week.com/calendar/nyc
5014,It’s Not Capital - It’s Execution: Leadership Operating System Office Hours,2026-06-01,11:30:00,Monday,2026-06-01 11:30,New York City,Flatiron,Flatiron,Morning,"Leap Leadership Solutions, LLC","Leap Leadership Solutions, LLC",,"Leap Leadership Solutions, LLC",leap-leadership-solutions-llc,False,,https://partiful.com/e/S5uBXhgNgEtPrRpy6Cx7,S5uBXhgNgEtPrRpy6Cx7,https://www.tech-week.com/calendar/nyc
5969,Fighting deepfake in Age and Identity Verification,2026-06-01,11:30:00,Monday,2026-06-01 11:30,New York City,West Village,West Village,Morning,Reclaim Protocol,Reclaim Protocol,,Reclaim Protocol,reclaim-protocol,False,,https://partiful.com/e/z7K3rnyrNVrwKiHGPokb,z7K3rnyrNVrwKiHGPokb,https://www.tech-week.com/calendar/nyc
100,Young Innovators Showcase : Demo Day x AI Prompt Battle x Wellbeing Lab,2026-06-01,12:00:00,Monday,2026-06-01 12:00,New York City,Upper Manhattan,Upper Manhattan,Noon,The Kijana Company,The Kijana Company,,The Kijana Company,the-kijana-company,False,,https://partiful.com/e/QKl9xqtTykyORMM50ifg,QKl9xqtTykyORMM50ifg,https://www.tech-week.com/calendar/nyc
4294,"If Your AI Can’t Talk and Act, It’s Broken - Agentic Voice Workshop",2026-06-01,12:00:00,Monday,2026-06-01 12:00,New York City,Financial District,Financial District,Noon,"Cloudonix, Inc","Cloudonix, Inc",,"Cloudonix, Inc",cloudonix-inc,False,,https://partiful.com/e/pxdWahJXi0EQklEuU50W,pxdWahJXi0EQklEuU50W,https://www.tech-week.com/calendar/nyc
4375,AI Startup Founders' Lunch hosted by Cherry Hill Advisory,2026-06-01,12:00:00,Monday,2026-06-01 12:00,New York City,Brooklyn,Brooklyn,Noon,Cherry Hill Advisory,Cherry Hill Advisory,,Cherry Hill Advisory,cherry-hill-advisory,False,,https://partiful.com/e/uLi3d5Eel4nuA9hv5YGD,uLi3d5Eel4nuA9hv5YGD,https://www.tech-week.com/calendar/nyc
4625,Raisi: Daily Fundraising Sprint Room,2026-06-01,12:00:00,Monday,2026-06-01 12:00,New York City,Lower East Side,Lower East Side,Noon,Raisi,Raisi,,Raisi,raisi,False,,https://partiful.com/e/chhYZAKGAiEaP3NtQ7y2,chhYZAKGAiEaP3NtQ7y2,https://www.tech-week.com/calendar/nyc
4846,The 30 Min. Pitch Workshop for Figuring Out Your Hook,2026-06-01,12:00:00,Monday,2026-06-01 12:00,New York City,Virtual (NYC),Virtual (NYC),Noon,Pitch Genius,Pitch Genius,,Pitch Genius,pitch-genius,False,,https://partiful.com/e/2OGv1gYwmcdUATOlqkvY,2OGv1gYwmcdUATOlqkvY,https://www.tech-week.com/calendar/nyc
5023,The Performance Protocol: Stay Sharp in the Age of AI,2026-06-01,12:00:00,Monday,2026-06-01 12:00,New York City,Virtual (NYC),Virtual (NYC),Noon,Catalyst Noir,Catalyst Noir,,Catalyst Noir,catalyst-noir,False,,https://partiful.com/e/XWigjBTiDrQxZJFVL8zq,XWigjBTiDrQxZJFVL8zq,https://www.tech-week.com/calendar/nyc
5961,A Patent-Pending Party,2026-06-01,12:00:00,Monday,2026-06-01 12:00,New York City,Midtown,Midtown,Noon,moatly™,moatly™,hubble,moatly™; hubble,moatly; hubble,False,,https://partiful.com/e/Txk9K71WKRm5OK6cmMNO,Txk9K71WKRm5OK6cmMNO,https://www.tech-week.com/calendar/nyc
6087,No ROI on Health Insurance? Make Health Pay Off. Join Us to Launch ionava 🚀 w/ Lunch @ SoulCycle,2026-06-01,12:00:00,Monday,2026-06-01 12:00,New York City,Tribeca,Tribeca,Noon,Magentic,Magentic,ionava,Magentic; ionava,magentic; ionava,False,,https://partiful.com/e/aA2Q8qVgXiTLTLDBodmx,aA2Q8qVgXiTLTLDBodmx,https://www.tech-week.com/calendar/nyc
4947,Your Users Hate 2FA. (A Lunch & Learn w/ Vonage on AI Voice & Frictionless Authentication APIs),2026-06-01,12:30:00,Monday,2026-06-01 12:30,New York City,Tribeca,Tribeca,Noon,Vonage,Vonage,,Vonage,vonage,False,,https://partiful.com/e/1llAohqiK59rN516zVA5,1llAohqiK59rN516zVA5,https://www.tech-week.com/calendar/nyc
5246,The AI & SaaS Pitch Clinic: The Neuroscience of Authority,2026-06-01,12:30:00,Monday,2026-06-01 12:30,New York City,Midtown,Midtown,Noon,Jennifer Pawlitschek Consulting,Jennifer Pawlitschek Consulting,,Jennifer Pawlitschek Consulting,jennifer-pawlitschek-consulting,False,,https://partiful.com/e/nVdos7eUUmpArmPn6UDb,nVdos7eUUmpArmPn6UDb,https://www.tech-week.com/calendar/nyc
5259,The Six-Figure Mistakes International Founders Keep Making in the U.S.,2026-06-01,12:30:00,Monday,2026-06-01 12:30,New York City,Murray Hill,Murray Hill,Noon,Acclime,Acclime,Herrick,Acclime; Herrick,acclime; herrick,False,,https://partiful.com/e/yfYQYRx4HFxA113yoZi3,yfYQYRx4HFxA113yoZi3,https://www.tech-week.com/calendar/nyc
6344,"Generative Computing Masterclass: Building Predictable, Auditable AI with Mellea.",2026-06-01,12:30:00,Monday,2026-06-01 12:30,New York City,Flatiron,Flatiron,Noon,IBM,IBM,,IBM,ibm,False,platinum,https://partiful.com/e/3WdKVdPlKG4V9vvsgNBa,3WdKVdPlKG4V9vvsgNBa,https://www.tech-week.com/calendar/nyc
4292,Agentic Voice Hackathon,2026-06-01,13:00:00,Monday,2026-06-01 13:00,New York City,Financial District,Financial District,Afternoon,"Cloudonix, Inc","Cloudonix, Inc",,"Cloudonix, Inc",cloudonix-inc,False,,https://partiful.com/e/E915u2aKmufVgYwg0Cdf,E915u2aKmufVgYwg0Cdf,https://www.tech-week.com/calendar/nyc
4468,Architecting a Borderless Life + Travel Giveaway,2026-06-01,13:00:00,Monday,2026-06-01 13:00,New York City,Virtual (NYC),Virtual (NYC),Afternoon,Product Advisory Collective (PAC),Product Advisory Collective (PAC),,Product Advisory Collective (PAC),product-advisory-collective-pac,False,,https://partiful.com/e/egJJ7avDIg6WtPaxk4yN,egJJ7avDIg6WtPaxk4yN,https://www.tech-week.com/calendar/nyc
5006,"Live ""Iron (AI) Chef"" Vibe-Coding",2026-06-01,13:00:00,Monday,2026-06-01 13:00,New York City,Financial District,Financial District,Afternoon,Mucker Capital,Mucker Capital,,Mucker Capital,mucker-capital,False,,https://partiful.com/e/MYuBxfIaBiUXekX9cw1B,MYuBxfIaBiUXekX9cw1B,https://www.tech-week.com/calendar/nyc
5977,The Oasis @ NY Tech Week Day 1 - Human Flourishing,2026-06-01,13:00:00,Monday,2026-06-01 13:00,New York City,SoHo,SoHo,Afternoon,Flowstate,Flowstate,Vibe Space; Boardy; The AI Collective; Leave Normal Behind,Flowstate; Vibe Space; Boardy; The AI Collective; Leave Normal Behind,flowstate; vibe-space; boardy; the-ai-collective; leave-normal-behind,False,,https://partiful.com/e/1bGiVgRQUifMy25hzGrm,1bGiVgRQUifMy25hzGrm,https://www.tech-week.com/calendar/nyc
4030,Influencer Pro,2026-06-01,13:19:00,Monday,2026-06-01 13:19,New York City,East Village,East Village,Afternoon,Influencer Pro,Influencer Pro,,Influencer Pro,influencer-pro,True,,,,https://www.tech-week.com/calendar/nyc
7,IPO Summit 2026 - Nasdaq MarketSite,2026-06-01,14:00:00,Monday,2026-06-01 14:00,New York City,Midtown,Midtown,Afternoon,Sidebar Summit,Sidebar Summit,,Sidebar Summit,sidebar-summit,False,,https://partiful.com/e/ALTnfJqBtsExypyNvzAj,ALTnfJqBtsExypyNvzAj,https://www.tech-week.com/calendar/nyc
4332,The Investor's Playbook,2026-06-01,14:00:00,Monday,2026-06-01 14:00,New York City,Midtown,Midtown,Afternoon,KLI Capital,KLI Capital,Scalpels & Spreadsheets,KLI Capital; Scalpels & Spreadsheets,kli-capital; scalpels-spreadsheets,False,,https://partiful.com/e/Ly9laOHFYulhosojIy6U,Ly9laOHFYulhosojIy6U,https://www.tech-week.com/calendar/nyc
4446,The New GTM Stack: How Startups Win Distribution Today,2026-06-01,14:00:00,Monday,2026-06-01 14:00,New York City,West Village,West Village,Afternoon,EchoHer,EchoHer,Witti Marketing,EchoHer; Witti Marketing,echoher; witti-marketing,False,,https://partiful.com/e/gm6d8Dmrh9UeDnDUlKrW,gm6d8Dmrh9UeDnDUlKrW,https://www.tech-week.com/calendar/nyc
5556,Dubai is Building the Future. Come Join Us.,2026-06-01,14:00:00,Monday,2026-06-01 14:00,New York City,SoHo,SoHo,Afternoon,Dubai Future Foundation,Dubai Future Foundation,,Dubai Future Foundation,dubai-future-foundation,False,,https://partiful.com/e/yVeiohVURo6J6QMPAjUv,yVeiohVURo6J6QMPAjUv,https://www.tech-week.com/calendar/nyc
6172,Why Investors Say No; What the Data Actually Shows,2026-06-01,14:00:00,Monday,2026-06-01 14:00,New York City,Meatpacking District,Meatpacking District,Afternoon,GoPresent,GoPresent,"Office of Tomorrow; Simon Squibb, HelpBnk & 81 other investments","GoPresent; Office of Tomorrow; Simon Squibb, HelpBnk & 81 other investments",gopresent; office-of-tomorrow; simon-squibb-helpbnk-81-other-investments,False,,https://partiful.com/e/tITnWmy3y2QvpNeyg6tS,tITnWmy3y2QvpNeyg6tS,https://www.tech-week.com/calendar/nyc
6408,Beyond the Spec Masterclass: Engineering in the Age of Agents,2026-06-01,14:00:00,Monday,2026-06-01 14:00,New York City,Flatiron,Flatiron,Afternoon,IBM,IBM,,IBM,ibm,False,platinum,https://partiful.com/e/FHiuNwzr13e3YBI4ssUX,FHiuNwzr13e3YBI4ssUX,https://www.tech-week.com/calendar/nyc
6604,Tapas & Cañas,2026-06-01,14:00:00,Monday,2026-06-01 14:00,New York City,SoHo,SoHo,Afternoon,Pygma,Pygma,,Pygma,pygma,False,,https://partiful.com/e/TPvTUoxpB2JrX9JKu3rA,TPvTUoxpB2JrX9JKu3rA,https://www.tech-week.com/calendar/nyc
6606,AI for Good Meetup,2026-06-01,14:00:00,Monday,2026-06-01 14:00,New York City,Flatiron,Flatiron,Afternoon,AI for Social Good NYC,AI for Social Good NYC,,AI for Social Good NYC,ai-for-social-good-nyc,False,,https://partiful.com/e/IwQrRKHdA83SveHTnf1X,IwQrRKHdA83SveHTnf1X,https://www.tech-week.com/calendar/nyc
5057,"Future of Search: AI SEO, AEO Panel",2026-06-01,14:30:00,Monday,2026-06-01 14:30,New York City,Financial District,Financial District,Afternoon,Mucker Capital,Mucker Capital,,Mucker Capital,mucker-capital,False,,https://partiful.com/e/dbFdiExJUT9aHL4FekHK,dbFdiExJUT9aHL4FekHK,https://www.tech-week.com/calendar/nyc
6493,"The builder’s table: AI finance leaders lunch with Vayu, Base44 & PwC",2026-06-01,14:30:00,Monday,2026-06-01 14:30,New York City,Midtown,Midtown,Afternoon,PwC,PwC,Vayu; Base44,PwC; Vayu; Base44,pwc; vayu; base44,False,gold,https://partiful.com/e/MQvS9RrcXl6HcAEzfzhg,MQvS9RrcXl6HcAEzfzhg,https://www.tech-week.com/calendar/nyc
6537,Servipro the future of On Demand Services,2026-06-01,14:30:00,Monday,2026-06-01 14:30,New York City,Central Park,Central Park,Afternoon,Servipro,Servipro,Consulate General of Argentina in New York,Servipro; Consulate General of Argentina in New York,servipro; consulate-general-of-argentina-in-new-york,False,,https://partiful.com/e/LSj9Pfuz86SEiUvjvtNt,LSj9Pfuz86SEiUvjvtNt,https://www.tech-week.com/calendar/nyc
97,The New Arsenal,2026-06-01,15:00:00,Monday,2026-06-01 15:00,New York City,Midtown,Midtown,Afternoon,VC in DC,VC in DC,,VC in DC,vc-in-dc,False,,https://partiful.com/e/n5uCUeAb1zW9pXNEqsg3,n5uCUeAb1zW9pXNEqsg3,https://www.tech-week.com/calendar/nyc
4247,From Model to Market: The Future of Clinical AI in Healthcare,2026-06-01,15:00:00,Monday,2026-06-01 15:00,New York City,Midtown,Midtown,Afternoon,Manatt,Manatt,Milken Institute; Oak HC/FT,Manatt; Milken Institute; Oak HC/FT,manatt; milken-institute; oak-hc-ft,False,,https://partiful.com/e/Za7fre0uqCIayfraXeE9,Za7fre0uqCIayfraXeE9,https://www.tech-week.com/calendar/nyc
5236,"The Partnership Room: Brands, Meet Creators Building B2B Audiences in the Tech Industry",2026-06-01,15:00:00,Monday,2026-06-01 15:00,New York City,SoHo,SoHo,Afternoon,Walker Media LLC,Walker Media LLC,,Walker Media LLC,walker-media-llc,False,,https://partiful.com/e/6XYVSFuCgrRMLcuGQQyV,6XYVSFuCgrRMLcuGQQyV,https://www.tech-week.com/calendar/nyc
5353,A Brain Reset Experience,2026-06-01,15:00:00,Monday,2026-06-01 15:00,New York City,Virtual (NYC),Virtual (NYC),Afternoon,Soul Arcade,Soul Arcade,,Soul Arcade,soul-arcade,True,,,,https://www.tech-week.com/calendar/nyc
5507,Japan Gateway for Climate & Deep Tech - Initiated by City of Yokohama,2026-06-01,15:00:00,Monday,2026-06-01 15:00,New York City,Midtown,Midtown,Afternoon,City of Yokohama,City of Yokohama,,City of Yokohama,city-of-yokohama,False,,https://partiful.com/e/8hY03hoEB7xDq7J3Rc7B,8hY03hoEB7xDq7J3Rc7B,https://www.tech-week.com/calendar/nyc
5972,AI Content Lab: Build an AI Workflow Where Brand Voice Actually Scales,2026-06-01,15:00:00,Monday,2026-06-01 15:00,New York City,Nomad,Nomad,Afternoon,NexPost,NexPost,Next Growth Wave,NexPost; Next Growth Wave,nexpost; next-growth-wave,False,,https://partiful.com/e/uiwKdsUhGWODSJJzwO0C,uiwKdsUhGWODSJJzwO0C,https://www.tech-week.com/calendar/nyc
6253,AI Agents for Allocators and Asset Managers,2026-06-01,15:00:00,Monday,2026-06-01 15:00,New York City,Midtown,Midtown,Afternoon,DiligenceVault,DiligenceVault,,DiligenceVault,diligencevault,False,,https://partiful.com/e/yfxaKR8dFsaY4HPQixoL,yfxaKR8dFsaY4HPQixoL,https://www.tech-week.com/calendar/nyc
6292,Venture Point Legal Office Hours and Happy Hours,2026-06-01,15:00:00,Monday,2026-06-01 15:00,New York City,SoHo,SoHo,Afternoon,Venture Point Legal,Venture Point Legal,,Venture Point Legal,venture-point-legal,False,,https://partiful.com/e/MqjofFn5eLPZywUqKfdQ,MqjofFn5eLPZywUqKfdQ,https://www.tech-week.com/calendar/nyc
6293,ERA/RV Portfolio Agentic AI Demo Showcase,2026-06-01,15:00:00,Monday,2026-06-01 15:00,New York City,Flatiron,Flatiron,Afternoon,ERA,ERA,Zendesk,ERA; Zendesk,era; zendesk,False,,https://partiful.com/e/a1ga0i6NoEfaupZcyPuw,a1ga0i6NoEfaupZcyPuw,https://www.tech-week.com/calendar/nyc
6348,The New Arsenal,2026-06-01,15:00:00,Monday,2026-06-01 15:00,New York City,Midtown,Midtown,Afternoon,VC in DC,VC in DC,,VC in DC,vc-in-dc,False,,https://partiful.com/e/n5uCUeAb1zW9pXNEqsg3,n5uCUeAb1zW9pXNEqsg3,https://www.tech-week.com/calendar/nyc
6389,The Bridge Ecosystem Forum: A Panel on Public-Private Collaborations by QUAY and Brown Rudnick,2026-06-01,15:00:00,Monday,2026-06-01 15:00,New York City,Midtown,Midtown,Afternoon,QUAY Acceleration,QUAY Acceleration,Brown Rudnick,QUAY Acceleration; Brown Rudnick,quay-acceleration; brown-rudnick,False,,https://partiful.com/e/Ns37lYVhz9dp10iFZURH,Ns37lYVhz9dp10iFZURH,https://www.tech-week.com/calendar/nyc
6409,Context Engineering 101 Masterclass: A Practical Introduction,2026-06-01,15:30:00,Monday,2026-06-01 15:30,New York City,Flatiron,Flatiron,Afternoon,IBM,IBM,,IBM,ibm,False,platinum,https://partiful.com/e/RYqG93QLhTxNOHOG7kzF,RYqG93QLhTxNOHOG7kzF,https://www.tech-week.com/calendar/nyc
44,From Vibe Coding to AI-Driven Development,2026-06-01,16:00:00,Monday,2026-06-01 16:00,New York City,Midtown,Midtown,Afternoon,Streamlogic,Streamlogic Ltd,,Streamlogic Ltd,streamlogic,False,,https://partiful.com/e/xowd9F3kB7mPFN1luUwY,xowd9F3kB7mPFN1luUwY,https://www.tech-week.com/calendar/nyc
257,Investment to Acquisition II: How Founders Went From $0-$10M with TRV and AWS hosting,2026-06-01,16:00:00,Monday,2026-06-01 16:00,New York City,Midtown,Midtown,Afternoon,Thomson Reuters Ventures,Thomson Reuters,AWS,Thomson Reuters; AWS,thomson-reuters-ventures; aws,False,gold,https://partiful.com/e/mY668vnewsDXdE4O8vNn,mY668vnewsDXdE4O8vNn,https://www.tech-week.com/calendar/nyc
4061,a16z speedrun Pitch Day,2026-06-01,16:00:00,Monday,2026-06-01 16:00,New York City,SoHo,SoHo,Afternoon,a16z speedrun,a16z speedrun,,a16z speedrun,a16z-speedrun,False,platinum,https://partiful.com/e/SzG1Bnpw8tS1SZrdIPxJ,SzG1Bnpw8tS1SZrdIPxJ,https://www.tech-week.com/calendar/nyc
4139,The Future of Visual Commerce with AI Agents,2026-06-01,16:00:00,Monday,2026-06-01 16:00,New York City,Chelsea,Chelsea,Afternoon,Savanah.ai,Savanah.ai,,Savanah.ai,savanah-ai,False,,https://partiful.com/e/Sk4AHvwQJ1KaCN81CM0T,Sk4AHvwQJ1KaCN81CM0T,https://www.tech-week.com/calendar/nyc
4399,"Rebuilding American Manufacturing [BVP, J.P. Morgan, Orrick]",2026-06-01,16:00:00,Monday,2026-06-01 16:00,New York City,Midtown,Midtown,Afternoon,Orrick,Orrick,Bessemer Venture Partners; J.P. Morgan,Orrick; Bessemer Venture Partners; J.P. Morgan,orrick; bessemer-venture-partners; j-p-morgan,False,,https://partiful.com/e/njEyaExp13kVvFeCxSQ0,njEyaExp13kVvFeCxSQ0,https://www.tech-week.com/calendar/nyc
4526,"Founders' Landing, Tech Week Kickoff",2026-06-01,16:00:00,Monday,2026-06-01 16:00,New York City,Hudson Yards,Hudson Yards,Afternoon,Deel,Deel,Betterment,Deel; Betterment,deel; betterment,False,gold,https://partiful.com/e/Lzs3GJd3dscd60ZHfliX,Lzs3GJd3dscd60ZHfliX,https://www.tech-week.com/calendar/nyc
4657,IRL: The New Hypergrowth Hack in the Age of AI,2026-06-01,16:00:00,Monday,2026-06-01 16:00,New York City,Tribeca,Tribeca,Afternoon,Mostest,Mostest,,Mostest,mostest,False,,https://partiful.com/e/JcKbjHvQDyem5xIfCZom,JcKbjHvQDyem5xIfCZom,https://www.tech-week.com/calendar/nyc
4883,Unlocking Entrepreneurship in Travel through Humans x Technology,2026-06-01,16:00:00,Monday,2026-06-01 16:00,New York City,SoHo,SoHo,Afternoon,Fora Travel,Fora Travel,,Fora Travel,fora-travel,False,,https://partiful.com/e/RrTyygZKuHP4KAmVi2QS,RrTyygZKuHP4KAmVi2QS,https://www.tech-week.com/calendar/nyc
5044,Global Expansion & Cross-Border Investing,2026-06-01,16:00:00,Monday,2026-06-01 16:00,New York City,Midtown,Midtown,Afternoon,Yorkseed,Yorkseed,,Yorkseed,yorkseed,False,,https://partiful.com/e/M05fTDt8E8MbWXkEHO6a,M05fTDt8E8MbWXkEHO6a,https://www.tech-week.com/calendar/nyc
5161,Cofounder Matchmaking,2026-06-01,16:00:00,Monday,2026-06-01 16:00,New York City,East Village,East Village,Afternoon,Relationality,Relationality,DefinedTalent,Relationality; DefinedTalent,relationality; definedtalent,False,,https://partiful.com/e/nMHSe5NbSjJJLWaJJeDl,nMHSe5NbSjJJLWaJJeDl,https://www.tech-week.com/calendar/nyc
5347,Melbourne to Manhattan: Powering the Digital Future,2026-06-01,16:00:00,Monday,2026-06-01 16:00,New York City,Midtown,Midtown,Afternoon,"State Government of Victoria, Australia","State Government of Victoria, Australia",American Australian Association,"State Government of Victoria, Australia; American Australian Association",state-government-of-victoria-australia; american-australian-association,False,,https://partiful.com/e/Og0CTUlzSGBsf3ihsH0G,Og0CTUlzSGBsf3ihsH0G,https://www.tech-week.com/calendar/nyc
5698,From the Hudson to the Thames: Exploring International Expansion,2026-06-01,16:00:00,Monday,2026-06-01 16:00,New York City,Midtown,Midtown,Afternoon,British Consulate,British Consulate,Osborne Clarke; Blick Rothenberg; Eisner Advisory Group LLC,British Consulate; Osborne Clarke; Blick Rothenberg; Eisner Advisory Group LLC,british-consulate; osborne-clarke; blick-rothenberg; eisner-advisory-group-llc,False,,https://partiful.com/e/P90AiasegjS9oTsIyLvd,P90AiasegjS9oTsIyLvd,https://www.tech-week.com/calendar/nyc
5979,Fashion Tech Panel Event @ FIT,2026-06-01,16:00:00,Monday,2026-06-01 16:00,New York City,Chelsea,Chelsea,Afternoon,The Pattern Maker,The Pattern Maker,,The Pattern Maker,the-pattern-maker,False,,https://partiful.com/e/JqgGz3jnIK9GEXFSfPMs,JqgGz3jnIK9GEXFSfPMs,https://www.tech-week.com/calendar/nyc
6160,The Digital Twin Experience: Powered by HeyGen,2026-06-01,16:00:00,Monday,2026-06-01 16:00,New York City,SoHo,SoHo,Afternoon,Avantgarde Communications,Avantgarde Communications,,Avantgarde Communications,avantgarde-communications,False,,https://partiful.com/e/N7RkEZo76K7Y1nHa2Mpu,N7RkEZo76K7Y1nHa2Mpu,https://www.tech-week.com/calendar/nyc
6335,She's Claiming Space,2026-06-01,16:00:00,Monday,2026-06-01 16:00,New York City,Upper Manhattan,Upper Manhattan,Afternoon,The Kitchen,The Kitchen,Naija Comm,The Kitchen; Naija Comm,the-kitchen; naija-comm,False,,https://partiful.com/e/L6i8pMeTV9f1aCCxcANK,L6i8pMeTV9f1aCCxcANK,https://www.tech-week.com/calendar/nyc
6340,From the Hudson to the Thames: Exploring International Expansion,2026-06-01,16:00:00,Monday,2026-06-01 16:00,New York City,Midtown,Midtown,Afternoon,Blick Rothenberg,Blick Rothenberg,Osborne Clarke; Eisner Advisory Group LLC; British Consulate General New York,Blick Rothenberg; Osborne Clarke; Eisner Advisory Group LLC; British Consulate General New York,blick-rothenberg; osborne-clarke; eisner-advisory-group-llc; british-consulate-general-new-york,False,,https://partiful.com/e/P90AiasegjS9oTsIyLvd,P90AiasegjS9oTsIyLvd,https://www.tech-week.com/calendar/nyc
6406,Let’s talk money over makeup,2026-06-01,16:00:00,Monday,2026-06-01 16:00,New York City,Lower East Side,Lower East Side,Afternoon,Verve Club,Verve Club,Cooley,Verve Club; Cooley,verve-club; cooley,False,,https://partiful.com/e/zZQ8JIguvn8j40Dc0S1C,zZQ8JIguvn8j40Dc0S1C,https://www.tech-week.com/calendar/nyc
6429,Giga Energy's Power Hour @ New York TechWeek,2026-06-01,16:00:00,Monday,2026-06-01 16:00,New York City,Flatiron,Flatiron,Afternoon,Giga Energy,Giga Energy,,Giga Energy,giga-energy,False,,https://partiful.com/e/0vnZ8PxenDVeYECu3FXi,0vnZ8PxenDVeYECu3FXi,https://www.tech-week.com/calendar/nyc
6597,Causal Foresight with Anthos: Navigate Uncertainty with Better Decision-Making.,2026-06-01,16:00:00,Monday,2026-06-01 16:00,New York City,Midtown,Midtown,Afternoon,Anthos Systems,Anthos Systems,,Anthos Systems,anthos-systems,False,,https://partiful.com/e/VP9dWPMJ5h3V8Wv5K4G5,VP9dWPMJ5h3V8Wv5K4G5,https://www.tech-week.com/calendar/nyc
6234,"Built by Women, Backed by Community",2026-06-01,16:15:00,Monday,2026-06-01 16:15,New York City,East Village,East Village,Afternoon,Socializela.com,Socializela.com,,Socializela.com,socializela-com,False,,https://partiful.com/e/rbyGArpMSo4phJfeVmrw,rbyGArpMSo4phJfeVmrw,https://www.tech-week.com/calendar/nyc
5315,AI & HealthTech for Hospitals and Healthcare,2026-06-01,16:30:00,Monday,2026-06-01 16:30,New York City,Midtown,Midtown,Afternoon,MedRock Ventures Inc.,MedRock Ventures Inc.,Orbiss Inc.,MedRock Ventures Inc.; Orbiss Inc.,medrock-ventures-inc; orbiss-inc,False,,https://partiful.com/e/DD5Ne8wjr1LBDSvYlQst,DD5Ne8wjr1LBDSvYlQst,https://www.tech-week.com/calendar/nyc
5332,AI & HealthTech for Hospitals and Healthcare,2026-06-01,16:30:00,Monday,2026-06-01 16:30,New York City,Midtown,Midtown,Afternoon,MedRock Ventures Inc.,MedRock Ventures Inc.,Orbiss Inc.,MedRock Ventures Inc.; Orbiss Inc.,medrock-ventures-inc; orbiss-inc,False,,https://partiful.com/e/DD5Ne8wjr1LBDSvYlQst,DD5Ne8wjr1LBDSvYlQst,https://www.tech-week.com/calendar/nyc
5967,Crypto x AI Happy Hour,2026-06-01,16:30:00,Monday,2026-06-01 16:30,New York City,East Village,East Village,Afternoon,Sei Labs,Sei Labs,Sumvin,Sei Labs; Sumvin,sei-labs; sumvin,False,,https://partiful.com/e/P6WLaUwmRr1d6sWZks7O,P6WLaUwmRr1d6sWZks7O,https://www.tech-week.com/calendar/nyc
6584,Pengu_lab,2026-06-01,16:30:00,Monday,2026-06-01 16:30,New York City,Midtown,Midtown,Afternoon,Pengu_Lab,Pengu_Lab,Consulate General of Argentina in New York,Pengu_Lab; Consulate General of Argentina in New York,pengu-lab; consulate-general-of-argentina-in-new-york,False,,https://partiful.com/e/zfNYlVcQJalXtpR0NmXt,zfNYlVcQJalXtpR0NmXt,https://www.tech-week.com/calendar/nyc
4227,The Latina Power,2026-06-01,16:45:00,Monday,2026-06-01 16:45,New York City,Union Square,Union Square,Afternoon,Colectivo,Colectivo,,Colectivo,colectivo,False,,https://partiful.com/e/u2yYQwgzUxlQSYJmbW6a,u2yYQwgzUxlQSYJmbW6a,https://www.tech-week.com/calendar/nyc
4015,From Ticketing to Intelligence: AI’s Impact on the $1T Events Industry,2026-06-01,17:00:00,Monday,2026-06-01 17:00,New York City,Midtown,Midtown,Evening,AES NYC,AES NYC,,AES NYC,aes-nyc,False,,https://partiful.com/e/pApvNad0HXI8rB7YoP2C,pApvNad0HXI8rB7YoP2C,https://www.tech-week.com/calendar/nyc
4049,The Beauty of Infrastructure: Redesigning the Guest and Resident Experience,2026-06-01,17:00:00,Monday,2026-06-01 17:00,New York City,Union Square,Union Square,Evening,Triple Eight Creative,Triple Eight Creative,,Triple Eight Creative,triple-eight-creative,False,,https://partiful.com/e/Mwy9DqLWKajBik1wulVn,Mwy9DqLWKajBik1wulVn,https://www.tech-week.com/calendar/nyc
4198,NYC Spades Club,2026-06-01,17:00:00,Monday,2026-06-01 17:00,New York City,Murray Hill,Murray Hill,Evening,Insurgi Urban Concepts,Insurgi Urban Concepts,Blvck Spades,Insurgi Urban Concepts; Blvck Spades,insurgi-urban-concepts; blvck-spades,False,,https://partiful.com/e/XhM1CFsz2vZwA3WsDyNV,XhM1CFsz2vZwA3WsDyNV,https://www.tech-week.com/calendar/nyc
4290,Design Thinking Meets AI: Book Talk & Live Build,2026-06-01,17:00:00,Monday,2026-06-01 17:00,New York City,Brooklyn,Brooklyn,Evening,Build First,Build First,Studio Rodrigo,Build First; Studio Rodrigo,build-first; studio-rodrigo,False,,https://partiful.com/e/N7nJMJdM3bIOtaUWfcmN,N7nJMJdM3bIOtaUWfcmN,https://www.tech-week.com/calendar/nyc
4381,Deep Tech/AI Startup Pitches and Investor Panels,2026-06-01,17:00:00,Monday,2026-06-01 17:00,New York City,Midtown,Midtown,Evening,Wallet Max,Wallet Max,,Wallet Max,wallet-max,False,,https://partiful.com/e/rQWNiqBcukfTYjBvwnji,rQWNiqBcukfTYjBvwnji,https://www.tech-week.com/calendar/nyc
4416,"What Founders Get Wrong About People, Scaling Teams, Co-Founder Dynamics & HR (1:1 Office Hours)",2026-06-01,17:00:00,Monday,2026-06-01 17:00,New York City,Virtual (NYC),Virtual (NYC),Evening,GroundedForward,GroundedForward,,GroundedForward,groundedforward,False,,https://partiful.com/e/zEn5TG5xFm8mDvyutyaZ,zEn5TG5xFm8mDvyutyaZ,https://www.tech-week.com/calendar/nyc
4546,🥃 What AI Can't Fix Yet Happy Hour,2026-06-01,17:00:00,Monday,2026-06-01 17:00,New York City,SoHo,SoHo,Evening,Somnio Software,Somnio Software,,Somnio Software,somnio-software,False,,https://partiful.com/e/rsCEzQaaJQJ2gbgdNrvP,rsCEzQaaJQJ2gbgdNrvP,https://www.tech-week.com/calendar/nyc
4590,The Living Space,2026-06-01,17:00:00,Monday,2026-06-01 17:00,New York City,Central Park,Central Park,Evening,Lazo Fintech Inc,Lazo Fintech Inc,,Lazo Fintech Inc,lazo-fintech-inc,False,,https://partiful.com/e/NCgg6DTFr0Gf4WYiUwJD,NCgg6DTFr0Gf4WYiUwJD,https://www.tech-week.com/calendar/nyc
4737,🍹NYC Founders Happy Hour,2026-06-01,17:00:00,Monday,2026-06-01 17:00,New York City,Chelsea,Chelsea,Evening,Founders & Builders Connect,Founders & Builders Connect,,Founders & Builders Connect,founders-builders-connect,False,,https://partiful.com/e/hoaWZg8MiAJw5YsJWsoN,hoaWZg8MiAJw5YsJWsoN,https://www.tech-week.com/calendar/nyc
4983,Skincare Secrets with Sofie Pavitt - Tech Week,2026-06-01,17:00:00,Monday,2026-06-01 17:00,New York City,SoHo,SoHo,Evening,The Ok Sweetie Show,The Ok Sweetie Show,True Beauty Ventures,The Ok Sweetie Show; True Beauty Ventures,the-ok-sweetie-show; true-beauty-ventures,False,,https://partiful.com/e/9GdJjzzsHpK4zpvr0dOl,9GdJjzzsHpK4zpvr0dOl,https://www.tech-week.com/calendar/nyc
4984,HerChain: Women shaping blockchain in NYC,2026-06-01,17:00:00,Monday,2026-06-01 17:00,New York City,East Village,East Village,Evening,babs NYC.news,babs NYC.news,Women Uninterrupted! Comedy,babs NYC.news; Women Uninterrupted! Comedy,babs-nyc-news; women-uninterrupted-comedy,False,,https://partiful.com/e/e0YuY73DbgjtYRu0DgJj,e0YuY73DbgjtYRu0DgJj,https://www.tech-week.com/calendar/nyc
5001,The Brick Room - Where the Best Ideas get built Twice,2026-06-01,17:00:00,Monday,2026-06-01 17:00,New York City,Flatiron,Flatiron,Evening,Fine Line Consultants,Fine Line Consultants,,Fine Line Consultants,fineline-consultants,False,,https://partiful.com/e/IoEy26e6LoWbvwVRCTzR,IoEy26e6LoWbvwVRCTzR,https://www.tech-week.com/calendar/nyc
5075,Welcome to RL.,2026-06-01,17:00:00,Monday,2026-06-01 17:00,New York City,East Village,East Village,Evening,Adaptive ML,Adaptive ML,,Adaptive ML,adaptive-ml,False,,https://partiful.com/e/25dsyos4rLuTNEpESf1J,25dsyos4rLuTNEpESf1J,https://www.tech-week.com/calendar/nyc
5110,Slack ✖︎ Amplitude: AI at work,2026-06-01,17:00:00,Monday,2026-06-01 17:00,New York City,Tribeca,Tribeca,Evening,Slack,Slack,Tightknit; Amplitude,Slack; Tightknit; Amplitude,slack; tightknit; amplitude,False,,https://partiful.com/e/dmFBKIxzn2LdFmktqas8,dmFBKIxzn2LdFmktqas8,https://www.tech-week.com/calendar/nyc
5160,Vibe Space Founders & Investors Mixer,2026-06-01,17:00:00,Monday,2026-06-01 17:00,New York City,Tribeca,Tribeca,Evening,Vibe Space,Vibe Space,,Vibe Space,vibe-space,False,,https://partiful.com/e/q03mHDi30q0D30zx4Ofa,q03mHDi30q0D30zx4Ofa,https://www.tech-week.com/calendar/nyc
5976,Women in AI: Live Product Showcase,2026-06-01,17:00:00,Monday,2026-06-01 17:00,New York City,Upper Manhattan,Upper Manhattan,Evening,Recess,Recess,Workplayce; Willa,Recess; Workplayce; Willa,recess; workplayce; willa,False,,https://partiful.com/e/lNPCWHf4JsZ27DguZ1uN,lNPCWHf4JsZ27DguZ1uN,https://www.tech-week.com/calendar/nyc
6438,"Many Models, One Workflow — with Bria and Cloudflare Replicate",2026-06-01,17:00:00,Monday,2026-06-01 17:00,New York City,Chelsea,Chelsea,Evening,Bria,Bria,Cloudflare Replicate,Bria; Cloudflare Replicate,bria; cloudflare-replicate,False,gold,https://partiful.com/e/ibT9C0IBhvOASyp5qIks,ibT9C0IBhvOASyp5qIks,https://www.tech-week.com/calendar/nyc
6535,Low Latency Club Voice AI Meetup @NYC Tech Week,2026-06-01,17:00:00,Monday,2026-06-01 17:00,New York City,Chelsea,Chelsea,Evening,Telnyx,Telnyx,,Telnyx,telnyx,False,,https://partiful.com/e/RgHt813jEQVbAYoKl7cX,RgHt813jEQVbAYoKl7cX,https://www.tech-week.com/calendar/nyc
6655,Global South Mixer,2026-06-01,17:00:00,Monday,2026-06-01 17:00,New York City,West Village,West Village,Evening,Zeytoon Ventures,Zeytoon Ventures,Sinbad Capital,Zeytoon Ventures; Sinbad Capital,zeytoon-ventures; sinbad-capital,False,,https://partiful.com/e/VkYzcfVYemTtBVupPiIx,VkYzcfVYemTtBVupPiIx,https://www.tech-week.com/calendar/nyc
6663,Dual-Use Innovation Exchange,2026-06-01,17:00:00,Monday,2026-06-01 17:00,New York City,Midtown,Midtown,Evening,Campus Deep Tech,Campus Deep Tech,Defense Entrepreneurs Forum (DEF),Campus Deep Tech; Defense Entrepreneurs Forum (DEF),campus-deep-tech; defense-entrepreneurs-forum-def,False,,https://partiful.com/e/Kgq1v7sDmgY8kfJxmU8E,Kgq1v7sDmgY8kfJxmU8E,https://www.tech-week.com/calendar/nyc
4096,Pitch & Drink with P2S.vc 🥤,2026-06-01,17:30:00,Monday,2026-06-01 17:30,New York City,Midtown,Midtown,Evening,P2S.vc,P2S.vc,,P2S.vc,p2s-vc,False,,https://partiful.com/e/lbtUQ9LI46kiVvnjYt8X,lbtUQ9LI46kiVvnjYt8X,https://www.tech-week.com/calendar/nyc
4300,Tech Red Flags,2026-06-01,17:30:00,Monday,2026-06-01 17:30,New York City,Midtown,Midtown,Evening,Bottleneck Technologies llc,Bottleneck Technologies llc,Heart Arch Events,Bottleneck Technologies llc; Heart Arch Events,bottleneck-technologies-llc; heart-arch-events,False,,https://partiful.com/e/W5CJQyusGJDB2JtEvIby,W5CJQyusGJDB2JtEvIby,https://www.tech-week.com/calendar/nyc
4563,"LegalTech in the Age of AI: Opportunities, Challenges, and What's Next",2026-06-01,17:30:00,Monday,2026-06-01 17:30,New York City,Midtown,Midtown,Evening,Fox Rothschild LLP,Fox Rothschild LLP,GrayHair Venture Partners,Fox Rothschild LLP; GrayHair Venture Partners,fox-rothschild-llp; grayhair-venture-partners,False,,https://partiful.com/e/E4CH5kGRDlO8mGl8JJpY,E4CH5kGRDlO8mGl8JJpY,https://www.tech-week.com/calendar/nyc
4615,Celebrating Israeli Tech | Rooftop Cocktail Reception,2026-06-01,17:30:00,Monday,2026-06-01 17:30,New York City,Midtown,Midtown,Evening,Fusion VC,Fusion VC,IDB NY Tech,Fusion VC; IDB NY Tech,fusion-vc; idb-ny-tech,True,,,,https://www.tech-week.com/calendar/nyc
4889,It's about balance,2026-06-01,17:30:00,Monday,2026-06-01 17:30,New York City,Flatiron,Flatiron,Evening,Reframe iT,Reframe iT,Latinas in Tech,Reframe iT; Latinas in Tech,reframe-it; latinas-in-tech,False,,https://partiful.com/e/SAc0OghDUvILWWZMOeaD,SAc0OghDUvILWWZMOeaD,https://www.tech-week.com/calendar/nyc
4895,TECH NETWORKING MIXER,2026-06-01,17:30:00,Monday,2026-06-01 17:30,New York City,Midtown,Midtown,Evening,Cuculi,Cuculi,,Cuculi,cuculi,False,,https://partiful.com/e/sCLj6JNfrcfMGlFQ7cZQ,sCLj6JNfrcfMGlFQ7cZQ,https://www.tech-week.com/calendar/nyc
4899,Last Call for Resumes,2026-06-01,17:30:00,Monday,2026-06-01 17:30,New York City,Brooklyn,Brooklyn,Evening,VCAR,VCAR,,VCAR,vcar,False,,https://partiful.com/e/t0O0kfWCNoBezm5F5x75,t0O0kfWCNoBezm5F5x75,https://www.tech-week.com/calendar/nyc
4986,Totems of Hope: Your Brain on Philanthropy,2026-06-01,17:30:00,Monday,2026-06-01 17:30,New York City,Upper East Side,Upper East Side,Evening,Totems of Hope: Your Brain on Philanthropy,Totems of Hope: Your Brain on Philanthropy,,Totems of Hope: Your Brain on Philanthropy,totems-of-hope-your-brain-on-philanthropy,False,,https://partiful.com/e/SgKlRCyR9G7xYn2ftKRu,SgKlRCyR9G7xYn2ftKRu,https://www.tech-week.com/calendar/nyc
5025,The Next Phase of Enterprise Systems,2026-06-01,17:30:00,Monday,2026-06-01 17:30,New York City,Hudson Yards,Hudson Yards,Evening,SAP,SAP,Insight Partners,SAP; Insight Partners,sap; insight-partners,False,,https://partiful.com/e/oNqXTMT4ntbsqL7PuZJ7,oNqXTMT4ntbsqL7PuZJ7,https://www.tech-week.com/calendar/nyc
5035,CFO Dinner - Future of Pricing in AI,2026-06-01,17:30:00,Monday,2026-06-01 17:30,New York City,West Village,West Village,Evening,Tabs,Tabs,,Tabs,tabs,False,,https://partiful.com/e/b9eWW3hyaBDVJD4tFS6c,b9eWW3hyaBDVJD4tFS6c,https://www.tech-week.com/calendar/nyc
6171,Rooftop Kickoff Cocktails - IBM & Tech:NYC,2026-06-01,17:30:00,Monday,2026-06-01 17:30,New York City,Flatiron,Flatiron,Evening,IBM,IBM,Tech:NYC,IBM; Tech:NYC,ibm; tech-nyc,True,platinum,,,https://www.tech-week.com/calendar/nyc
6450,How To Get Your First 1000 Customers: A Zero To One Hands-On Workshop,2026-06-01,17:30:00,Monday,2026-06-01 17:30,New York City,Brooklyn,Brooklyn,Evening,No BS Startup Coach,No BS Startup Coach,,No BS Startup Coach,no-bs-startup-coach,False,,https://partiful.com/e/7ZDTUGm5kB3iRZj9S5zc,7ZDTUGm5kB3iRZj9S5zc,https://www.tech-week.com/calendar/nyc
6455,Leading HR Through the AI Revolution,2026-06-01,17:30:00,Monday,2026-06-01 17:30,New York City,Financial District,Financial District,Evening,Bereisheet Tech,Bereisheet Tech,,Bereisheet Tech,bereisheet-tech,False,,https://partiful.com/e/BFLcrBj99wiF87EefZM3,BFLcrBj99wiF87EefZM3,https://www.tech-week.com/calendar/nyc
6527,Health Tech Happy Hour,2026-06-01,17:30:00,Monday,2026-06-01 17:30,New York City,Nomad,Nomad,Evening,Aegis Ventures,Aegis Ventures,,Aegis Ventures,aegis-ventures,True,,,,https://www.tech-week.com/calendar/nyc
4714,NYC Tech Week Pitch Competition,2026-06-01,17:45:00,Monday,2026-06-01 17:45,New York City,Midtown,Midtown,Evening,Propel Earth,Propel Earth,,Propel Earth,propel-earth,False,,https://partiful.com/e/t8YZUAfBPV56O8zW2dER,t8YZUAfBPV56O8zW2dER,https://www.tech-week.com/calendar/nyc
107,Scale Without the Burn in AZ: A Private Founder Dinner,2026-06-01,18:00:00,Monday,2026-06-01 18:00,New York City,Hudson Yards,Hudson Yards,Evening,Arizona Commerce Authority,Arizona Commerce Authority (ACA),Musa Capital,Arizona Commerce Authority (ACA); Musa Capital,arizona-commerce-authority; musa-capital,False,,https://partiful.com/e/ZUYiQONLFm1fcVMiVAL2,ZUYiQONLFm1fcVMiVAL2,https://www.tech-week.com/calendar/nyc
4053,UAtech Venture Night @ Tech Week New York – The Ultimate Startup & Investor Experience!,2026-06-01,18:00:00,Monday,2026-06-01 18:00,New York City,Financial District,Financial District,Evening,UATech,UATech,,UATech,uatech,False,,https://partiful.com/e/LySYDSs3YifkvyBykscZ,LySYDSs3YifkvyBykscZ,https://www.tech-week.com/calendar/nyc
4103,Healthtech Funders + Founders Happy Hour,2026-06-01,18:00:00,Monday,2026-06-01 18:00,New York City,Chinatown,Chinatown,Evening,Health2047,Health2047,,Health2047,health2047,False,,https://partiful.com/e/Qjruk2dwZb16a4TFqSaN,Qjruk2dwZb16a4TFqSaN,https://www.tech-week.com/calendar/nyc
4215,UAtech Venture Night @ Tech Week New York – The Ultimate Startup & Investor Experience!,2026-06-01,18:00:00,Monday,2026-06-01 18:00,New York City,Financial District,Financial District,Evening,UATech,UATech,,UATech,uatech,False,,https://partiful.com/e/LySYDSs3YifkvyBykscZ,LySYDSs3YifkvyBykscZ,https://www.tech-week.com/calendar/nyc
4232,Adv. South Asians in Tech & Finance,2026-06-01,18:00:00,Monday,2026-06-01 18:00,New York City,Chelsea,Chelsea,Evening,ABCD Connections,ABCD Connections,,ABCD Connections,abcd-connections,False,,https://partiful.com/e/qbTTgye3Wwh478cYoHs4,qbTTgye3Wwh478cYoHs4,https://www.tech-week.com/calendar/nyc
4251,Digital Health Dinner,2026-06-01,18:00:00,Monday,2026-06-01 18:00,New York City,Nomad,Nomad,Evening,Manatt,Manatt,J.P. Morgan; Milken Institute,Manatt; J.P. Morgan; Milken Institute,manatt; j-p-morgan; milken-institute,True,,,,https://www.tech-week.com/calendar/nyc
4431,Roast Nights by Genspark,2026-06-01,18:00:00,Monday,2026-06-01 18:00,New York City,SoHo,SoHo,Evening,Genspark,Genspark,,Genspark,genspark,False,,https://partiful.com/e/qmLdPVRWyMYt2UfIsKKD,qmLdPVRWyMYt2UfIsKKD,https://www.tech-week.com/calendar/nyc
4532,Decoding Legal AI’s Talent Market,2026-06-01,18:00:00,Monday,2026-06-01 18:00,New York City,Flatiron,Flatiron,Evening,Sandstone,Sandstone,Crux,Sandstone; Crux,sandstone; crux,False,,https://partiful.com/e/RJncgbukJw5Il9UPb378,RJncgbukJw5Il9UPb378,https://www.tech-week.com/calendar/nyc
4644,Stripe x a16z Supper Club,2026-06-01,18:00:00,Monday,2026-06-01 18:00,New York City,SoHo,SoHo,Evening,Stripe,Stripe,,Stripe,stripe,False,,https://partiful.com/e/YFlFyVXYl8MFYSUapd3o,YFlFyVXYl8MFYSUapd3o,https://www.tech-week.com/calendar/nyc
4874,Earnings vs. Ethics in the Age of AI,2026-06-01,18:00:00,Monday,2026-06-01 18:00,New York City,Midtown,Midtown,Evening,Kirkland & Ellis,Kirkland & Ellis,Fordham University Gabelli School of Business,Kirkland & Ellis; Fordham University Gabelli School of Business,kirkland-ellis; fordham-university-gabelli-school-of-business,False,,https://partiful.com/e/U0LZzHA1qWQO0QvduT3C,U0LZzHA1qWQO0QvduT3C,https://www.tech-week.com/calendar/nyc
4967,Unlocking Cognitive Performance,2026-06-01,18:00:00,Monday,2026-06-01 18:00,New York City,Flatiron,Flatiron,Evening,Soma Precision Health,Soma Precision Health,,Soma Precision Health,soma-precision-health,False,,https://partiful.com/e/y3W21qxluv8fC7wmqg6w,y3W21qxluv8fC7wmqg6w,https://www.tech-week.com/calendar/nyc
5262,Advertising & Marketing Mixer,2026-06-01,18:00:00,Monday,2026-06-01 18:00,New York City,Union Square,Union Square,Evening,Technology Founders of America,Technology Founders of America,,Technology Founders of America,technology-founders-of-america,False,,https://partiful.com/e/sLMniNFeuyQo2DIlR81o,sLMniNFeuyQo2DIlR81o,https://www.tech-week.com/calendar/nyc
5282,VoiceScale Launch Party,2026-06-01,18:00:00,Monday,2026-06-01 18:00,New York City,Hudson Yards,Hudson Yards,Evening,VoiceScale,VoiceScale,,VoiceScale,voicescale,False,,https://partiful.com/e/TL8MXl8qHPqIAkpnfOeL,TL8MXl8qHPqIAkpnfOeL,https://www.tech-week.com/calendar/nyc
5608,Future Forward w/ J.P. Morgan,2026-06-01,18:00:00,Monday,2026-06-01 18:00,New York City,Midtown,Midtown,Evening,J.P. Morgan,J.P. Morgan,,J.P. Morgan,j-p-morgan,False,,https://partiful.com/e/VWOXJodKGekLVm8asBjU,VWOXJodKGekLVm8asBjU,https://www.tech-week.com/calendar/nyc
5635,The job market in the age of AI,2026-06-01,18:00:00,Monday,2026-06-01 18:00,New York City,Midtown,Midtown,Evening,Unlocked Consultancy,Unlocked Consultancy,Gartner,Unlocked Consultancy; Gartner,unlocked-consultancy; gartner,False,,https://partiful.com/e/pBO053WMRiTeA0rADpmR,pBO053WMRiTeA0rADpmR,https://www.tech-week.com/calendar/nyc
5639,The job market in the age of AI,2026-06-01,18:00:00,Monday,2026-06-01 18:00,New York City,Midtown,Midtown,Evening,Unlocked Consultancy,Unlocked Consultancy,Gartner,Unlocked Consultancy; Gartner,unlocked-consultancy; gartner,False,,https://partiful.com/e/pBO053WMRiTeA0rADpmR,pBO053WMRiTeA0rADpmR,https://www.tech-week.com/calendar/nyc
5926,What if healthcare moved as fast as everything else?,2026-06-01,18:00:00,Monday,2026-06-01 18:00,New York City,Flatiron,Flatiron,Evening,Willow Health,Willow Health,,Willow Health,willow-health,False,,https://partiful.com/e/NGgfzMriEK2HgnbSsvzs,NGgfzMriEK2HgnbSsvzs,https://www.tech-week.com/calendar/nyc
5962,Software for Hardware: The Tools Powering Robotics & Embodied AI,2026-06-01,18:00:00,Monday,2026-06-01 18:00,New York City,Union Square,Union Square,Evening,New York Robotics,New York Robotics,NY Tech Alliance,New York Robotics; NY Tech Alliance,new-york-robotics; ny-tech-alliance,False,,https://partiful.com/e/09a0qPKv0cSOIOSGxjTQ,09a0qPKv0cSOIOSGxjTQ,https://www.tech-week.com/calendar/nyc
5965,Healthcare AI In the Clinic - Panel & Networking,2026-06-01,18:00:00,Monday,2026-06-01 18:00,New York City,Midtown,Midtown,Evening,Confido Health,Confido Health,,Confido Health,confido-health,False,,https://partiful.com/e/HGE7C0HO0VIVhZG5wJwX,HGE7C0HO0VIVhZG5wJwX,https://www.tech-week.com/calendar/nyc
5970,Women Founder & Funder Dinner,2026-06-01,18:00:00,Monday,2026-06-01 18:00,New York City,Financial District,Financial District,Evening,EchoHer,EchoHer,One Wall Street,EchoHer; One Wall Street,echoher; one-wall-street,False,,https://partiful.com/e/TDVls3ivYND4qPkb5ltW,TDVls3ivYND4qPkb5ltW,https://www.tech-week.com/calendar/nyc
5975,Good retrieval = good agents hackathon,2026-06-01,18:00:00,Monday,2026-06-01 18:00,New York City,Flatiron,Flatiron,Evening,Shaped,Shaped,,Shaped,shaped,False,,https://partiful.com/e/4WmNb227JLOKmvufTsET,4WmNb227JLOKmvufTsET,https://www.tech-week.com/calendar/nyc
5978,Open Source Must Win,2026-06-01,18:00:00,Monday,2026-06-01 18:00,New York City,Lower East Side,Lower East Side,Evening,OPEN SOURCE WEEK,OPEN SOURCE WEEK,,OPEN SOURCE WEEK,open-source-week,False,,https://partiful.com/e/OF1vP5L8dtXKRtInyWKs,OF1vP5L8dtXKRtInyWKs,https://www.tech-week.com/calendar/nyc
6181,NYC Tech Week Brooklyn Kickoff Zo Happy Hour,2026-06-01,18:00:00,Monday,2026-06-01 18:00,New York City,Brooklyn,Brooklyn,Evening,Zo Company,Zo Company,,Zo Company,zo-company,False,,https://partiful.com/e/RLhDCt8BJz36bQu16hDY,RLhDCt8BJz36bQu16hDY,https://www.tech-week.com/calendar/nyc
6200,Japan x NYC Startup Mixer @ Jungle of Invention,2026-06-01,18:00:00,Monday,2026-06-01 18:00,New York City,Brooklyn,Brooklyn,Evening,FreakOut HD,FreakOut HD,,FreakOut HD,freakout-hd,False,,https://partiful.com/e/k0Z3WGdanIGHlTsvsAqW,k0Z3WGdanIGHlTsvsAqW,https://www.tech-week.com/calendar/nyc
6357,Trust Issues - A Traitors style game for NYTW,2026-06-01,18:00:00,Monday,2026-06-01 18:00,New York City,West Village,West Village,Evening,Axis Labs,Axis Labs,,Axis Labs,axis-labs,False,,https://partiful.com/e/1K4RUKGNdOY7K8EvJB1B,1K4RUKGNdOY7K8EvJB1B,https://www.tech-week.com/calendar/nyc
6492,NY Tech Week: ML & Engineering Connect SoHo Happy Hour,2026-06-01,18:00:00,Monday,2026-06-01 18:00,New York City,SoHo,SoHo,Evening,R37 Lab - R1 RCM,R37 Lab - R1 RCM,,R37 Lab - R1 RCM,r37-lab-r1-rcm,False,,https://partiful.com/e/7ILtx8BRwV10Vo6CtHGb,7ILtx8BRwV10Vo6CtHGb,https://www.tech-week.com/calendar/nyc
6506,Fintech Engineers Happy Hour,2026-06-01,18:00:00,Monday,2026-06-01 18:00,New York City,SoHo,SoHo,Evening,Dots (YC S21),Dots (YC S21),,Dots (YC S21),dots-yc-s21,False,,https://partiful.com/e/pmDosvwgBQPxLVDk8WWb,pmDosvwgBQPxLVDk8WWb,https://www.tech-week.com/calendar/nyc
6567,Rhino User Meetup,2026-06-01,18:00:00,Monday,2026-06-01 18:00,New York City,Financial District,Financial District,Evening,Raven,Raven,McNeel,Raven; McNeel,raven; mcneel,False,,https://partiful.com/e/pE0mRfPx7XPRe9uegQyl,pE0mRfPx7XPRe9uegQyl,https://www.tech-week.com/calendar/nyc
6596,AI Agents in Finance - The Next Wave of Adoption,2026-06-01,18:00:00,Monday,2026-06-01 18:00,New York City,Nomad,Nomad,Evening,Women Leading AI,Women in AI,,Women in AI,women-in-ai,False,,https://partiful.com/e/qpq2DX18rcPKN4LDTtJb,qpq2DX18rcPKN4LDTtJb,https://www.tech-week.com/calendar/nyc
264,Right To Invest - Opening Night,2026-06-01,18:30:00,Monday,2026-06-01 18:30,New York City,Flatiron,Flatiron,Evening,Right To Invest,Right To Invest,Pier,Right To Invest; Pier,right-to-invest; pier,False,,https://partiful.com/e/OAnyZlPESteKmm6ypzfC,OAnyZlPESteKmm6ypzfC,https://www.tech-week.com/calendar/nyc
4200,NYC B2B: AI Founders & Investors Mixer,2026-06-01,18:30:00,Monday,2026-06-01 18:30,New York City,Financial District,Financial District,Evening,NYC B2B,NYC B2B,,NYC B2B,nyc-b2b,False,,https://partiful.com/e/oQvmxTsHOVayx47ok3li,oQvmxTsHOVayx47ok3li,https://www.tech-week.com/calendar/nyc
4880,The Great Lab Exit: From Academia to Funded Ventures,2026-06-01,18:30:00,Monday,2026-06-01 18:30,New York City,Midtown,Midtown,Evening,Nucleate,Nucleate,Scalpels & Spreadsheets,Nucleate; Scalpels & Spreadsheets,nucleate; scalpels-spreadsheets,False,,https://partiful.com/e/mPWLkFDlQr5fo1NGtk1x,mPWLkFDlQr5fo1NGtk1x,https://www.tech-week.com/calendar/nyc
5484,The Holiday IRL,2026-06-01,18:30:00,Monday,2026-06-01 18:30,New York City,SoHo,SoHo,Evening,hoppswap,hoppswap,,hoppswap,hoppswap,True,,,,https://www.tech-week.com/calendar/nyc
5968,Official Tech Week Kickoff Party (hosted by Gamma x a16z),2026-06-01,18:30:00,Monday,2026-06-01 18:30,New York City,Lower East Side,Lower East Side,Evening,Gamma,Gamma,a16z,Gamma; a16z,gamma; a16z,False,platinum,https://partiful.com/e/JCwSwROiFoNl6u8gm2qb,JCwSwROiFoNl6u8gm2qb,https://www.tech-week.com/calendar/nyc
131,Grand Founders NY Tech Week Reception,2026-06-01,19:00:00,Monday,2026-06-01 19:00,New York City,Flatiron,Flatiron,Evening,Grand Founders,Grand Founders,,Grand Founders,grand-founders,True,,,,https://www.tech-week.com/calendar/nyc
4026,AI-matched dinners with Rauk AI [NEW YORK],2026-06-01,19:00:00,Monday,2026-06-01 19:00,New York City,Chelsea,Chelsea,Evening,RAUK AI,RAUK AI,,RAUK AI,rauk-ai,False,,https://partiful.com/e/qktgybxOIXcZUdLRLw4T,qktgybxOIXcZUdLRLw4T,https://www.tech-week.com/calendar/nyc
4530,True Confessions:AI Hype & Fundraising,2026-06-01,19:00:00,Monday,2026-06-01 19:00,New York City,SoHo,SoHo,Evening,Flywheel Strategy,Flywheel Strategy,Tech/ish,Flywheel Strategy; Tech/ish,flywheel-strategy; tech-ish,False,,https://partiful.com/e/PGgsiNcwPvVS7VW92mZM,PGgsiNcwPvVS7VW92mZM,https://www.tech-week.com/calendar/nyc
4641,Founders Exchange: Early Builders in the AI Era,2026-06-01,19:00:00,Monday,2026-06-01 19:00,New York City,Chelsea,Chelsea,Evening,Microsoft for Startups,Microsoft for Startups,,Microsoft for Startups,microsoft-for-startups,True,,,,https://www.tech-week.com/calendar/nyc
4966,The Future of Israel–U.S. Business & Tech Leadership,2026-06-01,19:00:00,Monday,2026-06-01 19:00,New York City,Midtown,Midtown,Evening,TAMID Group,TAMID Group,itrek; Vision 2048,TAMID Group; itrek; Vision 2048,tamid-group; itrek; vision-2048,False,,https://partiful.com/e/BVopvJ4CHEgyM44al47F,BVopvJ4CHEgyM44al47F,https://www.tech-week.com/calendar/nyc
5095,Flirt Tank,2026-06-01,19:00:00,Monday,2026-06-01 19:00,New York City,East Village,East Village,Evening,Live Different Comedy,Live Different Comedy,,Live Different Comedy,live-different-comedy,False,,https://partiful.com/e/0N6FdZhl3OG9e30QWIsw,0N6FdZhl3OG9e30QWIsw,https://www.tech-week.com/calendar/nyc
5375,Startup Founders + Tech Professionals Happy Hour,2026-06-01,19:00:00,Monday,2026-06-01 19:00,New York City,Midtown,Midtown,Evening,Startup Oasis,Startup Oasis,,Startup Oasis,startup-oasis,False,,https://partiful.com/e/nsJWESaFmNRxg58VfNjT,nsJWESaFmNRxg58VfNjT,https://www.tech-week.com/calendar/nyc
5395,The Leap: From Executive to Founder,2026-06-01,19:00:00,Monday,2026-06-01 19:00,New York City,Chinatown,Chinatown,Evening,Build Momentum,Build Momentum,,Build Momentum,build-momentum,False,,https://partiful.com/e/YI7TdarS61gA5leaFsR2,YI7TdarS61gA5leaFsR2,https://www.tech-week.com/calendar/nyc
5550,"AI, Time, The Future of Computer",2026-06-01,19:00:00,Monday,2026-06-01 19:00,New York City,Midtown,Midtown,Evening,Jetzy,Jetzy,,Jetzy,jetzy,False,,https://partiful.com/e/5C4IsRfc64DvXZoSOto6,5C4IsRfc64DvXZoSOto6,https://www.tech-week.com/calendar/nyc
6332,SOLO UNICORN HOUR — Day 1 Debrief,2026-06-01,19:00:00,Monday,2026-06-01 19:00,New York City,Midtown,Midtown,Evening,Solo Unicorn Club,Solo Unicorn Club,Manhattan Elite Club,Solo Unicorn Club; Manhattan Elite Club,solo-unicorn-club; manhattan-elite-club,False,,https://partiful.com/e/ZvcuMmgNFFdga0eFdy5R,ZvcuMmgNFFdga0eFdy5R,https://www.tech-week.com/calendar/nyc
4970,Happy Hour with Verb,2026-06-01,20:00:00,Monday,2026-06-01 20:00,New York City,Flatiron,Flatiron,Evening,Verb,Verb,,Verb,verb,False,,https://partiful.com/e/FNVoGRinp7Ppozgs0wmb,FNVoGRinp7Ppozgs0wmb,https://www.tech-week.com/calendar/nyc
6337,NY Tech Week Opening After Party by Madeline & Co. + Excelsior Edge Ventures,2026-06-01,20:00:00,Monday,2026-06-01 20:00,New York City,SoHo,SoHo,Evening,Madeline & Co.,Madeline & Co.,Excelsior Edge Ventures,Madeline & Co.; Excelsior Edge Ventures,madeline-co; excelsior-edge-ventures,False,,https://partiful.com/e/SoDNNl5aPjceB4M661s4,SoDNNl5aPjceB4M661s4,https://www.tech-week.com/calendar/nyc
5322,Move Over Viral Dr. Pepper - Meet the Billion Views Creator-A Million Views for Brands & Creators,2026-06-01,20:30:00,Monday,2026-06-01 20:30,New York City,Brooklyn,Brooklyn,Evening,VCAR,VCAR,,VCAR,vcar,False,,https://partiful.com/e/aj9i4KLrw0lbSx1qRC2k,aj9i4KLrw0lbSx1qRC2k,https://www.tech-week.com/calendar/nyc
4661,BOXCLUB - Founders & Investors Social Boxing Class,2026-06-02,07:00:00,Tuesday,2026-06-02 07:00,New York City,Tribeca,Tribeca,Morning,BOXCLUB,BOXCLUB,,BOXCLUB,boxclub,False,,https://partiful.com/e/YzPaCE875DoVvWVPo4Rh,YzPaCE875DoVvWVPo4Rh,https://www.tech-week.com/calendar/nyc
6658,Founders Run & Coffee!,2026-06-02,07:00:00,Tuesday,2026-06-02 07:00,New York City,West Village,West Village,Morning,Founder House,Founder House,,Founder House,the-founders-house,False,,https://partiful.com/e/O53OgLYjmATsfG8LtciO,O53OgLYjmATsfG8LtciO,https://www.tech-week.com/calendar/nyc
6444,FEMALE FOUNDERS & FUNDERS RUN,2026-06-02,07:15:00,Tuesday,2026-06-02 07:15,New York City,West Village,West Village,Morning,Slow Girl Run Club,Slow Girl Run Club,,Slow Girl Run Club,slow-girl-run-club,False,,https://partiful.com/e/6P62aj9sdBO8Nk6BSYqJ,6P62aj9sdBO8Nk6BSYqJ,https://www.tech-week.com/calendar/nyc
73,Calm before the storm...NY Tech Week Breakfast,2026-06-02,07:30:00,Tuesday,2026-06-02 07:30,New York City,Midtown,Midtown,Morning,The Lighthouse,Lighthouse,FBT Gibbons; Lorimer Ventures,Lighthouse; FBT Gibbons; Lorimer Ventures,the-lighthouse; fbt-gibbons; lorimer-ventures,False,,https://partiful.com/e/5CiOULh6wh0ooq6LeF6X,5CiOULh6wh0ooq6LeF6X,https://www.tech-week.com/calendar/nyc
4084,AI & Biotech Runtime,2026-06-02,07:30:00,Tuesday,2026-06-02 07:30,New York City,Midtown,Midtown,Morning,Formation Bio,Formation Bio,,Formation Bio,formation-bio,False,,https://partiful.com/e/Dy7rUqrhVPwyYkQeucJK,Dy7rUqrhVPwyYkQeucJK,https://www.tech-week.com/calendar/nyc
4262,Pitch and Run Prospect Park,2026-06-02,07:30:00,Tuesday,2026-06-02 07:30,New York City,Brooklyn,Brooklyn,Morning,KW Angel Fund,KW Angel Fund,,KW Angel Fund,kw-angel-fund,False,,https://partiful.com/e/yMopZQoWus4HS62kkqNN,yMopZQoWus4HS62kkqNN,https://www.tech-week.com/calendar/nyc
4217,"Breakfast with Nirvana & Health Tech Nerds: Bagels, Coffee & Digital Health",2026-06-02,08:00:00,Tuesday,2026-06-02 08:00,New York City,Union Square,Union Square,Morning,Nirvana,Nirvana,,Nirvana,nirvana,False,,https://partiful.com/e/Uw9rS8e5eoX6wXWsU2ii,Uw9rS8e5eoX6wXWsU2ii,https://www.tech-week.com/calendar/nyc
4270,The Exit Breakfast,2026-06-02,08:00:00,Tuesday,2026-06-02 08:00,New York City,SoHo,SoHo,Morning,Colectivo,Colectivo,,Colectivo,colectivo,False,,https://partiful.com/e/GWxdINK4i24WU6zh9TCU,GWxdINK4i24WU6zh9TCU,https://www.tech-week.com/calendar/nyc
4700,AI Gaming on CTV,2026-06-02,08:00:00,Tuesday,2026-06-02 08:00,New York City,Midtown,Midtown,Morning,Gameloop,Gameloop,,Gameloop,gameloop,True,,,,https://www.tech-week.com/calendar/nyc
4753,Brewing Connections: Colombian Coffee Tasting,2026-06-02,08:00:00,Tuesday,2026-06-02 08:00,New York City,SoHo,SoHo,Morning,Alt-Black,Alt-Black,TriNet,Alt-Black; TriNet,alt-black; trinet,False,,https://partiful.com/e/EUVI0jAllN2saIRbyioQ,EUVI0jAllN2saIRbyioQ,https://www.tech-week.com/calendar/nyc
4816,Run & Raise: 5K Social Run,2026-06-02,08:00:00,Tuesday,2026-06-02 08:00,New York City,Chelsea,Chelsea,Morning,DealMaker,DealMaker,,DealMaker,dealmaker,False,,https://partiful.com/e/98lfOziRko2ulu1smDbv,98lfOziRko2ulu1smDbv,https://www.tech-week.com/calendar/nyc
5013,Tech IPO Summit: The path from private to public,2026-06-02,08:00:00,Tuesday,2026-06-02 08:00,New York City,Flatiron,Flatiron,Morning,Goodfin,Goodfin,,Goodfin,goodfin,False,,https://partiful.com/e/suiUkzxWKTrNjbWRUoAe,suiUkzxWKTrNjbWRUoAe,https://www.tech-week.com/calendar/nyc
5472,Cut through noise & make the news: media panel for founders,2026-06-02,08:00:00,Tuesday,2026-06-02 08:00,New York City,Financial District,Financial District,Morning,LaunchLink Communications,LaunchLink Communications,Pressto AI,LaunchLink Communications; Pressto AI,launchlink-communications; pressto-ai,False,,https://partiful.com/e/gx05U9GiNs8y0Rh7lC2E,gx05U9GiNs8y0Rh7lC2E,https://www.tech-week.com/calendar/nyc
5613,4th Annual NY Tech Week Soccer Championship,2026-06-02,08:00:00,Tuesday,2026-06-02 08:00,New York City,Chelsea,Chelsea,Morning,StartupExperts,StartupExperts,Alumni Ventures,StartupExperts; Alumni Ventures,startupexperts; alumni-ventures,False,,https://partiful.com/e/ea6MPpQj3n4C3BqH4qLl,ea6MPpQj3n4C3BqH4qLl,https://www.tech-week.com/calendar/nyc
5616,4th Annual NY Tech Week Soccer Championship,2026-06-02,08:00:00,Tuesday,2026-06-02 08:00,New York City,East Village,East Village,Morning,StartupExperts,StartupExperts,Alumni Ventures,StartupExperts; Alumni Ventures,startupexperts; alumni-ventures,False,,https://partiful.com/e/ea6MPpQj3n4C3BqH4qLl,ea6MPpQj3n4C3BqH4qLl,https://www.tech-week.com/calendar/nyc
6175,Fenwick Fun Run,2026-06-02,08:00:00,Tuesday,2026-06-02 08:00,New York City,Flatiron,Flatiron,Morning,Fenwick,Fenwick,,Fenwick,fenwick,False,platinum,https://partiful.com/e/BflyCpXXs8gQCLPyme7y,BflyCpXXs8gQCLPyme7y,https://www.tech-week.com/calendar/nyc
6603,Vanderbilt Founders x Investors Breakfast,2026-06-02,08:00:00,Tuesday,2026-06-02 08:00,New York City,Chelsea,Chelsea,Morning,Vanderbilt Center for Entrepreneurship,Vanderbilt Center for Entrepreneurship,,Vanderbilt Center for Entrepreneurship,vanderbilt-center-for-entrepreneurship,False,,https://partiful.com/e/56JZd57ccfmBIPipRzxG,56JZd57ccfmBIPipRzxG,https://www.tech-week.com/calendar/nyc
4,Raising Capital in Today’s Tech Market - An insider conversation with VCs and family offices,2026-06-02,08:30:00,Tuesday,2026-06-02 08:30,New York City,Midtown,Midtown,Morning,RSM,RSM,,RSM,rsm,False,,https://partiful.com/e/D0zhXwwvQVDKz26IKab3,D0zhXwwvQVDKz26IKab3,https://www.tech-week.com/calendar/nyc
4376,Ironspring Ventures/Eclipse/SVB Industrial Tech Breakfast,2026-06-02,08:30:00,Tuesday,2026-06-02 08:30,New York City,Midtown,Midtown,Morning,Ironspring Ventures,Ironspring Ventures,SVB; Eclipse,Ironspring Ventures; SVB; Eclipse,ironspring-ventures; svb; eclipse,False,,https://partiful.com/e/ot8041Lhdg9cEm9rludb,ot8041Lhdg9cEm9rludb,https://www.tech-week.com/calendar/nyc
4652,"GTM Breakfast: Rooftop, Robots & Revenue",2026-06-02,08:30:00,Tuesday,2026-06-02 08:30,New York City,Flatiron,Flatiron,Morning,Default,Default,People Data Labs,Default; People Data Labs,default; people-data-labs,False,,https://partiful.com/e/eP89tnFPXauq0Uwoq45t,eP89tnFPXauq0Uwoq45t,https://www.tech-week.com/calendar/nyc
4760,Calm-pliance Cafe,2026-06-02,08:30:00,Tuesday,2026-06-02 08:30,New York City,Flatiron,Flatiron,Morning,Vanta,Vanta,,Vanta,vanta,False,,https://partiful.com/e/PgC9007xbQZuIyeFn7bv,PgC9007xbQZuIyeFn7bv,https://www.tech-week.com/calendar/nyc
5141,The AI Founder Playbook: Breakfast & Panel @ Microsoft,2026-06-02,08:30:00,Tuesday,2026-06-02 08:30,New York City,Financial District,Financial District,Morning,Microsoft,Microsoft,,Microsoft,microsoft,False,,https://partiful.com/e/jYCTZCrfy1mYhHbJm771,jYCTZCrfy1mYhHbJm771,https://www.tech-week.com/calendar/nyc
5182,Fueling Founders: Brex + DoorDash for Business,2026-06-02,08:30:00,Tuesday,2026-06-02 08:30,New York City,Flatiron,Flatiron,Morning,DoorDash for Business,DoorDash for Business,Brex,DoorDash for Business; Brex,doordash-for-business; brex,False,,https://partiful.com/e/YcSebrL4YrehGiEKdpxi,YcSebrL4YrehGiEKdpxi,https://www.tech-week.com/calendar/nyc
6287,VC Breakfast [Hosted by Collab Fund x J2 x Rho],2026-06-02,08:30:00,Tuesday,2026-06-02 08:30,New York City,Flatiron,Flatiron,Morning,J2 Ventures,J2 Ventures,Rho; Collab Fund,J2 Ventures; Rho; Collab Fund,j2-ventures; rho; collab-fund,False,,https://partiful.com/e/W1pVUsH2vjwnOsmqM7QT,W1pVUsH2vjwnOsmqM7QT,https://www.tech-week.com/calendar/nyc
6414,Fueling Founders: Brex + DoorDash for Business,2026-06-02,08:30:00,Tuesday,2026-06-02 08:30,New York City,Flatiron,Flatiron,Morning,DoorDash for Business,DoorDash for Business,Brex,DoorDash for Business; Brex,doordash-for-business; brex,False,,https://partiful.com/e/YcSebrL4YrehGiEKdpxi,YcSebrL4YrehGiEKdpxi,https://www.tech-week.com/calendar/nyc
15,Executive Builders Summit with Lovable,2026-06-02,09:00:00,Tuesday,2026-06-02 09:00,New York City,Midtown,Midtown,Morning,Paradigm,Paradigm,,Paradigm,paradigm,False,,https://partiful.com/e/sBD7XOrpWuin4ANLc19O,sBD7XOrpWuin4ANLc19O,https://www.tech-week.com/calendar/nyc
43,Everywhere Ventures Pre-seed founders breakfast,2026-06-02,09:00:00,Tuesday,2026-06-02 09:00,New York City,Nomad,Nomad,Morning,Everywhere Ventures,Everywhere Ventures,Microsoft for Startups,Everywhere Ventures; Microsoft for Startups,everywhere-ventures; microsoft-for-startups,False,,https://partiful.com/e/z0pJ3D36syV16PqYu8HK,z0pJ3D36syV16PqYu8HK,https://www.tech-week.com/calendar/nyc
181,Fintech CFO Office Hours,2026-06-02,09:00:00,Tuesday,2026-06-02 09:00,New York City,Midtown,Midtown,Morning,Scalepoint Advisors,Scalepoint Advisors,,Scalepoint Advisors,scalepoint-advisors,False,,https://partiful.com/e/YCxJ1L7QWreA9OWcKFau,YCxJ1L7QWreA9OWcKFau,https://www.tech-week.com/calendar/nyc
4045,Big IDEAS @ Big SNOW - 2026,2026-06-02,09:00:00,Tuesday,2026-06-02 09:00,New York City,Hudson Yards,Hudson Yards,Morning,Sidecut Ventures,Sidecut Ventures,,Sidecut Ventures,sidecut-ventures,False,,https://partiful.com/e/IYJwzTXfQeIaIL1YqCg7,IYJwzTXfQeIaIL1YqCg7,https://www.tech-week.com/calendar/nyc
4244,Agentic Commerce: Build Day,2026-06-02,09:00:00,Tuesday,2026-06-02 09:00,New York City,SoHo,SoHo,Morning,Tavily AI,Tavily AI,Microsoft,Tavily AI; Microsoft,tavily-ai; microsoft,False,,https://partiful.com/e/yZ0XKuQUzUUArbmiCNh5,yZ0XKuQUzUUArbmiCNh5,https://www.tech-week.com/calendar/nyc
4304,Stop Scaling Churn: What Founders Get Wrong About Customer Success,2026-06-02,09:00:00,Tuesday,2026-06-02 09:00,New York City,Nomad,Nomad,Morning,Customer Over Chaos,Customer Over Chaos,,Customer Over Chaos,customer-over-chaos,False,,https://partiful.com/e/gM5zKPJV8oJRiBVnmwEf,gM5zKPJV8oJRiBVnmwEf,https://www.tech-week.com/calendar/nyc
4330,J.P. Morgan Payments x Tech:NYC Media Breakfast,2026-06-02,09:00:00,Tuesday,2026-06-02 09:00,New York City,Nomad,Nomad,Morning,Tech:NYC,Tech:NYC,J.P. Morgan Payments,Tech:NYC; J.P. Morgan Payments,tech-nyc; j-p-morgan-payments,False,,https://partiful.com/e/YMJqaazX8LrxwxExRStJ,YMJqaazX8LrxwxExRStJ,https://www.tech-week.com/calendar/nyc
4784,FS Vector x Lithic x Tech Week Coffee Talk,2026-06-02,09:00:00,Tuesday,2026-06-02 09:00,New York City,Nomad,Nomad,Morning,FS Vector,FS Vector,,FS Vector,fs-vector,False,,https://partiful.com/e/yaaxNQZSjLZ40Sgx48Gh,yaaxNQZSjLZ40Sgx48Gh,https://www.tech-week.com/calendar/nyc
4892,"No AI Team, No Problem : The Multi-Agent Playbook For Teams & Enterprises.",2026-06-02,09:00:00,Tuesday,2026-06-02 09:00,New York City,Hudson Yards,Hudson Yards,Morning,Phinite AI,Phinite AI,Baker Tilly,Phinite AI; Baker Tilly,phinite-ai; baker-tilly,False,,https://partiful.com/e/CpZhOzE6JH2RuPZfKDgK,CpZhOzE6JH2RuPZfKDgK,https://www.tech-week.com/calendar/nyc
4906,Pre-Game,2026-06-02,09:00:00,Tuesday,2026-06-02 09:00,New York City,SoHo,SoHo,Morning,Golden Hour Ventures,Golden Hour Ventures,Dream Ventures,Golden Hour Ventures; Dream Ventures,golden-hour-ventures; dream-ventures,False,,https://partiful.com/e/JL5du0VlezG8MNoxYZ1S,JL5du0VlezG8MNoxYZ1S,https://www.tech-week.com/calendar/nyc
4996,The AI x Sustainability Paradox: Using Climate AI Responsibly,2026-06-02,09:00:00,Tuesday,2026-06-02 09:00,New York City,Midtown,Midtown,Morning,Women in Cleantech & Sustainability,Women in Cleantech and Sustainability,,Women in Cleantech and Sustainability,women-in-cleantech-and-sustainability,False,,https://partiful.com/e/oAkb6sUA678cbVtfJaKL,oAkb6sUA678cbVtfJaKL,https://www.tech-week.com/calendar/nyc
5369,Building LLM-powered products in production,2026-06-02,09:00:00,Tuesday,2026-06-02 09:00,New York City,Midtown,Midtown,Morning,Nanonit,Nanonit,,Nanonit,nanonit,False,,https://partiful.com/e/8syezYCs3htEpxRB2f9Q,8syezYCs3htEpxRB2f9Q,https://www.tech-week.com/calendar/nyc
5463,"The Female Tech Stack: Hormones, AI, & Money",2026-06-02,09:00:00,Tuesday,2026-06-02 09:00,New York City,Flatiron,Flatiron,Morning,Hannah Cranston Media (HCM),Hannah Cranston Media (HCM),Clair Health; Frich; FLORA (Flora Fertility),Hannah Cranston Media (HCM); Clair Health; Frich; FLORA (Flora Fertility),hannah-cranston-media-hcm; clair-health; frich; flora-flora-fertility,False,,https://partiful.com/e/3Bh9VU2spmA3kWHsroRE,3Bh9VU2spmA3kWHsroRE,https://www.tech-week.com/calendar/nyc
5931,The Business of Video: What’s Working Now (and What’s Next),2026-06-02,09:00:00,Tuesday,2026-06-02 09:00,New York City,Midtown,Midtown,Morning,Wistia,Wistia,,Wistia,wistia,False,,https://partiful.com/e/0vbjAvadzQtRjreGKQ0G,0vbjAvadzQtRjreGKQ0G,https://www.tech-week.com/calendar/nyc
5944,"Build, Buy or Borrow: Launching your product in the age of AI",2026-06-02,09:00:00,Tuesday,2026-06-02 09:00,New York City,Midtown,Midtown,Morning,Tavern Community NYC,Tavern Community NYC,,Tavern Community NYC,tavern-community-nyc,False,,https://partiful.com/e/3Ulq45rDvuTDjRsrSIPg,3Ulq45rDvuTDjRsrSIPg,https://www.tech-week.com/calendar/nyc
5973,"Building Teams in Uncertain Times: Scaling with Less, Leading Through AI",2026-06-02,09:00:00,Tuesday,2026-06-02 09:00,New York City,Tribeca,Tribeca,Morning,Lenhardt Partners,Lenhardt Partners,,Lenhardt Partners,lenhardt-partners,False,,https://partiful.com/e/Bcpy9EoBWF8FipvER3Bo,Bcpy9EoBWF8FipvER3Bo,https://www.tech-week.com/calendar/nyc
6328,Digital Identity: Fighting Consumer Fraud in Financial Services,2026-06-02,09:00:00,Tuesday,2026-06-02 09:00,New York City,Midtown,Midtown,Morning,Heka Global,Heka Global,Pearl Cohen,Heka Global; Pearl Cohen,heka-global; pearl-cohen,False,,https://partiful.com/e/qby7sUnWQut791gK5Y9Q,qby7sUnWQut791gK5Y9Q,https://www.tech-week.com/calendar/nyc
6359,Women Who Code Summit - #New York TechWeek,2026-06-02,09:00:00,Tuesday,2026-06-02 09:00,New York City,Financial District,Financial District,Morning,Women Who Code,Women Who Code,,Women Who Code,women-who-code,False,,https://partiful.com/e/MS799jnbmEb4W8981dii,MS799jnbmEb4W8981dii,https://www.tech-week.com/calendar/nyc
6502,Coworking Day at WeWork | June 2,2026-06-02,09:00:00,Tuesday,2026-06-02 09:00,New York City,Midtown,Midtown,Morning,WeWork,WeWork,,WeWork,wework,True,,,,https://www.tech-week.com/calendar/nyc
6520,Vercel's AI Cafe,2026-06-02,09:00:00,Tuesday,2026-06-02 09:00,New York City,Flatiron,Flatiron,Morning,Vercel,Vercel,,Vercel,vercel,False,gold,https://partiful.com/e/Qmtu47YtTIxUJ7JGzPSP,Qmtu47YtTIxUJ7JGzPSP,https://www.tech-week.com/calendar/nyc
6610,Cook with Cursor,2026-06-02,09:00:00,Tuesday,2026-06-02 09:00,New York City,SoHo,SoHo,Morning,Cursor,Cursor,,Cursor,cursor,False,,https://partiful.com/e/Xv4PHzfI7e2cuFQzaf1D,Xv4PHzfI7e2cuFQzaf1D,https://www.tech-week.com/calendar/nyc
5567,What Quantum Actually Means for Computing,2026-06-02,09:15:00,Tuesday,2026-06-02 09:15,New York City,Flatiron,Flatiron,Morning,IBM,IBM,,IBM,ibm,False,platinum,https://partiful.com/e/kQOkplcSkP79vs38zqvj,kQOkplcSkP79vs38zqvj,https://www.tech-week.com/calendar/nyc
6632,The Argentine Edge: From Deep Tech to Global Scale,2026-06-02,09:15:00,Tuesday,2026-06-02 09:15,New York City,Midtown,Midtown,Morning,Consulate General of Argentina in New York,Consulate General of Argentina in New York,,Consulate General of Argentina in New York,consulate-general-of-argentina-in-new-york,False,,https://partiful.com/e/BlZgZXgnXauVuQtAvgTc,BlZgZXgnXauVuQtAvgTc,https://www.tech-week.com/calendar/nyc
4019,B2B Early-Stage Founders & Funders Breakfast,2026-06-02,09:30:00,Tuesday,2026-06-02 09:30,New York City,Hudson Yards,Hudson Yards,Morning,Forum Ventures,Forum Ventures,Cooley LLP,Forum Ventures; Cooley LLP,forum-ventures; cooley-llp,False,gold,https://partiful.com/e/8ZT9dY3olgGbE54rwJLh,8ZT9dY3olgGbE54rwJLh,https://www.tech-week.com/calendar/nyc
4041,"Founders/VCs Breakfast Mixer w/ Qapita, RemoFirst & Wiggin",2026-06-02,09:30:00,Tuesday,2026-06-02 09:30,New York City,Chinatown,Chinatown,Morning,Qapita,Qapita,Remofirst,Qapita; Remofirst,qapita; remofirst,False,,https://partiful.com/e/hqc1Whoh5lLOU4ORC6tk,hqc1Whoh5lLOU4ORC6tk,https://www.tech-week.com/calendar/nyc
4320,GEO & PR Brunch,2026-06-02,10:00:00,Tuesday,2026-06-02 10:00,New York City,Midtown,Midtown,Morning,SUSO Digital,SUSO Digital,Peec AI,SUSO Digital; Peec AI,suso-digital; peec-ai,True,,,,https://www.tech-week.com/calendar/nyc
4451,"An A2A World: Who Builds It, Who Wins, and What's Still Missing",2026-06-02,10:00:00,Tuesday,2026-06-02 10:00,New York City,Midtown,Midtown,Morning,Dedalus Labs,Dedalus Labs,,Dedalus Labs,dedalus-labs,False,,https://partiful.com/e/G02MiaLzT1YRwCpzzFY0,G02MiaLzT1YRwCpzzFY0,https://www.tech-week.com/calendar/nyc
4488,🚀 From First Check to Exit: The Board Strategy Most Founders Don't Know They're Missing,2026-06-02,10:00:00,Tuesday,2026-06-02 10:00,New York City,Midtown,Midtown,Morning,The Fourth Effect,The Fourth Effect,,The Fourth Effect,the-fourth-effect,False,,https://partiful.com/e/Y1qPOFKb9fL9VUf0dHMi,Y1qPOFKb9fL9VUf0dHMi,https://www.tech-week.com/calendar/nyc
4698,B2B Founders Panel & Breakfast,2026-06-02,10:00:00,Tuesday,2026-06-02 10:00,New York City,Midtown,Midtown,Morning,BDev Ventures,BDev Ventures,"Stuf Storage; Western Alliance Bank, Member FDIC","BDev Ventures; Stuf Storage; Western Alliance Bank, Member FDIC",bdev-ventures; stuf-storage; western-alliance-bank-member-fdic,False,,https://partiful.com/e/a4otiT5uQNHYsG066urY,a4otiT5uQNHYsG066urY,https://www.tech-week.com/calendar/nyc
4770,Build for Humans Hackathon,2026-06-02,10:00:00,Tuesday,2026-06-02 10:00,New York City,Financial District,Financial District,Morning,American Technology Services,American Technology Services,,American Technology Services,american-technology-services,False,,https://partiful.com/e/p5m8QgLbsombtqkb71uO,p5m8QgLbsombtqkb71uO,https://www.tech-week.com/calendar/nyc
4797,Sick Care is Dead. What Comes Next?,2026-06-02,10:00:00,Tuesday,2026-06-02 10:00,New York City,Midtown,Midtown,Morning,Bright Signal Consulting,Bright Signal Consulting,Scalpels & Spreadsheets; VO Health,Bright Signal Consulting; Scalpels & Spreadsheets; VO Health,bright-signal-consulting; scalpels-spreadsheets; vo-health,False,,https://partiful.com/e/FY3KclQ7SZQRANVS4iYT,FY3KclQ7SZQRANVS4iYT,https://www.tech-week.com/calendar/nyc
4823,Startup to IPO Candidate in 3 Years: The Timeline Most Founders Don't know,2026-06-02,10:00:00,Tuesday,2026-06-02 10:00,New York City,Financial District,Financial District,Morning,Allin AI,Allin AI,,Allin AI,allin-ai,False,,https://partiful.com/e/vRLuXuKmW04TmEn0JgN0,vRLuXuKmW04TmEn0JgN0,https://www.tech-week.com/calendar/nyc
5111,Coffee Chat Manhattan: Faith In Business!,2026-06-02,10:00:00,Tuesday,2026-06-02 10:00,New York City,Upper Manhattan,Upper Manhattan,Morning,Travelbay,Travelbay,,Travelbay,travelbay,False,,https://partiful.com/e/SilVn4RefHTxrmE4dxa0,SilVn4RefHTxrmE4dxa0,https://www.tech-week.com/calendar/nyc
5409,Agent Era: How Women Founders Are Building AI That Works for Their Business,2026-06-02,10:00:00,Tuesday,2026-06-02 10:00,New York City,Chelsea,Chelsea,Morning,Black Women Talk Tech,Black Women Talk Tech,,Black Women Talk Tech,black-women-talk-tech-ny-tech-alliance,False,,https://partiful.com/e/4YRLsfNwwGUl2cmJjPX8,4YRLsfNwwGUl2cmJjPX8,https://www.tech-week.com/calendar/nyc
5443,An Engineering Mindset for AI Adoption Beyond Engineering,2026-06-02,10:00:00,Tuesday,2026-06-02 10:00,New York City,SoHo,SoHo,Morning,amp,amp,,amp,amp,False,,https://partiful.com/e/6IyrrQO0OeyIwFF8RdEz,6IyrrQO0OeyIwFF8RdEz,https://www.tech-week.com/calendar/nyc
5897,Founders & Executives: Move 5x Faster When Your Entire Team Vibe-Codes,2026-06-02,10:00:00,Tuesday,2026-06-02 10:00,New York City,Nomad,Nomad,Morning,Myop ltd,Myop ltd,,Myop ltd,myop-ltd,False,,https://partiful.com/e/CFjTRkUlOshQzLTgXxxX,CFjTRkUlOshQzLTgXxxX,https://www.tech-week.com/calendar/nyc
5924,Building AI-Powered Customer Retention Systems,2026-06-02,10:00:00,Tuesday,2026-06-02 10:00,New York City,Financial District,Financial District,Morning,Wooxy,Wooxy,,Wooxy,wooxy,False,,https://partiful.com/e/I3ROKuMjZcyfAcyUQcp8,I3ROKuMjZcyfAcyUQcp8,https://www.tech-week.com/calendar/nyc
6193,Future of Flight: From Innovation to Certification,2026-06-02,10:00:00,Tuesday,2026-06-02 10:00,New York City,Upper East Side,Upper East Side,Morning,Velocor & Maloy Aircraft,Velocor & Maloy Aircraft,Velocor,Velocor & Maloy Aircraft; Velocor,velocor-maloy-aircraft; velocor,False,,https://partiful.com/e/FmbvlZINAUmQsqMYdaNM,FmbvlZINAUmQsqMYdaNM,https://www.tech-week.com/calendar/nyc
6343,2026 NY K-Tech Demo Day,2026-06-02,10:00:00,Tuesday,2026-06-02 10:00,New York City,Midtown,Midtown,Morning,Korea SMEs and Startups Agency (KOSME),Korea SMEs and Startups Agency (KOSME),"Witness Creative Partners Inc.; ENOV SOLUTION, INC","Korea SMEs and Startups Agency (KOSME); Witness Creative Partners Inc.; ENOV SOLUTION, INC",korea-smes-and-startups-agency-kosme; witness-creative-partners-inc; enov-solution-inc,False,,https://partiful.com/e/gti2RppRB4R62eRuHQ6h,gti2RppRB4R62eRuHQ6h,https://www.tech-week.com/calendar/nyc
5397,Scotland: A tech hub for Europe,2026-06-02,10:30:00,Tuesday,2026-06-02 10:30,New York City,Upper Manhattan,Upper Manhattan,Morning,Halo Drive Ltd,Halo Drive Ltd,,Halo Drive Ltd,halo-drive-ltd,True,,,,https://www.tech-week.com/calendar/nyc
4271,Latino & LatAm Founders & Investors Speed Dating,2026-06-02,11:00:00,Tuesday,2026-06-02 11:00,New York City,Midtown,Midtown,Morning,Pygma,Pygma,,Pygma,pygma,False,,https://partiful.com/e/MI78ceqUW5P10OgKERSv,MI78ceqUW5P10OgKERSv,https://www.tech-week.com/calendar/nyc
4702,The Future of Work,2026-06-02,11:00:00,Tuesday,2026-06-02 11:00,New York City,Flatiron,Flatiron,Morning,Valon,Valon,,Valon,valon,False,,https://partiful.com/e/GTWJvQGfddpsW5MBheNs,GTWJvQGfddpsW5MBheNs,https://www.tech-week.com/calendar/nyc
5350,What's Data Worth Now?,2026-06-02,11:00:00,Tuesday,2026-06-02 11:00,New York City,Financial District,Financial District,Morning,LibGem,LibGem,,LibGem,libgem,False,,https://partiful.com/e/uTNLeWPAdJuraikzGCN5,uTNLeWPAdJuraikzGCN5,https://www.tech-week.com/calendar/nyc
5919,Trustworthy AI Showcase & Matching,2026-06-02,11:00:00,Tuesday,2026-06-02 11:00,New York City,Virtual (NYC),Virtual (NYC),Morning,Product Advisory Collective (PAC),Product Advisory Collective (PAC),,Product Advisory Collective (PAC),product-advisory-collective-pac,False,,https://partiful.com/e/VnOuRBBJZWS1LZQMuUF1,VnOuRBBJZWS1LZQMuUF1,https://www.tech-week.com/calendar/nyc
6230,IBM Presents: Mainframe Mythbusting,2026-06-02,11:00:00,Tuesday,2026-06-02 11:00,New York City,Flatiron,Flatiron,Morning,IBM,IBM,,IBM,ibm,False,platinum,https://partiful.com/e/XR549h5mIN8sPEYCBreB,XR549h5mIN8sPEYCBreB,https://www.tech-week.com/calendar/nyc
6272,Founders House GTM Masterclass,2026-06-02,11:00:00,Tuesday,2026-06-02 11:00,New York City,Midtown,Midtown,Morning,Founders House,Founder House,,Founder House,the-founders-house,False,,https://partiful.com/e/3G66gsHlgtcPtsYoATiJ,3G66gsHlgtcPtsYoATiJ,https://www.tech-week.com/calendar/nyc
5497,Build Better GTM Decks with Gamma,2026-06-02,11:30:00,Tuesday,2026-06-02 11:30,New York City,SoHo,SoHo,Morning,Gamma,Gamma,,Gamma,gamma,False,,https://partiful.com/e/gV4OHzuFLk41mFqcWvCP,gV4OHzuFLk41mFqcWvCP,https://www.tech-week.com/calendar/nyc
198,Anti Career Fair,2026-06-02,12:00:00,Tuesday,2026-06-02 12:00,New York City,Upper East Side,Upper East Side,Noon,Cooperman Business Center @ Hunter College,Cooperman Business Center @ Hunter College,Velric,Cooperman Business Center @ Hunter College; Velric,cooperman-business-center-hunter-college; velric,False,,https://partiful.com/e/RBHVasd7M734yLwBejbr,RBHVasd7M734yLwBejbr,https://www.tech-week.com/calendar/nyc
4372,Founders' Lunch hosted by Cherry Hill Advisory,2026-06-02,12:00:00,Tuesday,2026-06-02 12:00,New York City,Upper East Side,Upper East Side,Noon,Cherry Hill Advisory,Cherry Hill Advisory,,Cherry Hill Advisory,cherry-hill-advisory,False,,https://partiful.com/e/bj5Swetc8seLqhOktZCN,bj5Swetc8seLqhOktZCN,https://www.tech-week.com/calendar/nyc
4551,How to Write a Book on AI in Enterprise SDLC While Patterns Keep Changing,2026-06-02,12:00:00,Tuesday,2026-06-02 12:00,New York City,Midtown,Midtown,Noon,VirtusLab,VirtusLab,,VirtusLab,virtuslab-z-o-o,False,,https://partiful.com/e/M7pXmV8sOXT11yHb9pKw,M7pXmV8sOXT11yHb9pKw,https://www.tech-week.com/calendar/nyc
4634,Promise of Physical AI - Hardware Founders and Investors only,2026-06-02,12:00:00,Tuesday,2026-06-02 12:00,New York City,Chelsea,Chelsea,Noon,Interwoven Ventures,Interwoven Ventures,Evercore Partners,Interwoven Ventures; Evercore Partners,interwoven-ventures; evercore-partners,True,,,,https://www.tech-week.com/calendar/nyc
4761,Investing in Cultural Infrastructure Lunch,2026-06-02,12:00:00,Tuesday,2026-06-02 12:00,New York City,Financial District,Financial District,Noon,XLAI,XLAI,,XLAI,xlai,False,,https://partiful.com/e/JiBs94gNoe1bITFBC2Ie,JiBs94gNoe1bITFBC2Ie,https://www.tech-week.com/calendar/nyc
4783,Investing in Cultural Infrastructure Lunch,2026-06-02,12:00:00,Tuesday,2026-06-02 12:00,New York City,Financial District,Financial District,Noon,XLAI,XLAI,,XLAI,xlai,False,,https://partiful.com/e/JiBs94gNoe1bITFBC2Ie,JiBs94gNoe1bITFBC2Ie,https://www.tech-week.com/calendar/nyc
4800,Founder Launch Studio @Fin Labs,2026-06-02,12:00:00,Tuesday,2026-06-02 12:00,New York City,Gramercy Park,Gramercy Park,Noon,Fin,Fin,,Fin,fin,False,gold,https://partiful.com/e/wDUtH0Ykej7Li71GxFYW,wDUtH0Ykej7Li71GxFYW,https://www.tech-week.com/calendar/nyc
4881,AI Buildathon for B2B Marketers,2026-06-02,12:00:00,Tuesday,2026-06-02 12:00,New York City,Midtown,Midtown,Noon,Suru Labs,Suru Labs,,Suru Labs,suru-labs,True,,,,https://www.tech-week.com/calendar/nyc
4949,Private Lunch,2026-06-02,12:00:00,Tuesday,2026-06-02 12:00,New York City,Midtown,Midtown,Noon,Cuculi,Cuculi,,Cuculi,cuculi,False,,https://partiful.com/e/2x1lLHHnRvnf36gTKAT5,2x1lLHHnRvnf36gTKAT5,https://www.tech-week.com/calendar/nyc
5081,CVC and Founder RFLP (Request for Lunch and Product),2026-06-02,12:00:00,Tuesday,2026-06-02 12:00,New York City,Nomad,Nomad,Noon,Generous Ventures,Generous Ventures,,Generous Ventures,generous-ventures,False,,https://partiful.com/e/MiOQHxdejDBQkwhrPEZF,MiOQHxdejDBQkwhrPEZF,https://www.tech-week.com/calendar/nyc
5145,AI for Real-Time Revenue Execution,2026-06-02,12:00:00,Tuesday,2026-06-02 12:00,New York City,Financial District,Financial District,Noon,SpikedAI,SpikedAI,,SpikedAI,spikedai,True,,,,https://www.tech-week.com/calendar/nyc
5213,Ready to Scale,2026-06-02,12:00:00,Tuesday,2026-06-02 12:00,New York City,East Village,East Village,Noon,Relationality,Relationality,DefinedTalent,Relationality; DefinedTalent,relationality; definedtalent,False,,https://partiful.com/e/3YmVsAWVcNj3DI4e9APO,3YmVsAWVcNj3DI4e9APO,https://www.tech-week.com/calendar/nyc
5412,Techstars Investor Preview,2026-06-02,12:00:00,Tuesday,2026-06-02 12:00,New York City,SoHo,SoHo,Noon,Techstars,Techstars,,Techstars,techstars,False,,https://partiful.com/e/t9rcgqhGn2tx8udcMKmX,t9rcgqhGn2tx8udcMKmX,https://www.tech-week.com/calendar/nyc
5421,​SMB Healthcare Benefits Luncheon,2026-06-02,12:00:00,Tuesday,2026-06-02 12:00,New York City,Flatiron,Flatiron,Noon,"CEO, DentalFynd","CEO, DentalFynd",,"CEO, DentalFynd",ceo-dentalfynd,False,,https://partiful.com/e/1fK2CqrZyzHrEaBIKJKI,1fK2CqrZyzHrEaBIKJKI,https://www.tech-week.com/calendar/nyc
5912,"Dear AI, We Need To Talk.",2026-06-02,12:00:00,Tuesday,2026-06-02 12:00,New York City,Gramercy Park,Gramercy Park,Noon,Axioned,Axioned,,Axioned,axioned,False,,https://partiful.com/e/ilARL2exT4so55TVKWEW,ilARL2exT4so55TVKWEW,https://www.tech-week.com/calendar/nyc
6356,AI for PR: Prompt to Power,2026-06-02,12:00:00,Tuesday,2026-06-02 12:00,New York City,Union Square,Union Square,Noon,Intertwined Agency,Intertwined Agency,,Intertwined Agency,intertwined-agency,False,,https://partiful.com/e/RPGqcrnx3TRVKsBlSkgt,RPGqcrnx3TRVKsBlSkgt,https://www.tech-week.com/calendar/nyc
6613,Nordic AI Luncheon,2026-06-02,12:00:00,Tuesday,2026-06-02 12:00,New York City,Hudson Yards,Hudson Yards,Noon,Kohtas,Kohtas,C10 Studios; Cravath,Kohtas; C10 Studios; Cravath,kohtas; c10-studios; cravath,False,,https://partiful.com/e/ap7ihRX3qowb8OX2d7R2,ap7ihRX3qowb8OX2d7R2,https://www.tech-week.com/calendar/nyc
5254,Postponed--- The Draft Experience: NYC Tryouts,2026-06-02,12:15:00,Tuesday,2026-06-02 12:15,New York City,Chelsea,Chelsea,Noon,AcceleratorCON,AcceleratorCON,,AcceleratorCON,acceleratorcon,False,,https://partiful.com/e/jgMKPC3cREYqMzEvxTzo,jgMKPC3cREYqMzEvxTzo,https://www.tech-week.com/calendar/nyc
4490,GPs + LPs Lunch,2026-06-02,12:30:00,Tuesday,2026-06-02 12:30,New York City,Midtown,Midtown,Noon,Columbia University's Endowment,The Columbia Endowment,Mercury; Columbia Investment Management Company (IMC); Reveille VC,The Columbia Endowment; Mercury; Columbia Investment Management Company (IMC); Reveille VC,the-columbia-endowment; mercury; columbia-investment-management-company-imc; reveille-vc,False,,https://partiful.com/e/sI9uAVn8IoJIo6k4rLfI,sI9uAVn8IoJIo6k4rLfI,https://www.tech-week.com/calendar/nyc
4589,Healthtech Pizza Showdown,2026-06-02,12:30:00,Tuesday,2026-06-02 12:30,New York City,Midtown,Midtown,Noon,France Ovalle,France Ovalle,Scalpels & Spreadsheets,France Ovalle; Scalpels & Spreadsheets,france-ovalle; scalpels-spreadsheets,False,,https://partiful.com/e/UHnwevW4JRQyBdRAOc9V,UHnwevW4JRQyBdRAOc9V,https://www.tech-week.com/calendar/nyc
6180,Zo Builders Demo Day at NYC Tech Week,2026-06-02,12:30:00,Tuesday,2026-06-02 12:30,New York City,Midtown,Midtown,Noon,Zo Computer,Zo Computer,,Zo Computer,zo-computer,False,,https://partiful.com/e/pmpzDSI9HP2mJlTBFXRS,pmpzDSI9HP2mJlTBFXRS,https://www.tech-week.com/calendar/nyc
4465,"Longevity: Science, Tech, & Capital",2026-06-02,12:45:00,Tuesday,2026-06-02 12:45,New York City,Upper East Side,Upper East Side,Noon,The Different Health,The Different Health,The reason AI,The Different Health; The reason AI,the-different-health; the-reason-ai,False,,https://partiful.com/e/tWK9RNlH5bTADdjGdeeB,tWK9RNlH5bTADdjGdeeB,https://www.tech-week.com/calendar/nyc
26,"No legal, no problem? Leveraging Fractional GCs",2026-06-02,13:00:00,Tuesday,2026-06-02 13:00,New York City,Nomad,Nomad,Afternoon,AMBART LAW pllc,AMBART LAW pllc,The Chief Counsel,AMBART LAW pllc; The Chief Counsel,ambart-law-pllc; the-chief-counsel,False,,https://partiful.com/e/aXoM9DjzuAjl9reyLeNV,aXoM9DjzuAjl9reyLeNV,https://www.tech-week.com/calendar/nyc
4801,Build Your AI Operating System - Live Workshop for Leaders,2026-06-02,13:00:00,Tuesday,2026-06-02 13:00,New York City,Tribeca,Tribeca,Afternoon,MasteringAI,MasteringAI,,MasteringAI,masteringai,False,,https://partiful.com/e/1sHHUqIMNMhDFDYNQclx,1sHHUqIMNMhDFDYNQclx,https://www.tech-week.com/calendar/nyc
4982,Traditional Disruption: AI + Judaism,2026-06-02,13:00:00,Tuesday,2026-06-02 13:00,New York City,Brooklyn,Brooklyn,Afternoon,Artificial Wisdom,Artificial Wisdom,,Artificial Wisdom,artificial-wisdom,False,,https://partiful.com/e/SYJcfbJyv8UoYvgYl138,SYJcfbJyv8UoYvgYl138,https://www.tech-week.com/calendar/nyc
5905,The Oasis @ NY Tech Week Day 2 - Future of Work,2026-06-02,13:00:00,Tuesday,2026-06-02 13:00,New York City,SoHo,SoHo,Afternoon,Flowstate,Flowstate,Vibe Space; Boardy; The AI Collective,Flowstate; Vibe Space; Boardy; The AI Collective,flowstate; vibe-space; boardy; the-ai-collective,False,,https://partiful.com/e/ydp71jPFgU83rwwIYOhv,ydp71jPFgU83rwwIYOhv,https://www.tech-week.com/calendar/nyc
5918,Hacking Customer Retention with AI,2026-06-02,13:00:00,Tuesday,2026-06-02 13:00,New York City,Financial District,Financial District,Afternoon,Wooxy,Wooxy,,Wooxy,wooxy,False,,https://partiful.com/e/tVledXQK9bwSVjCF0OUT,tVledXQK9bwSVjCF0OUT,https://www.tech-week.com/calendar/nyc
6394,Humanizing AI,2026-06-02,13:00:00,Tuesday,2026-06-02 13:00,New York City,Brooklyn,Brooklyn,Afternoon,Tacos & Trends,Tacos & Trends,C2.studio,Tacos & Trends; C2.studio,tacos-trends; c2-studio,False,,https://partiful.com/e/UFx7yJOWPNEsF1tA180j,UFx7yJOWPNEsF1tA180j,https://www.tech-week.com/calendar/nyc
6397,AI Founder Playbook: Stop Building AI Products No One Pays For,2026-06-02,13:00:00,Tuesday,2026-06-02 13:00,New York City,Midtown,Midtown,Afternoon,Byte&Chord,Byte&Chord,,Byte&Chord,byte-chord,False,,https://partiful.com/e/BUIddlD0RtN1sS7a67xa,BUIddlD0RtN1sS7a67xa,https://www.tech-week.com/calendar/nyc
6515,Land Your First U.S. Tech Opportunity,2026-06-02,13:00:00,Tuesday,2026-06-02 13:00,New York City,Korea Town,Korea Town,Afternoon,EZ Visa LLC,EZ Visa LLC,DreamIT ESL,EZ Visa LLC; DreamIT ESL,ez-visa-llc; dreamit-esl,False,,https://partiful.com/e/RexRXYvIzwqZbEtws5Kt,RexRXYvIzwqZbEtws5Kt,https://www.tech-week.com/calendar/nyc
6622,MLH Accelerate - AI hackathon for founders,2026-06-02,13:00:00,Tuesday,2026-06-02 13:00,New York City,Flatiron,Flatiron,Afternoon,Major League Hacking,Major League Hacking,,Major League Hacking,major-league-hacking,False,,https://partiful.com/e/MWGk8lDzyyBUFWW7Cv2f,MWGk8lDzyyBUFWW7Cv2f,https://www.tech-week.com/calendar/nyc
256,Rebuilding The Creative Stack,2026-06-02,14:00:00,Tuesday,2026-06-02 14:00,New York City,Flatiron,Flatiron,Afternoon,Howdy,Howdy,,Howdy,howdy,False,,https://partiful.com/e/wjcoIW0CMJNRVf2sogq8,wjcoIW0CMJNRVf2sogq8,https://www.tech-week.com/calendar/nyc
4411,Healthcare Pitch Competition - 2048 Ventures,2026-06-02,14:00:00,Tuesday,2026-06-02 14:00,New York City,Midtown,Midtown,Afternoon,2048 Ventures,2048 Ventures,,2048 Ventures,2045-ventures,False,,https://partiful.com/e/KRkErDozQGPetxzhlohf,KRkErDozQGPetxzhlohf,https://www.tech-week.com/calendar/nyc
4738,McKinsey x NY Tech Week: What actually drives AI value,2026-06-02,14:00:00,Tuesday,2026-06-02 14:00,New York City,Financial District,Financial District,Afternoon,McKinsey & Company,McKinsey & Co,,McKinsey & Co,mckinsey-co,False,,https://partiful.com/e/zejQuL4V8LSSfgC67L5g,zejQuL4V8LSSfgC67L5g,https://www.tech-week.com/calendar/nyc
4850,"Infuse - Ideas, Innovation, & Impact in GovTech",2026-06-02,14:00:00,Tuesday,2026-06-02 14:00,New York City,Flatiron,Flatiron,Afternoon,ZenGov,ZenGov,,ZenGov,zengov,False,,https://partiful.com/e/9N0RjmWO3QMw0GCbSndf,9N0RjmWO3QMw0GCbSndf,https://www.tech-week.com/calendar/nyc
5178,From Your Own H-1B Cap Exempt Employer,2026-06-02,14:00:00,Tuesday,2026-06-02 14:00,New York City,Virtual (NYC),Virtual (NYC),Afternoon,WHO MENTORS YOU INC.,WHO MENTORS YOU INC.,,WHO MENTORS YOU INC.,who-mentors-you-inc,False,,https://partiful.com/e/LnN7pfnjNMZ2RcNIK6T6,LnN7pfnjNMZ2RcNIK6T6,https://www.tech-week.com/calendar/nyc
5247,Founders & Investors Afternoon Mixer,2026-06-02,14:00:00,Tuesday,2026-06-02 14:00,New York City,Union Square,Union Square,Afternoon,Technology Founders of America,Technology Founders of America,,Technology Founders of America,technology-founders-of-america,False,,https://partiful.com/e/nNJ80KODX1rqDJbIKCln,nNJ80KODX1rqDJbIKCln,https://www.tech-week.com/calendar/nyc
5419,Ancient Wisdom Meets Modern Fertility: A Sound Bath + Conversation on Cycle Intelligence,2026-06-02,14:00:00,Tuesday,2026-06-02 14:00,New York City,Nomad,Nomad,Afternoon,Lotus Fertility,Lotus Fertility,The Rewilding Collective,Lotus Fertility; The Rewilding Collective,lotus-fertility; the-rewilding-collective,False,,https://partiful.com/e/JPEEcl2tkCTbrJdLhM0K,JPEEcl2tkCTbrJdLhM0K,https://www.tech-week.com/calendar/nyc
5560,Building Safe Agents for Business,2026-06-02,14:00:00,Tuesday,2026-06-02 14:00,New York City,Union Square,Union Square,Afternoon,ICME Labs,ICME Labs,,ICME Labs,icme-labs,False,,https://partiful.com/e/SsoQR8v1U9oS3KHP517R,SsoQR8v1U9oS3KHP517R,https://www.tech-week.com/calendar/nyc
5729,Beyond the Subscribe Button: Building a Media Business That Actually Pays,2026-06-02,14:00:00,Tuesday,2026-06-02 14:00,New York City,Nomad,Nomad,Afternoon,Dots (YC S21),Dots (YC S21),,Dots (YC S21),dots-yc-s21,False,,https://partiful.com/e/Z3xUojW8GTGPBovlBBml,Z3xUojW8GTGPBovlBBml,https://www.tech-week.com/calendar/nyc
5900,Enterprise AI Governance,2026-06-02,14:00:00,Tuesday,2026-06-02 14:00,New York City,Midtown,Midtown,Afternoon,Langsmart,Langsmart,,Langsmart,langsmart,True,,,,https://www.tech-week.com/calendar/nyc
6177,Founder Story: A Fireside Chat with a16z & the CEO of Moment,2026-06-02,14:00:00,Tuesday,2026-06-02 14:00,New York City,Flatiron,Flatiron,Afternoon,Fenwick,Fenwick,,Fenwick,fenwick,False,platinum,https://partiful.com/e/UOnETVUQrpuNwEKePLYn,UOnETVUQrpuNwEKePLYn,https://www.tech-week.com/calendar/nyc
6275,Founders House - Investing in Health & Wellness Panel,2026-06-02,14:00:00,Tuesday,2026-06-02 14:00,New York City,Midtown,Midtown,Afternoon,Founders House,Founder House,,Founder House,the-founders-house,False,,https://partiful.com/e/f6DKCMI3i7t7nfuZ36LZ,f6DKCMI3i7t7nfuZ36LZ,https://www.tech-week.com/calendar/nyc
6463,The Rise of Role-Based AI,2026-06-02,14:00:00,Tuesday,2026-06-02 14:00,New York City,Nomad,Nomad,Afternoon,Ariso,Ariso,Opine; 24 and up,Ariso; Opine; 24 and up,ariso; opine; 24-and-up,False,,https://partiful.com/e/Y6JiO5I17r9Kcmz9BRXz,Y6JiO5I17r9Kcmz9BRXz,https://www.tech-week.com/calendar/nyc
4081,What’s Actually Driving Growth in Sports Right Now?,2026-06-02,14:30:00,Tuesday,2026-06-02 14:30,New York City,Flatiron,Flatiron,Afternoon,Laces Sports,Laces Sports,,Laces Sports,laces-sports,False,,https://partiful.com/e/BJ7WmuRF2y5pVHqok6hQ,BJ7WmuRF2y5pVHqok6hQ,https://www.tech-week.com/calendar/nyc
5039,A New Creative Stack: How AI Is Reshaping Content,2026-06-02,14:30:00,Tuesday,2026-06-02 14:30,New York City,Meatpacking District,Meatpacking District,Afternoon,CreatorTech.ai,CreatorTech.ai,,CreatorTech.ai,creator-tech-ai,False,,https://partiful.com/e/T2CsmryS2cJjERt9dZkY,T2CsmryS2cJjERt9dZkY,https://www.tech-week.com/calendar/nyc
6524,From ads to play: Bringing Argentina’s largest brand to Fortnite,2026-06-02,14:30:00,Tuesday,2026-06-02 14:30,New York City,Midtown,Midtown,Afternoon,Odaclick,Odaclick,Consulate General of Argentina in New York; Exomindset,Odaclick; Consulate General of Argentina in New York; Exomindset,odaclick; consulate-general-of-argentina-in-new-york; exomindset,False,,https://partiful.com/e/U2ypFIJ3AxTOaSxGwLcM,U2ypFIJ3AxTOaSxGwLcM,https://www.tech-week.com/calendar/nyc
6565,"Who Captures the Value? AI, Data & IP in the Future of Sports",2026-06-02,14:30:00,Tuesday,2026-06-02 14:30,New York City,Midtown,Midtown,Afternoon,FutbolTalent.pro,FutbolTalent.pro,Consulate General of Argentina in New York,FutbolTalent.pro; Consulate General of Argentina in New York,futboltalent-pro; consulate-general-of-argentina-in-new-york,False,,https://partiful.com/e/9VmRVXtl6VajweNDiO8y,9VmRVXtl6VajweNDiO8y,https://www.tech-week.com/calendar/nyc
6636,Anchor Angels x Vanderbilt C4E Pitch Day,2026-06-02,14:30:00,Tuesday,2026-06-02 14:30,New York City,Chelsea,Chelsea,Afternoon,Vanderbilt University,Vanderbilt University,Anchor Angels,Vanderbilt University; Anchor Angels,vanderbilt-university; anchor-angels,False,,https://partiful.com/e/rKC8JinNw0ODFYE8bevJ,rKC8JinNw0ODFYE8bevJ,https://www.tech-week.com/calendar/nyc
156,AI Founder + Engineer Happy Hour,2026-06-02,15:00:00,Tuesday,2026-06-02 15:00,New York City,Tribeca,Tribeca,Afternoon,Tower Research Ventures,Tower Research Ventures,,Tower Research Ventures,tower-research-ventures,False,,https://partiful.com/e/bwI0kidjjzif7TcWtxYb,bwI0kidjjzif7TcWtxYb,https://www.tech-week.com/calendar/nyc
4130,How do you have a conversation with a city?,2026-06-02,15:00:00,Tuesday,2026-06-02 15:00,New York City,Midtown,Midtown,Afternoon,Data Vandals,Data Vandals,,Data Vandals,data-vandals,False,,https://partiful.com/e/6xAvUm0cvTe94ZWTuqGo,6xAvUm0cvTe94ZWTuqGo,https://www.tech-week.com/calendar/nyc
4177,Build-It-Yourself Workshop. For non-technical builders inside commercial products.,2026-06-02,15:00:00,Tuesday,2026-06-02 15:00,New York City,Nomad,Nomad,Afternoon,Myop.dev,Myop.dev,,Myop.dev,myop-dev,False,,https://partiful.com/e/8yTv1iGFROeqAMxI5XoN,8yTv1iGFROeqAMxI5XoN,https://www.tech-week.com/calendar/nyc
4368,NY TECH WEEK AT THE ALTAR,2026-06-02,15:00:00,Tuesday,2026-06-02 15:00,New York City,Flatiron,Flatiron,Afternoon,The Altar,The Altar,,The Altar,the-altar,False,,https://partiful.com/e/KlS7UfwRDZbVeru6kvqq,KlS7UfwRDZbVeru6kvqq,https://www.tech-week.com/calendar/nyc
4406,"The Great AI Divide: U.S., China vs the rest",2026-06-02,15:00:00,Tuesday,2026-06-02 15:00,New York City,Chelsea,Chelsea,Afternoon,Rest of World,Rest of World,Access Now; AI Now Institute,Rest of World; Access Now; AI Now Institute,rest-of-world; access-now; ai-now-institute,False,,https://partiful.com/e/2UzoY58jttvpNlysyUbc,2UzoY58jttvpNlysyUbc,https://www.tech-week.com/calendar/nyc
4442,From Idea to Impact: Building Products That Actually Ship,2026-06-02,15:00:00,Tuesday,2026-06-02 15:00,New York City,Nomad,Nomad,Afternoon,NexPost,NexPost,,NexPost,nexpost,False,,https://partiful.com/e/zJHDqWIiejSqWi4VR7Hq,zJHDqWIiejSqWi4VR7Hq,https://www.tech-week.com/calendar/nyc
4646,Mission Ready: Scaling Defense Tech,2026-06-02,15:00:00,Tuesday,2026-06-02 15:00,New York City,Chelsea,Chelsea,Afternoon,Defense Capital,Defense Capital,Rivendell Strategies,Defense Capital; Rivendell Strategies,defense-capital; rivendell-strategies,False,,https://partiful.com/e/l79XoRaeQh6iKy77AjAz,l79XoRaeQh6iKy77AjAz,https://www.tech-week.com/calendar/nyc
4907,Hospital VC and CVC's Unite!,2026-06-02,15:00:00,Tuesday,2026-06-02 15:00,New York City,Tribeca,Tribeca,Afternoon,MarkOne Health,MarkOne Health,,MarkOne Health,markone-health,True,,,,https://www.tech-week.com/calendar/nyc
5073,[Everything AI Startup Pitch Competition],2026-06-02,15:00:00,Tuesday,2026-06-02 15:00,New York City,Financial District,Financial District,Afternoon,Fundraising Bootcamp,Fundraising Bootcamp,Berkeley SkyDeck,Fundraising Bootcamp; Berkeley SkyDeck,fundraising-bootcamp; berkeley-skydeck,False,,https://partiful.com/e/OD2KJyMtSdJZKcvqUhut,OD2KJyMtSdJZKcvqUhut,https://www.tech-week.com/calendar/nyc
5084,Whiskey Tasting at Bergdorf Goodman,2026-06-02,15:00:00,Tuesday,2026-06-02 15:00,New York City,Upper East Side,Upper East Side,Afternoon,Serena Wang,Serena Wang,,Serena Wang,serena-wang,False,,https://partiful.com/e/1fMzw1D0PsQg92XJt7Qu,1fMzw1D0PsQg92XJt7Qu,https://www.tech-week.com/calendar/nyc
5106,Stand Out & Get Funded in the Age of AI,2026-06-02,15:00:00,Tuesday,2026-06-02 15:00,New York City,Midtown,Midtown,Afternoon,Ellis Law Group,Ellis Law Group,,Ellis Law Group,ellis-law-group,False,,https://partiful.com/e/mZiEajFwHCLUYNUGsAIP,mZiEajFwHCLUYNUGsAIP,https://www.tech-week.com/calendar/nyc
5256,Creator Hackathon: Build the Next AI Agent That Finds Your Next Brand Deal,2026-06-02,15:00:00,Tuesday,2026-06-02 15:00,New York City,SoHo,SoHo,Afternoon,Walker Media LLC,Walker Media LLC,,Walker Media LLC,walker-media-llc,False,,https://partiful.com/e/qv3wwvC0RGfSlPSbCwc0,qv3wwvC0RGfSlPSbCwc0,https://www.tech-week.com/calendar/nyc
5488,Recess at Tech Week,2026-06-02,15:00:00,Tuesday,2026-06-02 15:00,New York City,Union Square,Union Square,Afternoon,Recess,Recess,,Recess,recess,False,,https://partiful.com/e/TqQqF6AsVrPzJOiMvXkc,TqQqF6AsVrPzJOiMvXkc,https://www.tech-week.com/calendar/nyc
5927,Profit through Partnerships,2026-06-02,15:00:00,Tuesday,2026-06-02 15:00,New York City,Midtown,Midtown,Afternoon,Partner1,Partner1,Microsoft,Partner1; Microsoft,partner1; microsoft,False,,https://partiful.com/e/x0UO9Ulp9lpbwxFsBecQ,x0UO9Ulp9lpbwxFsBecQ,https://www.tech-week.com/calendar/nyc
5935,Adobe Ventures & Comcast Ventures Present: The Future of Entertainment,2026-06-02,15:00:00,Tuesday,2026-06-02 15:00,New York City,Chelsea,Chelsea,Afternoon,Adobe,Adobe,,Adobe,adobe,False,gold,https://partiful.com/e/xq9XJglFbgTigyFR9AVc,xq9XJglFbgTigyFR9AVc,https://www.tech-week.com/calendar/nyc
6169,Masters of Scale Live with IBM CEO Arvind Krishna Session & Reception,2026-06-02,15:00:00,Tuesday,2026-06-02 15:00,New York City,Flatiron,Flatiron,Afternoon,IBM,IBM,,IBM,ibm,False,platinum,https://partiful.com/e/Vkqzm6uJ1LkUk8bVBQU7,Vkqzm6uJ1LkUk8bVBQU7,https://www.tech-week.com/calendar/nyc
6178,Build Agent-first Companies with Hyperagent,2026-06-02,15:00:00,Tuesday,2026-06-02 15:00,New York City,Flatiron,Flatiron,Afternoon,Airtable,Airtable,,Airtable,airtable,False,gold,https://partiful.com/e/eVXwspZygA7cPx3Tjgnw,eVXwspZygA7cPx3Tjgnw,https://www.tech-week.com/calendar/nyc
6305,OpenClaw for Investors (Amino Capital & UBS),2026-06-02,15:00:00,Tuesday,2026-06-02 15:00,New York City,Flatiron,Flatiron,Afternoon,Amino Capital,Amino Capital,,Amino Capital,amino-capital,False,,https://partiful.com/e/EKVRCkLXxR7HVL9Ogump,EKVRCkLXxR7HVL9Ogump,https://www.tech-week.com/calendar/nyc
6480,"AI, Capital & CRE: What's Actually Working in the Built Environment",2026-06-02,15:00:00,Tuesday,2026-06-02 15:00,New York City,Union Square,Union Square,Afternoon,Relm,Relm,Metropolis Group; JUUNOO; Proptimal,Relm; Metropolis Group; JUUNOO; Proptimal,relm; metropolis-group; juunoo; proptimal,False,,https://partiful.com/e/vfnHvA22yQNk1H8Hh1Fb,vfnHvA22yQNk1H8Hh1Fb,https://www.tech-week.com/calendar/nyc
4112,"Munis, Meet the Future: A Briefing on Tokenized Bonds",2026-06-02,15:30:00,Tuesday,2026-06-02 15:30,New York City,Union Square,Union Square,Afternoon,Zuzlab Inc.,Zuzlab Inc.,,Zuzlab Inc.,zuzlab-inc,False,,https://partiful.com/e/6I7FKBOq3eeCIyKALJA3,6I7FKBOq3eeCIyKALJA3,https://www.tech-week.com/calendar/nyc
4214,"AI After Tomorrow: Investing, Building Tech, and Serving Customers",2026-06-02,15:30:00,Tuesday,2026-06-02 15:30,New York City,Tribeca,Tribeca,Afternoon,Techstars,Techstars,DigitalOcean; Zendesk,Techstars; DigitalOcean; Zendesk,techstars; digitalocean; zendesk,False,,https://partiful.com/e/ufVzlWMFQfSIbmaWnC8U,ufVzlWMFQfSIbmaWnC8U,https://www.tech-week.com/calendar/nyc
4315,Agentic Voice AMA,2026-06-02,15:30:00,Tuesday,2026-06-02 15:30,New York City,Virtual (NYC),Virtual (NYC),Afternoon,"Cloudonix, Inc","Cloudonix, Inc",,"Cloudonix, Inc",cloudonix-inc,False,,https://partiful.com/e/EujnL6UKFFK3xvPiVUyp,EujnL6UKFFK3xvPiVUyp,https://www.tech-week.com/calendar/nyc
4822,Unlock the Grid,2026-06-02,15:30:00,Tuesday,2026-06-02 15:30,New York City,Flatiron,Flatiron,Afternoon,PowerLines,PowerLines,,PowerLines,powerlines,False,,https://partiful.com/e/CxK2X6xl26SiGhiMB1IZ,CxK2X6xl26SiGhiMB1IZ,https://www.tech-week.com/calendar/nyc
92,Workflow Delivery in Action: Automate your work with Skywork @ NYCTechWeek,2026-06-02,16:00:00,Tuesday,2026-06-02 16:00,New York City,SoHo,SoHo,Afternoon,Skywork AI,Skywork AI,,Skywork AI,skywork-ai,False,,https://partiful.com/e/lhCJYxozQjlHvCuvcafD,lhCJYxozQjlHvCuvcafD,https://www.tech-week.com/calendar/nyc
126,J.P. Morgan Innovation Economy Quantum & Photonics Lightning Pitch Reception,2026-06-02,16:00:00,Tuesday,2026-06-02 16:00,New York City,Midtown,Midtown,Afternoon,J.P. Morgan,J.P. Morgan,DLA Piper; AlleyCorp,J.P. Morgan; DLA Piper; AlleyCorp,j-p-morgan; dla-piper; alleycorp,False,,https://partiful.com/e/3xn91RaPZ6AHJeHVIgtI,3xn91RaPZ6AHJeHVIgtI,https://www.tech-week.com/calendar/nyc
4052,Tech Week Takeoff: Hosted by Nimbus Aerospace,2026-06-02,16:00:00,Tuesday,2026-06-02 16:00,New York City,Upper Manhattan,Upper Manhattan,Afternoon,Nimbus Aerospace,Nimbus Aerospace,,Nimbus Aerospace,nimbus-aerospace,False,,https://partiful.com/e/MPI0obsZsnEvkyHZ81mm,MPI0obsZsnEvkyHZ81mm,https://www.tech-week.com/calendar/nyc
4097,AI tech stack to Nasdaq: The modern CFO's exit playbook,2026-06-02,16:00:00,Tuesday,2026-06-02 16:00,New York City,Midtown,Midtown,Afternoon,PwC,PwC,DFIN; Cooley; Merraine Group,PwC; DFIN; Cooley; Merraine Group,pwc; dfin; cooley; merraine-group,False,gold,https://partiful.com/e/1snvR8DAti3YEXcTuu4x,1snvR8DAti3YEXcTuu4x,https://www.tech-week.com/calendar/nyc
4119,Change Agents: Tech for Sustainability,2026-06-02,16:00:00,Tuesday,2026-06-02 16:00,New York City,Midtown,Midtown,Afternoon,GPM,GPM,MIGSO-PCUBE,GPM; MIGSO-PCUBE,gpm; migso-pcube,False,,https://partiful.com/e/HbxTd2UuJeIGLlNF9NFX,HbxTd2UuJeIGLlNF9NFX,https://www.tech-week.com/calendar/nyc
4245,C10 Labs x Global AI Lab X NYCEDC — From Lab to Launch - (In Brooklyn),2026-06-02,16:00:00,Tuesday,2026-06-02 16:00,New York City,Brooklyn,Brooklyn,Afternoon,C10 Labs,C10 Labs,Global AI Frontier Lab @ NYU,C10 Labs; Global AI Frontier Lab @ NYU,c10-labs; global-ai-frontier-lab-nyu,False,,https://partiful.com/e/RGI2tEzGuQvm6VycoJ96,RGI2tEzGuQvm6VycoJ96,https://www.tech-week.com/calendar/nyc
4341,From Copilot to Control Plane - Visdom,2026-06-02,16:00:00,Tuesday,2026-06-02 16:00,New York City,Midtown,Midtown,Afternoon,VirtusLab,VirtusLab,,VirtusLab,virtuslab-z-o-o,False,,https://partiful.com/e/bn5h1g13xzOV6R5XkLaE,bn5h1g13xzOV6R5XkLaE,https://www.tech-week.com/calendar/nyc
4408,Vertical AI Pitch Competition - 2048 Ventures,2026-06-02,16:00:00,Tuesday,2026-06-02 16:00,New York City,Midtown,Midtown,Afternoon,2048 Ventures,2048 Ventures,,2048 Ventures,2045-ventures,False,,https://partiful.com/e/eBXma3cFQdE9zCMfCgR7,eBXma3cFQdE9zCMfCgR7,https://www.tech-week.com/calendar/nyc
4522,Operating MCP,2026-06-02,16:00:00,Tuesday,2026-06-02 16:00,New York City,Midtown,Midtown,Afternoon,Dell Technologies Capital,Dell Technologies Capital,NVIDIA,Dell Technologies Capital; NVIDIA,dell-technologies-capital; nvidia,False,,https://partiful.com/e/5vHvRPI0VlMQwOmQadCN,5vHvRPI0VlMQwOmQadCN,https://www.tech-week.com/calendar/nyc
4690,Built for the Physical World: AI at the Aerospace and Industrial Frontier,2026-06-02,16:00:00,Tuesday,2026-06-02 16:00,New York City,Flatiron,Flatiron,Afternoon,PhysicsX,PhysicsX,NVIDIA; Zuru Automation,PhysicsX; NVIDIA; Zuru Automation,physicsx; nvidia; zuru-automation,False,,https://partiful.com/e/YA82tfIthdrTzphju3cm,YA82tfIthdrTzphju3cm,https://www.tech-week.com/calendar/nyc
4692,BCG X FT Partners Global Fintech Report Launch Event,2026-06-02,16:00:00,Tuesday,2026-06-02 16:00,New York City,Hudson Yards,Hudson Yards,Afternoon,Boston Consulting Group,Boston Consulting Group,FT Partners,Boston Consulting Group; FT Partners,boston-consulting-group; ft-partners,False,,https://partiful.com/e/eDG0gXdzcRWx1pWjUZAq,eDG0gXdzcRWx1pWjUZAq,https://www.tech-week.com/calendar/nyc
4748,Bounty Launch Event,2026-06-02,16:00:00,Tuesday,2026-06-02 16:00,New York City,Midtown,Midtown,Afternoon,Propel Earth,Propel Earth,,Propel Earth,propel-earth,False,,https://partiful.com/e/rcs7MwVhZaSmpWJfQPkI,rcs7MwVhZaSmpWJfQPkI,https://www.tech-week.com/calendar/nyc
4836,The State of New York Innovation,2026-06-02,16:00:00,Tuesday,2026-06-02 16:00,New York City,Midtown,Midtown,Afternoon,Beacon Insights Group,Beacon Insights Group,,Beacon Insights Group,beacon-insights-group,True,,,,https://www.tech-week.com/calendar/nyc
4866,LAN Accelerator V4 Demo Day,2026-06-02,16:00:00,Tuesday,2026-06-02 16:00,New York City,Midtown,Midtown,Afternoon,LAN Accelerator,LAN Accelerator,,LAN Accelerator,lan-accelerator,False,,https://partiful.com/e/AqfYBWRorTzyWNL6B0uO,AqfYBWRorTzyWNL6B0uO,https://www.tech-week.com/calendar/nyc
4922,The Investment Game: In Pursuit of Series A [LIVE with a16z!],2026-06-02,16:00:00,Tuesday,2026-06-02 16:00,New York City,SoHo,SoHo,Afternoon,Hubspot for Startups,Hubspot for Startups,,Hubspot for Startups,hubspot-for-startups,False,,https://partiful.com/e/OZNBqhG1v957gfSy9q4w,OZNBqhG1v957gfSy9q4w,https://www.tech-week.com/calendar/nyc
5053,Working,2026-06-02,16:00:00,Tuesday,2026-06-02 16:00,New York City,Central Park,Central Park,Afternoon,The Council Capital,The Council Capital,,The Council Capital,the-council-capital,False,,https://partiful.com/e/X7auQ9epT2J1JmoewLKi,X7auQ9epT2J1JmoewLKi,https://www.tech-week.com/calendar/nyc
5188,AI → Alpha: How Data Becomes Investment Edge,2026-06-02,16:00:00,Tuesday,2026-06-02 16:00,New York City,Midtown,Midtown,Afternoon,Wind Information,Wind Information,,Wind Information,wind-information,False,,https://partiful.com/e/wqueNyka7qksh4pd6DTb,wqueNyka7qksh4pd6DTb,https://www.tech-week.com/calendar/nyc
5269,Gender HealthTech: The Next Investment Frontier (Pre-Seed/Seed Founders & Active Angels/VCs),2026-06-02,16:00:00,Tuesday,2026-06-02 16:00,New York City,Chelsea,Chelsea,Afternoon,Trans Health HQ,Trans Health HQ,Visible Hands; VCFamilia,Trans Health HQ; Visible Hands; VCFamilia,trans-health-hq; visible-hands; vcfamilia,False,,https://partiful.com/e/KOpqOgcYvaValKqg0547,KOpqOgcYvaValKqg0547,https://www.tech-week.com/calendar/nyc
5610,Building to Disrupt: AI in Enterprise and Fintech,2026-06-02,16:00:00,Tuesday,2026-06-02 16:00,New York City,Hudson Yards,Hudson Yards,Afternoon,HSBC,HSBC,a16z,HSBC; a16z,hsbc; a16z,False,platinum,https://partiful.com/e/eYDn9NAmOiORakqV58Yp,eYDn9NAmOiORakqV58Yp,https://www.tech-week.com/calendar/nyc
5685,LLM Tokenomics – the economics of LLM token usage,2026-06-02,16:00:00,Tuesday,2026-06-02 16:00,New York City,Financial District,Financial District,Afternoon,Zideas LLC,Zideas LLC,,Zideas LLC,zideas-llc,True,,,,https://www.tech-week.com/calendar/nyc
5898,Founder Happy Hour,2026-06-02,16:00:00,Tuesday,2026-06-02 16:00,New York City,Lower East Side,Lower East Side,Afternoon,Companyon Ventures,Companyon Ventures,Sent,Companyon Ventures; Sent,companyon-ventures; sent,False,,https://partiful.com/e/o12fTrggML0yeuEWG561,o12fTrggML0yeuEWG561,https://www.tech-week.com/calendar/nyc
5907,The Vertical AI Summit,2026-06-02,16:00:00,Tuesday,2026-06-02 16:00,New York City,Flatiron,Flatiron,Afternoon,Ramp,Ramp,Better Tomorrow Ventures,Ramp; Better Tomorrow Ventures,ramp; better-tomorrow-ventures,True,,,,https://www.tech-week.com/calendar/nyc
5921,The Ventures Startup Award New York 2026,2026-06-02,16:00:00,Tuesday,2026-06-02 16:00,New York City,Financial District,Financial District,Afternoon,The Ventures,Company Ventures,,Company Ventures,the-ventures,False,,https://partiful.com/e/ntFLcJCa0fpG8Lorosoh,ntFLcJCa0fpG8Lorosoh,https://www.tech-week.com/calendar/nyc
5922,Mastercard x Sei: The Future of Institutional Blockchain,2026-06-02,16:00:00,Tuesday,2026-06-02 16:00,New York City,Midtown,Midtown,Afternoon,Mastercard,Mastercard,Sei Development Foundation,Mastercard; Sei Development Foundation,mastercard; sei-development-foundation,False,,https://partiful.com/e/GC8DzreyqYSFhsRnwUtY,GC8DzreyqYSFhsRnwUtY,https://www.tech-week.com/calendar/nyc
5947,London x NYC: Scaling Across Borders w/ Revolut & Ramp + the Experience Economy w/ Delta & Virgin,2026-06-02,16:00:00,Tuesday,2026-06-02 16:00,New York City,Financial District,Financial District,Afternoon,London and Partners,London & Partners,,London & Partners,london-partners,False,,https://partiful.com/e/6racWcR6SfxbsyO2zmVA,6racWcR6SfxbsyO2zmVA,https://www.tech-week.com/calendar/nyc
5955,Rebuilding Health Benefits for a Modern Workforce,2026-06-02,16:00:00,Tuesday,2026-06-02 16:00,New York City,Lower East Side,Lower East Side,Afternoon,Tusk Ventures,Tusk Venture Partners,Smirk Health,Tusk Venture Partners; Smirk Health,tusk-ventures; smirk-health,False,,https://partiful.com/e/ekOSu7Sy0DbFiW5Jpj9N,ekOSu7Sy0DbFiW5Jpj9N,https://www.tech-week.com/calendar/nyc
6080,Swing and a Close: How finance and accounting leaders are winning with agentic AI,2026-06-02,16:00:00,Tuesday,2026-06-02 16:00,New York City,Midtown,Midtown,Afternoon,Maxima AI,Maxima AI,Uniqus,Maxima AI; Uniqus,maxima-ai; uniqus,False,,https://partiful.com/e/ajYdZAEhNPBNqbcSsw2H,ajYdZAEhNPBNqbcSsw2H,https://www.tech-week.com/calendar/nyc
6183,A Conversation on Capital and Growth by Mercury - Sentra - ECL,2026-06-02,16:00:00,Tuesday,2026-06-02 16:00,New York City,Flatiron,Flatiron,Afternoon,Sentra,Sentra,Efficient Capital Labs; Mercury,Sentra; Efficient Capital Labs; Mercury,sentra; efficient-capital-labs; mercury,False,,https://partiful.com/e/fhZexBCTeyZAMH4Z37wg,fhZexBCTeyZAMH4Z37wg,https://www.tech-week.com/calendar/nyc
6479,AWS for Startups - AI Visionaries Forum,2026-06-02,16:00:00,Tuesday,2026-06-02 16:00,New York City,Midtown,Midtown,Afternoon,AWS for Startups,AWS Startups,,AWS Startups,aws-startups,False,gold,https://nyc-ai-visionaries-forum.splashthat.com/,,https://www.tech-week.com/calendar/nyc
6571,"Women Who Code Summit Cocktails & Conversations - Tuesday, June 2nd",2026-06-02,16:00:00,Tuesday,2026-06-02 16:00,New York City,Financial District,Financial District,Afternoon,Women Who Code,Women Who Code,,Women Who Code,women-who-code,False,,https://partiful.com/e/5apSj4xpKEHJ0C1DzIXb,5apSj4xpKEHJ0C1DzIXb,https://www.tech-week.com/calendar/nyc
4722,Should my startup shitpost?,2026-06-02,16:15:00,Tuesday,2026-06-02 16:15,New York City,Flatiron,Flatiron,Afternoon,Memelord.com,Memelord.com,,Memelord.com,memelord-com,False,,https://partiful.com/e/xC1k2IB7TiquN4mMKhmA,xC1k2IB7TiquN4mMKhmA,https://www.tech-week.com/calendar/nyc
4360,Scaling Deep Tech with Federal Funding,2026-06-02,16:30:00,Tuesday,2026-06-02 16:30,New York City,SoHo,SoHo,Afternoon,Inspiralia US,Inspiralia USA,,Inspiralia USA,inspiralia-usa,False,,https://partiful.com/e/HyeK0R0M60v3y1c7s7rK,HyeK0R0M60v3y1c7s7rK,https://www.tech-week.com/calendar/nyc
4485,AI for Finance Summit - Alt Data & Prediction Markets,2026-06-02,16:30:00,Tuesday,2026-06-02 16:30,New York City,Midtown,Midtown,Afternoon,LinqAlpha,LinqAlpha,OpenBB,LinqAlpha; OpenBB,linqalpha; openbb,False,,https://partiful.com/e/aWYWJUEx389uMwIUywbq,aWYWJUEx389uMwIUywbq,https://www.tech-week.com/calendar/nyc
4504,Scaling Deep Tech with Federal Funding,2026-06-02,16:30:00,Tuesday,2026-06-02 16:30,New York City,SoHo,SoHo,Afternoon,Inspiralia US,Inspiralia USA,,Inspiralia USA,inspiralia-usa,False,,https://partiful.com/e/HyeK0R0M60v3y1c7s7rK,HyeK0R0M60v3y1c7s7rK,https://www.tech-week.com/calendar/nyc
5913,Intersection: AI + Blockchain,2026-06-02,16:30:00,Tuesday,2026-06-02 16:30,New York City,Midtown,Midtown,Afternoon,Hyperglade,Hyperglade,,Hyperglade,hyperglade,False,,https://partiful.com/e/ytrORmKjcLHr4rudjY3k,ytrORmKjcLHr4rudjY3k,https://www.tech-week.com/calendar/nyc
6398,Why Corporate × Startup Usually Fail -And How They Succeed?,2026-06-02,16:30:00,Tuesday,2026-06-02 16:30,New York City,Midtown,Midtown,Afternoon,Elev X! by NEC X,Elev X! by NEC X,,Elev X! by NEC X,elev-x-by-nec-x,False,,https://partiful.com/e/GIL3nPFjeoczGdirM7Cr,GIL3nPFjeoczGdirM7Cr,https://www.tech-week.com/calendar/nyc
6550,Women Building AI That Matters,2026-06-02,16:30:00,Tuesday,2026-06-02 16:30,New York City,Flatiron,Flatiron,Afternoon,Opsera,Opsera,ProgramEarth; AWS,Opsera; ProgramEarth; AWS,opsera; programearth; aws,False,,https://partiful.com/e/D07x2JMguAYHV1tdU6Jm,D07x2JMguAYHV1tdU6Jm,https://www.tech-week.com/calendar/nyc
6598,Seraphim SpaceTech Drinks,2026-06-02,16:30:00,Tuesday,2026-06-02 16:30,New York City,Midtown,Midtown,Afternoon,Seraphim Space,Seraphim Space,Crowell & Moring,Seraphim Space; Crowell & Moring,seraphim-space; crowell-moring,False,,https://partiful.com/e/NEACQLRcBvDYbv4ERCaW,NEACQLRcBvDYbv4ERCaW,https://www.tech-week.com/calendar/nyc
5959,FoundersBoost NYC Demo Day,2026-06-02,16:45:00,Tuesday,2026-06-02 16:45,New York City,Midtown,Midtown,Afternoon,FoundersBoost,FoundersBoost,,FoundersBoost,foundersboost,False,,https://partiful.com/e/N5MNmuL6UAxVrfURtxc8,N5MNmuL6UAxVrfURtxc8,https://www.tech-week.com/calendar/nyc
123,Founders & Funders: VC Reverse Pitch,2026-06-02,17:00:00,Tuesday,2026-06-02 17:00,New York City,Midtown,Midtown,Evening,Founders N' Funders,Founders N’ Funders,Atlassian,Founders N’ Funders; Atlassian,founders-n-funders; atlassian,False,gold,https://partiful.com/e/M3xlfwQ93o3IjcGUAkIQ,M3xlfwQ93o3IjcGUAkIQ,https://www.tech-week.com/calendar/nyc
201,NachoTuesday SaaS & AI Founder + Investor Rooftop Happy Hour,2026-06-02,17:00:00,Tuesday,2026-06-02 17:00,New York City,East Village,East Village,Evening,NachoNacho,NachoNacho,Deel,NachoNacho; Deel,nachonacho; deel,False,gold,https://partiful.com/e/cYc14RoM81gqU39dQmur,cYc14RoM81gqU39dQmur,https://www.tech-week.com/calendar/nyc
4144,"Innovate, protect, monetize: Navigating IP rights and infringement risks in the age of AI",2026-06-02,17:00:00,Tuesday,2026-06-02 17:00,New York City,Union Square,Union Square,Evening,Norton Rose Fulbright,Norton Rose Fulbright,,Norton Rose Fulbright,norton-rose-fulbright,False,,https://partiful.com/e/DZxBZ2Nm6CjxkgEaBImd,DZxBZ2Nm6CjxkgEaBImd,https://www.tech-week.com/calendar/nyc
4147,Doxxing & Drinks 3.0,2026-06-02,17:00:00,Tuesday,2026-06-02 17:00,New York City,Lower East Side,Lower East Side,Evening,Cloaked,Cloaked,,Cloaked,cloaked,True,,,,https://www.tech-week.com/calendar/nyc
4274,From Early Traction to Repeatable Pipeline: AI GTM Workshop for Founders,2026-06-02,17:00:00,Tuesday,2026-06-02 17:00,New York City,Brooklyn,Brooklyn,Evening,AIMAR,AIMAR,,AIMAR,aimar,False,,https://partiful.com/e/XelMoqGV0xD1bUAgYeff,XelMoqGV0xD1bUAgYeff,https://www.tech-week.com/calendar/nyc
4321,Pitch & Network: Czech Edition,2026-06-02,17:00:00,Tuesday,2026-06-02 17:00,New York City,Upper East Side,Upper East Side,Evening,CzechInvest,CzechInvest,,CzechInvest,czechinvest,False,,https://partiful.com/e/0FFe3j83K3swyZ7QndDu,0FFe3j83K3swyZ7QndDu,https://www.tech-week.com/calendar/nyc
4401,The Internet of Building Things,2026-06-02,17:00:00,Tuesday,2026-06-02 17:00,New York City,Brooklyn,Brooklyn,Evening,MistyWest,MistyWest,,MistyWest,mistywest,False,,https://partiful.com/e/NViHHNrgfBvxzJchdcqP,NViHHNrgfBvxzJchdcqP,https://www.tech-week.com/calendar/nyc
4424,Lowenstein Sandler’s Annual Sip and Social with Women in VC,2026-06-02,17:00:00,Tuesday,2026-06-02 17:00,New York City,Midtown,Midtown,Evening,Lowenstein Sandler LLP,Lowenstein Sandler,,Lowenstein Sandler,lowenstein-sandler,False,,https://partiful.com/e/DVbRrx7ORnvAHvEz8c8N,DVbRrx7ORnvAHvEz8c8N,https://www.tech-week.com/calendar/nyc
4496,Best Meta Ads Campaign Structure for DTC in 2026,2026-06-02,17:00:00,Tuesday,2026-06-02 17:00,New York City,Nomad,Nomad,Evening,Aimerce,Aimerce,,Aimerce,aimerce,False,,https://partiful.com/e/9WZMW3mGuzFZhvfShKod,9WZMW3mGuzFZhvfShKod,https://www.tech-week.com/calendar/nyc
4572,How AI founders are building the future of consumer health,2026-06-02,17:00:00,Tuesday,2026-06-02 17:00,New York City,Flatiron,Flatiron,Evening,Healthcare AI Guy,Healthcare AI Guy,Cigna; Maverick,Healthcare AI Guy; Cigna; Maverick,healthcare-ai-guy; cigna; maverick,False,,https://partiful.com/e/1ZvSFv5Mv6ocuCFgukwz,1ZvSFv5Mv6ocuCFgukwz,https://www.tech-week.com/calendar/nyc
4606,"Old World Roots, New World Growth: A Wine Tasting Hosted by Unique AI",2026-06-02,17:00:00,Tuesday,2026-06-02 17:00,New York City,Nomad,Nomad,Evening,Unique AI,Unique AI,,Unique AI,unique-ai,False,,https://partiful.com/e/rMXDlcjS4U6NnDyGRgYD,rMXDlcjS4U6NnDyGRgYD,https://www.tech-week.com/calendar/nyc
4765,Off The Record,2026-06-02,17:00:00,Tuesday,2026-06-02 17:00,New York City,Greenwich Village,Greenwich Village,Evening,Yamaha Music Innovation Fund,Yamaha Music Innovations Fund & Modulate,P72 Ventures,Yamaha Music Innovations Fund & Modulate; P72 Ventures,yamaha-music-innovations-fund; p72-ventures,True,,,,https://www.tech-week.com/calendar/nyc
4811,Consumer Founder Happy Hour,2026-06-02,17:00:00,Tuesday,2026-06-02 17:00,New York City,SoHo,SoHo,Evening,Helium,Helium,,Helium,helium,False,,https://partiful.com/e/utGQhLBSFG3hyIlAFlEp,utGQhLBSFG3hyIlAFlEp,https://www.tech-week.com/calendar/nyc
4818,The Retro,2026-06-02,17:00:00,Tuesday,2026-06-02 17:00,New York City,SoHo,SoHo,Evening,SimpleClosure,SimpleClosure,,SimpleClosure,simpleclosure,False,,https://partiful.com/e/Vii5aVoAvr5ICyIRnt27,Vii5aVoAvr5ICyIRnt27,https://www.tech-week.com/calendar/nyc
5273,“I Want an Intro” An off-the-record conversation with investors,2026-06-02,17:00:00,Tuesday,2026-06-02 17:00,New York City,Midtown,Midtown,Evening,Connexa,Connexa,,Connexa,connexa,False,,https://partiful.com/e/Sy3gOaS8EKklIEQQMzyr,Sy3gOaS8EKklIEQQMzyr,https://www.tech-week.com/calendar/nyc
5390,"Founders & Fractionals: Top startup, meet the best talent",2026-06-02,17:00:00,Tuesday,2026-06-02 17:00,New York City,Lower East Side,Lower East Side,Evening,Founders and Fractionals,Founders and Fractionals,Build Momentum,Founders and Fractionals; Build Momentum,founders-and-fractionals; build-momentum,False,,https://partiful.com/e/vLLvbzyVeYg1xvWK0FTi,vLLvbzyVeYg1xvWK0FTi,https://www.tech-week.com/calendar/nyc
5612,NYC Tech Week: Builders & Exits,2026-06-02,17:00:00,Tuesday,2026-06-02 17:00,New York City,Midtown,Midtown,Evening,UBS,UBS,Capital Group,UBS; Capital Group,ubs; capital-group,False,,https://partiful.com/e/tqFtk1LjwFwXxJJTLyaf,tqFtk1LjwFwXxJJTLyaf,https://www.tech-week.com/calendar/nyc
5640,Tech Week Founder Lab: Scaling Clinics for Seed & Series A Founders,2026-06-02,17:00:00,Tuesday,2026-06-02 17:00,New York City,Lower East Side,Lower East Side,Evening,Karcic Partners,Karcic Partners,Mark Wellness; The Front Yard at Pace University,Karcic Partners; Mark Wellness; The Front Yard at Pace University,karcic-partners; mark-wellness; the-front-yard-at-pace-university,False,,https://partiful.com/e/xmJ2Bjacl2LgQ3i7q6V7,xmJ2Bjacl2LgQ3i7q6V7,https://www.tech-week.com/calendar/nyc
5911,Foreign Founders Mixer - Inkle x Razorpay,2026-06-02,17:00:00,Tuesday,2026-06-02 17:00,New York City,Tribeca,Tribeca,Evening,Inkle,Inkle,,Inkle,inkle,False,,https://partiful.com/e/b21AYGlO0gIMQGNwjXg5,b21AYGlO0gIMQGNwjXg5,https://www.tech-week.com/calendar/nyc
6168,Beyond the Copilot: Navigating the Shift to Autonomous IT and Intelligent Defense,2026-06-02,17:00:00,Tuesday,2026-06-02 17:00,New York City,Flatiron,Flatiron,Evening,SuperOps,SuperOps,,SuperOps,superops,True,,,,https://www.tech-week.com/calendar/nyc
6282,•• AI Consumer Founders & Investors Cocktail Hour w/ Snapchat Alumni,2026-06-02,17:00:00,Tuesday,2026-06-02 17:00,New York City,Hudson Yards,Hudson Yards,Evening,GHOST Angels,GHOST Angels,,GHOST Angels,ghost-angels,False,,https://partiful.com/e/m7pci5eDGgvEMhby9pGq,m7pci5eDGgvEMhby9pGq,https://www.tech-week.com/calendar/nyc
6316,Fides Entrepreneurship Pitch Competition,2026-06-02,17:00:00,Tuesday,2026-06-02 17:00,New York City,Upper East Side,Upper East Side,Evening,Fides Entrepreneurship LLC,Fides Entrepreneurship LLC,Altar Ventures,Fides Entrepreneurship LLC; Altar Ventures,fides-entrepreneurship-llc; altar-ventures,False,,https://partiful.com/e/m4g7u5LC1jpbWNzOM60R,m4g7u5LC1jpbWNzOM60R,https://www.tech-week.com/calendar/nyc
6545,"Defense Tech Debate + Reception with Bloomberg, Lux Capital, & Tech:NYC",2026-06-02,17:00:00,Tuesday,2026-06-02 17:00,New York City,Nomad,Nomad,Evening,Bloomberg,Bloomberg,Bloomberg Beta; Lux Capital; Tech:NYC,Bloomberg; Bloomberg Beta; Lux Capital; Tech:NYC,bloomberg; bloomberg-beta; lux-capital; tech-nyc,False,,https://partiful.com/e/n9CCyMio7NyeQT2wkeE3,n9CCyMio7NyeQT2wkeE3,https://www.tech-week.com/calendar/nyc
6611,Equiply hiring tournament,2026-06-02,17:00:00,Tuesday,2026-06-02 17:00,New York City,Flatiron,Flatiron,Evening,Equiply,Equiply,,Equiply,equiply,False,,https://partiful.com/e/ETmLjJsMXWh9WB4nmFe0,ETmLjJsMXWh9WB4nmFe0,https://www.tech-week.com/calendar/nyc
246,Taco Tech Tuesday 🗽🌮,2026-06-02,17:30:00,Tuesday,2026-06-02 17:30,New York City,Midtown,Midtown,Evening,Taco Tech Tuesday,Taco Tech Tuesday,,Taco Tech Tuesday,taco-tech-tuesday,False,,https://partiful.com/e/epfr3IxCby4WezG4pIlW,epfr3IxCby4WezG4pIlW,https://www.tech-week.com/calendar/nyc
4046,"MVP to Launch: Content Credentials for Creators, Builders, and Brands #Adobe",2026-06-02,17:30:00,Tuesday,2026-06-02 17:30,New York City,Flatiron,Flatiron,Evening,Adobe,Adobe,,Adobe,adobe,False,gold,https://partiful.com/e/s9ffBVagaNmFQpfNVYmA,s9ffBVagaNmFQpfNVYmA,https://www.tech-week.com/calendar/nyc
4120,"SafeStops Global, Inc. Launch Party",2026-06-02,17:30:00,Tuesday,2026-06-02 17:30,New York City,Upper Manhattan,Upper Manhattan,Evening,"SafeStops Global, Inc.","SafeStops Global, Inc.",,"SafeStops Global, Inc.",safestops-global-inc,False,,https://partiful.com/e/5QdmlHRBUnRuGuRMFNHl,5QdmlHRBUnRuGuRMFNHl,https://www.tech-week.com/calendar/nyc
4187,Voice AI Mixer: New York Tech Week,2026-06-02,17:30:00,Tuesday,2026-06-02 17:30,New York City,Midtown,Midtown,Evening,Agora,Agora,,Agora,agora,False,,https://partiful.com/e/6tGWbwFLINhov8Qc0U83,6tGWbwFLINhov8Qc0U83,https://www.tech-week.com/calendar/nyc
4219,NYTW Early-Stage Investor Dinner,2026-06-02,17:30:00,Tuesday,2026-06-02 17:30,New York City,Midtown,Midtown,Evening,a16z speedrun,a16z speedrun,Precursor; Collab Fund,a16z speedrun; Precursor; Collab Fund,a16z-speedrun; precursor; collab-fund,True,platinum,,,https://www.tech-week.com/calendar/nyc
4224,🗽Agents & APIs Demo Night,2026-06-02,17:30:00,Tuesday,2026-06-02 17:30,New York City,SoHo,SoHo,Evening,Postman,Postman,WorkOS,Postman; WorkOS,postman; workos,False,,https://partiful.com/e/XqIBMZmB4oubCZWFP2Sl,XqIBMZmB4oubCZWFP2Sl,https://www.tech-week.com/calendar/nyc
4246,Beyond the Match: Systems That Power Hinge,2026-06-02,17:30:00,Tuesday,2026-06-02 17:30,New York City,Meatpacking District,Meatpacking District,Evening,Hinge,Hinge,,Hinge,hinge,False,,https://partiful.com/e/WZRB36bFpwMiawawUMD5,WZRB36bFpwMiawawUMD5,https://www.tech-week.com/calendar/nyc
4288,Mission Satellite,2026-06-02,17:30:00,Tuesday,2026-06-02 17:30,New York City,Greenwich Village,Greenwich Village,Evening,SpaceDAO,SpaceDAO,,SpaceDAO,spacedao,False,,https://partiful.com/e/SwFhpd2jWPqseLa92wsP,SwFhpd2jWPqseLa92wsP,https://www.tech-week.com/calendar/nyc
4319,AI Side-Project Showcase,2026-06-02,17:30:00,Tuesday,2026-06-02 17:30,New York City,Nomad,Nomad,Evening,The New Builder Podcast,The New Builder Podcast,,The New Builder Podcast,the-new-builder-podcast,False,,https://partiful.com/e/WqSb1H70yuPkhNDf9q7v,WqSb1H70yuPkhNDf9q7v,https://www.tech-week.com/calendar/nyc
4433,Lorimer Community Demos and Drinks,2026-06-02,17:30:00,Tuesday,2026-06-02 17:30,New York City,Chelsea,Chelsea,Evening,Lorimer Ventures,Lorimer Ventures,,Lorimer Ventures,lorimer-ventures,False,,https://partiful.com/e/E67gbC3uj6PTGiLXecCT,E67gbC3uj6PTGiLXecCT,https://www.tech-week.com/calendar/nyc
4603,Physical AI Founders & Investors Happy Hour,2026-06-02,17:30:00,Tuesday,2026-06-02 17:30,New York City,SoHo,SoHo,Evening,Interwoven Ventures,Interwoven Ventures,,Interwoven Ventures,interwoven-ventures,True,,,,https://www.tech-week.com/calendar/nyc
4672,Agents of Change,2026-06-02,17:30:00,Tuesday,2026-06-02 17:30,New York City,Flatiron,Flatiron,Evening,3percentclub,3percentclub,,3percentclub,3percentclub,False,,https://partiful.com/e/ZZFWMkisfYJrUyqR18cb,ZZFWMkisfYJrUyqR18cb,https://www.tech-week.com/calendar/nyc
4689,Consumer Crashout: The Shift Nobody's Talking About Founders + Funders @ iHeartRadio HQ,2026-06-02,17:30:00,Tuesday,2026-06-02 17:30,New York City,Midtown,Midtown,Evening,Alumni Ventures,Alumni Ventures,iHeart Radio Ventures,Alumni Ventures; iHeart Radio Ventures,alumni-ventures; iheart-radio-ventures,False,,https://partiful.com/e/TpLCSAej2w4Mg9TbFTyH,TpLCSAej2w4Mg9TbFTyH,https://www.tech-week.com/calendar/nyc
4697,AgeTech NYC Community Demo Day,2026-06-02,17:30:00,Tuesday,2026-06-02 17:30,New York City,Chelsea,Chelsea,Evening,AgeTech NYC,AgeTech NYC,,AgeTech NYC,agetech-nyc,False,,https://partiful.com/e/mH8b6grSEnS9GCCZwU4N,mH8b6grSEnS9GCCZwU4N,https://www.tech-week.com/calendar/nyc
4732,Hackathon & Career Fair,2026-06-02,17:30:00,Tuesday,2026-06-02 17:30,New York City,Midtown,Midtown,Evening,Propel Earth,Propel Earth,,Propel Earth,propel-earth,False,,https://partiful.com/e/GxT0MlpEgP8RgFxRH2QG,GxT0MlpEgP8RgFxRH2QG,https://www.tech-week.com/calendar/nyc
4735,"Synthetic Audiences, Real Consequences",2026-06-02,17:30:00,Tuesday,2026-06-02 17:30,New York City,Lower East Side,Lower East Side,Evening,Panoplai,Panoplai,,Panoplai,panoplai,False,,https://partiful.com/e/D46hAuAjMEYlwq69AJ0c,D46hAuAjMEYlwq69AJ0c,https://www.tech-week.com/calendar/nyc
4744,taking AI to new heights,2026-06-02,17:30:00,Tuesday,2026-06-02 17:30,New York City,Midtown,Midtown,Evening,Datadog,Datadog,Vercel,Datadog; Vercel,datadog; vercel,False,gold,https://partiful.com/e/NHLbgkXd64ICegk4dNks,NHLbgkXd64ICegk4dNks,https://www.tech-week.com/calendar/nyc
4859,non profits at TechWeek. finally.,2026-06-02,17:30:00,Tuesday,2026-06-02 17:30,New York City,Midtown,Midtown,Evening,Kairos,Kairos,,Kairos,kairos,False,,https://partiful.com/e/WWDTlzvnJ4tfWRBmDs8U,WWDTlzvnJ4tfWRBmDs8U,https://www.tech-week.com/calendar/nyc
5098,Founders + Funders Happy Hour,2026-06-02,17:30:00,Tuesday,2026-06-02 17:30,New York City,Flatiron,Flatiron,Evening,"Kleinberg, Kaplan, Wolff & Cohen, P.C.","Kleinberg, Kaplan, Wolff & Cohen, P.C.",,"Kleinberg, Kaplan, Wolff & Cohen, P.C.",kleinberg-kaplan-wolff-cohen-p-c,False,,https://partiful.com/e/TujqCXVq6gQ8gQvMpnAb,TujqCXVq6gQ8gQvMpnAb,https://www.tech-week.com/calendar/nyc
5127,Fin x Clay: Scaling CX in the AI Era,2026-06-02,17:30:00,Tuesday,2026-06-02 17:30,New York City,Midtown,Midtown,Evening,Fin,Fin,Clay,Fin; Clay,fin; clay,False,gold,https://partiful.com/e/3kdgu631rtkqSSFe5ZmO,3kdgu631rtkqSSFe5ZmO,https://www.tech-week.com/calendar/nyc
5162,The AI-Ready Creative: An Evening with Luma & Silverside,2026-06-02,17:30:00,Tuesday,2026-06-02 17:30,New York City,SoHo,SoHo,Evening,Luma,Luma,Silverside,Luma; Silverside,luma; silverside,True,,,,https://www.tech-week.com/calendar/nyc
5415,"AI, Algorithms & Liability: What Tech Leaders & Creators Need to Know",2026-06-02,17:30:00,Tuesday,2026-06-02 17:30,New York City,Financial District,Financial District,Evening,Romano Law PLLC,Romano Law PLLC,,Romano Law PLLC,romano-law-pllc,False,,https://partiful.com/e/UBrZopzqpRwbn6Qk0npO,UBrZopzqpRwbn6Qk0npO,https://www.tech-week.com/calendar/nyc
5716,Shark Tank: Unethical Hackathon & Pitch Competition,2026-06-02,17:30:00,Tuesday,2026-06-02 17:30,New York City,Lower East Side,Lower East Side,Evening,MAANG,MAANG,,MAANG,maang,False,,https://partiful.com/e/NCyCpVKFHXfdVuODhP90,NCyCpVKFHXfdVuODhP90,https://www.tech-week.com/calendar/nyc
6176,Israel Founders Mission NYC: Opening Cocktail,2026-06-02,17:30:00,Tuesday,2026-06-02 17:30,New York City,Midtown,Midtown,Evening,Discount Tech,Discount Tech,IDB Bank,Discount Tech; IDB Bank,discount-tech; idb-bank,False,,https://partiful.com/e/FenpRxL7UHuPW7xxXEjB,FenpRxL7UHuPW7xxXEjB,https://www.tech-week.com/calendar/nyc
6212,Israeli Founders Forum Cocktail Reception,2026-06-02,17:30:00,Tuesday,2026-06-02 17:30,New York City,West Village,West Village,Evening,Israeli Mapped in NY,Israeli Mapped in NY,Valley Bank,Israeli Mapped in NY; Valley Bank,israeli-mapped-in-ny; valley-bank,True,,,,https://www.tech-week.com/calendar/nyc
6226,The Future of Wealth: AI Insight and People,2026-06-02,17:30:00,Tuesday,2026-06-02 17:30,New York City,Financial District,Financial District,Evening,Mothers to Daughters,Mothers to Daughters,,Mothers to Daughters,mothers-to-daughters,False,,https://partiful.com/e/ajldiNGGvQpVzTpnzqqg,ajldiNGGvQpVzTpnzqqg,https://www.tech-week.com/calendar/nyc
6264,"from PMF to Scale! If Your GTM doesn't scale, let's build an agentic GTM system",2026-06-02,17:30:00,Tuesday,2026-06-02 17:30,New York City,Chelsea,Chelsea,Evening,DragonflyAI Consulting,DragonflyAI Consulting,Civic Hall,DragonflyAI Consulting; Civic Hall,dragonflyai-consulting; civic-hall,False,,https://partiful.com/e/ClDoZdTBs7mmjqoMw3k2,ClDoZdTBs7mmjqoMw3k2,https://www.tech-week.com/calendar/nyc
6387,Investor Dinner with Stifel Bank & York IE,2026-06-02,17:30:00,Tuesday,2026-06-02 17:30,New York City,Midtown,Midtown,Evening,York IE,York IE,Stifel Bank,York IE; Stifel Bank,york-ie; stifel-bank,False,,https://partiful.com/e/tZhaSlXaHE3UvbpBvXAZ,tZhaSlXaHE3UvbpBvXAZ,https://www.tech-week.com/calendar/nyc
6393,AI on Main Street: How Chinatown's Small Businesses Are Using AI,2026-06-02,17:30:00,Tuesday,2026-06-02 17:30,New York City,Chinatown,Chinatown,Evening,Welcome to Chinatown,Welcome to Chinatown,,Welcome to Chinatown,welcome-to-chinatown,False,,https://partiful.com/e/hl2AIeWhZ1e2t6LveEGw,hl2AIeWhZ1e2t6LveEGw,https://www.tech-week.com/calendar/nyc
6395,Vesey Ventures & J.P. Morgan dinner: an evening of Agentic Commerce,2026-06-02,17:30:00,Tuesday,2026-06-02 17:30,New York City,Midtown,Midtown,Evening,Vesey Ventures,Vesey Ventures,J.P. Morgan,Vesey Ventures; J.P. Morgan,vesey-ventures; j-p-morgan,False,,https://partiful.com/e/u7UgtF8gTKW9BOKuG7k8,u7UgtF8gTKW9BOKuG7k8,https://www.tech-week.com/calendar/nyc
6436,AIMLC Meetup: Understanding and Advancing General Intelligence Through Game,2026-06-02,17:30:00,Tuesday,2026-06-02 17:30,New York City,Flatiron,Flatiron,Evening,Capital One,Capital One,,Capital One,capital-one,False,,https://partiful.com/e/X6NFw7EkD1FoWNswwoqQ,X6NFw7EkD1FoWNswwoqQ,https://www.tech-week.com/calendar/nyc
6465,Healthcare AI Rooftop Happy Hour,2026-06-02,17:30:00,Tuesday,2026-06-02 17:30,New York City,SoHo,SoHo,Evening,Alaffia Health,Alaffia Health,,Alaffia Health,alaffia-health,False,,https://partiful.com/e/G2KyxGWf2wHA4lYjcd8F,G2KyxGWf2wHA4lYjcd8F,https://www.tech-week.com/calendar/nyc
6498,Yahoo x beehiiv Comms & Media Mixer |,2026-06-02,17:30:00,Tuesday,2026-06-02 17:30,New York City,Greenwich Village,Greenwich Village,Evening,Yahoo,Yahoo,https://www.beehiiv.com/,Yahoo; https://www.beehiiv.com/,yahoo; https-www-beehiiv-com,False,,https://partiful.com/e/eA5ORw6fKg24Xe61fIDn,eA5ORw6fKg24Xe61fIDn,https://www.tech-week.com/calendar/nyc
6625,Why Are Women Spending $100K+ on IVF Without Real Answers?,2026-06-02,17:30:00,Tuesday,2026-06-02 17:30,New York City,Flatiron,Flatiron,Evening,VitalHelix,VitalHelix,,VitalHelix,vitalhelix,False,,https://partiful.com/e/NoKxyoAj7jUITuEXT448,NoKxyoAj7jUITuEXT448,https://www.tech-week.com/calendar/nyc
4707,Alternative Data Happy Hour #36,2026-06-02,17:45:00,Tuesday,2026-06-02 17:45,New York City,Midtown,Midtown,Evening,The Data Market Network: DMN,The Data Market Network: DMN,,The Data Market Network: DMN,the-data-market-network-dmn,False,,https://partiful.com/e/JugbSvGkWlKMfxKIwdsY,JugbSvGkWlKMfxKIwdsY,https://www.tech-week.com/calendar/nyc
99,The Beauty Innovation Lab,2026-06-02,18:00:00,Tuesday,2026-06-02 18:00,New York City,Midtown,Midtown,Evening,WaxPrint Media,WaxPrint Media,,WaxPrint Media,waxprint-media,True,,,,https://www.tech-week.com/calendar/nyc
117,FUTURE TITANS LP/GP Movie Night: The Big Short (with Greg Lippmann live commentary),2026-06-02,18:00:00,Tuesday,2026-06-02 18:00,New York City,Midtown,Midtown,Evening,Rock Yard Ventures,Rock Yard Ventures,,Rock Yard Ventures,rock-yard-ventures,False,,https://partiful.com/e/JWVWOaAPymS8WRbP2g5T,JWVWOaAPymS8WRbP2g5T,https://www.tech-week.com/calendar/nyc
129,Sandbox & Sips: AI Simulation Sandbox Happy Hour,2026-06-02,18:00:00,Tuesday,2026-06-02 18:00,New York City,SoHo,SoHo,Evening,Veris AI,Veris AI,,Veris AI,veris-ai,False,,https://partiful.com/e/3c83it3DDwtNLeboisvt,3c83it3DDwtNLeboisvt,https://www.tech-week.com/calendar/nyc
3999,/dev/color Panel & Mixer,2026-06-02,18:00:00,Tuesday,2026-06-02 18:00,New York City,Midtown,Midtown,Evening,/dev/color,/dev/color,,/dev/color,dev-color,False,,https://partiful.com/e/nXuA6YoD01FXAVYj1tYX,nXuA6YoD01FXAVYj1tYX,https://www.tech-week.com/calendar/nyc
4054,Databricks Ventures & Fenwick: Founders & Investors Happy Hour,2026-06-02,18:00:00,Tuesday,2026-06-02 18:00,New York City,Flatiron,Flatiron,Evening,Databricks,Databricks,,Databricks,databricks,False,platinum,https://partiful.com/e/UVrf9v2ZAD5M4gdPdKh9,UVrf9v2ZAD5M4gdPdKh9,https://www.tech-week.com/calendar/nyc
4126,Building with AI: What Founders Need to Know,2026-06-02,18:00:00,Tuesday,2026-06-02 18:00,New York City,Midtown,Midtown,Evening,CS In Focus,CS in Focus,StartStak.Ai,CS in Focus; StartStak.Ai,cs-in-focus; startstak-ai,False,,https://partiful.com/e/OABGjYptXq9pQerSnaAq,OABGjYptXq9pQerSnaAq,https://www.tech-week.com/calendar/nyc
4158,GCSx NYC 2026,2026-06-02,18:00:00,Tuesday,2026-06-02 18:00,New York City,Midtown,Midtown,Evening,American Ecosystem Institute Inc.,American Ecosystem Institute Inc.,KEPLER MISSION DESIGN GROUP,American Ecosystem Institute Inc.; KEPLER MISSION DESIGN GROUP,american-ecosystem-institute-inc; kepler-mission-design-group,False,,https://partiful.com/e/3l8rpPe9jJ3rEXEhKAcr,3l8rpPe9jJ3rEXEhKAcr,https://www.tech-week.com/calendar/nyc
4161,Future of DevEx,2026-06-02,18:00:00,Tuesday,2026-06-02 18:00,New York City,SoHo,SoHo,Evening,Deskree,Deskree,tavily; PostHog; Convex,Deskree; tavily; PostHog; Convex,desktree; tavily; posthog; convex,False,,https://partiful.com/e/7DYGSiY1WUuRSvEnD5gp,7DYGSiY1WUuRSvEnD5gp,https://www.tech-week.com/calendar/nyc
4211,Lightning Talks from Women and Folks in Tech,2026-06-02,18:00:00,Tuesday,2026-06-02 18:00,New York City,Midtown,Midtown,Evening,Gusto,Gusto,,Gusto,gusto,False,,https://partiful.com/e/zePyRMOZRTaWdpEgb28i,zePyRMOZRTaWdpEgb28i,https://www.tech-week.com/calendar/nyc
4235,Advanced Product Managers social,2026-06-02,18:00:00,Tuesday,2026-06-02 18:00,New York City,Chelsea,Chelsea,Evening,TheProductSociety,TheProductSociety,,TheProductSociety,theproductsociety,False,,https://partiful.com/e/2QlDq6efVNjMcnOCGY3E,2QlDq6efVNjMcnOCGY3E,https://www.tech-week.com/calendar/nyc
4241,AI Builders x Founders: Matchmaking,2026-06-02,18:00:00,Tuesday,2026-06-02 18:00,New York City,Midtown,Midtown,Evening,Pioneer Minds AI,Pioneer Minds AI,,Pioneer Minds AI,pioneer-minds-ai,False,,https://partiful.com/e/T6FjZ5aD6hprIfQyjaSz,T6FjZ5aD6hprIfQyjaSz,https://www.tech-week.com/calendar/nyc
4284,Commercializing Defense Tech,2026-06-02,18:00:00,Tuesday,2026-06-02 18:00,New York City,SoHo,SoHo,Evening,HAUS,HAUS,Stonegardens Advisory,HAUS; Stonegardens Advisory,haus; stonegardens-advisory,True,,,,https://www.tech-week.com/calendar/nyc
4323,Scale Beirut ' 26: Where Capital meets Impact,2026-06-02,18:00:00,Tuesday,2026-06-02 18:00,New York City,Flatiron,Flatiron,Evening,American University of Beirut,American University of Beirut,Impersonas,American University of Beirut; Impersonas,american-university-of-beirut; impersonas,False,,https://partiful.com/e/QFh0wlbI4noTRw7AsP5S,QFh0wlbI4noTRw7AsP5S,https://www.tech-week.com/calendar/nyc
4336,Off the Record: Legal Pitfalls for Early-Stage Tech Companies,2026-06-02,18:00:00,Tuesday,2026-06-02 18:00,New York City,SoHo,SoHo,Evening,Elego Law LLP,Elego Law LLP,,Elego Law LLP,elego-law-llp,False,,https://partiful.com/e/ATAgKaVGiLrGqmDwKm91,ATAgKaVGiLrGqmDwKm91,https://www.tech-week.com/calendar/nyc
4337,The Startup Salon: An Executive Gathering Hosted by Elevare Law,2026-06-02,18:00:00,Tuesday,2026-06-02 18:00,New York City,Tribeca,Tribeca,Evening,Elevare Law,Elevare Law,,Elevare Law,elevare-law,True,,,,https://www.tech-week.com/calendar/nyc
4355,The Compounding Loft: Return on Intelligence Deployed,2026-06-02,18:00:00,Tuesday,2026-06-02 18:00,New York City,Midtown,Midtown,Evening,CovQ by 8W8,CovQ by 8W8,,CovQ by 8W8,covq-by-8w8,False,,https://partiful.com/e/q2bahuz7xsdgwd4VJpEU,q2bahuz7xsdgwd4VJpEU,https://www.tech-week.com/calendar/nyc
4388,The Principal Club [Hosted by Rho x Draper],2026-06-02,18:00:00,Tuesday,2026-06-02 18:00,New York City,East Village,East Village,Evening,Rho,Rho,Draper,Rho; Draper,rho; draper,False,,https://partiful.com/e/rlRAQPlPid3iy9JOVTRs,rlRAQPlPid3iy9JOVTRs,https://www.tech-week.com/calendar/nyc
4395,Building at the Top: Leadership Lessons from Female Leaders in Tech,2026-06-02,18:00:00,Tuesday,2026-06-02 18:00,New York City,Brooklyn,Brooklyn,Evening,Topline Pro,Topline Pro,,Topline Pro,topline-pro,False,,https://partiful.com/e/NJNZyUqjxcUsyY9CYu1z,NJNZyUqjxcUsyY9CYu1z,https://www.tech-week.com/calendar/nyc
4414,"Data, UX & Drinks",2026-06-02,18:00:00,Tuesday,2026-06-02 18:00,New York City,Union Square,Union Square,Evening,Stellans.io,STELLANS.io,,STELLANS.io,stellans-io,False,,https://partiful.com/e/23VS8cRnOrDwuiUxCajT,23VS8cRnOrDwuiUxCajT,https://www.tech-week.com/calendar/nyc
4429,Consumer Happy Hour: Mayer Brown x Lerer Hippeau x Imaginary Ventures,2026-06-02,18:00:00,Tuesday,2026-06-02 18:00,New York City,SoHo,SoHo,Evening,Mayer Brown LLP,Mayer Brown LLP,Lerer Hippeau; Imaginary Ventures,Mayer Brown LLP; Lerer Hippeau; Imaginary Ventures,mayer-brown-llp; lerer-hippeau; imaginary-ventures,False,,https://partiful.com/e/8Ebmn6EyMiu19uevP7x4,8Ebmn6EyMiu19uevP7x4,https://www.tech-week.com/calendar/nyc
4470,BGDE X STEMXUS Open House,2026-06-02,18:00:00,Tuesday,2026-06-02 18:00,New York City,Brooklyn,Brooklyn,Evening,Black Girls Do Engineer Corporation,Black Girls Do Engineer Corporation,,Black Girls Do Engineer Corporation,black-girls-do-engineer-corporation,False,,https://partiful.com/e/X1IMmy3aSHWtcbjmQwoP,X1IMmy3aSHWtcbjmQwoP,https://www.tech-week.com/calendar/nyc
4473,Taco Tuesday: NYC Founders & Investors,2026-06-02,18:00:00,Tuesday,2026-06-02 18:00,New York City,SoHo,SoHo,Evening,Bling Capital,Bling Capital,Banc of California; BBGV; Correlation Ventures,Bling Capital; Banc of California; BBGV; Correlation Ventures,bling-capital; banc-of-california; bbgv; correlation-ventures,False,,https://partiful.com/e/oVgbqOhaodqmoNga1UNO,oVgbqOhaodqmoNga1UNO,https://www.tech-week.com/calendar/nyc
4482,Fashion Tech: Loyalty in the AI Age,2026-06-02,18:00:00,Tuesday,2026-06-02 18:00,New York City,Lower East Side,Lower East Side,Evening,Tote,Tote,Beni; Arête Studios,Tote; Beni; Arête Studios,tote; beni; arete-studios,False,,https://partiful.com/e/Farh8WvzHqQZzPCekOTD,Farh8WvzHqQZzPCekOTD,https://www.tech-week.com/calendar/nyc
4487,Fashion Tech Pitch Practice,2026-06-02,18:00:00,Tuesday,2026-06-02 18:00,New York City,Hudson Yards,Hudson Yards,Evening,The Pattern Maker,The Pattern Maker,,The Pattern Maker,the-pattern-maker,False,,https://partiful.com/e/879TRtQv5hiyNbvqtea6,879TRtQv5hiyNbvqtea6,https://www.tech-week.com/calendar/nyc
4492,LatAm & Latinos in Fintech,2026-06-02,18:00:00,Tuesday,2026-06-02 18:00,New York City,Flatiron,Flatiron,Evening,Pygma,Pygma,,Pygma,pygma,False,,https://partiful.com/e/3dsSQ4jlafwg2QjIMXW3,3dsSQ4jlafwg2QjIMXW3,https://www.tech-week.com/calendar/nyc
4577,Master VC Empanadas,2026-06-02,18:00:00,Tuesday,2026-06-02 18:00,New York City,Central Park,Central Park,Evening,Lazo Fintech Inc,Lazo Fintech Inc,,Lazo Fintech Inc,lazo-fintech-inc,False,,https://partiful.com/e/EvKdVS3RCeqXCOdLL0Ao,EvKdVS3RCeqXCOdLL0Ao,https://www.tech-week.com/calendar/nyc
4580,Bowling for Consumer Founders,2026-06-02,18:00:00,Tuesday,2026-06-02 18:00,New York City,Chelsea,Chelsea,Evening,Fun Meets,Fun Meets,,Fun Meets,fun-meets,True,,,,https://www.tech-week.com/calendar/nyc
4581,"Founder to Founder: AI, Ops, and Scaling in 2026",2026-06-02,18:00:00,Tuesday,2026-06-02 18:00,New York City,Financial District,Financial District,Evening,Founders Network,Founders Network,,Founders Network,founders-network,False,,https://partiful.com/e/ybvORH8ClAGkGeJpEgRd,ybvORH8ClAGkGeJpEgRd,https://www.tech-week.com/calendar/nyc
4775,🍴The Founders Table by Deel x Puzzle x Attivo,2026-06-02,18:00:00,Tuesday,2026-06-02 18:00,New York City,Midtown,Midtown,Evening,Deel,Deel,Attivo Partners; Puzzle.io,Deel; Attivo Partners; Puzzle.io,deel; attivo-partners; puzzle-io,False,gold,https://partiful.com/e/aitjrOoW2OBXSa7CtKhG,aitjrOoW2OBXSa7CtKhG,https://www.tech-week.com/calendar/nyc
4833,Build Smarter: What AI Actually Changes for Product Teams,2026-06-02,18:00:00,Tuesday,2026-06-02 18:00,New York City,Midtown,Midtown,Evening,Infinum,Infinum,,Infinum,infinum,True,,,,https://www.tech-week.com/calendar/nyc
4887,Czech Startup Pitch Night,2026-06-02,18:00:00,Tuesday,2026-06-02 18:00,New York City,Upper East Side,Upper East Side,Evening,SOSA,SOSA,CzechInvest,SOSA; CzechInvest,sosa; czechinvest,False,,https://partiful.com/e/IH22sDeYHvtbUndCPacu,IH22sDeYHvtbUndCPacu,https://www.tech-week.com/calendar/nyc
4946,Lessons from People Who Have Sat on Both Sides of the Table.,2026-06-02,18:00:00,Tuesday,2026-06-02 18:00,New York City,Midtown,Midtown,Evening,Boxsy Inc.,Boxsy Inc.,Baylane Capital,Boxsy Inc.; Baylane Capital,boxsy-inc; baylane-capital,False,,https://partiful.com/e/eZyYOASnhlTpvJNfDXKu,eZyYOASnhlTpvJNfDXKu,https://www.tech-week.com/calendar/nyc
5045,How We Build with Agents,2026-06-02,18:00:00,Tuesday,2026-06-02 18:00,New York City,Meatpacking District,Meatpacking District,Evening,Betaworks,Betaworks,,Betaworks,betaworks,False,,https://partiful.com/e/J6blMPb7wLXWeNTeuJCN,J6blMPb7wLXWeNTeuJCN,https://www.tech-week.com/calendar/nyc
5060,Your Lifestyle is Your Longevity @ The Maze Sober Social Club with ionava & Yunara Life,2026-06-02,18:00:00,Tuesday,2026-06-02 18:00,New York City,Nomad,Nomad,Evening,ionava,ionava,Yunara Life; The Maze NYC,ionava; Yunara Life; The Maze NYC,ionava; yunara-life; the-maze-nyc,False,,https://partiful.com/e/jXbuPWhpQ1NlFBhNozAD,jXbuPWhpQ1NlFBhNozAD,https://www.tech-week.com/calendar/nyc
5249,"Close the Laptop, Validate in Person (Sponsored by BMO)",2026-06-02,18:00:00,Tuesday,2026-06-02 18:00,New York City,Gramercy Park,Gramercy Park,Evening,Startup Baddie,Startup Baddie,Social Company of Soho,Startup Baddie; Social Company of Soho,startup-baddie; social-company-of-soho,False,,https://partiful.com/e/oS8dmcPrh1qCmoXJmag0,oS8dmcPrh1qCmoXJmag0,https://www.tech-week.com/calendar/nyc
5304,Orbitour AI x XGRIDS: How Spatial AI Sells Real Estate and Engages Museum Audiences,2026-06-02,18:00:00,Tuesday,2026-06-02 18:00,New York City,Union Square,Union Square,Evening,WanderLens Lab,WanderLens Lab,XGRIDS,WanderLens Lab; XGRIDS,wanderlens-lab; xgrids,False,,https://partiful.com/e/TGzSQYaHYTCxI1gx0M4h,TGzSQYaHYTCxI1gx0M4h,https://www.tech-week.com/calendar/nyc
5319,Financial Services for Agentic Networks,2026-06-02,18:00:00,Tuesday,2026-06-02 18:00,New York City,Financial District,Financial District,Evening,Foundation for Agentic Networks,Foundation for Agentic Networks,,Foundation for Agentic Networks,foundation-for-agentic-networks,False,,https://partiful.com/e/qnkligFsuaxam07X1BEC,qnkligFsuaxam07X1BEC,https://www.tech-week.com/calendar/nyc
5349,Jetzy presents: The Future of Travel - Meet Investors and Founders,2026-06-02,18:00:00,Tuesday,2026-06-02 18:00,New York City,Midtown,Midtown,Evening,Jetzy,Jetzy,,Jetzy,jetzy,False,,https://partiful.com/e/vMgh1HOU0xqBmBJdxwCI,vMgh1HOU0xqBmBJdxwCI,https://www.tech-week.com/calendar/nyc
5437,Enterprise AI Happy Hour,2026-06-02,18:00:00,Tuesday,2026-06-02 18:00,New York City,SoHo,SoHo,Evening,Credal,Credal,,Credal,credal,False,,https://partiful.com/e/FSzOO6xPn11iqxVdtQ9j,FSzOO6xPn11iqxVdtQ9j,https://www.tech-week.com/calendar/nyc
5474,Growth Mixer,2026-06-02,18:00:00,Tuesday,2026-06-02 18:00,New York City,SoHo,SoHo,Evening,Rubicon Bridge Ltd,Rubicon Bridge Ltd,,Rubicon Bridge Ltd,rubicon-bridge-ltd,True,,,,https://www.tech-week.com/calendar/nyc
5517,AI in Finance: From Reporting to Real-Time Decision Making,2026-06-02,18:00:00,Tuesday,2026-06-02 18:00,New York City,Midtown,Midtown,Evening,Bereisheet Tech,Bereisheet Tech,,Bereisheet Tech,bereisheet-tech,True,,,,https://www.tech-week.com/calendar/nyc
5600,Prompting Prejudice: How AI Learns — and Unlearns — Hate,2026-06-02,18:00:00,Tuesday,2026-06-02 18:00,New York City,SoHo,SoHo,Evening,Tech Tribe,Tech Tribe,ADL; Vine Ventures,Tech Tribe; ADL; Vine Ventures,tech-tribe; adl; vine-ventures,False,,https://partiful.com/e/H1GptQxbn6AogOW5ciCD,H1GptQxbn6AogOW5ciCD,https://www.tech-week.com/calendar/nyc
5604,Founding GPs VC Omakase,2026-06-02,18:00:00,Tuesday,2026-06-02 18:00,New York City,Midtown,Midtown,Evening,Unicorner,Unicorner,Mercury; Sydecar,Unicorner; Mercury; Sydecar,unicorner; mercury; sydecar,False,,https://partiful.com/e/iYgTSYfpMkHDhXgcofCb,iYgTSYfpMkHDhXgcofCb,https://www.tech-week.com/calendar/nyc
5626,Founding GPs VC Omakase,2026-06-02,18:00:00,Tuesday,2026-06-02 18:00,New York City,Midtown,Midtown,Evening,Unicorner,Unicorner,Mercury; Sydecar,Unicorner; Mercury; Sydecar,unicorner; mercury; sydecar,False,,https://partiful.com/e/iYgTSYfpMkHDhXgcofCb,iYgTSYfpMkHDhXgcofCb,https://www.tech-week.com/calendar/nyc
5668,Tech Week & Pride Month Kickoff Event hosted by J.P. Morgan,2026-06-02,18:00:00,Tuesday,2026-06-02 18:00,New York City,West Village,West Village,Evening,JPMorgan,JPMorgan,,JPMorgan,jpmorgan,False,,https://partiful.com/e/B8dMAYmTTQKX7Oq3FUVy,B8dMAYmTTQKX7Oq3FUVy,https://www.tech-week.com/calendar/nyc
5899,NY Tech Week Volleyball,2026-06-02,18:00:00,Tuesday,2026-06-02 18:00,New York City,Brooklyn,Brooklyn,Evening,mobius,mobius,,mobius,mobius,False,,https://partiful.com/e/4rtcBM1p9koZrSoVzmUV,4rtcBM1p9koZrSoVzmUV,https://www.tech-week.com/calendar/nyc
5906,Cybersecurity Happy Hour by Dashlane,2026-06-02,18:00:00,Tuesday,2026-06-02 18:00,New York City,Union Square,Union Square,Evening,Dashlane,Dashlane,,Dashlane,dashlane,False,,https://partiful.com/e/ploDSsK5Pxj3iKdDAQk3,ploDSsK5Pxj3iKdDAQk3,https://www.tech-week.com/calendar/nyc
5925,Build for the Agent Era - Cloudflare + Shopify,2026-06-02,18:00:00,Tuesday,2026-06-02 18:00,New York City,SoHo,SoHo,Evening,Cloudflare,Cloudflare,Shopify,Cloudflare; Shopify,cloudflare; shopify,False,gold,https://partiful.com/e/jytNb4IdG0HxwJnqDSgf,jytNb4IdG0HxwJnqDSgf,https://www.tech-week.com/calendar/nyc
5933,General Intuition & Activant Happy Hour,2026-06-02,18:00:00,Tuesday,2026-06-02 18:00,New York City,SoHo,SoHo,Evening,Activant Capital,Activant Capital,General Intuition,Activant Capital; General Intuition,activant-capital; general-intuition,False,,https://partiful.com/e/tslF51t2KyLfnbfb3Rz8,tslF51t2KyLfnbfb3Rz8,https://www.tech-week.com/calendar/nyc
5936,Absinthe & AI,2026-06-02,18:00:00,Tuesday,2026-06-02 18:00,New York City,Nomad,Nomad,Evening,Rehearsals,Rehearsals,Hume,Rehearsals; Hume,rehearsals; hume,False,,https://partiful.com/e/Bc7dJv7aMLLlEaaRXWrq,Bc7dJv7aMLLlEaaRXWrq,https://www.tech-week.com/calendar/nyc
5945,BIPOC Founders & Funders - hosted by Black Tech Meetup,2026-06-02,18:00:00,Tuesday,2026-06-02 18:00,New York City,Flatiron,Flatiron,Evening,Black Tech Meetup,BlackTech Meetup,,BlackTech Meetup,black-tech-meetup,False,,https://partiful.com/e/Q3VLiAG6mCn8DExuxzNF,Q3VLiAG6mCn8DExuxzNF,https://www.tech-week.com/calendar/nyc
5946,"Vibe Code Live: Build, Learn, Repeat",2026-06-02,18:00:00,Tuesday,2026-06-02 18:00,New York City,SoHo,SoHo,Evening,WiMLDS,WiMLDS,NYAI; Brainstation,WiMLDS; NYAI; Brainstation,wimlds; nyai; brainstation,False,,https://partiful.com/e/QEtLHa6f52i11Y37wyfb,QEtLHa6f52i11Y37wyfb,https://www.tech-week.com/calendar/nyc
5948,The Convergence: New York,2026-06-02,18:00:00,Tuesday,2026-06-02 18:00,New York City,Financial District,Financial District,Evening,1985 Capital,1985 Capital,,1985 Capital,1985-capital,False,,https://partiful.com/e/oAa83UPQN9OaHE8Pvaya,oAa83UPQN9OaHE8Pvaya,https://www.tech-week.com/calendar/nyc
5949,"""Safeguarding AI"" Happy Hour + Panel",2026-06-02,18:00:00,Tuesday,2026-06-02 18:00,New York City,SoHo,SoHo,Evening,Cinder,Cinder,,Cinder,cinder,True,,,,https://www.tech-week.com/calendar/nyc
6220,speedrun Insiders VIP Dinner,2026-06-02,18:00:00,Tuesday,2026-06-02 18:00,New York City,SoHo,SoHo,Evening,a16z speedrun,a16z speedrun,Datadog; Replit,a16z speedrun; Datadog; Replit,a16z-speedrun; datadog; replit,False,,https://partiful.com/e/CKP1QMCbZPFuWHlNo6y0,CKP1QMCbZPFuWHlNo6y0,https://www.tech-week.com/calendar/nyc
6232,NYC Tech Week- The New Era of Business Productivity Tools,2026-06-02,18:00:00,Tuesday,2026-06-02 18:00,New York City,Midtown,Midtown,Evening,Second Axis,second axis,,second axis,second-axis,False,,https://partiful.com/e/lcmXSFhnXlltkqQjyLuW,lcmXSFhnXlltkqQjyLuW,https://www.tech-week.com/calendar/nyc
6238,Tee Up @ Tech Week,2026-06-02,18:00:00,Tuesday,2026-06-02 18:00,New York City,Flatiron,Flatiron,Evening,Fenwick,Fenwick,,Fenwick,fenwick,False,platinum,https://partiful.com/e/J1qAJhBHWovK4IzOxEgh,J1qAJhBHWovK4IzOxEgh,https://www.tech-week.com/calendar/nyc
6363,ARR You Kidding Me: A Comedy Night for Finance Pros,2026-06-02,18:00:00,Tuesday,2026-06-02 18:00,New York City,Midtown,Midtown,Evening,Rillet,Rillet,,Rillet,rillet,False,,https://partiful.com/e/6kXnEpDS0MeuoqEZAmY2,6kXnEpDS0MeuoqEZAmY2,https://www.tech-week.com/calendar/nyc
6404,NYC RegTech and Compliance Happy Hour,2026-06-02,18:00:00,Tuesday,2026-06-02 18:00,New York City,Midtown,Midtown,Evening,Surveill,Surveill,,Surveill,surveill,False,,https://partiful.com/e/AKJAMb5YYWnLz8lFb5xl,AKJAMb5YYWnLz8lFb5xl,https://www.tech-week.com/calendar/nyc
6407,Beauty E-commerce Leaders Dinner,2026-06-02,18:00:00,Tuesday,2026-06-02 18:00,New York City,Flatiron,Flatiron,Evening,MaquillAR Studio,MaquillAR Studio,,MaquillAR Studio,maquillar-studio,False,,https://partiful.com/e/CQLd4GquFqdpcKGVCyUE,CQLd4GquFqdpcKGVCyUE,https://www.tech-week.com/calendar/nyc
6433,"""Unlocking the Youth Market with Age-Aware Design"" Roundtable / Workshop",2026-06-02,18:00:00,Tuesday,2026-06-02 18:00,New York City,Midtown,Midtown,Evening,Vys,Vys,,Vys,vys,False,,https://partiful.com/e/TyWioDVBdTPLR3y80ZtJ,TyWioDVBdTPLR3y80ZtJ,https://www.tech-week.com/calendar/nyc
6483,Next-Gen Social Content: AI Video Screening & Deep Dive,2026-06-02,18:00:00,Tuesday,2026-06-02 18:00,New York City,Midtown,Midtown,Evening,MartiniArt,MartiniArt,,MartiniArt,martiniart,False,,https://partiful.com/e/lEuafK4T1kCkkgdRotjO,lEuafK4T1kCkkgdRotjO,https://www.tech-week.com/calendar/nyc
6509,Hitlab NYC Tech Week Cocktail Hour,2026-06-02,18:00:00,Tuesday,2026-06-02 18:00,New York City,SoHo,SoHo,Evening,Healthcare Innovation and Technology Lab,Healthcare Innovation and Technology Lab,,Healthcare Innovation and Technology Lab,healthcare-innovation-and-technology-lab,True,,,,https://www.tech-week.com/calendar/nyc
6512,a16z New Media Happy Hour,2026-06-02,18:00:00,Tuesday,2026-06-02 18:00,New York City,Financial District,Financial District,Evening,Andreessen Horowitz,Andreessen Horowitz,,Andreessen Horowitz,andreessen-horowitz,False,,https://partiful.com/e/h0NJIDOs2n2VBcznvikl,h0NJIDOs2n2VBcznvikl,https://www.tech-week.com/calendar/nyc
6576,Swiss Innovation @ NY Tech Week 2026,2026-06-02,18:00:00,Tuesday,2026-06-02 18:00,New York City,East Village,East Village,Evening,Swissnex,Swissnex,,Swissnex,swissnex,False,,https://partiful.com/e/obCSrtSObg9mVne5kl4D,obCSrtSObg9mVne5kl4D,https://www.tech-week.com/calendar/nyc
6629,Founders x Investors AI Toolkit & Happy Hour,2026-06-02,18:00:00,Tuesday,2026-06-02 18:00,New York City,Midtown,Midtown,Evening,Hatsu,Hatsu,,Hatsu,hatsu,False,,https://partiful.com/e/Vs2eC7nERtgF0PgNWfUo,Vs2eC7nERtgF0PgNWfUo,https://www.tech-week.com/calendar/nyc
6818,AI Search: The 500-foot view,2026-06-02,18:00:00,Tuesday,2026-06-02 18:00,New York City,Midtown,Midtown,Evening,Modus Digital,Modus Digital,Semrush,Modus Digital; Semrush,modus-digital; semrush,False,,https://partiful.com/e/HuAdcwZ2YjmPZobp316y,HuAdcwZ2YjmPZobp316y,https://www.tech-week.com/calendar/nyc
109,Beta Testers: Climb Night,2026-06-02,18:30:00,Tuesday,2026-06-02 18:30,New York City,Brooklyn,Brooklyn,Evening,Fonzi AI,Fonzi AI,,Fonzi AI,fonzi-ai,False,,https://partiful.com/e/HztTBkljuVuYhH6Bm3P8,HztTBkljuVuYhH6Bm3P8,https://www.tech-week.com/calendar/nyc
120,Summer Happy Hour Mixer,2026-06-02,18:30:00,Tuesday,2026-06-02 18:30,New York City,Midtown,Midtown,Evening,United Women in Business Foundation,United Women in Business Foundation,,United Women in Business Foundation,united-women-in-business-foundation,False,,https://partiful.com/e/u7hEfXqivicjdtYs1gWX,u7hEfXqivicjdtYs1gWX,https://www.tech-week.com/calendar/nyc
4038,Women in Tech Leadership Happy Hour/Networking (Invite Only),2026-06-02,18:30:00,Tuesday,2026-06-02 18:30,New York City,Chelsea,Chelsea,Evening,Products by Women,Products by Women,Geeks & Experts,Products by Women; Geeks & Experts,products-by-women; geeks-experts,False,,https://partiful.com/e/Ku3dnK0jFElueDqn5oba,Ku3dnK0jFElueDqn5oba,https://www.tech-week.com/calendar/nyc
4134,Private AI x Private Equity and Fund Operators Dinner ft. MD at Insights Partners ($90B+ AUM),2026-06-02,18:30:00,Tuesday,2026-06-02 18:30,New York City,Midtown,Midtown,Evening,Supermomos,Supermomos,,Supermomos,supermomos,False,,https://partiful.com/e/qxjNrusOA1hYxqATXnsn,qxjNrusOA1hYxqATXnsn,https://www.tech-week.com/calendar/nyc
4135,"Moving Fast, Building to Last",2026-06-02,18:30:00,Tuesday,2026-06-02 18:30,New York City,SoHo,SoHo,Evening,UBS,UBS,Anorak Ventures,UBS; Anorak Ventures,ubs; anorak-ventures,True,,,,https://www.tech-week.com/calendar/nyc
4357,Building Biotech in NYC,2026-06-02,18:30:00,Tuesday,2026-06-02 18:30,New York City,Midtown,Midtown,Evening,Fish & Richardson PC,Fish & Richardson PC,C10 Labs; Biolabs @ NYU Langone,Fish & Richardson PC; C10 Labs; Biolabs @ NYU Langone,fish-richardson-pc; c10-labs; biolabs-nyu-langone,False,,https://partiful.com/e/cBBgd3lO8pAgz6xYp3fi,cBBgd3lO8pAgz6xYp3fi,https://www.tech-week.com/calendar/nyc
4392,Product Design AI Fireside Chat + Happy Hour,2026-06-02,18:30:00,Tuesday,2026-06-02 18:30,New York City,Flatiron,Flatiron,Evening,Noon Design,Noon Design,,Noon Design,noon-design,False,,https://partiful.com/e/wOTuzhuJUWQd4TTOkNjI,wOTuzhuJUWQd4TTOkNjI,https://www.tech-week.com/calendar/nyc
4550,The Relationship Layer of Capital,2026-06-02,18:30:00,Tuesday,2026-06-02 18:30,New York City,Flatiron,Flatiron,Evening,Finta,Finta,,Finta,finta,False,,https://partiful.com/e/7Vqi83f78jnzCQpxqes7,7Vqi83f78jnzCQpxqes7,https://www.tech-week.com/calendar/nyc
4592,How Healthtech Teams are Integrating AI into Live Products,2026-06-02,18:30:00,Tuesday,2026-06-02 18:30,New York City,Midtown,Midtown,Evening,Scalpels & Spreadsheets,Scalpels & Spreadsheets,,Scalpels & Spreadsheets,scalpels-spreadsheets,False,,https://partiful.com/e/jq64SoV8gJEjCLMEPKrh,jq64SoV8gJEjCLMEPKrh,https://www.tech-week.com/calendar/nyc
4668,Harvard & MIT Founder Mixer [Hosted by Rho x Link Ventures],2026-06-02,18:30:00,Tuesday,2026-06-02 18:30,New York City,East Village,East Village,Evening,Rho,Rho,Link Ventures,Rho; Link Ventures,rho; link-ventures,True,,,,https://www.tech-week.com/calendar/nyc
4781,The AI Economy and the New Human Performance Benchmark,2026-06-02,18:30:00,Tuesday,2026-06-02 18:30,New York City,Union Square,Union Square,Evening,Atlas Primer,Atlas Primer,,Atlas Primer,atlas-primer,False,,https://partiful.com/e/I8n2nZDvvQZvMcpwPZWx,I8n2nZDvvQZvMcpwPZWx,https://www.tech-week.com/calendar/nyc
4944,Tech & Tranquility,2026-06-02,18:30:00,Tuesday,2026-06-02 18:30,New York City,Chelsea,Chelsea,Evening,Practice with Paola,Practice with Paola,Deloitte,Practice with Paola; Deloitte,practice-with-paola; deloitte,False,,https://partiful.com/e/TPCmxLhGC9iLmCdOVNKQ,TPCmxLhGC9iLmCdOVNKQ,https://www.tech-week.com/calendar/nyc
5055,Women VC Dinner,2026-06-02,18:30:00,Tuesday,2026-06-02 18:30,New York City,Flatiron,Flatiron,Evening,Yorkseed,Yorkseed,Ugly Talk,Yorkseed; Ugly Talk,yorkseed; ugly-talk,False,,https://partiful.com/e/uikRyS2dekXcz1wNKKzy,uikRyS2dekXcz1wNKKzy,https://www.tech-week.com/calendar/nyc
5221,Light Dao Salon: Who Wins in the Age of AI? Labor Markets and Capital in Transition (NYC),2026-06-02,18:30:00,Tuesday,2026-06-02 18:30,New York City,Chelsea,Chelsea,Evening,Haystack Hub,Haystack Hub,Light Dao; Sharely,Haystack Hub; Light Dao; Sharely,haystack-hub; light-dao; sharely,False,,https://partiful.com/e/e2hNOd2jIzhnHQujwMqu,e2hNOd2jIzhnHQujwMqu,https://www.tech-week.com/calendar/nyc
5261,Storytelling Dinner Series with Hype,2026-06-02,18:30:00,Tuesday,2026-06-02 18:30,New York City,Midtown,Midtown,Evening,Hype,Hype,,Hype,hype,False,,https://partiful.com/e/zKGNln8TEJmzb742z5CC,zKGNln8TEJmzb742z5CC,https://www.tech-week.com/calendar/nyc
5451,How to make a killer launch video,2026-06-02,18:30:00,Tuesday,2026-06-02 18:30,New York City,Brooklyn,Brooklyn,Evening,Boundless Creative,Boundless Creative,,Boundless Creative,boundless-creative,False,,https://partiful.com/e/O4PZsauSJxis3S3JB042,O4PZsauSJxis3S3JB042,https://www.tech-week.com/calendar/nyc
5460,Not Your Average Pitch Competition By Platfrom Seven,2026-06-02,18:30:00,Tuesday,2026-06-02 18:30,New York City,Meatpacking District,Meatpacking District,Evening,Platform Seven,Platform Seven,,Platform Seven,platform-seven,True,,,,https://www.tech-week.com/calendar/nyc
5594,LP | VC | Founder Private Sushi Dinner in Noho,2026-06-02,18:30:00,Tuesday,2026-06-02 18:30,New York City,Greenwich Village,Greenwich Village,Evening,Venetian Capital,Venetian Capital,Max Ventures; NA,Venetian Capital; Max Ventures; NA,venetian-capital; max-ventures; na,False,,https://partiful.com/e/VQkNaT8Va2ysY4AgswEn,VQkNaT8Va2ysY4AgswEn,https://www.tech-week.com/calendar/nyc
5614,Seed To Sale & Beyond,2026-06-02,18:30:00,Tuesday,2026-06-02 18:30,New York City,West Village,West Village,Evening,UBS,UBS,,UBS,ubs,False,,https://partiful.com/e/Cb4C4y5CJc9KRaCCMfUB,Cb4C4y5CJc9KRaCCMfUB,https://www.tech-week.com/calendar/nyc
5621,a16z - Health AI Builders Dinner,2026-06-02,18:30:00,Tuesday,2026-06-02 18:30,New York City,Union Square,Union Square,Evening,Stealth Health AI Startup,Stealth Health AI Startup,a16z,Stealth Health AI Startup; a16z,stealth-health-ai-startup; a16z,False,platinum,https://partiful.com/e/PNOXO4w98uJrjj4hgfCi,PNOXO4w98uJrjj4hgfCi,https://www.tech-week.com/calendar/nyc
5660,Seed To Sale & Beyond,2026-06-02,18:30:00,Tuesday,2026-06-02 18:30,New York City,West Village,West Village,Evening,UBS,UBS,,UBS,ubs,False,,https://partiful.com/e/Cb4C4y5CJc9KRaCCMfUB,Cb4C4y5CJc9KRaCCMfUB,https://www.tech-week.com/calendar/nyc
5937,A Security Leaders Dinner,2026-06-02,18:30:00,Tuesday,2026-06-02 18:30,New York City,Flatiron,Flatiron,Evening,Konvu,Konvu,,Konvu,konvu,False,,https://partiful.com/e/c4CcsNTOnQyeIn1kpSW1,c4CcsNTOnQyeIn1kpSW1,https://www.tech-week.com/calendar/nyc
6223,The Backstage Live — New York,2026-06-02,18:30:00,Tuesday,2026-06-02 18:30,New York City,SoHo,SoHo,Evening,Good Publishing,Good Publishing,,Good Publishing,good-publishing,False,,https://partiful.com/e/uoBdX5KHOTpzJGFIggSE,uoBdX5KHOTpzJGFIggSE,https://www.tech-week.com/calendar/nyc
6330,"AI in Heavily Regulated, High-Stakes Industries: HealthTech & FinTech",2026-06-02,18:30:00,Tuesday,2026-06-02 18:30,New York City,Nomad,Nomad,Evening,Orquezta,Orquezta,Theonix,Orquezta; Theonix,orquezta; theonix,False,,https://partiful.com/e/QaK3xX2vL5vLlQ2V9C5y,QaK3xX2vL5vLlQ2V9C5y,https://www.tech-week.com/calendar/nyc
45,[WeMeshUP],2026-06-02,19:00:00,Tuesday,2026-06-02 19:00,New York City,East Village,East Village,Evening,WeMeshUp,WeMeshUp,,WeMeshUp,wemeshup,False,,https://partiful.com/e/HqnYiHvQly5AD9Zz5vIi,HqnYiHvQly5AD9Zz5vIi,https://www.tech-week.com/calendar/nyc
4201,Liquidity Lounge,2026-06-02,19:00:00,Tuesday,2026-06-02 19:00,New York City,Lower East Side,Lower East Side,Evening,Orbital Beam,Orbital Beam,Liquidity Lounge,Orbital Beam; Liquidity Lounge,orbital-beam; liquidity-lounge,True,,,,https://www.tech-week.com/calendar/nyc
4278,AI x Mental Health,2026-06-02,19:00:00,Tuesday,2026-06-02 19:00,New York City,Nomad,Nomad,Evening,Ease Health,Ease Health,,Ease Health,ease-health,True,,,,https://www.tech-week.com/calendar/nyc
4305,Hot Girl Vibe Coding (feat. Baddie Li),2026-06-02,19:00:00,Tuesday,2026-06-02 19:00,New York City,Chelsea,Chelsea,Evening,Viralize Technology,Viralize Technology,,Viralize Technology,viralize-technology,False,,https://partiful.com/e/560FtF86aNtKTs67d4S3,560FtF86aNtKTs67d4S3,https://www.tech-week.com/calendar/nyc
4380,LOCK UP AI?,2026-06-02,19:00:00,Tuesday,2026-06-02 19:00,New York City,Lower East Side,Lower East Side,Evening,UNMUTED,Unmute,Healthcare Club of New York,Unmute; Healthcare Club of New York,unmute; healthcare-club-of-new-york,False,,https://partiful.com/e/YA9fboO26bT6i1n8Ha72,YA9fboO26bT6i1n8Ha72,https://www.tech-week.com/calendar/nyc
4484,Activant Poker Night,2026-06-02,19:00:00,Tuesday,2026-06-02 19:00,New York City,SoHo,SoHo,Evening,Activant Capital,Activant Capital,,Activant Capital,activant-capital,False,,https://partiful.com/e/CtLx3yTfJAKgapdVqcW6,CtLx3yTfJAKgapdVqcW6,https://www.tech-week.com/calendar/nyc
4535,AI Comedy Roast + Happy Hour,2026-06-02,19:00:00,Tuesday,2026-06-02 19:00,New York City,Midtown,Midtown,Evening,WorkClaw,WorkClaw,Workmate,WorkClaw; Workmate,workclaw; workmate,False,,https://partiful.com/e/7QRI7F6JJM3BSJw6dEj5,7QRI7F6JJM3BSJw6dEj5,https://www.tech-week.com/calendar/nyc
4553,Plus-One Party™: Founders & Funders Edition,2026-06-02,19:00:00,Tuesday,2026-06-02 19:00,New York City,SoHo,SoHo,Evening,MongoDB,MongoDB,Met Through Friends,MongoDB; Met Through Friends,mongodb; met-through-friends,False,,https://partiful.com/e/M0kczMvabHZ7JY00zfwA,M0kczMvabHZ7JY00zfwA,https://www.tech-week.com/calendar/nyc
4624,Deep Tech GP/LP Mixer — Investing in the Infrastructure of Tomorrow,2026-06-02,19:00:00,Tuesday,2026-06-02 19:00,New York City,Midtown,Midtown,Evening,BlueLake.vc,BlueLake.vc,,BlueLake.vc,bluelake-vc,False,,https://partiful.com/e/c1iZharGw1ZlL9AykiZj,c1iZharGw1ZlL9AykiZj,https://www.tech-week.com/calendar/nyc
4773,Artists in the Loop: A Creative Tech Showcase + Mixer,2026-06-02,19:00:00,Tuesday,2026-06-02 19:00,New York City,Brooklyn,Brooklyn,Evening,Voxxy,Voxxy,,Voxxy,voxxy,False,,https://partiful.com/e/J6lRK0aw273oGheEuqmm,J6lRK0aw273oGheEuqmm,https://www.tech-week.com/calendar/nyc
4827,AI for HR: Confidence vs Fluency,2026-06-02,19:00:00,Tuesday,2026-06-02 19:00,New York City,Midtown,Midtown,Evening,peoplepower.ai,peoplepower.ai,,peoplepower.ai,peoplepower-ai,False,,https://partiful.com/e/mS9ovrUMKl2c2XK2ZjPC,mS9ovrUMKl2c2XK2ZjPC,https://www.tech-week.com/calendar/nyc
4847,The Founding Table: Private Chef Dinner,2026-06-02,19:00:00,Tuesday,2026-06-02 19:00,New York City,East Village,East Village,Evening,Covent,Covent,,Covent,covent,False,,https://partiful.com/e/FBTY402HvwzsBljLJgWl,FBTY402HvwzsBljLJgWl,https://www.tech-week.com/calendar/nyc
5048,NYC Family Office Dinner,2026-06-02,19:00:00,Tuesday,2026-06-02 19:00,New York City,Midtown,Midtown,Evening,Generous Ventures,Generous Ventures,O'Shaughnessy Ventures,Generous Ventures; O'Shaughnessy Ventures,generous-ventures; o-shaughnessy-ventures,False,,https://partiful.com/e/h9bpa3i5jWUubKb7BpcQ,h9bpa3i5jWUubKb7BpcQ,https://www.tech-week.com/calendar/nyc
5054,Omakase - A Michelin-starred dinner with AI Leaders,2026-06-02,19:00:00,Tuesday,2026-06-02 19:00,New York City,Lower East Side,Lower East Side,Evening,Lyzr,Lyzr,,Lyzr,lyzr,False,,https://partiful.com/e/FCICxMPNjXHXmSYNvQPn,FCICxMPNjXHXmSYNvQPn,https://www.tech-week.com/calendar/nyc
5260,The Founding Table: Private Chef Dinner,2026-06-02,19:00:00,Tuesday,2026-06-02 19:00,New York City,Flatiron,Flatiron,Evening,Persona,Persona,,Persona,persona,False,,https://partiful.com/e/FBTY402HvwzsBljLJgWl,FBTY402HvwzsBljLJgWl,https://www.tech-week.com/calendar/nyc
5441,Star Sellers Dinner,2026-06-02,19:00:00,Tuesday,2026-06-02 19:00,New York City,Lower East Side,Lower East Side,Evening,Gamma,Gamma,,Gamma,gamma,False,,https://partiful.com/e/USH73kQlduUcSCS6j9Q2,USH73kQlduUcSCS6j9Q2,https://www.tech-week.com/calendar/nyc
5702,[WeMeshUP],2026-06-02,19:00:00,Tuesday,2026-06-02 19:00,New York City,East Village,East Village,Evening,WeMeshUp,WeMeshUp,,WeMeshUp,wemeshup,False,,https://partiful.com/e/HqnYiHvQly5AD9Zz5vIi,HqnYiHvQly5AD9Zz5vIi,https://www.tech-week.com/calendar/nyc
5908,C-Suite Roundtable with Hebbia & a16z,2026-06-02,19:00:00,Tuesday,2026-06-02 19:00,New York City,SoHo,SoHo,Evening,Hebbia,Hebbia,a16z,Hebbia; a16z,hebbia; a16z,True,,,,https://www.tech-week.com/calendar/nyc
6189,Builders Dinner with Harvard Economist Roland Fryer,2026-06-02,19:00:00,Tuesday,2026-06-02 19:00,New York City,West Village,West Village,Evening,EO Ventures,EO Ventures,,EO Ventures,eo-ventures,False,,https://partiful.com/e/Gh3JTOVzGCyjXsTh6WTe,Gh3JTOVzGCyjXsTh6WTe,https://www.tech-week.com/calendar/nyc
6290,Poker & PropTech,2026-06-02,19:00:00,Tuesday,2026-06-02 19:00,New York City,Midtown,Midtown,Evening,MetaProp,MetaProp,,MetaProp,metaprop,False,,https://partiful.com/e/Cf12s5xu6FrPakiZyOIU,Cf12s5xu6FrPakiZyOIU,https://www.tech-week.com/calendar/nyc
6514,In Good Company: An Intimate Dinner with the Women Leading Today's Tech Brands,2026-06-02,19:00:00,Tuesday,2026-06-02 19:00,New York City,Meatpacking District,Meatpacking District,Evening,Beacons AI,Beacons AI,,Beacons AI,beacon-ai,True,,,,https://www.tech-week.com/calendar/nyc
6557,AI Control Room for Regulated Industries: A Private Dinner,2026-06-02,19:00:00,Tuesday,2026-06-02 19:00,New York City,Flatiron,Flatiron,Evening,Jeen.ai,Jeen.ai,,Jeen.ai,jeen-ai,True,,,,https://www.tech-week.com/calendar/nyc
5087,Made In This Room,2026-06-02,19:30:00,Tuesday,2026-06-02 19:30,New York City,Tribeca,Tribeca,Evening,Capital V Strategies,Capital V Strategies,,Capital V Strategies,capital-v-strategies,False,,https://partiful.com/e/iwz1MCsuGW7sQSYYAuzn,iwz1MCsuGW7sQSYYAuzn,https://www.tech-week.com/calendar/nyc
5928,Paid Wildfire Game: Invest in Resilience,2026-06-02,19:30:00,Tuesday,2026-06-02 19:30,New York City,Virtual (NYC),Virtual (NYC),Evening,Optivide,Optivide,,Optivide,optivide,False,,https://partiful.com/e/0Jl8b2j56m7sV5blh9YH,0Jl8b2j56m7sV5blh9YH,https://www.tech-week.com/calendar/nyc
5174,Prediction Markets for Clinical Trials,2026-06-02,20:00:00,Tuesday,2026-06-02 20:00,New York City,Union Square,Union Square,Evening,EndpointArena.com,EndpointArena.com,,EndpointArena.com,endpointarena-com,False,,https://partiful.com/e/BpuNE1huDeaUnpNe2rqw,BpuNE1huDeaUnpNe2rqw,https://www.tech-week.com/calendar/nyc
5403,Going Solo: GP Poker tournament,2026-06-02,20:30:00,Tuesday,2026-06-02 20:30,New York City,Union Square,Union Square,Evening,Odin,Odin,,Odin,odin,False,,https://partiful.com/e/QrbK69m7SVT7XN1xYmQG,QrbK69m7SVT7XN1xYmQG,https://www.tech-week.com/calendar/nyc
6276,Founders House Launch,2026-06-03,06:30:00,Wednesday,2026-06-03 06:30,New York City,Midtown,Midtown,Morning,Founders House,Founder House,,Founder House,the-founders-house,False,,https://partiful.com/e/IJIotns2Lp1I4BmGGVJ9,IJIotns2Lp1I4BmGGVJ9,https://www.tech-week.com/calendar/nyc
4062,Human Performance Innovation jog,2026-06-03,07:00:00,Wednesday,2026-06-03 07:00,New York City,Central Park,Central Park,Morning,TrackCred,TrackCred,,TrackCred,trackcred,False,,https://partiful.com/e/uBOkf1NsfDwzdMne8E2B,uBOkf1NsfDwzdMne8E2B,https://www.tech-week.com/calendar/nyc
5486,"Bridge the Tech Gap, a networking run for charity",2026-06-03,07:00:00,Wednesday,2026-06-03 07:00,New York City,Financial District,Financial District,Morning,RemoFirst,Remofirst,,Remofirst,remofirst,False,,https://partiful.com/e/0qepwkdEYxO5OYEvQ52k,0qepwkdEYxO5OYEvQ52k,https://www.tech-week.com/calendar/nyc
4212,The Anti-Success Panel: Hard Lessons No One Posts About,2026-06-03,07:30:00,Wednesday,2026-06-03 07:30,New York City,SoHo,SoHo,Morning,Eagerworks,Eagerworks,,Eagerworks,eagerworks,True,,,,https://www.tech-week.com/calendar/nyc
4266,Pitch and Run Williamsburg,2026-06-03,07:30:00,Wednesday,2026-06-03 07:30,New York City,Brooklyn,Brooklyn,Morning,Pitch and Run,Pitch and Run,,Pitch and Run,pitch-and-run,False,,https://partiful.com/e/vDw5zyXUvmrcNTgmWeXH,vDw5zyXUvmrcNTgmWeXH,https://www.tech-week.com/calendar/nyc
81,Finance Run Club,2026-06-03,07:45:00,Wednesday,2026-06-03 07:45,New York City,SoHo,SoHo,Morning,Runway Financial,Runway Financial,,Runway Financial,runway-financial,False,,https://partiful.com/e/nwxJ2O5JhxJfTSFaksLr,nwxJ2O5JhxJfTSFaksLr,https://www.tech-week.com/calendar/nyc
214,Femhack NYTechweek 2026,2026-06-03,08:00:00,Wednesday,2026-06-03 08:00,New York City,Nomad,Nomad,Morning,Fierce Foundry,Fierce Foundry,,Fierce Foundry,fierce-foundry,False,,https://partiful.com/e/eBzPADEdUmk03eR8RNBu,eBzPADEdUmk03eR8RNBu,https://www.tech-week.com/calendar/nyc
4443,GIDE Hackathon,2026-06-03,08:00:00,Wednesday,2026-06-03 08:00,New York City,Midtown,Midtown,Morning,Generative IDE,Generative IDE,Perkins Coie,Generative IDE; Perkins Coie,generative-ide; perkins-coie,False,,https://partiful.com/e/0zgEiZwPFM6JwBwJLTXc,0zgEiZwPFM6JwBwJLTXc,https://www.tech-week.com/calendar/nyc
4988,Community Awareness Recharge Event Day3,2026-06-03,08:00:00,Wednesday,2026-06-03 08:00,New York City,Midtown,Midtown,Morning,"POLLEN8 Technology, Inc","POLLEN8 Technology, Inc","Die-Hard, Inc.; Edge Studio","POLLEN8 Technology, Inc; Die-Hard, Inc.; Edge Studio",pollen8-technology-inc; die-hard-inc; edge-studio,False,,https://partiful.com/e/tb4BqGF90d8iYR9YSwrA,tb4BqGF90d8iYR9YSwrA,https://www.tech-week.com/calendar/nyc
5027,"AI Office Hours: Coffee, Claude, and Coworking with Tabs & Attivo",2026-06-03,08:00:00,Wednesday,2026-06-03 08:00,New York City,SoHo,SoHo,Morning,Tabs,Tabs,Attivo,Tabs; Attivo,tabs; attivo,False,,https://partiful.com/e/DGJ1CuMG1bUlTJN89gAi,DGJ1CuMG1bUlTJN89gAi,https://www.tech-week.com/calendar/nyc
5880,From Prototype to Production for Non-Technical Founders,2026-06-03,08:00:00,Wednesday,2026-06-03 08:00,New York City,Flatiron,Flatiron,Morning,Tequity,Tequity,,Tequity,tequity,False,,https://partiful.com/e/AbbL1aqeScPPUW22Ijrf,AbbL1aqeScPPUW22Ijrf,https://www.tech-week.com/calendar/nyc
6206,Concourse x a16z CFO Breakfast,2026-06-03,08:00:00,Wednesday,2026-06-03 08:00,New York City,Flatiron,Flatiron,Morning,Concourse,Concourse,a16z,Concourse; a16z,concourse; a16z,False,,https://partiful.com/e/8WDylwZwAYAiMq5ZXcX8,8WDylwZwAYAiMq5ZXcX8,https://www.tech-week.com/calendar/nyc
6270,Becoming a Responsible AI Company: How to get started,2026-06-03,08:00:00,Wednesday,2026-06-03 08:00,New York City,Flatiron,Flatiron,Morning,The Ethical Tech Project,The Ethical Tech Project,,The Ethical Tech Project,ethical-tech-project,False,,https://partiful.com/e/pR2diUa7uD7hgdkPhiij,pR2diUa7uD7hgdkPhiij,https://www.tech-week.com/calendar/nyc
6825,AWS x Flybridge Bodega Takeover,2026-06-03,08:00:00,Wednesday,2026-06-03 08:00,New York City,Nomad,Nomad,Morning,AWS,AWS,Flybridge Capital Partners,AWS; Flybridge Capital Partners,aws; flybridge-capital-partners,False,gold,https://partiful.com/e/eaZmQ8Q59gAVMctgHXiQ,eaZmQ8Q59gAVMctgHXiQ,https://www.tech-week.com/calendar/nyc
2,Roo Capital: Founder + Investor Breakfast,2026-06-03,08:30:00,Wednesday,2026-06-03 08:30,New York City,Meatpacking District,Meatpacking District,Morning,Roo Capital,Roo Capital,,Roo Capital,roo-capital,False,,https://partiful.com/e/qnHFGeZHXU07GTrAf5ZO,qnHFGeZHXU07GTrAf5ZO,https://www.tech-week.com/calendar/nyc
4265,Pitch and Run Central Park,2026-06-03,08:30:00,Wednesday,2026-06-03 08:30,New York City,Central Park,Central Park,Morning,Pitch and Run,Pitch and Run,,Pitch and Run,pitch-and-run,False,,https://partiful.com/e/wrblHPhZVVfIESHff5D1,wrblHPhZVVfIESHff5D1,https://www.tech-week.com/calendar/nyc
4727,MongoDB AI Builder Day with AWS,2026-06-03,08:30:00,Wednesday,2026-06-03 08:30,New York City,Nomad,Nomad,Morning,MongoDB,MongoDB,AWS,MongoDB; AWS,mongodb; aws,False,gold,https://partiful.com/e/wcXp7CbCwqwC2DFNXGUG,wcXp7CbCwqwC2DFNXGUG,https://www.tech-week.com/calendar/nyc
4945,Founders Breakfast w/ Vonage: Real Tech Support & Funding Pathways for Startups,2026-06-03,08:30:00,Wednesday,2026-06-03 08:30,New York City,SoHo,SoHo,Morning,Vonage,Vonage,,Vonage,vonage,False,,https://partiful.com/e/VzFiSUj168Sj3mJvvD3N,VzFiSUj168Sj3mJvvD3N,https://www.tech-week.com/calendar/nyc
4964,The AI GTM Book Club,2026-06-03,08:30:00,Wednesday,2026-06-03 08:30,New York City,Chelsea,Chelsea,Morning,Warrant,Warrant,,Warrant,warrant,False,,https://partiful.com/e/jk9RAhLXAwGUteraldWT,jk9RAhLXAwGUteraldWT,https://www.tech-week.com/calendar/nyc
5100,Women in Tech: Build your first AI workflow with Claude,2026-06-03,08:30:00,Wednesday,2026-06-03 08:30,New York City,Flatiron,Flatiron,Morning,Webflow,Webflow,,Webflow,webflow,False,,https://partiful.com/e/FCd9GMR2lf8SmGrSlTr4,FCd9GMR2lf8SmGrSlTr4,https://www.tech-week.com/calendar/nyc
5697,3rd Annual Partner2Partner VC Bfast,2026-06-03,08:30:00,Wednesday,2026-06-03 08:30,New York City,Midtown,Midtown,Morning,Alpha Partners,Alpha Partners,,Alpha Partners,alpha-partners,True,,,,https://www.tech-week.com/calendar/nyc
5891,Build Your Team for the Agentic Era,2026-06-03,08:30:00,Wednesday,2026-06-03 08:30,New York City,Midtown,Midtown,Morning,of All Trades,of All Trades,Genee,of All Trades; Genee,of-all-trades; genee,False,,https://partiful.com/e/R1bB2tFJzIqr2bToSw6R,R1bB2tFJzIqr2bToSw6R,https://www.tech-week.com/calendar/nyc
6352,The Founding Table: Brunch & Spa Experience,2026-06-03,08:30:00,Wednesday,2026-06-03 08:30,New York City,Flatiron,Flatiron,Morning,Persona,Persona,,Persona,persona,False,,https://partiful.com/e/bkKnnXki0QaAP3cUZvPD,bkKnnXki0QaAP3cUZvPD,https://www.tech-week.com/calendar/nyc
6376,Bagels>Panels: Physical AI x Robotics @ NY Tech Week,2026-06-03,08:30:00,Wednesday,2026-06-03 08:30,New York City,Union Square,Union Square,Morning,"Planeteer, Sightline, Blackhorn VC, Foley Hoag","Planeteer, Sightline, Blackhorn VC, Foley Hoag",Sightline Climate; Blackhorn Ventures; Foley Hoag,"Planeteer, Sightline, Blackhorn VC, Foley Hoag; Sightline Climate; Blackhorn Ventures; Foley Hoag",planeteer-sightline-blackhorn-vc-foley-hoag; sightline-climate; blackhorn-ventures; foley-hoag-llp,False,,https://partiful.com/e/IND6o3UwwH5ZC1Z6FC1Y,IND6o3UwwH5ZC1Z6FC1Y,https://www.tech-week.com/calendar/nyc
6386,QonfX - An Invite-Only Gathering of QA & Tech Leaders,2026-06-03,08:30:00,Wednesday,2026-06-03 08:30,New York City,Chelsea,Chelsea,Morning,The Test Tribe,The Test Tribe,,The Test Tribe,the-test-tribe,False,,https://partiful.com/e/orQg3cOa8TT6n5TAgni0,orQg3cOa8TT6n5TAgni0,https://www.tech-week.com/calendar/nyc
6540,Sweat Equity: Industrials and DeepTech Founders,2026-06-03,08:30:00,Wednesday,2026-06-03 08:30,New York City,Meatpacking District,Meatpacking District,Morning,Alumni Ventures,Alumni Ventures,Headline,Alumni Ventures; Headline,alumni-ventures; headline,True,,,,https://www.tech-week.com/calendar/nyc
4004,From Detection to Deployment: A New Era for Diabetic Foot Care,2026-06-03,08:45:00,Wednesday,2026-06-03 08:45,New York City,Central Park,Central Park,Morning,Solecooler,Solecooler,Maison de la région Occitanie à New York,Solecooler; Maison de la région Occitanie à New York,solecooler; maison-de-la-region-occitanie-a-new-york,False,,https://partiful.com/e/pRGMGLY8pbqZl3qbuG9s,pRGMGLY8pbqZl3qbuG9s,https://www.tech-week.com/calendar/nyc
85,VPB Capital x Capacity Demo Day – New York,2026-06-03,09:00:00,Wednesday,2026-06-03 09:00,New York City,Virtual (NYC),Virtual (NYC),Morning,Venture Philanthropy Blueprint,Venture Philanthropy Blueprint,,Venture Philanthropy Blueprint,venture-philanthropy-blueprint,True,,,,https://www.tech-week.com/calendar/nyc
105,VentureSails Breakfast,2026-06-03,09:00:00,Wednesday,2026-06-03 09:00,New York City,Brooklyn,Brooklyn,Morning,Venture Sails,Venture Sails,Fonzi AI,Venture Sails; Fonzi AI,venture-sails; fonzi-ai,False,,https://partiful.com/e/ljR8QfU0ZrVOSiE6diIr,ljR8QfU0ZrVOSiE6diIr,https://www.tech-week.com/calendar/nyc
191,Practical AI In Healthcare: Live Podcast Recording,2026-06-03,09:00:00,Wednesday,2026-06-03 09:00,New York City,Midtown,Midtown,Morning,Patient Talker LLC,Patient Talker LLC,Practical AI in Healthcare,Patient Talker LLC; Practical AI in Healthcare,patient-talker-llc; practical-ai-in-healthcare,False,,https://partiful.com/e/vaFO9sGYiFZ1hzqrSkOa,vaFO9sGYiFZ1hzqrSkOa,https://www.tech-week.com/calendar/nyc
4002,WebCongress - AI for Marketing,2026-06-03,09:00:00,Wednesday,2026-06-03 09:00,New York City,Chelsea,Chelsea,Morning,WebCongress,WebCongress,,WebCongress,webcongress,True,,,,https://www.tech-week.com/calendar/nyc
4010,Israel Founders Mission NYC,2026-06-03,09:00:00,Wednesday,2026-06-03 09:00,New York City,Midtown,Midtown,Morning,Discount Tech,Discount Tech,IDB Bank,Discount Tech; IDB Bank,discount-tech; idb-bank,False,,https://partiful.com/e/FD0bs4xlpm0BNege9bJE,FD0bs4xlpm0BNege9bJE,https://www.tech-week.com/calendar/nyc
4202,Agentic Finance Summit,2026-06-03,09:00:00,Wednesday,2026-06-03 09:00,New York City,SoHo,SoHo,Morning,Party Action People,Party Action People,Microsoft,Party Action People; Microsoft,party-action-people; microsoft,False,,https://partiful.com/e/7giOIl1G0R949i9stVOE,7giOIl1G0R949i9stVOE,https://www.tech-week.com/calendar/nyc
4342,Google for Startups Hub,2026-06-03,09:00:00,Wednesday,2026-06-03 09:00,New York City,Chelsea,Chelsea,Morning,Google for Startups,Google for Startups,,Google for Startups,google-for-startups,False,gold,https://partiful.com/e/ZzxFq9vcfoDUqBBRQTzv,ZzxFq9vcfoDUqBBRQTzv,https://www.tech-week.com/calendar/nyc
4386,"The Future of Entertainment: Content, Creators and Capital",2026-06-03,09:00:00,Wednesday,2026-06-03 09:00,New York City,Flatiron,Flatiron,Morning,Manatt,Manatt,The Ember Company; Animal Capital,Manatt; The Ember Company; Animal Capital,manatt; the-ember-company; animal-capital,False,,https://partiful.com/e/89fRnFZuajb3BzXK9rEJ,89fRnFZuajb3BzXK9rEJ,https://www.tech-week.com/calendar/nyc
4565,The Age of Influence in B2B Marketing,2026-06-03,09:00:00,Wednesday,2026-06-03 09:00,New York City,Flatiron,Flatiron,Morning,"Clarity Global, Inc.","Clarity Global, Inc.",,"Clarity Global, Inc.",clarity-global-inc,False,,https://partiful.com/e/CKm2RMoLRlu5EwbQTzLQ,CKm2RMoLRlu5EwbQTzLQ,https://www.tech-week.com/calendar/nyc
4762,"Build Your Own AI Data Agent (Low-Code, Hands-On Web Scraping Workshop)",2026-06-03,09:00:00,Wednesday,2026-06-03 09:00,New York City,Union Square,Union Square,Morning,Sequentum,Sequentum,,Sequentum,sequentum,False,,https://partiful.com/e/05kyAz0HT3CAko2docJW,05kyAz0HT3CAko2docJW,https://www.tech-week.com/calendar/nyc
4873,An insider look at Empire AI: how New York built world-class public AI,2026-06-03,09:00:00,Wednesday,2026-06-03 09:00,New York City,Midtown,Midtown,Morning,HR&A Advisors,HR&A Advisors,Tech:NYC,HR&A Advisors; Tech:NYC,hr-a-advisors; tech-nyc,False,,https://partiful.com/e/fFd0btC2b2HFv0yHTmrl,fFd0btC2b2HFv0yHTmrl,https://www.tech-week.com/calendar/nyc
4894,Founder & Investor Breakfast @ The Ned,2026-06-03,09:00:00,Wednesday,2026-06-03 09:00,New York City,Nomad,Nomad,Morning,The Well Network,The Well Network,Ramp,The Well Network; Ramp,the-well-network; ramp,False,,https://partiful.com/e/GkCn2pyh6wFe3oLi7a7D,GkCn2pyh6wFe3oLi7a7D,https://www.tech-week.com/calendar/nyc
4905,Founder Bites: Legal Edition,2026-06-03,09:00:00,Wednesday,2026-06-03 09:00,New York City,Midtown,Midtown,Morning,Draper House Americas,Draper House Americas,Morrison Foerster,Draper House Americas; Morrison Foerster,draper-house-americas; morrison-foerster,False,,https://partiful.com/e/MmoaaHh8DQi0Upn3y27E,MmoaaHh8DQi0Upn3y27E,https://www.tech-week.com/calendar/nyc
5224,Go To Market Morning Mixer,2026-06-03,09:00:00,Wednesday,2026-06-03 09:00,New York City,Union Square,Union Square,Morning,Technology Founders of America,Technology Founders of America,,Technology Founders of America,technology-founders-of-america,False,,https://partiful.com/e/A3EUigoZVOvMZxIdbDyX,A3EUigoZVOvMZxIdbDyX,https://www.tech-week.com/calendar/nyc
5241,The Founding Table: Brunch & Spa Experience,2026-06-03,09:00:00,Wednesday,2026-06-03 09:00,New York City,Flatiron,Flatiron,Morning,Persona,Persona,,Persona,persona,False,,https://partiful.com/e/EDvSG5uaWJ1DJVAlgj6q,EDvSG5uaWJ1DJVAlgj6q,https://www.tech-week.com/calendar/nyc
5624,Founders Open: Pickleball & Networking Party,2026-06-03,09:00:00,Wednesday,2026-06-03 09:00,New York City,Midtown,Midtown,Morning,HubSpot,HubSpot,The Hustle; Starter Story; The Dink,HubSpot; The Hustle; Starter Story; The Dink,hubspot; the-hustle; starter-story; the-dink,False,,https://partiful.com/e/N1UtayvJqU3owBr9vXWF,N1UtayvJqU3owBr9vXWF,https://www.tech-week.com/calendar/nyc
5653,Table: A Trusted Workspace for Solutions,2026-06-03,09:00:00,Wednesday,2026-06-03 09:00,New York City,Midtown,Midtown,Morning,Table,Table,Maripossawellness.com; NA,Table; Maripossawellness.com; NA,table; maripossawellness-com; na,False,,https://partiful.com/e/SPI10F7yIULjx2hQ6EGB,SPI10F7yIULjx2hQ6EGB,https://www.tech-week.com/calendar/nyc
5824,Google for Startups: Latest from Google DeepMind,2026-06-03,09:00:00,Wednesday,2026-06-03 09:00,New York City,Chelsea,Chelsea,Morning,Google for Startups,Google for Startups,,Google for Startups,google-for-startups,False,gold,https://partiful.com/e/e0FYrBmBfIPXGQdUttNW,e0FYrBmBfIPXGQdUttNW,https://www.tech-week.com/calendar/nyc
5892,Grind & Grow: A Cacao Ceremony for Founders & Investors,2026-06-03,09:00:00,Wednesday,2026-06-03 09:00,New York City,Lower East Side,Lower East Side,Morning,A-Players,A-Players,Brderless,A-Players; Brderless,a-players; brderless,False,,https://partiful.com/e/NCbNEdj2iHAMwKqJkBHa,NCbNEdj2iHAMwKqJkBHa,https://www.tech-week.com/calendar/nyc
6413,Breathe & Brief - Pilates for marketers,2026-06-03,09:00:00,Wednesday,2026-06-03 09:00,New York City,Upper Manhattan,Upper Manhattan,Morning,Limy AI,Limy AI,,Limy AI,limy-ai,False,,https://partiful.com/e/uJUFOyhkTP1LJ6z4Z8gq,uJUFOyhkTP1LJ6z4Z8gq,https://www.tech-week.com/calendar/nyc
6640,Connection Hike presented by HubSpot for Startups,2026-06-03,09:00:00,Wednesday,2026-06-03 09:00,New York City,Central Park,Central Park,Morning,HubSpot,HubSpot,Business Outside,HubSpot; Business Outside,hubspot; business-outside,False,,https://partiful.com/e/MkFFhfLec1pWUceNGwmu,MkFFhfLec1pWUceNGwmu,https://www.tech-week.com/calendar/nyc
6513,The New Money Builders: Fintech and Venture Capital in Latin America,2026-06-03,09:15:00,Wednesday,2026-06-03 09:15,New York City,Midtown,Midtown,Morning,Consulate General of Argentina in New York,Consulate General of Argentina in New York,,Consulate General of Argentina in New York,consulate-general-of-argentina-in-new-york,False,,https://partiful.com/e/qRPqQEngVH26DukCxojf,qRPqQEngVH26DukCxojf,https://www.tech-week.com/calendar/nyc
127,FIN.TECH MARKETING CONFERENCE: DRIVING SALES & DEMAND IN AN AI WORLD,2026-06-03,09:30:00,Wednesday,2026-06-03 09:30,New York City,Financial District,Financial District,Morning,Fin.Tech Marketing Community,FinTech Marketing Community,,FinTech Marketing Community,fin-tech-marketing-community,False,,https://partiful.com/e/JZl9gHlfQ6edJxp2BoCy,JZl9gHlfQ6edJxp2BoCy,https://www.tech-week.com/calendar/nyc
4587,Healthtech Founder + MBA Mixer,2026-06-03,09:30:00,Wednesday,2026-06-03 09:30,New York City,Midtown,Midtown,Morning,Fordham University,Fordham University,Scalpels & Spreadsheets,Fordham University; Scalpels & Spreadsheets,fordham-university; scalpels-spreadsheets,False,,https://partiful.com/e/5QlpVYkqD9Tuljy0Cfzv,5QlpVYkqD9Tuljy0Cfzv,https://www.tech-week.com/calendar/nyc
4602,Next Gen Innovation Summit - Future Builders: From Vision to Impact,2026-06-03,09:30:00,Wednesday,2026-06-03 09:30,New York City,,,Morning,Global Futures Network,Global Futures Network,,Global Futures Network,global-futures-network,False,,https://partiful.com/e/ArIDOyhww8NjQN7yyMyy,ArIDOyhww8NjQN7yyMyy,https://www.tech-week.com/calendar/nyc
4611,Next Gen Innovation Summit - Future Builders: From Vision to Impact,2026-06-03,09:30:00,Wednesday,2026-06-03 09:30,New York City,,,Morning,Global Futures Network,Global Futures Network,,Global Futures Network,global-futures-network,False,,https://partiful.com/e/ArIDOyhww8NjQN7yyMyy,ArIDOyhww8NjQN7yyMyy,https://www.tech-week.com/calendar/nyc
4763,Breakfast with Builders,2026-06-03,09:30:00,Wednesday,2026-06-03 09:30,New York City,Midtown,Midtown,Morning,Razorpay,Razorpay,,Razorpay,razorpay,True,,,,https://www.tech-week.com/calendar/nyc
185,GGW Sharks. Startup Pitch & Networking,2026-06-03,10:00:00,Wednesday,2026-06-03 10:00,New York City,Virtual (NYC),Virtual (NYC),Morning,Go Global World,Go Global World,Selective VC,Go Global World; Selective VC,go-global-world; selective-vc,False,,https://partiful.com/e/THa8hGECiLhNpThA760i,THa8hGECiLhNpThA760i,https://www.tech-week.com/calendar/nyc
4277,"AI in the Warehouse: Real Results From the Floor, Not the Boardroom",2026-06-03,10:00:00,Wednesday,2026-06-03 10:00,New York City,Midtown,Midtown,Morning,Julius Silvert Inc.,Julius Silvert Inc.,,Julius Silvert Inc.,julius-silvert-inc,True,,,,https://www.tech-week.com/calendar/nyc
4340,Who Will Defend the Internet? The Youth Cybersecurity Crisis,2026-06-03,10:00:00,Wednesday,2026-06-03 10:00,New York City,Union Square,Union Square,Morning,Girls Who Code,Girls Who Code,,Girls Who Code,girls-who-code,False,,https://partiful.com/e/3d1kwJIjPBslCneBS0Ij,3d1kwJIjPBslCneBS0Ij,https://www.tech-week.com/calendar/nyc
4448,"Fast Growth, Real Pressure: Leading AI-Driven Organizations from fragmentation to alignment",2026-06-03,10:00:00,Wednesday,2026-06-03 10:00,New York City,Nomad,Nomad,Morning,VERITAS QUEST,VERITAS QUEST,Cure,VERITAS QUEST; Cure,veritas-quest; cure,False,,https://partiful.com/e/R7LqowC06vTdkNjyGJQT,R7LqowC06vTdkNjyGJQT,https://www.tech-week.com/calendar/nyc
4659,The Future of Work,2026-06-03,10:00:00,Wednesday,2026-06-03 10:00,New York City,Financial District,Financial District,Morning,Year Up United,Year Up United,,Year Up United,year-up-united,False,,https://partiful.com/e/moXHRu0LDZ7cMdXusczD,moXHRu0LDZ7cMdXusczD,https://www.tech-week.com/calendar/nyc
4943,Just Breathe,2026-06-03,10:00:00,Wednesday,2026-06-03 10:00,New York City,Union Square,Union Square,Morning,Partytrick,Partytrick,,Partytrick,partytrick,False,,https://partiful.com/e/PXdyxn9LF6R6eg56pZEZ,PXdyxn9LF6R6eg56pZEZ,https://www.tech-week.com/calendar/nyc
5032,Capital to Customers,2026-06-03,10:00:00,Wednesday,2026-06-03 10:00,New York City,Upper Manhattan,Upper Manhattan,Morning,Zendesk,Zendesk,Efficient Capital Labs; Carta,Zendesk; Efficient Capital Labs; Carta,zendesk; efficient-capital-labs; carta,False,,https://partiful.com/e/blNIAVH8VYaVAx5doUig,blNIAVH8VYaVAx5doUig,https://www.tech-week.com/calendar/nyc
5143,Applied AI for the Modern Brand,2026-06-03,10:00:00,Wednesday,2026-06-03 10:00,New York City,Union Square,Union Square,Morning,Plug and Play New York & NYEDC,Plug and Play New York,NYEDC,Plug and Play New York; NYEDC,plug-and-play-new-york; nyedc,False,,https://partiful.com/e/U1WrM7svk12I0W8tyk7L,U1WrM7svk12I0W8tyk7L,https://www.tech-week.com/calendar/nyc
5176,Fireside chat w/ Bryan Kim by ElevenLabs and Verci,2026-06-03,10:00:00,Wednesday,2026-06-03 10:00,New York City,Flatiron,Flatiron,Morning,ElevenLabs,ElevenLabs,Verci,ElevenLabs; Verci,elevenlabs; verci,False,,https://partiful.com/e/kcNK4Mal67OURfFcBLRy,kcNK4Mal67OURfFcBLRy,https://www.tech-week.com/calendar/nyc
5276,4wardmotion Solutions AI,2026-06-03,10:00:00,Wednesday,2026-06-03 10:00,New York City,Virtual (NYC),Virtual (NYC),Morning,"4wardmotion Solutions, Inc","4wardmotion Solutions, Inc",,"4wardmotion Solutions, Inc",4wardmotion-solutions-inc,True,,,,https://www.tech-week.com/calendar/nyc
5396,The future of autonomous vehicles in Europe,2026-06-03,10:00:00,Wednesday,2026-06-03 10:00,New York City,Upper Manhattan,Upper Manhattan,Morning,Halo Drive Ltd.,Halo Drive Ltd,,Halo Drive Ltd,halo-drive-ltd,True,,,,https://www.tech-week.com/calendar/nyc
5528,AI Upskilling with Google,2026-06-03,10:00:00,Wednesday,2026-06-03 10:00,New York City,Chelsea,Chelsea,Morning,Colectivo,Colectivo,Google,Colectivo; Google,colectivo; google,False,,https://partiful.com/e/vb18Eco3mtAOFscT98vk,vb18Eco3mtAOFscT98vk,https://www.tech-week.com/calendar/nyc
5832,Walk with a Purpose: BFVC x Allies,2026-06-03,10:00:00,Wednesday,2026-06-03 10:00,New York City,Central Park,Central Park,Morning,Black Female Venture Club,Black Female Venture Club,,Black Female Venture Club,black-female-venture-club,False,,https://partiful.com/e/xec08ytxQinpShin4rOV,xec08ytxQinpShin4rOV,https://www.tech-week.com/calendar/nyc
5862,The Oasis @ NY Tech Week Day 3 - Finding Ikigai,2026-06-03,10:00:00,Wednesday,2026-06-03 10:00,New York City,SoHo,SoHo,Morning,Flowstate,Flowstate,Vibe Space; Boardy; The AI Collective,Flowstate; Vibe Space; Boardy; The AI Collective,flowstate; vibe-space; boardy; the-ai-collective,False,,https://partiful.com/e/ucMfyy0lloL2hIWrteQ4,ucMfyy0lloL2hIWrteQ4,https://www.tech-week.com/calendar/nyc
6205,Achieving Operational Excellence,2026-06-03,10:00:00,Wednesday,2026-06-03 10:00,New York City,Queens,Queens,Morning,Ainsley Capital,Ainsley Capital,Ainsley Health; Kinetik,Ainsley Capital; Ainsley Health; Kinetik,ainsley-capital; ainsley-health; kinetik,True,,,,https://www.tech-week.com/calendar/nyc
6583,The (Ethical) Guide To (AI) Hacking,2026-06-03,10:00:00,Wednesday,2026-06-03 10:00,New York City,Union Square,Union Square,Morning,Tequity,Tequity,,Tequity,tequity,False,,https://partiful.com/e/GA2rWFRC5nPohWnE3vJU,GA2rWFRC5nPohWnE3vJU,https://www.tech-week.com/calendar/nyc
6593,Female Founders Breakfast - Cap Table Management,2026-06-03,10:00:00,Wednesday,2026-06-03 10:00,New York City,Midtown,Midtown,Morning,Foundess,Foundess,Founder House; Carta,Foundess; Founder House; Carta,foundess; the-founders-house; carta,True,,,,https://www.tech-week.com/calendar/nyc
6617,Be Our Guest: Podcast Live Recording,2026-06-03,10:00:00,Wednesday,2026-06-03 10:00,New York City,Flatiron,Flatiron,Morning,Mikhail Agency,Mikhail Agency,,Mikhail Agency,mikhail-agency,False,,https://partiful.com/e/QV9Nll6J0cO4WSUDjgZX,QV9Nll6J0cO4WSUDjgZX,https://www.tech-week.com/calendar/nyc
6822,AI x Hospitality @ La Cabra,2026-06-03,10:00:00,Wednesday,2026-06-03 10:00,New York City,SoHo,SoHo,Morning,Kintow,Kintow,Dria Ventures,Kintow; Dria Ventures,kintow; dria-ventures,False,,https://partiful.com/e/ubmg6AxONd0iqFnkSO5Y,ubmg6AxONd0iqFnkSO5Y,https://www.tech-week.com/calendar/nyc
4478,NY: FOUNDER REALITY CHECK,2026-06-03,10:30:00,Wednesday,2026-06-03 10:30,New York City,Midtown,Midtown,Morning,York Effect,York Effect,,York Effect,york-effect,False,,https://partiful.com/e/gP72ufePZapekTZvw8WN,gP72ufePZapekTZvw8WN,https://www.tech-week.com/calendar/nyc
5876,Unlocking Defense Contracts: OTAs & Non-Dilutive Funding for Deep Tech,2026-06-03,10:30:00,Wednesday,2026-06-03 10:30,New York City,Brooklyn,Brooklyn,Morning,Inspiralia US,Inspiralia USA,,Inspiralia USA,inspiralia-usa,True,,,,https://www.tech-week.com/calendar/nyc
5879,Ugly Talk: Can Your Brand Thrive in Agentic Commerce?,2026-06-03,10:30:00,Wednesday,2026-06-03 10:30,New York City,Midtown,Midtown,Morning,Ugly Talk,Ugly Talk,,Ugly Talk,ugly-talk,False,,https://partiful.com/e/G1Rqksr7pQb3T5sGRCPp,G1Rqksr7pQb3T5sGRCPp,https://www.tech-week.com/calendar/nyc
6285,"Capital, Wealth, and Wellbeing - building while staying sane",2026-06-03,10:30:00,Wednesday,2026-06-03 10:30,New York City,Flatiron,Flatiron,Morning,The Capital Flex,The Capital Flex,UBS,The Capital Flex; UBS,the-capital-flex; ubs,False,,https://partiful.com/e/Wq012xH2oUKVTG0dNneU,Wq012xH2oUKVTG0dNneU,https://www.tech-week.com/calendar/nyc
4390,The Architecture of Failure: A 401-Level Masterclass on AI Agents,2026-06-03,10:45:00,Wednesday,2026-06-03 10:45,New York City,Chelsea,Chelsea,Morning,Google for Startups,Google for Startups,,Google for Startups,google-for-startups,False,gold,https://partiful.com/e/oZjPIrymA9JRf4x3t4GO,oZjPIrymA9JRf4x3t4GO,https://www.tech-week.com/calendar/nyc
5826,"The Founder's Guide to AI Transformation: Workflows, Culture, and Scaling",2026-06-03,10:45:00,Wednesday,2026-06-03 10:45,New York City,Chelsea,Chelsea,Morning,Google for Startups,Google for Startups,,Google for Startups,google-for-startups,False,gold,https://partiful.com/e/A1b26sUya85y2x7bGw2z,A1b26sUya85y2x7bGw2z,https://www.tech-week.com/calendar/nyc
4099,The Overlooked Alpha: Backing the Next Frontier of Faith-Driven Diaspora Entrepreneurs,2026-06-03,11:00:00,Wednesday,2026-06-03 11:00,New York City,Brooklyn,Brooklyn,Morning,Emtic Basileia,Emtic Basileia,,Emtic Basileia,emtic-basileia,False,,https://partiful.com/e/ZKhEYadbnGCC8wVlGiET,ZKhEYadbnGCC8wVlGiET,https://www.tech-week.com/calendar/nyc
4354,Jam in AM | AI founders @,2026-06-03,11:00:00,Wednesday,2026-06-03 11:00,New York City,Flatiron,Flatiron,Morning,Supermoon,Supermoon,,Supermoon,supermoon,False,,https://partiful.com/e/0TsrnbBR1D2fI4HqJRcj,0TsrnbBR1D2fI4HqJRcj,https://www.tech-week.com/calendar/nyc
4637,From zero to AI hiring agent: a founder’s guide (live build),2026-06-03,11:00:00,Wednesday,2026-06-03 11:00,New York City,Chelsea,Chelsea,Morning,Elly,Elly,,Elly,elly,False,,https://partiful.com/e/fj1W7fo3lhElo552s2jD,fj1W7fo3lhElo552s2jD,https://www.tech-week.com/calendar/nyc
4677,The New Stack: Balancing the Cap Table for Women-Led Wellness & Wearables,2026-06-03,11:00:00,Wednesday,2026-06-03 11:00,New York City,SoHo,SoHo,Morning,Crush It Ventures,Crush It Ventures,Wearable Tech Ventures,Crush It Ventures; Wearable Tech Ventures,crush-it-ventures; wearable-tech-ventures,False,,https://partiful.com/e/KSKVdpcLANun9pXuG0m3,KSKVdpcLANun9pXuG0m3,https://www.tech-week.com/calendar/nyc
4755,Sustainability Panel,2026-06-03,11:00:00,Wednesday,2026-06-03 11:00,New York City,Midtown,Midtown,Morning,Propel Earth,Propel Earth,,Propel Earth,propel-earth,False,,https://partiful.com/e/GxS3hkbPToEMmgTEeEsm,GxS3hkbPToEMmgTEeEsm,https://www.tech-week.com/calendar/nyc
5225,Outreach OS: Creators…Let’s Build the AI Agent That Does Work While You Sleep,2026-06-03,11:00:00,Wednesday,2026-06-03 11:00,New York City,SoHo,SoHo,Morning,Walker Media LLC,Walker Media LLC,,Walker Media LLC,walker-media-llc,False,,https://partiful.com/e/4KBxsjank7wig3VCp3za,4KBxsjank7wig3VCp3za,https://www.tech-week.com/calendar/nyc
5393,Private Investor-Founder Brunch by Yellow | Tech Week 2026,2026-06-03,11:00:00,Wednesday,2026-06-03 11:00,New York City,SoHo,SoHo,Morning,Yellow Network,Yellow Network,,Yellow Network,yellow-network,False,,https://partiful.com/e/DIULMTXNf5mkt8da0Kbw,DIULMTXNf5mkt8da0Kbw,https://www.tech-week.com/calendar/nyc
5500,99 Problems But a Pitch Ain't One,2026-06-03,11:00:00,Wednesday,2026-06-03 11:00,New York City,Chelsea,Chelsea,Morning,Long Story Short,Long Story Short,,Long Story Short,long-story-short,False,,https://partiful.com/e/5GuSYgXUVmGLyAH9zHIQ,5GuSYgXUVmGLyAH9zHIQ,https://www.tech-week.com/calendar/nyc
5831,Primary x Supermomos x Gunderson: Founder and Investor Lounge,2026-06-03,11:00:00,Wednesday,2026-06-03 11:00,New York City,Midtown,Midtown,Morning,Gunderson Dettmer,Gunderson Dettmer,Supermomos; Primary Venture Partners,Gunderson Dettmer; Supermomos; Primary Venture Partners,gunderson-dettmer; supermomos; primary-venture-partners,False,,https://partiful.com/e/4XKbTFLap5PbNCSGsQMC,4XKbTFLap5PbNCSGsQMC,https://www.tech-week.com/calendar/nyc
5868,"Authorized Access: Gender, Power & Tech",2026-06-03,11:00:00,Wednesday,2026-06-03 11:00,New York City,Virtual (NYC),Virtual (NYC),Morning,Product Advisory Collective (PAC),Product Advisory Collective (PAC),,Product Advisory Collective (PAC),product-advisory-collective-pac,False,,https://partiful.com/e/phA77R6PScqhIZFskbMO,phA77R6PScqhIZFskbMO,https://www.tech-week.com/calendar/nyc
5888,"The Open Source Stack: Picking, Running, and Shipping Open Models",2026-06-03,11:00:00,Wednesday,2026-06-03 11:00,New York City,Flatiron,Flatiron,Morning,Tequity,Tequity,,Tequity,tequity,True,,,,https://www.tech-week.com/calendar/nyc
6164,"Exit Planning - Trust & Estate Planning, Tax Loss Harvesting, & More",2026-06-03,11:00:00,Wednesday,2026-06-03 11:00,New York City,Midtown,Midtown,Morning,Rockefeller Global Family Office,Rockefeller Global Family Office,,Rockefeller Global Family Office,rockefeller-global-family-office,False,,https://partiful.com/e/cawhwSDIOeQin6tGsDuU,cawhwSDIOeQin6tGsDuU,https://www.tech-week.com/calendar/nyc
6360,Tech for Safer Cities: Tackling Gender Based Violence for Women & Youth,2026-06-03,11:00:00,Wednesday,2026-06-03 11:00,New York City,Financial District,Financial District,Morning,Red Dot Foundation Global,Red Dot Foundation Global,Mobile Pathways; The CUNY Public Interest Tech Lab,Red Dot Foundation Global; Mobile Pathways; The CUNY Public Interest Tech Lab,red-dot-foundation-global; mobile-pathways; the-cuny-public-interest-tech-lab,False,,https://partiful.com/e/nDbviUZWOe0l4xxDr82M,nDbviUZWOe0l4xxDr82M,https://www.tech-week.com/calendar/nyc
6371,Building the AI Concierge: A Bilt Fireside,2026-06-03,11:00:00,Wednesday,2026-06-03 11:00,New York City,East Village,East Village,Morning,Unicorner,Unicorner,Bolt.new,Unicorner; Bolt.new,unicorner; bolt-new,False,,https://partiful.com/e/5hhjGFJdaccHUlu3nUrO,5hhjGFJdaccHUlu3nUrO,https://www.tech-week.com/calendar/nyc
261,From Norway to New York - What It Actually Takes to Scale in the AI Era,2026-06-03,11:30:00,Wednesday,2026-06-03 11:30,New York City,Midtown,Midtown,Morning,Innovation Norway,Innovation Norway,Royal Norwegian Consulate General,Innovation Norway; Royal Norwegian Consulate General,innovation-norway; royal-norwegian-consulate-general,True,,,,https://www.tech-week.com/calendar/nyc
4080,The Heartland Venture Summit,2026-06-03,11:30:00,Wednesday,2026-06-03 11:30,New York City,Chelsea,Chelsea,Morning,Ohio Startup Network,Ohio Startup Network,,Ohio Startup Network,ohio-startup-network,False,,https://partiful.com/e/yZMbnwWAgGJwASwKArr3,yZMbnwWAgGJwASwKArr3,https://www.tech-week.com/calendar/nyc
74,The Leadership Bottleneck — and How to Break Through It,2026-06-03,12:00:00,Wednesday,2026-06-03 12:00,New York City,Central Park,Central Park,Noon,Momentum360,Momentum360™,,Momentum360™,momentum360,False,,https://partiful.com/e/A8dHZHCZ4lYHLHDbNx75,A8dHZHCZ4lYHLHDbNx75,https://www.tech-week.com/calendar/nyc
4363,"MATCH HOUSE Founders, Investors, Operators",2026-06-03,12:00:00,Wednesday,2026-06-03 12:00,New York City,Flatiron,Flatiron,Noon,MatchPlay Ventures,MatchPlay Ventures,Boop; FirstGlance,MatchPlay Ventures; Boop; FirstGlance,matchplay-ventures; boop; firstglance,False,,https://partiful.com/e/RvVuxFKB01u59pmVZnTE,RvVuxFKB01u59pmVZnTE,https://www.tech-week.com/calendar/nyc
4377,E-commerce Founders' Lunch hosted by Cherry Hill Advisory,2026-06-03,12:00:00,Wednesday,2026-06-03 12:00,New York City,Upper Manhattan,Upper Manhattan,Noon,Cherry Hill Advisory,Cherry Hill Advisory,,Cherry Hill Advisory,cherry-hill-advisory,False,,https://partiful.com/e/55VWMcOPDP2YUbOQyrSu,55VWMcOPDP2YUbOQyrSu,https://www.tech-week.com/calendar/nyc
4500,Women In Tech-Loading Future State,2026-06-03,12:00:00,Wednesday,2026-06-03 12:00,New York City,Meatpacking District,Meatpacking District,Noon,zant app,zant app,Space of Mind,zant app; Space of Mind,zant-app; space-of-mind,False,,https://partiful.com/e/xVRyFu1BuIaK3LIz6eyb,xVRyFu1BuIaK3LIz6eyb,https://www.tech-week.com/calendar/nyc
4542,AI Market Foresight: Live Simulation Vol. 2,2026-06-03,12:00:00,Wednesday,2026-06-03 12:00,New York City,SoHo,SoHo,Noon,Principle,Principle,,Principle,principle,False,,https://partiful.com/e/MapuUg1D3MB9pAp550DP,MapuUg1D3MB9pAp550DP,https://www.tech-week.com/calendar/nyc
4588,Everything Health Networking,2026-06-03,12:00:00,Wednesday,2026-06-03 12:00,New York City,Midtown,Midtown,Noon,Scalpels & Spreadsheets,Scalpels & Spreadsheets,,Scalpels & Spreadsheets,scalpels-spreadsheets,False,,https://partiful.com/e/EbJB9pr0fYgwdOajFFfY,EbJB9pr0fYgwdOajFFfY,https://www.tech-week.com/calendar/nyc
4665,Inner Circle: Founder & VC Lunch,2026-06-03,12:00:00,Wednesday,2026-06-03 12:00,New York City,SoHo,SoHo,Noon,Menlo Ventures,Menlo Ventures,AmEx Ventures; Confidante: Cofounder Dynamics; BambooX,Menlo Ventures; AmEx Ventures; Confidante: Cofounder Dynamics; BambooX,menlo-ventures; amex-ventures; confidante-cofounder-dynamics; bamboox,False,,https://partiful.com/e/EkVKsItVP7ZxENEfmZSV,EkVKsItVP7ZxENEfmZSV,https://www.tech-week.com/calendar/nyc
4793,🏌️Lunch Time Tee-Off w/ Citizens Bank & Deel,2026-06-03,12:00:00,Wednesday,2026-06-03 12:00,New York City,Chelsea,Chelsea,Noon,Deel,Deel,Citizens Private Bank,Deel; Citizens Private Bank,deel; citizens-private-bank,False,gold,https://partiful.com/e/S4lPq961p4AgBePznzvu,S4lPq961p4AgBePznzvu,https://www.tech-week.com/calendar/nyc
4958,AI Builders Lunch,2026-06-03,12:00:00,Wednesday,2026-06-03 12:00,New York City,Midtown,Midtown,Noon,Cuculi,Cuculi,,Cuculi,cuculi,False,,https://partiful.com/e/h473UHUqIyFjDct4PAfU,h473UHUqIyFjDct4PAfU,https://www.tech-week.com/calendar/nyc
5031,Getting To Product-Market Fit Panel,2026-06-03,12:00:00,Wednesday,2026-06-03 12:00,New York City,Financial District,Financial District,Noon,Mucker Capital,Mucker Capital,,Mucker Capital,mucker-capital,False,,https://partiful.com/e/Ps8FoK7Ed1LAS9qYAQXV,Ps8FoK7Ed1LAS9qYAQXV,https://www.tech-week.com/calendar/nyc
5080,Beyond the Hype: The Realities of Scaling AI,2026-06-03,12:00:00,Wednesday,2026-06-03 12:00,New York City,Hudson Yards,Hudson Yards,Noon,Accenture,Accenture,Tech:NYC,Accenture; Tech:NYC,accenture; tech-nyc,True,,,,https://www.tech-week.com/calendar/nyc
5089,"SOC Transformation: AI, Automation, and the Hard Choices Ahead- #NY TechWeek",2026-06-03,12:00:00,Wednesday,2026-06-03 12:00,New York City,Financial District,Financial District,Noon,Command Zero,Command Zero,ZS,Command Zero; ZS,command-zero; zs,False,,https://partiful.com/e/7tw52yRkZ9wOQQGdxzjh,7tw52yRkZ9wOQQGdxzjh,https://www.tech-week.com/calendar/nyc
5183,K-Beauty 2.0: Shed Light on Biotech & AI & Pop Up,2026-06-03,12:00:00,Wednesday,2026-06-03 12:00,New York City,Long Island,Long Island,Noon,Enthera Bio,Enthera Bio,,Enthera Bio,enthera-bio,False,,https://partiful.com/e/R8Rwkvu3bxUPIePXp55D,R8Rwkvu3bxUPIePXp55D,https://www.tech-week.com/calendar/nyc
5248,Brain Byte: Recharge & Play,2026-06-03,12:00:00,Wednesday,2026-06-03 12:00,New York City,Union Square,Union Square,Noon,Soma Precision Health,Soma Precision Health,,Soma Precision Health,soma-precision-health,False,,https://partiful.com/e/TgZIFYugqAIWQXnBovpk,TgZIFYugqAIWQXnBovpk,https://www.tech-week.com/calendar/nyc
5370,Female Founder and Funder Office Hours NY TechWeek Edition,2026-06-03,12:00:00,Wednesday,2026-06-03 12:00,New York City,Hudson Yards,Hudson Yards,Noon,How Women Invest,How Women Invest,,How Women Invest,how-women-invest,False,,https://partiful.com/e/ZF6EDVaXkkhCIb0qwcSL,ZF6EDVaXkkhCIb0qwcSL,https://www.tech-week.com/calendar/nyc
5889,Building secure AI for your data: DeepFellow Demo + Q&A,2026-06-03,12:00:00,Wednesday,2026-06-03 12:00,New York City,Chelsea,Chelsea,Noon,SIMPLITO,SIMPLITO,Polish Investment and Trade Agency - New York Office,SIMPLITO; Polish Investment and Trade Agency - New York Office,simplito; polish-investment-and-trade-agency-new-york-office,False,,https://partiful.com/e/4HvzWY1VZlHgK21fMBUz,4HvzWY1VZlHgK21fMBUz,https://www.tech-week.com/calendar/nyc
6089,AI Founder & Funder Brunch,2026-06-03,12:00:00,Wednesday,2026-06-03 12:00,New York City,Chelsea,Chelsea,Noon,AI Furnace,The AI Furnace,Foley Hoag,The AI Furnace; Foley Hoag,the-ai-furnace; foley-hoag-llp,False,,https://partiful.com/e/CFCQZrHUAIGOer02VXgS,CFCQZrHUAIGOer02VXgS,https://www.tech-week.com/calendar/nyc
6439,The Builder's Table with Adobe for Startups,2026-06-03,12:00:00,Wednesday,2026-06-03 12:00,New York City,Union Square,Union Square,Noon,Adobe,Adobe,,Adobe,adobe,False,gold,https://partiful.com/e/JfnhQNRqGfA7BXSYtjll,JfnhQNRqGfA7BXSYtjll,https://www.tech-week.com/calendar/nyc
6469,Investing in Agents: The Future of Autonomous AI,2026-06-03,12:00:00,Wednesday,2026-06-03 12:00,New York City,Chelsea,Chelsea,Noon,Google for Startups,Google for Startups,Google Cloud,Google for Startups; Google Cloud,google-for-startups; google-cloud,False,gold,https://partiful.com/e/TjC1eG8CxxAKtYaVxrH2,TjC1eG8CxxAKtYaVxrH2,https://www.tech-week.com/calendar/nyc
6475,a16z Tech Week Sponsor Luncheon,2026-06-03,12:00:00,Wednesday,2026-06-03 12:00,New York City,Tribeca,Tribeca,Noon,a16z,a16z,,a16z,a16z,True,,,,https://www.tech-week.com/calendar/nyc
4403,Building Multi-Agent Systems: Scaling Your Startup with Autonomous AI,2026-06-03,13:00:00,Wednesday,2026-06-03 13:00,New York City,Chelsea,Chelsea,Afternoon,Google for Startups,Google for Startups,,Google for Startups,google-for-startups,False,gold,https://partiful.com/e/l9fA0F5sI4gurGc8hc4H,l9fA0F5sI4gurGc8hc4H,https://www.tech-week.com/calendar/nyc
5036,Bankrupt to $20m ARR in two months: Bolt.new Fireside,2026-06-03,13:00:00,Wednesday,2026-06-03 13:00,New York City,Chelsea,Chelsea,Afternoon,Unicorner,Unicorner,Bolt.new,Unicorner; Bolt.new,unicorner; bolt-new,False,,https://partiful.com/e/uFkYHnEZ8CMJ7igyHMEW,uFkYHnEZ8CMJ7igyHMEW,https://www.tech-week.com/calendar/nyc
5115,LVMH Private VIP Coffee,2026-06-03,13:00:00,Wednesday,2026-06-03 13:00,New York City,Upper East Side,Upper East Side,Afternoon,Serena Wang,Serena Wang,,Serena Wang,serena-wang,False,,https://partiful.com/e/dyCpr134CU69bhNKxNGq,dyCpr134CU69bhNKxNGq,https://www.tech-week.com/calendar/nyc
5116,Why Great Startups Build Communities,2026-06-03,13:00:00,Wednesday,2026-06-03 13:00,New York City,Midtown,Midtown,Afternoon,Pollen8.app,Pollen8.app,Die-Hard.io; Edge Studio,Pollen8.app; Die-Hard.io; Edge Studio,pollen8-app; die-hard-io; edge-studio,False,,https://partiful.com/e/l1luqKOiqTwR8cLX9lfL,l1luqKOiqTwR8cLX9lfL,https://www.tech-week.com/calendar/nyc
5664,Marimo: Ice Cream Social for AI Researchers,2026-06-03,13:00:00,Wednesday,2026-06-03 13:00,New York City,Midtown,Midtown,Afternoon,CoreWeave,CoreWeave,,CoreWeave,coreweave,False,,https://partiful.com/e/XP4E96LBZVAKjv9grfcY,XP4E96LBZVAKjv9grfcY,https://www.tech-week.com/calendar/nyc
5822,Kedrion X InstaLILY Rare Connections: Healthcare AI Innovation Summit,2026-06-03,13:00:00,Wednesday,2026-06-03 13:00,New York City,SoHo,SoHo,Afternoon,InstaLILY AI,InstaLILY AI,Kedrion Biopharma,InstaLILY AI; Kedrion Biopharma,instalily-ai; kedrion-biopharma,False,,https://partiful.com/e/PdiozfxUMSvzekP4cU32,PdiozfxUMSvzekP4cU32,https://www.tech-week.com/calendar/nyc
5865,Hard Truths: Building a Scalable Consumer Hardware Business,2026-06-03,13:00:00,Wednesday,2026-06-03 13:00,New York City,Virtual (NYC),Virtual (NYC),Afternoon,Hardware Velocity,Hardware Velocity,,Hardware Velocity,hardware-velocity,False,,https://partiful.com/e/QFvAM5R9QxCHey1Ysiak,QFvAM5R9QxCHey1Ysiak,https://www.tech-week.com/calendar/nyc
6428,Google Ads Keynote: Future of AI Marketing,2026-06-03,13:00:00,Wednesday,2026-06-03 13:00,New York City,Chelsea,Chelsea,Afternoon,Google for Startups,Google for Startups,,Google for Startups,google-for-startups,False,gold,https://partiful.com/e/XtUAp0HilTDnyVQoiYXd,XtUAp0HilTDnyVQoiYXd,https://www.tech-week.com/calendar/nyc
6742,Pull Up a Chair: A Coffee Salon on What It Would Take to Actually Fix Tech,2026-06-03,13:00:00,Wednesday,2026-06-03 13:00,New York City,East Village,East Village,Afternoon,"The Make Sense Podcast w/ Lindsay T., Lady Engineer®","The Make Sense Podcast w/ Lindsay T., Lady Engineer®",Leap_year; elsuss,"The Make Sense Podcast w/ Lindsay T., Lady Engineer®; Leap_year; elsuss",the-make-sense-podcast-w-lindsay-t-lady-engineer; leap-year; elsuss,False,,https://partiful.com/e/AzVoaw82pHkJLwh4XtEy,AzVoaw82pHkJLwh4XtEy,https://www.tech-week.com/calendar/nyc
6768,FoundHer House: The Female Funding Floor,2026-06-03,13:00:00,Wednesday,2026-06-03 13:00,New York City,Greenwich Village,Greenwich Village,Afternoon,FoundHer House,FoundHer House,Pace Capital,FoundHer House; Pace Capital,foundher-house; pace-capital,False,,https://partiful.com/e/omWNQXlOurTDgzPvdiO3,omWNQXlOurTDgzPvdiO3,https://www.tech-week.com/calendar/nyc
4048,Axios' AI+NY Summit,2026-06-03,13:30:00,Wednesday,2026-06-03 13:30,New York City,Flatiron,Flatiron,Afternoon,Axios,Axios,,Axios,axios,True,,,,https://www.tech-week.com/calendar/nyc
5820,Anthropic Founder Salon: Inside the AI-Native Era,2026-06-03,13:30:00,Wednesday,2026-06-03 13:30,New York City,Chelsea,Chelsea,Afternoon,Anthropic,Anthropic,,Anthropic,anthropic,False,,https://partiful.com/e/titPml1Nw0DKwGl9B6CF,titPml1Nw0DKwGl9B6CF,https://www.tech-week.com/calendar/nyc
6449,How To Raise VC Like A Pro: A Zero To One Hands-On Workshop,2026-06-03,13:30:00,Wednesday,2026-06-03 13:30,New York City,Brooklyn,Brooklyn,Afternoon,No BS Startup Coach,No BS Startup Coach,,No BS Startup Coach,no-bs-startup-coach,False,,https://partiful.com/e/yt2GcDfBv98EmNcUpITD,yt2GcDfBv98EmNcUpITD,https://www.tech-week.com/calendar/nyc
20,Venture Fight Club #5,2026-06-03,14:00:00,Wednesday,2026-06-03 14:00,New York City,SoHo,SoHo,Afternoon,Venture Fight Club,Venture Fight Club,,Venture Fight Club,venture-fight-club,False,,https://partiful.com/e/B0alagl9YfiErlgH73La,B0alagl9YfiErlgH73La,https://www.tech-week.com/calendar/nyc
4444,The Future of Coding Agents and IDE,2026-06-03,14:00:00,Wednesday,2026-06-03 14:00,New York City,Midtown,Midtown,Afternoon,Generative IDE,Generative IDE,Perkins Coie,Generative IDE; Perkins Coie,generative-ide; perkins-coie,False,,https://partiful.com/e/1N6CtiCpYquktoTh5NUm,1N6CtiCpYquktoTh5NUm,https://www.tech-week.com/calendar/nyc
4447,Women-Led Startups Pitch & Network,2026-06-03,14:00:00,Wednesday,2026-06-03 14:00,New York City,Financial District,Financial District,Afternoon,EchoHer,EchoHer,Witti Marketing; Lair East Labs,EchoHer; Witti Marketing; Lair East Labs,echoher; witti-marketing; lair-east-labs,False,,https://partiful.com/e/YVAZ3wboDXALfslGk3vV,YVAZ3wboDXALfslGk3vV,https://www.tech-week.com/calendar/nyc
4472,NYTW Panel: VC + PE's Role in Women's Health,2026-06-03,14:00:00,Wednesday,2026-06-03 14:00,New York City,Midtown,Midtown,Afternoon,Uplyft Collective,Uplyft Collective,,Uplyft Collective,uplyft-collective,False,,https://partiful.com/e/l38ujelxqVhmfB60e3kA,l38ujelxqVhmfB60e3kA,https://www.tech-week.com/calendar/nyc
4506,Google Presents AI Learning Lab,2026-06-03,14:00:00,Wednesday,2026-06-03 14:00,New York City,Chelsea,Chelsea,Afternoon,Google,Google,,Google,google,False,gold,https://partiful.com/e/FJbZcfppRGdMVP1o534z,FJbZcfppRGdMVP1o534z,https://www.tech-week.com/calendar/nyc
4528,"Building in the Age of AI: What Skills Founders, Operators, & Investors Are Looking For",2026-06-03,14:00:00,Wednesday,2026-06-03 14:00,New York City,Upper Manhattan,Upper Manhattan,Afternoon,Columbia Business School,Columbia Business School,,Columbia Business School,columbia-business-school,False,,https://partiful.com/e/xsONW2ZNe84j144gdSMl,xsONW2ZNe84j144gdSMl,https://www.tech-week.com/calendar/nyc
4598,Hot Yoga for Hot Founders,2026-06-03,14:00:00,Wednesday,2026-06-03 14:00,New York City,Midtown,Midtown,Afternoon,Propel Earth,Propel Earth,,Propel Earth,propel-earth,False,,https://partiful.com/e/w4CqnXyNmx6In2gtvd9m,w4CqnXyNmx6In2gtvd9m,https://www.tech-week.com/calendar/nyc
4599,Fireside + Happy Hour: At the Heart of Healthcare,2026-06-03,14:00:00,Wednesday,2026-06-03 14:00,New York City,Midtown,Midtown,Afternoon,Accurkardia,Accurkardia,Scalpels & Spreadsheets,Accurkardia; Scalpels & Spreadsheets,accurkardia; scalpels-spreadsheets,False,,https://partiful.com/e/IuM6WxNvQPgCdA5IKtW3,IuM6WxNvQPgCdA5IKtW3,https://www.tech-week.com/calendar/nyc
5070,GTM & AI: Gimmick or Gold?,2026-06-03,14:00:00,Wednesday,2026-06-03 14:00,New York City,Financial District,Financial District,Afternoon,Mucker Capital,Mucker Capital,,Mucker Capital,mucker-capital,False,,https://partiful.com/e/WXKIsvQH11PGD8YwP1v9,WXKIsvQH11PGD8YwP1v9,https://www.tech-week.com/calendar/nyc
5123,Startup GTM — Mapping + Metrics,2026-06-03,14:00:00,Wednesday,2026-06-03 14:00,New York City,Midtown,Midtown,Afternoon,Pollen8,Pollen8,Die-Hard.io; Edge Studio,Pollen8; Die-Hard.io; Edge Studio,pollen8; die-hard-io; edge-studio,False,,https://partiful.com/e/MR78mhKL31baYtdbziHm,MR78mhKL31baYtdbziHm,https://www.tech-week.com/calendar/nyc
5159,Reimagining the value chain of life science with agentic AI,2026-06-03,14:00:00,Wednesday,2026-06-03 14:00,New York City,Midtown,Midtown,Afternoon,Bio Blossom Consulting,Bio Blossom Consulting,,Bio Blossom Consulting,bio-blossom-consulting,True,,,,https://www.tech-week.com/calendar/nyc
5307,Building Breakout Consumer Brands,2026-06-03,14:00:00,Wednesday,2026-06-03 14:00,New York City,Chelsea,Chelsea,Afternoon,AcceleratorCON,AcceleratorCON,,AcceleratorCON,acceleratorcon,False,,https://partiful.com/e/JfVnY8xQybNGHAIRxCRN,JfVnY8xQybNGHAIRxCRN,https://www.tech-week.com/calendar/nyc
5330,"NY Beauty Tech Summit: Future of Beauty Tech Devices, Data & Innovation",2026-06-03,14:00:00,Wednesday,2026-06-03 14:00,New York City,Chelsea,Chelsea,Afternoon,Richualist,Richualist,Wearable Tech Ventures; Myavanna,Richualist; Wearable Tech Ventures; Myavanna,richualist; wearable-tech-ventures; myavanna,False,,https://partiful.com/e/e32DJWAieEIPVwRTAxLU,e32DJWAieEIPVwRTAxLU,https://www.tech-week.com/calendar/nyc
5435,Best 100 Latam / Latino Startups,2026-06-03,14:00:00,Wednesday,2026-06-03 14:00,New York City,Chelsea,Chelsea,Afternoon,Colectivo,Colectivo,,Colectivo,colectivo,False,,https://partiful.com/e/t4GyLlmpzMmIDjDhvSkW,t4GyLlmpzMmIDjDhvSkW,https://www.tech-week.com/calendar/nyc
5823,"The Agentic Orchestration Revolution, the new fresh approach to deploying AI Agents at scale and top security",2026-06-03,14:00:00,Wednesday,2026-06-03 14:00,New York City,Lower East Side,Lower East Side,Afternoon,CoralOS,CoralOS,,CoralOS,coralos,True,,,,https://www.tech-week.com/calendar/nyc
5864,From Wall Street to Web4: Tokenization Forum,2026-06-03,14:00:00,Wednesday,2026-06-03 14:00,New York City,Midtown,Midtown,Afternoon,CoinBridge,CoinBridge,,CoinBridge,coinbridge,False,,https://partiful.com/e/HYTe0PKAwn3S8y6V1108,HYTe0PKAwn3S8y6V1108,https://www.tech-week.com/calendar/nyc
5895,Frontier House NYC - General Partner Roundtable,2026-06-03,14:00:00,Wednesday,2026-06-03 14:00,New York City,Midtown,Midtown,Afternoon,Eleven Wall Ventures,Eleven Wall Ventures,,Eleven Wall Ventures,eleven-wall-ventures,False,,https://partiful.com/e/IjcQJFIYc2PPkDOy0h3r,IjcQJFIYc2PPkDOy0h3r,https://www.tech-week.com/calendar/nyc
6207,Building agentic experiences on the frontier: Learnings from Google Antigravity,2026-06-03,14:00:00,Wednesday,2026-06-03 14:00,New York City,Chelsea,Chelsea,Afternoon,Google for Startups,Google for Startups,,Google for Startups,google-for-startups,False,gold,https://partiful.com/e/yaHOdQpASUJP8Tmts0EH,yaHOdQpASUJP8Tmts0EH,https://www.tech-week.com/calendar/nyc
6240,Ditch the Script: Building AI-Augmented Agents with CX Agent Studio,2026-06-03,14:00:00,Wednesday,2026-06-03 14:00,New York City,Chelsea,Chelsea,Afternoon,Google for Startups,Google for Startups,,Google for Startups,google-for-startups,False,gold,https://partiful.com/e/bbf0MhFQiA55SIIJN7J6,bbf0MhFQiA55SIIJN7J6,https://www.tech-week.com/calendar/nyc
6315,The Non-Engineer's AI Playbook — MuleRun,2026-06-03,14:00:00,Wednesday,2026-06-03 14:00,New York City,Upper Manhattan,Upper Manhattan,Afternoon,The Non-Engineer's AI Playbook — MuleRun Product Day- #NYC TechWeek,The Non-Engineer's AI Playbook — MuleRun Product Day- #NYC TechWeek,,The Non-Engineer's AI Playbook — MuleRun Product Day- #NYC TechWeek,the-non-engineer-s-ai-playbook-mulerun-product-day-nyc-techweek,False,,https://partiful.com/e/Pr0PZvKKGZ49kG8jr8XV,Pr0PZvKKGZ49kG8jr8XV,https://www.tech-week.com/calendar/nyc
4651,New York Digital HealthTech Summit 2026,2026-06-03,14:30:00,Wednesday,2026-06-03 14:30,New York City,Midtown,Midtown,Afternoon,Orrick,Orrick,AARP,Orrick; AARP,orrick; aarp,True,,,,https://www.tech-week.com/calendar/nyc
6523,"Tokenizing the Real Economy: Web3, Regulation and New Market Infrastructure",2026-06-03,14:30:00,Wednesday,2026-06-03 14:30,New York City,Central Park,Central Park,Afternoon,Wootic,Wootic,Consulate General of Argentina in New York; KLW,Wootic; Consulate General of Argentina in New York; KLW,wootic; consulate-general-of-argentina-in-new-york; klw,False,,https://partiful.com/e/KdjtJu1sSTiUTHrehm2e,KdjtJu1sSTiUTHrehm2e,https://www.tech-week.com/calendar/nyc
6560,"Investing in Deeptech 2026 - for VCs, angels, family offices",2026-06-03,14:30:00,Wednesday,2026-06-03 14:30,New York City,Midtown,Midtown,Afternoon,Good Investor Club,Good Investor Club,,Good Investor Club,good-investor-club,False,,https://partiful.com/e/6iJnKBHJDDD6pzokZKqh,6iJnKBHJDDD6pzokZKqh,https://www.tech-week.com/calendar/nyc
4538,How to Scale Business with People & AI,2026-06-03,15:00:00,Wednesday,2026-06-03 15:00,New York City,Tribeca,Tribeca,Afternoon,42DM,42DM,Dextego Inc; Alchemist,42DM; Dextego Inc; Alchemist,42dm; dextego-inc; alchemist,False,,https://partiful.com/e/0qPzNNm0AgeHmfFyC9h2,0qPzNNm0AgeHmfFyC9h2,https://www.tech-week.com/calendar/nyc
4913,Fund Design For Mortals: A Healthtech GP / LP Salon,2026-06-03,15:00:00,Wednesday,2026-06-03 15:00,New York City,Tribeca,Tribeca,Afternoon,MarkOne Health,MarkOne Health,,MarkOne Health,markone-health,False,,https://partiful.com/e/ktsk3lKZaqugwSxqHfO9,ktsk3lKZaqugwSxqHfO9,https://www.tech-week.com/calendar/nyc
4959,Founder-Led Growth: The Content System That Brings Customers,2026-06-03,15:00:00,Wednesday,2026-06-03 15:00,New York City,Flatiron,Flatiron,Afternoon,Supermoon,Supermoon,Veblenic,Supermoon; Veblenic,supermoon; veblenic,False,,https://partiful.com/e/FYcSnKT3uYUim41Sr7N8,FYcSnKT3uYUim41Sr7N8,https://www.tech-week.com/calendar/nyc
5082,Zero to (Acquired) Unicorn: Graphite Founder Fireside,2026-06-03,15:00:00,Wednesday,2026-06-03 15:00,New York City,Chelsea,Chelsea,Afternoon,Unicorner,Unicorner,Bolt.new,Unicorner; Bolt.new,unicorner; bolt-new,False,,https://partiful.com/e/ApHnxYHtB9fZYBmsj0g5,ApHnxYHtB9fZYBmsj0g5,https://www.tech-week.com/calendar/nyc
5196,From Content to Course Build World Class Learning Experiences with AI,2026-06-03,15:00:00,Wednesday,2026-06-03 15:00,New York City,Nomad,Nomad,Afternoon,PrismLearn,PrismLearn,NexPost,PrismLearn; NexPost,prismlearn; nexpost,False,,https://partiful.com/e/1HMgJJdddcGD4CQChLYG,1HMgJJdddcGD4CQChLYG,https://www.tech-week.com/calendar/nyc
5492,Fast Track to the Future: Building AI-Native Apps with Firebase and Google Cloud,2026-06-03,15:00:00,Wednesday,2026-06-03 15:00,New York City,Chelsea,Chelsea,Afternoon,Google for Startups,Google for Startups,,Google for Startups,google-for-startups,False,gold,https://partiful.com/e/6yRRQjBxExk25JqIoBoJ,6yRRQjBxExk25JqIoBoJ,https://www.tech-week.com/calendar/nyc
5894,Frontier House NYC Community Mixer,2026-06-03,15:00:00,Wednesday,2026-06-03 15:00,New York City,Midtown,Midtown,Afternoon,Eleven Wall Ventures,Eleven Wall Ventures,,Eleven Wall Ventures,eleven-wall-ventures,False,,https://partiful.com/e/pnYKgdY9IvyeGStLgEKU,pnYKgdY9IvyeGStLgEKU,https://www.tech-week.com/calendar/nyc
6564,ElevenLabs NY Tech Week PopUp - Founder Edition,2026-06-03,15:00:00,Wednesday,2026-06-03 15:00,New York City,SoHo,SoHo,Afternoon,ElevenLabs,ElevenLabs,,ElevenLabs,elevenlabs,False,,https://partiful.com/e/veW9vq95oUaMplo0TG66,veW9vq95oUaMplo0TG66,https://www.tech-week.com/calendar/nyc
5251,Memorize PI with AI,2026-06-03,15:15:00,Wednesday,2026-06-03 15:15,New York City,East Village,East Village,Afternoon,CopyCat Language,CopyCat Language,,CopyCat Language,copycat-language,False,,https://partiful.com/e/MhtX7VF0KCx9iVNYduLe,MhtX7VF0KCx9iVNYduLe,https://www.tech-week.com/calendar/nyc
4327,"Humans, Robots & The Factory Floor",2026-06-03,15:30:00,Wednesday,2026-06-03 15:30,New York City,Brooklyn,Brooklyn,Afternoon,New York Robotics,New York Robotics,American Manufacturing Futures Institute,New York Robotics; American Manufacturing Futures Institute,new-york-robotics; american-manufacturing-futures-institute,False,,https://partiful.com/e/FymrHYN71HqMEA2aqaO4,FymrHYN71HqMEA2aqaO4,https://www.tech-week.com/calendar/nyc
4329,Recess at Tech Week: Throwback Field Day,2026-06-03,16:00:00,Wednesday,2026-06-03 16:00,New York City,West Village,West Village,Afternoon,Recess,Recess,Throwback Fitness,Recess; Throwback Fitness,recess; throwback-fitness,False,,https://partiful.com/e/0GFyTBq0UAi8E6N64Rlz,0GFyTBq0UAi8E6N64Rlz,https://www.tech-week.com/calendar/nyc
4358,"The 10x Moat: Valuation, Competitors, and IP Rights",2026-06-03,16:00:00,Wednesday,2026-06-03 16:00,New York City,Midtown,Midtown,Afternoon,ZeroToIP,ZeroToIP,,ZeroToIP,zerotoip,False,,https://partiful.com/e/4LCCR5kpekyh34XHD4Pu,4LCCR5kpekyh34XHD4Pu,https://www.tech-week.com/calendar/nyc
4719,Agent Harnesses: What It Takes to Make AI Agents Work in the Enterprise,2026-06-03,16:00:00,Wednesday,2026-06-03 16:00,New York City,Union Square,Union Square,Afternoon,STELLANS.io,STELLANS.io,,STELLANS.io,stellans-io,False,,https://partiful.com/e/2NP0rZW8BmdGAGUOEhGP,2NP0rZW8BmdGAGUOEhGP,https://www.tech-week.com/calendar/nyc
4733,Margs & Moonshots: Swell VC’s 4th Annual AI Mixer,2026-06-03,16:00:00,Wednesday,2026-06-03 16:00,New York City,East Village,East Village,Afternoon,Swell VC,Swell VC,,Swell VC,swell-vc,False,,https://partiful.com/e/G0vIARHkSQNe1IyBX0iS,G0vIARHkSQNe1IyBX0iS,https://www.tech-week.com/calendar/nyc
5431,"Gammarama Pitch Competition: Share a Stage with Malcolm Gladwell, Bobbi Brown, and More",2026-06-03,16:00:00,Wednesday,2026-06-03 16:00,New York City,Midtown,Midtown,Afternoon,Gamma,Gamma,,Gamma,gamma,False,,https://partiful.com/e/cDtdUampmcbyc1wqrRid,cDtdUampmcbyc1wqrRid,https://www.tech-week.com/calendar/nyc
5461,Intuit Fintech Panel & Networking Event,2026-06-03,16:00:00,Wednesday,2026-06-03 16:00,New York City,East Village,East Village,Afternoon,Intuit,Intuit,,Intuit,intuit,False,,https://partiful.com/e/DyvtadO1TN5SrRRt3Rf5,DyvtadO1TN5SrRRt3Rf5,https://www.tech-week.com/calendar/nyc
5476,Building in 3D Happy Hour,2026-06-03,16:00:00,Wednesday,2026-06-03 16:00,New York City,West Village,West Village,Afternoon,Uthana Inc,Uthana Inc,,Uthana Inc,uthana-inc,False,,https://partiful.com/e/gf8tz8WU0NoITEo7LWGf,gf8tz8WU0NoITEo7LWGf,https://www.tech-week.com/calendar/nyc
5529,Fireside chat: The Trust Transfer,2026-06-03,16:00:00,Wednesday,2026-06-03 16:00,New York City,Nomad,Nomad,Afternoon,Tanagram.ai,Tanagram.ai,Zo Computer,Tanagram.ai; Zo Computer,tanagram-ai; zo-computer,False,,https://partiful.com/e/E8NhJNHWGhMetLlrFvQ7,E8NhJNHWGhMetLlrFvQ7,https://www.tech-week.com/calendar/nyc
5834,LinkedIn B2B GTM Panel - Insights for Marketers,2026-06-03,16:00:00,Wednesday,2026-06-03 16:00,New York City,Midtown,Midtown,Afternoon,LinkedIn,LinkedIn,,LinkedIn,linkedin,False,,https://partiful.com/e/TSvj1ztLBB4HbpvW9JgE,TSvj1ztLBB4HbpvW9JgE,https://www.tech-week.com/calendar/nyc
5872,Liquidity for RWA Private Credit Asset Managers,2026-06-03,16:00:00,Wednesday,2026-06-03 16:00,New York City,SoHo,SoHo,Afternoon,Protofire,Protofire,,Protofire,protofire,False,,https://partiful.com/e/h8O1Xi3GohXMHZ1FqrK0,h8O1Xi3GohXMHZ1FqrK0,https://www.tech-week.com/calendar/nyc
5884,Union Square,2026-06-03,16:00:00,Wednesday,2026-06-03 16:00,New York City,Union Square,Union Square,Afternoon,AI4Purpose Inc.,AI4Purpose Inc.,AI4Purpose Advisory Inc.; American Statistical Association's NYC Chapter,AI4Purpose Inc.; AI4Purpose Advisory Inc.; American Statistical Association's NYC Chapter,ai4purpose-inc; ai4purpose-advisory-inc; american-statistical-association-s-nyc-chapter,False,,https://partiful.com/e/PR649gAfDDVDcMqgGpJs,PR649gAfDDVDcMqgGpJs,https://www.tech-week.com/calendar/nyc
6609,IGNITE 2026,2026-06-03,16:00:00,Wednesday,2026-06-03 16:00,New York City,Midtown,Midtown,Afternoon,Lowenstein Sandler,Lowenstein Sandler,Chilly Works,Lowenstein Sandler; Chilly Works,lowenstein-sandler; chilly-works,False,,https://partiful.com/e/rLtByVXIsbqhgD3CEvaS,rLtByVXIsbqhgD3CEvaS,https://www.tech-week.com/calendar/nyc
6744,Taste is the Moat: Building Consumer AI Beyond the Chatbot,2026-06-03,16:00:00,Wednesday,2026-06-03 16:00,New York City,Flatiron,Flatiron,Afternoon,Fenwick,Fenwick,,Fenwick,fenwick,False,,https://partiful.com/e/IIdZd3lVrg4N50JYS9Fg,IIdZd3lVrg4N50JYS9Fg,https://www.tech-week.com/calendar/nyc
6750,Beyond Boarders Happy Hour,2026-06-03,16:00:00,Wednesday,2026-06-03 16:00,New York City,SoHo,SoHo,Afternoon,Deel,Deel,SVB,Deel; SVB,deel; svb,False,,https://partiful.com/e/neEOpN1kjAiwJP4T3mVS,neEOpN1kjAiwJP4T3mVS,https://www.tech-week.com/calendar/nyc
4044,C2V Initiative Year 5 Final Showcase,2026-06-03,16:30:00,Wednesday,2026-06-03 16:30,New York City,Midtown,Midtown,Afternoon,The C2V Initiative,The C2V Initiative,The Urban Future Lab at NYU Tandon School of Engineering; Greentown Labs; Fraunhofer USA,The C2V Initiative; The Urban Future Lab at NYU Tandon School of Engineering; Greentown Labs; Fraunhofer USA,the-c2v-initiative; the-urban-future-lab-at-nyu-tandon-school-of-engineering; greentown-labs; fraunhofer-usa,True,,,,https://www.tech-week.com/calendar/nyc
4153,Speed Pitch,2026-06-03,16:30:00,Wednesday,2026-06-03 16:30,New York City,Midtown,Midtown,Afternoon,The Startup Station,The Startup Station,,The Startup Station,the-startup-station,False,,https://partiful.com/e/Na47JQ1068jqK1hCbdaJ,Na47JQ1068jqK1hCbdaJ,https://www.tech-week.com/calendar/nyc
4208,Before the Ballots Drop with Sway,2026-06-03,16:30:00,Wednesday,2026-06-03 16:30,New York City,Murray Hill,Murray Hill,Afternoon,Sway,Sway,,Sway,sway,False,,https://partiful.com/e/yDpsVvIoqgdkoJ93i1hX,yDpsVvIoqgdkoJ93i1hX,https://www.tech-week.com/calendar/nyc
5018,The Rise of AI-Native Marketing Systems,2026-06-03,16:30:00,Wednesday,2026-06-03 16:30,New York City,SoHo,SoHo,Afternoon,Genus AI,Genus AI,,Genus AI,genus-ai,False,,https://partiful.com/e/WY7cbyGr92UjKOlj86tr,WY7cbyGr92UjKOlj86tr,https://www.tech-week.com/calendar/nyc
149,AI Collective Demo Night,2026-06-03,17:00:00,Wednesday,2026-06-03 17:00,New York City,Union Square,Union Square,Evening,The AI Collective,The AI Collective,Atlassian,The AI Collective; Atlassian,the-ai-collective; atlassian,False,gold,https://partiful.com/e/WDfboGXhdigeIntfwsNW,WDfboGXhdigeIntfwsNW,https://www.tech-week.com/calendar/nyc
219,Robin Hood Foundation's Demo Day,2026-06-03,17:00:00,Wednesday,2026-06-03 17:00,New York City,Union Square,Union Square,Evening,Robin Hood Foundation,Robin Hood Foundation,,Robin Hood Foundation,robin-hood-foundation,False,,https://partiful.com/e/jAP9Qn0oS6GouCWve0Oq,jAP9Qn0oS6GouCWve0Oq,https://www.tech-week.com/calendar/nyc
247,When AI meets the patient,2026-06-03,17:00:00,Wednesday,2026-06-03 17:00,New York City,Flatiron,Flatiron,Evening,Amigo.AI,Amigo.AI,,Amigo.AI,amigo-ai,False,,https://partiful.com/e/4MdmB4GHC4bD4vav1tPQ,4MdmB4GHC4bD4vav1tPQ,https://www.tech-week.com/calendar/nyc
4128,Vibe Camp,2026-06-03,17:00:00,Wednesday,2026-06-03 17:00,New York City,Brooklyn,Brooklyn,Evening,Artificial Ventures,Artificial Ventures,,Artificial Ventures,artificial-ventures,False,,https://partiful.com/e/GR67mwEn2hFgpoCpnUjz,GR67mwEn2hFgpoCpnUjz,https://www.tech-week.com/calendar/nyc
4151,Fast AI Sales,2026-06-03,17:00:00,Wednesday,2026-06-03 17:00,New York City,Midtown,Midtown,Evening,Egregora Global,Egregora Global,,Egregora Global,egregora-global,False,,https://partiful.com/e/YNisiR5czoNqmN0jQyeY,YNisiR5czoNqmN0jQyeY,https://www.tech-week.com/calendar/nyc
4616,Spotlight on Scotland,2026-06-03,17:00:00,Wednesday,2026-06-03 17:00,New York City,Midtown,Midtown,Evening,Techscaler,Techscaler,CodeBase,Techscaler; CodeBase,techscaler; codebase,False,,https://partiful.com/e/T5vXKgpmQXvgoxaFzVuR,T5vXKgpmQXvgoxaFzVuR,https://www.tech-week.com/calendar/nyc
4628,founder wellness,2026-06-03,17:00:00,Wednesday,2026-06-03 17:00,New York City,East Village,East Village,Evening,The Collective,The Collective,Zendesk,The Collective; Zendesk,the-collective; zendesk,False,,https://partiful.com/e/roBdpE5BbsISagoa8CzN,roBdpE5BbsISagoa8CzN,https://www.tech-week.com/calendar/nyc
4639,Founders & Funders Networking + Pitch,2026-06-03,17:00:00,Wednesday,2026-06-03 17:00,New York City,Nomad,Nomad,Evening,Fierce Foundry,Fierce Foundry,Luminary,Fierce Foundry; Luminary,fierce-foundry; luminary,False,,https://partiful.com/e/9WH7EL7bJTzYq0nWA0US,9WH7EL7bJTzYq0nWA0US,https://www.tech-week.com/calendar/nyc
4684,Founder Fireside w/ Partiful x a16z,2026-06-03,17:00:00,Wednesday,2026-06-03 17:00,New York City,SoHo,SoHo,Evening,a16z,a16z,Partiful,a16z; Partiful,a16z; partiful,False,platinum,https://partiful.com/e/AQPQKes1HVxpemJcyrR8,AQPQKes1HVxpemJcyrR8,https://www.tech-week.com/calendar/nyc
4711,Building the Responsible AI City,2026-06-03,17:00:00,Wednesday,2026-06-03 17:00,New York City,Gramercy Park,Gramercy Park,Evening,AI2030,AI2030,,AI2030,ai2030,False,,https://partiful.com/e/RRKTFLLQ3k5UpzWqjCtH,RRKTFLLQ3k5UpzWqjCtH,https://www.tech-week.com/calendar/nyc
4758,Jazz & Wine: A Night of Connections,2026-06-03,17:00:00,Wednesday,2026-06-03 17:00,New York City,Midtown,Midtown,Evening,Alt-Black,Alt-Black,TriNet,Alt-Black; TriNet,alt-black; trinet,False,,https://partiful.com/e/AweaKcED4gNSr3LJzfCG,AweaKcED4gNSr3LJzfCG,https://www.tech-week.com/calendar/nyc
4764,Hard-Won Lessons from Deploying AI Agents in Regulated Environments,2026-06-03,17:00:00,Wednesday,2026-06-03 17:00,New York City,Financial District,Financial District,Evening,Obin AI,Obin AI,Motive Partners,Obin AI; Motive Partners,obin-ai; motive-partners,False,,https://partiful.com/e/aIgKBhxEKiNxriSqxQhw,aIgKBhxEKiNxriSqxQhw,https://www.tech-week.com/calendar/nyc
4821,🍻Write It Off - Happy Hour w/ Escalon x Withum x Deel,2026-06-03,17:00:00,Wednesday,2026-06-03 17:00,New York City,Greenwich Village,Greenwich Village,Evening,Deel,Deel,Escalon; Withum,Deel; Escalon; Withum,deel; escalon; withum,False,gold,https://partiful.com/e/j0xoBU60bTkvoB7XSbld,j0xoBU60bTkvoB7XSbld,https://www.tech-week.com/calendar/nyc
4882,Voice AI Meetup: Build a Voice Agent in 1 hour,2026-06-03,17:00:00,Wednesday,2026-06-03 17:00,New York City,SoHo,SoHo,Evening,AssemblyAI,AssemblyAI,,AssemblyAI,assemblyai,False,,https://partiful.com/e/pIS8aostHgPm9GXmaN6X,pIS8aostHgPm9GXmaN6X,https://www.tech-week.com/calendar/nyc
5050,Finance x Product Demo Day: Turning AI Usage Into Revenue,2026-06-03,17:00:00,Wednesday,2026-06-03 17:00,New York City,SoHo,SoHo,Evening,Tabs,Tabs,,Tabs,tabs,False,,https://partiful.com/e/Y8f9el9PvBXyyTCfZDOd,Y8f9el9PvBXyyTCfZDOd,https://www.tech-week.com/calendar/nyc
5094,Startup Storytelling,2026-06-03,17:00:00,Wednesday,2026-06-03 17:00,New York City,Midtown,Midtown,Evening,Pollen8,Pollen8,Die-Hard.io; Edge Studio,Pollen8; Die-Hard.io; Edge Studio,pollen8; die-hard-io; edge-studio,False,,https://partiful.com/e/b2flvvvnTgn0MKshqnt5,b2flvvvnTgn0MKshqnt5,https://www.tech-week.com/calendar/nyc
5177,Agents in Production: The Memory Problem,2026-06-03,17:00:00,Wednesday,2026-06-03 17:00,New York City,Midtown,Midtown,Evening,SurrealDB,SurrealDB,Alumni Ventures,SurrealDB; Alumni Ventures,surrealdb; alumni-ventures,False,,https://partiful.com/e/048KYO6HrSDLWMwlMUTm,048KYO6HrSDLWMwlMUTm,https://www.tech-week.com/calendar/nyc
5292,Sip & Ship: The Un-Hackathon,2026-06-03,17:00:00,Wednesday,2026-06-03 17:00,New York City,Flatiron,Flatiron,Evening,Your Next Win,Your Next Win,Astrostyle,Your Next Win; Astrostyle,your-next-win; astrostyle,False,,https://partiful.com/e/yd3Guyw42WWbKU5yvfOf,yd3Guyw42WWbKU5yvfOf,https://www.tech-week.com/calendar/nyc
5309,Pinecone Nexus AI Launch Party,2026-06-03,17:00:00,Wednesday,2026-06-03 17:00,New York City,Flatiron,Flatiron,Evening,Pinecone,Pinecone,,Pinecone,pinecone,False,,https://partiful.com/e/47mPwA31ZZoWx6Tzozgr,47mPwA31ZZoWx6Tzozgr,https://www.tech-week.com/calendar/nyc
5339,ETHICAL AI: BUILDING THE FUTURE WITHOUT BREAKING IT,2026-06-03,17:00:00,Wednesday,2026-06-03 17:00,New York City,,,Evening,Bronx Tech Hub,Bronx Tech Hub,The Ethical Tech Project,Bronx Tech Hub; The Ethical Tech Project,bronx-tech-hub; ethical-tech-project,False,,https://partiful.com/e/kO9j2GtGQ90189dr79VA,kO9j2GtGQ90189dr79VA,https://www.tech-week.com/calendar/nyc
5439,Founder Speakeasy,2026-06-03,17:00:00,Wednesday,2026-06-03 17:00,New York City,SoHo,SoHo,Evening,Colectivo,Colectivo,,Colectivo,colectivo,False,,https://partiful.com/e/UBLRIJFbiYeOReRw1u5d,UBLRIJFbiYeOReRw1u5d,https://www.tech-week.com/calendar/nyc
5487,Become a Superhuman: Turn Hybrid-AI into Practical Success Cases,2026-06-03,17:00:00,Wednesday,2026-06-03 17:00,New York City,Nomad,Nomad,Evening,AxonJay,AxonJay,Belcham; Ernest NY,AxonJay; Belcham; Ernest NY,axonjay; belcham; ernest-ny,False,,https://partiful.com/e/deV8bgmX3XvFWYOauz7B,deV8bgmX3XvFWYOauz7B,https://www.tech-week.com/calendar/nyc
5707,Critical Mass: Volume Five,2026-06-03,17:00:00,Wednesday,2026-06-03 17:00,New York City,Brooklyn,Brooklyn,Evening,Newlab,Newlab,,Newlab,newlab,False,,https://partiful.com/e/fKHpJwhwnkLYAjiTLQyi,fKHpJwhwnkLYAjiTLQyi,https://www.tech-week.com/calendar/nyc
5752,From Thesis to Fund: The AI-Native Hedge Fund Competition,2026-06-03,17:00:00,Wednesday,2026-06-03 17:00,New York City,Union Square,Union Square,Evening,Deep Insight Labs,Deep Insight Labs,,Deep Insight Labs,deep-insight-labs,False,,https://partiful.com/e/1lFPBFTViilfxtfefSd9,1lFPBFTViilfxtfefSd9,https://www.tech-week.com/calendar/nyc
5808,Engineering Liquidity in Late-Stage Venture,2026-06-03,17:00:00,Wednesday,2026-06-03 17:00,New York City,Midtown,Midtown,Evening,Hartman Venture Advisors PLLC,Hartman Venture Advisors PLLC,Elevation Securities,Hartman Venture Advisors PLLC; Elevation Securities,hartman-venture-advisors-pllc; elevation-securities,False,,https://partiful.com/e/GMuhXnIAio3ZYZdZ56M7,GMuhXnIAio3ZYZdZ56M7,https://www.tech-week.com/calendar/nyc
5833,"Shaken, stirred and strategized: Finance trivia night",2026-06-03,17:00:00,Wednesday,2026-06-03 17:00,New York City,Murray Hill,Murray Hill,Evening,PwC,PwC,Abacum,PwC; Abacum,pwc; abacum,False,gold,https://partiful.com/e/bpPlecEXfyhCWc1Tpzm7,bpPlecEXfyhCWc1Tpzm7,https://www.tech-week.com/calendar/nyc
5878,The Leverage Live: How to Automate Everything,2026-06-03,17:00:00,Wednesday,2026-06-03 17:00,New York City,Flatiron,Flatiron,Evening,The Leverage,Leverage,,Leverage,the-leverage,False,,https://partiful.com/e/P116dOAXz8zjLzboFTQn,P116dOAXz8zjLzboFTQn,https://www.tech-week.com/calendar/nyc
6088,AI Collective Demo Night,2026-06-03,17:00:00,Wednesday,2026-06-03 17:00,New York City,Flatiron,Flatiron,Evening,AI Collective,The AI Collective,Atlassian,The AI Collective; Atlassian,the-ai-collective; atlassian,False,gold,https://partiful.com/e/WDfboGXhdigeIntfwsNW,WDfboGXhdigeIntfwsNW,https://www.tech-week.com/calendar/nyc
6173,Sequoia Leader Connect,2026-06-03,17:00:00,Wednesday,2026-06-03 17:00,New York City,Flatiron,Flatiron,Evening,Sequoia,Sequoia,,Sequoia,sequoia,False,,https://partiful.com/e/5bTJOqJWwdhk70hBt7sx,5bTJOqJWwdhk70hBt7sx,https://www.tech-week.com/calendar/nyc
6324,"Robotics and LLM: LP–GP Roundtable (Amino Capital, Pillsbury)",2026-06-03,17:00:00,Wednesday,2026-06-03 17:00,New York City,Midtown,Midtown,Evening,Amino Capital,Amino Capital,,Amino Capital,amino-capital,False,,https://partiful.com/e/J5kt9cgXjjQeboadzazj,J5kt9cgXjjQeboadzazj,https://www.tech-week.com/calendar/nyc
6431,"Mandarin x Markets: China, Conversation, & Cocktails",2026-06-03,17:00:00,Wednesday,2026-06-03 17:00,New York City,Flatiron,Flatiron,Evening,A Day With Aslan,A Day With Aslan,,A Day With Aslan,a-day-with-aslan,False,,https://partiful.com/e/G6SCgiK0QTXDg0MtyANy,G6SCgiK0QTXDg0MtyANy,https://www.tech-week.com/calendar/nyc
6581,AI Pitch Night on Comedy Stage - An “Anti-Shark Tank”,2026-06-03,17:00:00,Wednesday,2026-06-03 17:00,New York City,Midtown,Midtown,Evening,UpScaleX,UpScaleX,Startup Intros; Ugly Talk,UpScaleX; Startup Intros; Ugly Talk,upscalex; startup-intros; ugly-talk,False,,https://partiful.com/e/2cw8oY83GlBtW74X1B3x,2cw8oY83GlBtW74X1B3x,https://www.tech-week.com/calendar/nyc
95,AI Building in Law @techweek,2026-06-03,17:30:00,Wednesday,2026-06-03 17:30,New York City,Flatiron,Flatiron,Evening,OOO a PC,OOO a PC,,OOO a PC,ooo-a-pc,False,,https://partiful.com/e/mwJI3c1tucYhPsJ42QjE,mwJI3c1tucYhPsJ42QjE,https://www.tech-week.com/calendar/nyc
4056,Golden Handcuffs are still Handcuffs: A Financial Strategy Session for Women in Tech,2026-06-03,17:30:00,Wednesday,2026-06-03 17:30,New York City,Nomad,Nomad,Evening,Alana D'Angelica Coaching & Consulting,Alana D'Angelica Coaching & Consulting,,Alana D'Angelica Coaching & Consulting,alana-d-angelica-coaching-consulting,False,,https://partiful.com/e/bhnr3EP9n2yG63jDrQa7,bhnr3EP9n2yG63jDrQa7,https://www.tech-week.com/calendar/nyc
4078,The Human Advantage with Timm Chiusano,2026-06-03,17:30:00,Wednesday,2026-06-03 17:30,New York City,Brooklyn,Brooklyn,Evening,The Shop Workspace,The Shop Workspace,Chiusano & Daughter,The Shop Workspace; Chiusano & Daughter,the-shop-workspace; chiusano-daughter,False,,https://partiful.com/e/p2Pgb84MLMwnBqITLcU2,p2Pgb84MLMwnBqITLcU2,https://www.tech-week.com/calendar/nyc
4094,Grow Everything LIVE: Can AI Engineer the Future of Manufacturing?,2026-06-03,17:30:00,Wednesday,2026-06-03 17:30,New York City,Flatiron,Flatiron,Evening,Roebling,Roebling,Messaginglab,Roebling; Messaginglab,roebling; messaginglab,False,,https://partiful.com/e/CeXytpOv5qBtqRKKik9O,CeXytpOv5qBtqRKKik9O,https://www.tech-week.com/calendar/nyc
4124,212 After Hours,2026-06-03,17:30:00,Wednesday,2026-06-03 17:30,New York City,Flatiron,Flatiron,Evening,212.VC,212.VC,Revolv,212.VC; Revolv,212-vc; revolv,False,,https://partiful.com/e/wF1ave94YI0WGlfDq82S,wF1ave94YI0WGlfDq82S,https://www.tech-week.com/calendar/nyc
4439,NY-UAE Connect - Desert Meets Concrete Jungle: A Tech Week Collision,2026-06-03,17:30:00,Wednesday,2026-06-03 17:30,New York City,Midtown,Midtown,Evening,Vencapital,Vencapital,,Vencapital,vencapital,False,,https://partiful.com/e/HT0UUtpvWrsGGJyjGSdG,HT0UUtpvWrsGGJyjGSdG,https://www.tech-week.com/calendar/nyc
4540,Physical AI: A Reality Check on AI’s Next Frontier by ALLSIDES & NVIDIA,2026-06-03,17:30:00,Wednesday,2026-06-03 17:30,New York City,Brooklyn,Brooklyn,Evening,ALLSIDES,ALLSIDES,NVIDIA,ALLSIDES; NVIDIA,allsides; nvidia,False,,https://partiful.com/e/wwClRE624eCpsxm0k0LP,wwClRE624eCpsxm0k0LP,https://www.tech-week.com/calendar/nyc
4658,Tcsi's Headshot Happy Hour,2026-06-03,17:30:00,Wednesday,2026-06-03 17:30,New York City,Chelsea,Chelsea,Evening,The Cyber Security Intellects,The Cyber Security Intellects,,The Cyber Security Intellects,the-cyber-security-intellects,False,,https://partiful.com/e/EnJV7INx1Avqm2pTnmG9,EnJV7INx1Avqm2pTnmG9,https://www.tech-week.com/calendar/nyc
4725,Mobile App Leaders Dinner,2026-06-03,17:30:00,Wednesday,2026-06-03 17:30,New York City,Flatiron,Flatiron,Evening,WeWard,WeWard,,WeWard,weward,False,,https://partiful.com/e/YlpHyl2B5kM2Dv5CYqvJ,YlpHyl2B5kM2Dv5CYqvJ,https://www.tech-week.com/calendar/nyc
4778,The CTO Mixer: Humanizing Tech | Happy Hour,2026-06-03,17:30:00,Wednesday,2026-06-03 17:30,New York City,East Village,East Village,Evening,Devlane,Devlane,Merge Conflict,Devlane; Merge Conflict,devlane; merge-conflict,False,,https://partiful.com/e/h1hGv0PkskcagJOv5M9K,h1hGv0PkskcagJOv5M9K,https://www.tech-week.com/calendar/nyc
4831,Pulse Check: Healthcare x AI Happy Hour,2026-06-03,17:30:00,Wednesday,2026-06-03 17:30,New York City,Midtown,Midtown,Evening,Fusion Fund,Fusion Fund,Primary Venture Partners; Flare Capital Partners,Fusion Fund; Primary Venture Partners; Flare Capital Partners,fusion-fund; primary-venture-partners; flare-capital-partners,False,,https://partiful.com/e/Ho9Hvhtn5iU4ws7IWM8Z,Ho9Hvhtn5iU4ws7IWM8Z,https://www.tech-week.com/calendar/nyc
4869,"Shabbat State of Mind: A Wednesday Gathering for Israeli Founders, Executives & Investors",2026-06-03,17:30:00,Wednesday,2026-06-03 17:30,New York City,Midtown,Midtown,Evening,Fox Rothschild,Fox Rothschild,,Fox Rothschild,fox-rothschild,False,,https://partiful.com/e/4hGN5QVX8g5GvnRNgtMB,4hGN5QVX8g5GvnRNgtMB,https://www.tech-week.com/calendar/nyc
4931,Tessera Labs x a16z : The Closing Gap (Private Dinner),2026-06-03,17:30:00,Wednesday,2026-06-03 17:30,New York City,Flatiron,Flatiron,Evening,Tessera Labs,Tessera Labs,,Tessera Labs,tessera-labs,False,,https://partiful.com/e/tPlMvExfd6gOdgKCW6O7,tPlMvExfd6gOdgKCW6O7,https://www.tech-week.com/calendar/nyc
4957,The Future of Work: AI for People Operations,2026-06-03,17:30:00,Wednesday,2026-06-03 17:30,New York City,Flatiron,Flatiron,Evening,HiBob,HiBob,,HiBob,hibob,False,,https://partiful.com/e/F8vJqLhP62bGK7Stqdgg,F8vJqLhP62bGK7Stqdgg,https://www.tech-week.com/calendar/nyc
5129,From Pitch to Check: Preparing for Your Seed Raise,2026-06-03,17:30:00,Wednesday,2026-06-03 17:30,New York City,Midtown,Midtown,Evening,Brown Girl Angels,Brown Girl Angels,NineF Angels,Brown Girl Angels; NineF Angels,brown-girl-angels; ninef-angels,False,,https://partiful.com/e/P3HsW6ZPOohypJDFUyt9,P3HsW6ZPOohypJDFUyt9,https://www.tech-week.com/calendar/nyc
5217,When is AI Good Enough? A conversation with builders and operators,2026-06-03,17:30:00,Wednesday,2026-06-03 17:30,New York City,SoHo,SoHo,Evening,Collected Company,Collected Company,,Collected Company,collected-company,False,,https://partiful.com/e/Vt2a2B7ibq14IWj8viCe,Vt2a2B7ibq14IWj8viCe,https://www.tech-week.com/calendar/nyc
5226,Coding Agents Write Code. Remy Builds Products.,2026-06-03,17:30:00,Wednesday,2026-06-03 17:30,New York City,Nomad,Nomad,Evening,MindStudio,MindStudio,LvlUp Ventures; Sip & Scale,MindStudio; LvlUp Ventures; Sip & Scale,mindstudio; lvlup-ventures; sip-scale,False,,https://partiful.com/e/svhgMRybAh1XPlLVVXRH,svhgMRybAh1XPlLVVXRH,https://www.tech-week.com/calendar/nyc
5253,How Great Teams Win in the Age of AI,2026-06-03,17:30:00,Wednesday,2026-06-03 17:30,New York City,Financial District,Financial District,Evening,Socrates Advice,Socrates Advice,Catalyst Noir,Socrates Advice; Catalyst Noir,socrates-advice; catalyst-noir,False,,https://partiful.com/e/AKtjgFWAn6y37yoxfFan,AKtjgFWAn6y37yoxfFan,https://www.tech-week.com/calendar/nyc
5475,VC & Founder Happy Hour @ Perkins Coie LLP,2026-06-03,17:30:00,Wednesday,2026-06-03 17:30,New York City,Midtown,Midtown,Evening,Generative IDE,Generative IDE,Perkins Coie,Generative IDE; Perkins Coie,generative-ide; perkins-coie,False,,https://partiful.com/e/Gj7Z2TiD5PV3Qp8OANqB,Gj7Z2TiD5PV3Qp8OANqB,https://www.tech-week.com/calendar/nyc
5496,Freeze Your Timeline: Egg Freezing Meets Big Data,2026-06-03,17:30:00,Wednesday,2026-06-03 17:30,New York City,Midtown,Midtown,Evening,Sunfish,Sunfish,Cooley LLP,Sunfish; Cooley LLP,sunfish; cooley-llp,False,,https://partiful.com/e/jyXY5GxuVgFFmcUtI6X0,jyXY5GxuVgFFmcUtI6X0,https://www.tech-week.com/calendar/nyc
5620,Australian NYC Tech Community Summer Meet-up,2026-06-03,17:30:00,Wednesday,2026-06-03 17:30,New York City,Midtown,Midtown,Evening,Austrade,Austrade,American Australian Association,Austrade; American Australian Association,austrade; american-australian-association,False,,https://partiful.com/e/RM7ydgybZBFZiy3JFxEi,RM7ydgybZBFZiy3JFxEi,https://www.tech-week.com/calendar/nyc
5693,Camp AI: Agents at Work,2026-06-03,17:30:00,Wednesday,2026-06-03 17:30,New York City,Midtown,Midtown,Evening,Auth0,Auth0,Intercom / Fin; Datadog,Auth0; Intercom / Fin; Datadog,auth0; intercom-fin; datadog,False,gold,https://partiful.com/e/Fp5STyPH0McEt0awlWFD,Fp5STyPH0McEt0awlWFD,https://www.tech-week.com/calendar/nyc
5694,AI VIPs: Enterprise Edition,2026-06-03,17:30:00,Wednesday,2026-06-03 17:30,New York City,Hudson Yards,Hudson Yards,Evening,Wells Fargo,Wells Fargo,Onsen Global,Wells Fargo; Onsen Global,wells-fargo; onsen-global,False,,https://partiful.com/e/mlcBwsk8Wv96X3mzEOiM,mlcBwsk8Wv96X3mzEOiM,https://www.tech-week.com/calendar/nyc
5819,She Ships: A Guided Build Session for Women with Ideas,2026-06-03,17:30:00,Wednesday,2026-06-03 17:30,New York City,Midtown,Midtown,Evening,Somarae,Somarae,How I AI Podcast,Somarae; How I AI Podcast,somarae; how-i-ai-podcast,False,,https://partiful.com/e/3utTkNZhe2NKwkVBuUdU,3utTkNZhe2NKwkVBuUdU,https://www.tech-week.com/calendar/nyc
5885,Forward Deployed Social,2026-06-03,17:30:00,Wednesday,2026-06-03 17:30,New York City,Upper Manhattan,Upper Manhattan,Evening,Cresta AI,Cresta AI,,Cresta AI,cresta-ai,False,,https://partiful.com/e/WDT8qQr3GmiczlMEqStK,WDT8qQr3GmiczlMEqStK,https://www.tech-week.com/calendar/nyc
5886,Future Families: Financing Fertility & Building Families in the Age of Tech,2026-06-03,17:30:00,Wednesday,2026-06-03 17:30,New York City,Midtown,Midtown,Evening,Partners to Parenthood,Partners to Parenthood,,Partners to Parenthood,partners-to-parenthood,True,,,,https://www.tech-week.com/calendar/nyc
5893,Demystifying Corporate Venture Capital,2026-06-03,17:30:00,Wednesday,2026-06-03 17:30,New York City,Midtown,Midtown,Evening,The Vertical,The Vertical,Elpis Labs,The Vertical; Elpis Labs,the-vertical; elpis-labs,False,,https://partiful.com/e/CFX87WLiZbQpNWETbUcP,CFX87WLiZbQpNWETbUcP,https://www.tech-week.com/calendar/nyc
6078,A Conversation on Irish Ambition,2026-06-03,17:30:00,Wednesday,2026-06-03 17:30,New York City,Midtown,Midtown,Evening,Green Room,Green Room,,Green Room,green-room,False,,https://partiful.com/e/Pz1qDVbobxHDNZAqrk8I,Pz1qDVbobxHDNZAqrk8I,https://www.tech-week.com/calendar/nyc
6182,"Putting the ""AI"" in Learning",2026-06-03,17:30:00,Wednesday,2026-06-03 17:30,New York City,Flatiron,Flatiron,Evening,Zo Computer,Zo Computer,The Future of Higher Education,Zo Computer; The Future of Higher Education,zo-computer; the-future-of-higher-education,False,,https://partiful.com/e/oSKdFZqbiwxr0frzonCz,oSKdFZqbiwxr0frzonCz,https://www.tech-week.com/calendar/nyc
6229,NYC GTM AI Masterclass #5,2026-06-03,17:30:00,Wednesday,2026-06-03 17:30,New York City,Midtown,Midtown,Evening,NYC GTM: New York City's Go-To-Market Community,NYC GTM: New York City's Go-To-Market Community,Impact 11; Swan,NYC GTM: New York City's Go-To-Market Community; Impact 11; Swan,nyc-gtm-new-york-city-s-go-to-market-community; impact-11; swan,False,,https://partiful.com/e/2J98m1NN4k4mRVUqeI6k,2J98m1NN4k4mRVUqeI6k,https://www.tech-week.com/calendar/nyc
6283,Switchcraft — Build Your Own Keyboard (Anterior),2026-06-03,17:30:00,Wednesday,2026-06-03 17:30,New York City,Midtown,Midtown,Evening,Anterior,Anterior,,Anterior,anterior,False,,https://partiful.com/e/fKGWVWedefyfix8WYFOq,fKGWVWedefyfix8WYFOq,https://www.tech-week.com/calendar/nyc
6327,Human in the Loop: Women in Tech AI Speed Networking,2026-06-03,17:30:00,Wednesday,2026-06-03 17:30,New York City,Chelsea,Chelsea,Evening,Salesforce Women in Tech NYC Community Group,Salesforce Women in Tech NYC Community Group,,Salesforce Women in Tech NYC Community Group,salesforce-women-in-tech-nyc-community-group,False,,https://partiful.com/e/hyK62JYZ42Vc6YqsIeWq,hyK62JYZ42Vc6YqsIeWq,https://www.tech-week.com/calendar/nyc
6377,AI Search: Off the Record,2026-06-03,17:30:00,Wednesday,2026-06-03 17:30,New York City,SoHo,SoHo,Evening,Goodie AI,Goodie AI,,Goodie AI,goodie-ai,False,,https://partiful.com/e/yVM17p4sbb6XGNUq8Odp,yVM17p4sbb6XGNUq8Odp,https://www.tech-week.com/calendar/nyc
6464,The Board Member Club Summer Gala,2026-06-03,17:30:00,Wednesday,2026-06-03 17:30,New York City,Midtown,Midtown,Evening,Wall Street Capital Partners,Wall Street Capital Partners,Metaterra,Wall Street Capital Partners; Metaterra,wall-street-capital-partners; metaterra,True,,,,https://www.tech-week.com/calendar/nyc
6504,The Board Member Club Summer Gala,2026-06-03,17:30:00,Wednesday,2026-06-03 17:30,New York City,Midtown,Midtown,Evening,Wall Street Capital Partners,Wall Street Capital Partners,Metaterra,Wall Street Capital Partners; Metaterra,wall-street-capital-partners; metaterra,True,,,,https://www.tech-week.com/calendar/nyc
6561,"Full Calendar, Empty Evening: Building Career in Cities That Don't Know You",2026-06-03,17:30:00,Wednesday,2026-06-03 17:30,New York City,SoHo,SoHo,Evening,Bridgit,Bridgit,Y·US Ventures,Bridgit; Y·US Ventures,bridgit; y-us-ventures,False,,https://partiful.com/e/5j2hBbAeXtCNHymh8oJV,5j2hBbAeXtCNHymh8oJV,https://www.tech-week.com/calendar/nyc
6764,"Synth: The Network for Artists, Venues & Creators",2026-06-03,17:30:00,Wednesday,2026-06-03 17:30,New York City,Lower East Side,Lower East Side,Evening,Synth,Synth,,Synth,synth,False,,https://partiful.com/e/PJ3ecgvPoBAZfR6McnkS,PJ3ecgvPoBAZfR6McnkS,https://www.tech-week.com/calendar/nyc
40,From Classroom to Civic Life: How Innovative Tech Is Reshaping Education and Democracy,2026-06-03,17:45:00,Wednesday,2026-06-03 17:45,New York City,Midtown,Midtown,Evening,New Rising Ventures,New Rising Ventures,,New Rising Ventures,new-rising-ventures,False,,https://partiful.com/e/Mj2iNm6MWK3WnCtIHaRb,Mj2iNm6MWK3WnCtIHaRb,https://www.tech-week.com/calendar/nyc
9,AI in Construction,2026-06-03,18:00:00,Wednesday,2026-06-03 18:00,New York City,Union Square,Union Square,Evening,Adaptive,Adaptive,,Adaptive,adaptive,False,,https://partiful.com/e/ueVqfll5t78q0RIaZosC,ueVqfll5t78q0RIaZosC,https://www.tech-week.com/calendar/nyc
34,AI x Cybersecurity: The Future of Trust in Tech,2026-06-03,18:00:00,Wednesday,2026-06-03 18:00,New York City,Midtown,Midtown,Evening,SweatTruth AI,SweatTruth AI,,SweatTruth AI,sweattruth-ai,True,,,,https://www.tech-week.com/calendar/nyc
94,The Future of AI in Biology - Pareto Holdings and #NYTechWeek,2026-06-03,18:00:00,Wednesday,2026-06-03 18:00,New York City,SoHo,SoHo,Evening,Pareto Holdings,Pareto Holdings,,Pareto Holdings,pareto-holdings,False,,https://partiful.com/e/KGSXQ79cHkBiKfGSa4J4,KGSXQ79cHkBiKfGSa4J4,https://www.tech-week.com/calendar/nyc
139,Tech Week for Transatlantic Builders,2026-06-03,18:00:00,Wednesday,2026-06-03 18:00,New York City,Flatiron,Flatiron,Evening,Frenchfounders,Frenchfounders,,Frenchfounders,frenchfounders,True,,,,https://www.tech-week.com/calendar/nyc
199,AI-assisted setups featuring Activant & Stuut,2026-06-03,18:00:00,Wednesday,2026-06-03 18:00,New York City,SoHo,SoHo,Evening,Stuut,Stuut,Activant Capital,Stuut; Activant Capital,stuut; activant-capital,False,,https://partiful.com/e/ELpOGky1e3EphdQfLUHC,ELpOGky1e3EphdQfLUHC,https://www.tech-week.com/calendar/nyc
244,The New Financial Internet: NY Tech Week Mixer,2026-06-03,18:00:00,Wednesday,2026-06-03 18:00,New York City,SoHo,SoHo,Evening,Rayo Capital,Rayo Capital,,Rayo Capital,rayo-capital,True,,,,https://www.tech-week.com/calendar/nyc
3996,Modus Digital Salon: Helping Humans Choose,2026-06-03,18:00:00,Wednesday,2026-06-03 18:00,New York City,Hudson Yards,Hudson Yards,Evening,Modus Digital,Modus Digital,,Modus Digital,modus-digital,False,,https://partiful.com/e/ph7PbMda2wCCpzRmLh1H,ph7PbMda2wCCpzRmLh1H,https://www.tech-week.com/calendar/nyc
4071,Darkside AI Rooftop Soirée,2026-06-03,18:00:00,Wednesday,2026-06-03 18:00,New York City,Financial District,Financial District,Evening,Darkside AI,Darkside AI,YellowRocks.vc,Darkside AI; YellowRocks.vc,darkside-ai; yellowrocks-vc,False,,https://partiful.com/e/7JfEW6CdsbhpkYOQkKBP,7JfEW6CdsbhpkYOQkKBP,https://www.tech-week.com/calendar/nyc
4088,Knowledge Systems for Chiefs of Staff,2026-06-03,18:00:00,Wednesday,2026-06-03 18:00,New York City,SoHo,SoHo,Evening,Ask a Chief of Staff,Ask a Chief of Staff,Notion,Ask a Chief of Staff; Notion,ask-a-chief-of-staff; notion,False,,https://partiful.com/e/2NKa5VcOrPj4F2oHrsZ9,2NKa5VcOrPj4F2oHrsZ9,https://www.tech-week.com/calendar/nyc
4110,Ramp x Litquidity Padel Club,2026-06-03,18:00:00,Wednesday,2026-06-03 18:00,New York City,Brooklyn,Brooklyn,Evening,Palm & Park,Palm & Park,Ramp; Litquidity,Palm & Park; Ramp; Litquidity,palm-park; ramp; litquidity,False,,https://partiful.com/e/IUjmw9zV593m1Df36kKR,IUjmw9zV593m1Df36kKR,https://www.tech-week.com/calendar/nyc
4142,The Future of Hoops: Elevating The Game,2026-06-03,18:00:00,Wednesday,2026-06-03 18:00,New York City,Union Square,Union Square,Evening,Andiem,Andiem,Swish House; SportsVisio; New Edition (& Founders Basketball),Andiem; Swish House; SportsVisio; New Edition (& Founders Basketball),andiem; swish-house; sportsvisio; new-edition-founders-basketball,False,,https://partiful.com/e/FMX9rru8M9pmgR5aBG57,FMX9rru8M9pmgR5aBG57,https://www.tech-week.com/calendar/nyc
4186,Connect on Your LEVEL™,2026-06-03,18:00:00,Wednesday,2026-06-03 18:00,New York City,West Village,West Village,Evening,LEVEL™,LEVEL™,Beau Monde Matchmaking,LEVEL™; Beau Monde Matchmaking,level; beau-monde-matchmaking,False,,https://partiful.com/e/GNv7CypZevOpJN6ol6Jk,GNv7CypZevOpJN6ol6Jk,https://www.tech-week.com/calendar/nyc
4402,"Gammarama: Malcolm Gladwell, Bobbi Brown, Mike Birbiglia & More",2026-06-03,18:00:00,Wednesday,2026-06-03 18:00,New York City,Midtown,Midtown,Evening,Gamma,Gamma,,Gamma,gamma,False,,https://partiful.com/e/fCEfTvswCDe1lJYqLHQv,fCEfTvswCDe1lJYqLHQv,https://www.tech-week.com/calendar/nyc
4407,Is Software the New Fast Fashion? Happy Hour Roundtables at #NYTechWeek,2026-06-03,18:00:00,Wednesday,2026-06-03 18:00,New York City,Flatiron,Flatiron,Evening,Alternew,Alternew,Sublayer,Alternew; Sublayer,alternew; sublayer,False,,https://partiful.com/e/4iLm6df7Ix4OxkTWsJ5m,4iLm6df7Ix4OxkTWsJ5m,https://www.tech-week.com/calendar/nyc
4481,Founder / VC Secret Garden Party,2026-06-03,18:00:00,Wednesday,2026-06-03 18:00,New York City,Lower East Side,Lower East Side,Evening,Entre,Entre,,Entre,entre,False,,https://partiful.com/e/YtPpBkhAuVR9Wsm6UfoE,YtPpBkhAuVR9Wsm6UfoE,https://www.tech-week.com/calendar/nyc
4489,The Ultimate Marketing Trivia Night!,2026-06-03,18:00:00,Wednesday,2026-06-03 18:00,New York City,West Village,West Village,Evening,Wistia,Wistia,,Wistia,wistia,False,,https://partiful.com/e/8SXCfTdKIADQfNVRTvDH,8SXCfTdKIADQfNVRTvDH,https://www.tech-week.com/calendar/nyc
4539,AI Game Dev Mini- Hackathon (by Vevey!),2026-06-03,18:00:00,Wednesday,2026-06-03 18:00,New York City,Flatiron,Flatiron,Evening,Vevey,Vevey,,Vevey,vevey,False,,https://partiful.com/e/mlTKGO4ougVZjKKQNAJk,mlTKGO4ougVZjKKQNAJk,https://www.tech-week.com/calendar/nyc
4591,The Architecture of Scale: An Executive Dinner for Engineering Leaders | NYC Tech Week,2026-06-03,18:00:00,Wednesday,2026-06-03 18:00,New York City,Greenwich Village,Greenwich Village,Evening,Infobip,Infobip,Covent,Infobip; Covent,infobip; covent,True,,,,https://www.tech-week.com/calendar/nyc
4610,Healthtech Social by Scalpels & Spreadsheets,2026-06-03,18:00:00,Wednesday,2026-06-03 18:00,New York City,Midtown,Midtown,Evening,KLI Capital,KLI Capital,Scalpels & Spreadsheets,KLI Capital; Scalpels & Spreadsheets,kli-capital; scalpels-spreadsheets,False,,https://partiful.com/e/jb36hgCBsjw6Ej7QA1vM,jb36hgCBsjw6Ej7QA1vM,https://www.tech-week.com/calendar/nyc
4612,AI-Powered Customer Success: From Strategy to Execution,2026-06-03,18:00:00,Wednesday,2026-06-03 18:00,New York City,Greenwich Village,Greenwich Village,Evening,Latinos in Success,Latinos in Success,,Latinos in Success,latinos-in-success,False,,https://partiful.com/e/dkcPj9zlgegjOS4bDeCd,dkcPj9zlgegjOS4bDeCd,https://www.tech-week.com/calendar/nyc
4664,MCP in the Wild: Panel & Night of Networking,2026-06-03,18:00:00,Wednesday,2026-06-03 18:00,New York City,East Village,East Village,Evening,MCP Manager by Usercentrics,MCP Manager by Usercentrics,Alpic; M13,MCP Manager by Usercentrics; Alpic; M13,mcp-manager-by-usercentrics; alpic; m13,False,,https://partiful.com/e/6ZuudQBBZXcMNjdMynJ2,6ZuudQBBZXcMNjdMynJ2,https://www.tech-week.com/calendar/nyc
4678,Cyber threats in the AI Era,2026-06-03,18:00:00,Wednesday,2026-06-03 18:00,New York City,Midtown,Midtown,Evening,How2Scale,How2Scale,Consulate General of Canada in New York,How2Scale; Consulate General of Canada in New York,how2scale; consulate-general-of-canada-in-new-york,False,,https://partiful.com/e/Y4qVEuhXoPZo3xGIptiA,Y4qVEuhXoPZo3xGIptiA,https://www.tech-week.com/calendar/nyc
4766,Scale AI | Human in the Loop LIVE,2026-06-03,18:00:00,Wednesday,2026-06-03 18:00,New York City,Chelsea,Chelsea,Evening,Scale AI,Scale AI,,Scale AI,scale-ai,False,,https://partiful.com/e/ddUgaIgdAlkIM2AlSWDk,ddUgaIgdAlkIM2AlSWDk,https://www.tech-week.com/calendar/nyc
4779,The Art of the Table Curated Culinary Experience,2026-06-03,18:00:00,Wednesday,2026-06-03 18:00,New York City,SoHo,SoHo,Evening,Arnold & Porter,Arnold & Porter,Aon,Arnold & Porter; Aon,arnold-porter; aon,False,,https://partiful.com/e/Ab5lLaSZSFIEBGGIt19K,Ab5lLaSZSFIEBGGIt19K,https://www.tech-week.com/calendar/nyc
4785,Trusted Table,2026-06-03,18:00:00,Wednesday,2026-06-03 18:00,New York City,Financial District,Financial District,Evening,Eclypsium,Eclypsium,LCC Cybersecurity,Eclypsium; LCC Cybersecurity,eclypsium; lcc-cybersecurity,True,,,,https://www.tech-week.com/calendar/nyc
4806,AI for Alt Asset,2026-06-03,18:00:00,Wednesday,2026-06-03 18:00,New York City,Financial District,Financial District,Evening,V7,V7,,V7,v7,True,,,,https://www.tech-week.com/calendar/nyc
4824,Unlocked Foundation Tech Week Money Talk,2026-06-03,18:00:00,Wednesday,2026-06-03 18:00,New York City,Meatpacking District,Meatpacking District,Evening,The Unlocked Foundation,The Unlocked Foundation,Sirrah New York,The Unlocked Foundation; Sirrah New York,the-unlocked-foundation; sirrah-new-york,True,,,,https://www.tech-week.com/calendar/nyc
4896,The Neural Network Mixer,2026-06-03,18:00:00,Wednesday,2026-06-03 18:00,New York City,SoHo,SoHo,Evening,Epiphany,Epiphany,NeuroNYC,Epiphany; NeuroNYC,epiphany; neuronyc,False,,https://partiful.com/e/YMW6sYTh9iRAZZnDCycn,YMW6sYTh9iRAZZnDCycn,https://www.tech-week.com/calendar/nyc
4901,"Off the Record: AI, Liability & What’s Actually Coming ⚖️",2026-06-03,18:00:00,Wednesday,2026-06-03 18:00,New York City,East Village,East Village,Evening,XL AI,XL AI,,XL AI,xl-ai,False,,https://partiful.com/e/S6Qa7oltBDN0RiFeWCP6,S6Qa7oltBDN0RiFeWCP6,https://www.tech-week.com/calendar/nyc
4917,The Experience Layer - VR Happy Hour,2026-06-03,18:00:00,Wednesday,2026-06-03 18:00,New York City,Financial District,Financial District,Evening,VR/AR Association,VR/AR Association,,VR/AR Association,vr-ar-association,False,,https://partiful.com/e/adlwN5cRTmxsFIy8TL5v,adlwN5cRTmxsFIy8TL5v,https://www.tech-week.com/calendar/nyc
4921,Closing the Capital Gap: Female Founder x Investor Matchmaking,2026-06-03,18:00:00,Wednesday,2026-06-03 18:00,New York City,Midtown,Midtown,Evening,Fund Her Network,Fund Her Network,,Fund Her Network,fund-her-network,False,,https://partiful.com/e/6iuVOkztFGRo2HPIPHZ3,6iuVOkztFGRo2HPIPHZ3,https://www.tech-week.com/calendar/nyc
4939,Style Your Tech,2026-06-03,18:00:00,Wednesday,2026-06-03 18:00,New York City,Midtown,Midtown,Evening,Hybrid Rituals,Hybrid Rituals,,Hybrid Rituals,hybrid-rituals,False,,https://partiful.com/e/F9b11DvXSlOLRhvyp35Q,F9b11DvXSlOLRhvyp35Q,https://www.tech-week.com/calendar/nyc
4965,Slovak Startup Pitch Night,2026-06-03,18:00:00,Wednesday,2026-06-03 18:00,New York City,Upper East Side,Upper East Side,Evening,SOSA,SOSA,SARIO; Embassy of the Slovak Republic in Washington,SOSA; SARIO; Embassy of the Slovak Republic in Washington,sosa; sario; embassy-of-the-slovak-republic-in-washington,False,,https://partiful.com/e/Igsl0PM9f4966lvt7uPc,Igsl0PM9f4966lvt7uPc,https://www.tech-week.com/calendar/nyc
4977,"Screened Out: AI Broke Hiring, What Now ?",2026-06-03,18:00:00,Wednesday,2026-06-03 18:00,New York City,Flatiron,Flatiron,Evening,Our Wave,Our Wave,,Our Wave,our-wave,False,,https://partiful.com/e/StGbEbPNPYy51qRWwquT,StGbEbPNPYy51qRWwquT,https://www.tech-week.com/calendar/nyc
4979,Pitch Night: Creators + Capital: By Raisi x OWM x Seed2Table x Plug and Play x Bright Data,2026-06-03,18:00:00,Wednesday,2026-06-03 18:00,New York City,Financial District,Financial District,Evening,Raisi,Raisi,OWM; Plug and Play New York,Raisi; OWM; Plug and Play New York,raisi; owm; plug-and-play-new-york,False,,https://partiful.com/e/DKl5HdJGHTgI3mQXRIrV,DKl5HdJGHTgI3mQXRIrV,https://www.tech-week.com/calendar/nyc
5000,"Unclaimed: AI, Creator Wealth, and the Inventory the Industry Never Priced",2026-06-03,18:00:00,Wednesday,2026-06-03 18:00,New York City,Midtown,Midtown,Evening,FullScale Holdings,FullScale Holdings,,FullScale Holdings,fullscale-holdings,False,,https://partiful.com/e/mNGisJ5Fpt9LLK9EiZPc,mNGisJ5Fpt9LLK9EiZPc,https://www.tech-week.com/calendar/nyc
5009,Podcast & Beauty Night at Tech Week,2026-06-03,18:00:00,Wednesday,2026-06-03 18:00,New York City,SoHo,SoHo,Evening,The Ok Sweetie Show,The Ok Sweetie Show,True Beauty Ventures,The Ok Sweetie Show; True Beauty Ventures,the-ok-sweetie-show; true-beauty-ventures,False,,https://partiful.com/e/Zpug1scEnob8QlWGmoK9,Zpug1scEnob8QlWGmoK9,https://www.tech-week.com/calendar/nyc
5028,"The Edit: A Curated Evening of Food, Fashion & AI",2026-06-03,18:00:00,Wednesday,2026-06-03 18:00,New York City,Tribeca,Tribeca,Evening,athena studio,athena studio,Flock AI,athena studio; Flock AI,athena-studio; flock-ai,True,,,,https://www.tech-week.com/calendar/nyc
5042,Beauty Tech,2026-06-03,18:00:00,Wednesday,2026-06-03 18:00,New York City,Lower East Side,Lower East Side,Evening,Yorkseed,Yorkseed,Ugly Talk,Yorkseed; Ugly Talk,yorkseed; ugly-talk,False,,https://partiful.com/e/a9EqqL10lCAUh5UUPiJ9,a9EqqL10lCAUh5UUPiJ9,https://www.tech-week.com/calendar/nyc
5049,Investors and Operators Roundtable: The Disruptive AI Operating Model,2026-06-03,18:00:00,Wednesday,2026-06-03 18:00,New York City,Midtown,Midtown,Evening,StartOut,StartOut,Out in Tech,StartOut; Out in Tech,startout; out-in-tech,False,,https://partiful.com/e/zZNGc5V5hVR8uBY2OA0j,zZNGc5V5hVR8uBY2OA0j,https://www.tech-week.com/calendar/nyc
5067,AI Champions Dinner,2026-06-03,18:00:00,Wednesday,2026-06-03 18:00,New York City,Chelsea,Chelsea,Evening,Unicorner,Unicorner,Bolt.new,Unicorner; Bolt.new,unicorner; bolt-new,False,,https://partiful.com/e/brAVEjl6bRCgfMNLQ7X4,brAVEjl6bRCgfMNLQ7X4,https://www.tech-week.com/calendar/nyc
5101,The Tech Table with Moov and Appian,2026-06-03,18:00:00,Wednesday,2026-06-03 18:00,New York City,Tribeca,Tribeca,Evening,Moov,Moov,Appian,Moov; Appian,moov; appian,True,,,,https://www.tech-week.com/calendar/nyc
5126,"AI & Robotics Capital Forum - Allocators, Founders & Frontier GPs",2026-06-03,18:00:00,Wednesday,2026-06-03 18:00,New York City,Midtown,Midtown,Evening,Geek Ventures,Geek Ventures,,Geek Ventures,geek-ventures,False,,https://partiful.com/e/XFVFlVvd7oHLoxAu8IkK,XFVFlVvd7oHLoxAu8IkK,https://www.tech-week.com/calendar/nyc
5138,Creative Systems Happy Hour: AI for Commercial-Grade Design,2026-06-03,18:00:00,Wednesday,2026-06-03 18:00,New York City,Flatiron,Flatiron,Evening,Virse Labs,Virse Labs,,Virse Labs,virse-labs,False,,https://partiful.com/e/CVDYwREXwTGlAxsek3BM,CVDYwREXwTGlAxsek3BM,https://www.tech-week.com/calendar/nyc
5163,Ramp x 8VC — Founders & Builders Night,2026-06-03,18:00:00,Wednesday,2026-06-03 18:00,New York City,Flatiron,Flatiron,Evening,Ramp,Ramp,8VC,Ramp; 8VC,ramp; 8vc,False,,https://partiful.com/e/xf4L0OHJO6UHVVu3GKNN,xf4L0OHJO6UHVVu3GKNN,https://www.tech-week.com/calendar/nyc
5169,Bookkeeping and Bourbon: Rooftop Cocktails + Founder Panel,2026-06-03,18:00:00,Wednesday,2026-06-03 18:00,New York City,Midtown,Midtown,Evening,Wiss,Wiss,Rillet; Artifact AI; Savitt Partners,Wiss; Rillet; Artifact AI; Savitt Partners,wiss; rillet; artifact-ai; savitt-partners,False,,https://partiful.com/e/D7mgFNgIr2icwr0JJvvI,D7mgFNgIr2icwr0JJvvI,https://www.tech-week.com/calendar/nyc
5218,Who Benefits from AGI Abundance,2026-06-03,18:00:00,Wednesday,2026-06-03 18:00,New York City,SoHo,SoHo,Evening,Savas Labs,Savas Labs,,Savas Labs,savas-labs,False,,https://partiful.com/e/gIK9Dj3aDPsfHwISpKSd,gIK9Dj3aDPsfHwISpKSd,https://www.tech-week.com/calendar/nyc
5237,AI x The Future Of Work: Social & Human Capital,2026-06-03,18:00:00,Wednesday,2026-06-03 18:00,New York City,Upper Manhattan,Upper Manhattan,Evening,HuCapital,HuCapital,,HuCapital,hucapital,False,,https://partiful.com/e/KTWA41kbFNYFFtf6HcG7,KTWA41kbFNYFFtf6HcG7,https://www.tech-week.com/calendar/nyc
5264,The Accelerator Table,2026-06-03,18:00:00,Wednesday,2026-06-03 18:00,New York City,Chelsea,Chelsea,Evening,AcceleratorCON,AcceleratorCON,,AcceleratorCON,acceleratorcon,False,,https://partiful.com/e/DY6XJUWM6H39sVyu4Ize,DY6XJUWM6H39sVyu4Ize,https://www.tech-week.com/calendar/nyc
5316,LinkedIn GTM Hackathon,2026-06-03,18:00:00,Wednesday,2026-06-03 18:00,New York City,Flatiron,Flatiron,Evening,GenZtea,GenZtea,The Business Lesson,GenZtea; The Business Lesson,genztea; the-business-lesson,False,,https://partiful.com/e/EdiAncVfz5Pwyx8ljgDR,EdiAncVfz5Pwyx8ljgDR,https://www.tech-week.com/calendar/nyc
5340,How will consumers and brands meet in the Agentic Era,2026-06-03,18:00:00,Wednesday,2026-06-03 18:00,New York City,Midtown,Midtown,Evening,Foundation for Agentic Networks,Foundation for Agentic Networks,,Foundation for Agentic Networks,foundation-for-agentic-networks,False,,https://partiful.com/e/NLYATZ2b1ZaihIuIQGUF,NLYATZ2b1ZaihIuIQGUF,https://www.tech-week.com/calendar/nyc
5391,Global Founder Meetup: Breaking Into the U.S. Market,2026-06-03,18:00:00,Wednesday,2026-06-03 18:00,New York City,Midtown,Midtown,Evening,Build Momentum,Build Momentum,,Build Momentum,build-momentum,False,,https://partiful.com/e/6rbvin19cnCqiv6pRd3v,6rbvin19cnCqiv6pRd3v,https://www.tech-week.com/calendar/nyc
5414,Series Tee,2026-06-03,18:00:00,Wednesday,2026-06-03 18:00,New York City,Chelsea,Chelsea,Evening,Rillet,Rillet,,Rillet,rillet,False,,https://partiful.com/e/Ec1a7gzI7aTu6njnKuEK,Ec1a7gzI7aTu6njnKuEK,https://www.tech-week.com/calendar/nyc
5430,Build Mode: How RevOps & GTM Teams Are Becoming AI-Powered Builders,2026-06-03,18:00:00,Wednesday,2026-06-03 18:00,New York City,SoHo,SoHo,Evening,HubSpot,HubSpot,,HubSpot,hubspot,False,,https://partiful.com/e/o1qradCjiAlnUg3c6ZWj,o1qradCjiAlnUg3c6ZWj,https://www.tech-week.com/calendar/nyc
5446,No Diet Club Brooklyn Food Crawl,2026-06-03,18:00:00,Wednesday,2026-06-03 18:00,New York City,Brooklyn,Brooklyn,Evening,Flybridge,Flybridge,,Flybridge,flybridge,False,,https://partiful.com/e/ObEt3ZXuTwK5o4CltorM,ObEt3ZXuTwK5o4CltorM,https://www.tech-week.com/calendar/nyc
5458,The convo the workplace is too polite to have,2026-06-03,18:00:00,Wednesday,2026-06-03 18:00,New York City,Flatiron,Flatiron,Evening,Pinkmatter,Pinkmatter,,Pinkmatter,pinkmatter,False,,https://partiful.com/e/rHJGm9ykUTSOWQawYe68,rHJGm9ykUTSOWQawYe68,https://www.tech-week.com/calendar/nyc
5495,Managing in an AI-Native Company: Live Podcast,2026-06-03,18:00:00,Wednesday,2026-06-03 18:00,New York City,Flatiron,Flatiron,Evening,Prompt Engineers Society,Prompt Engineers Society,Aster AI,Prompt Engineers Society; Aster AI,prompt-engineers-society; aster-ai,False,,https://partiful.com/e/yA3gzGGSIW6kN2QOkdId,yA3gzGGSIW6kN2QOkdId,https://www.tech-week.com/calendar/nyc
5521,"Emmy-Winning Tech to Real-World Missions: AI, Drones, and Modern Warfare",2026-06-03,18:00:00,Wednesday,2026-06-03 18:00,New York City,Midtown,Midtown,Evening,Bereisheet Tech,Bereisheet Tech,,Bereisheet Tech,bereisheet-tech,True,,,,https://www.tech-week.com/calendar/nyc
5651,The Invisible Engine: How Embedded Payments Powers the Next Era of Growth,2026-06-03,18:00:00,Wednesday,2026-06-03 18:00,New York City,Midtown,Midtown,Evening,JPMorgan,JPMorgan,,JPMorgan,jpmorgan,False,,https://partiful.com/e/seZGbZT3BDyfF9Ds4bI5,seZGbZT3BDyfF9Ds4bI5,https://www.tech-week.com/calendar/nyc
5652,"Trust, Talent & AI in the Enterprise",2026-06-03,18:00:00,Wednesday,2026-06-03 18:00,New York City,Midtown,Midtown,Evening,Unlocked Consultancy,Unlocked Consultancy,Gartner,Unlocked Consultancy; Gartner,unlocked-consultancy; gartner,False,,https://partiful.com/e/r9eck0K6ZWexRHMzjGNV,r9eck0K6ZWexRHMzjGNV,https://www.tech-week.com/calendar/nyc
5661,The Death of the MVP: How AI Changed What “Launching” Means - Bubble x,2026-06-03,18:00:00,Wednesday,2026-06-03 18:00,New York City,SoHo,SoHo,Evening,Bubble.io,Bubble.io,Ohana,Bubble.io; Ohana,bubble-io; ohana,False,,https://partiful.com/e/dJh4IgxuEgjfcXelqTCZ,dJh4IgxuEgjfcXelqTCZ,https://www.tech-week.com/calendar/nyc
5718,GP/LP Deep Tech Dinner,2026-06-03,18:00:00,Wednesday,2026-06-03 18:00,New York City,SoHo,SoHo,Evening,Actuate Ventures,Actuate Ventures,,Actuate Ventures,actuate-ventures,False,,https://partiful.com/e/tj3InkMnP0GqUzdUcKqD,tj3InkMnP0GqUzdUcKqD,https://www.tech-week.com/calendar/nyc
5720,"Data Center, Power & Enterprise Infrastructure Dinner",2026-06-03,18:00:00,Wednesday,2026-06-03 18:00,New York City,Central Park,Central Park,Evening,"Prosgrow AI, Inc","Prosgrow AI, Inc",,"Prosgrow AI, Inc",prosgrow-ai-inc,False,,https://partiful.com/e/Vkvjr5dBr2FmbI2yK5UB,Vkvjr5dBr2FmbI2yK5UB,https://www.tech-week.com/calendar/nyc
5800,Founder Idol,2026-06-03,18:00:00,Wednesday,2026-06-03 18:00,New York City,Tribeca,Tribeca,Evening,Vibe Space,Vibe Space,Venture Miner,Vibe Space; Venture Miner,vibe-space; venture-miner,False,,https://partiful.com/e/w2AuKNImWlSexUcM83Bb,w2AuKNImWlSexUcM83Bb,https://www.tech-week.com/calendar/nyc
5821,Unicorn fintech founder AMA,2026-06-03,18:00:00,Wednesday,2026-06-03 18:00,New York City,SoHo,SoHo,Evening,Inkle,Inkle,,Inkle,inkle,False,,https://partiful.com/e/fOUJT07jj19qFk04dt8E,fOUJT07jj19qFk04dt8E,https://www.tech-week.com/calendar/nyc
5830,Dinner with Rehearsals,2026-06-03,18:00:00,Wednesday,2026-06-03 18:00,New York City,SoHo,SoHo,Evening,Rehearsals,Rehearsals,,Rehearsals,rehearsals,True,,,,https://www.tech-week.com/calendar/nyc
5837,Fashion Tech Mixer,2026-06-03,18:00:00,Wednesday,2026-06-03 18:00,New York City,Chelsea,Chelsea,Evening,The Pattern Maker,The Pattern Maker,,The Pattern Maker,the-pattern-maker,False,,https://partiful.com/e/27uya3lZ0qDGkfCiXGP5,27uya3lZ0qDGkfCiXGP5,https://www.tech-week.com/calendar/nyc
5863,Queens Founders & Investors Dinner,2026-06-03,18:00:00,Wednesday,2026-06-03 18:00,New York City,Queens,Queens,Evening,Enpak,Enpak,,Enpak,enpak,False,,https://partiful.com/e/0D0CXzkR1otSnvSekJh4,0D0CXzkR1otSnvSekJh4,https://www.tech-week.com/calendar/nyc
5866,No Wine Left Behind: Blind Tasting Meets Consumer Data,2026-06-03,18:00:00,Wednesday,2026-06-03 18:00,New York City,West Village,West Village,Evening,No Wine Left Behind,No Wine Left Behind,Le Dû’s Wines,No Wine Left Behind; Le Dû’s Wines,no-wine-left-behind; le-du-s-wines,False,,https://partiful.com/e/1fVvsQZUFf7Dohot0Ed9,1fVvsQZUFf7Dohot0Ed9,https://www.tech-week.com/calendar/nyc
5873,Is Your Brand Ready for AI Search?,2026-06-03,18:00:00,Wednesday,2026-06-03 18:00,New York City,Union Square,Union Square,Evening,Capgemini,Capgemini,Rediem; French American Chamber of Commerce - NYC; Iced Media,Capgemini; Rediem; French American Chamber of Commerce - NYC; Iced Media,capgemini; rediem; french-american-chamber-of-commerce-nyc; iced-media,False,,https://partiful.com/e/v9ySMNeHZ3lYMWjhvqCO,v9ySMNeHZ3lYMWjhvqCO,https://www.tech-week.com/calendar/nyc
5874,"The Future of Healthcare: Innovation, Access, and Value",2026-06-03,18:00:00,Wednesday,2026-06-03 18:00,New York City,Midtown,Midtown,Evening,Columbia Venture Community,Columbia Venture Community,Columbia University Mailman School of Public Health Alumni Board,Columbia Venture Community; Columbia University Mailman School of Public Health Alumni Board,columbia-venture-community; columbia-university-mailman-school-of-public-health-alumni-board,False,,https://partiful.com/e/6FmuBjS60nrpePXnGWhC,6FmuBjS60nrpePXnGWhC,https://www.tech-week.com/calendar/nyc
5875,Tech Adda at NYC Tech Week,2026-06-03,18:00:00,Wednesday,2026-06-03 18:00,New York City,Queens,Queens,Evening,SJ Innovation,SJ Innovation,,SJ Innovation,sj-innovation,False,,https://partiful.com/e/OhUsbOxXZolx8sPIhXZy,OhUsbOxXZolx8sPIhXZy,https://www.tech-week.com/calendar/nyc
5883,Translate Your BA Into a Tech Career,2026-06-03,18:00:00,Wednesday,2026-06-03 18:00,New York City,Virtual (NYC),Virtual (NYC),Evening,Translating Your BA,Translating Your BA,,Translating Your BA,translating-your-ba,False,,https://partiful.com/e/8BbHXWQWQwaQnAUlrwur,8BbHXWQWQwaQnAUlrwur,https://www.tech-week.com/calendar/nyc
5887,AI builders night,2026-06-03,18:00:00,Wednesday,2026-06-03 18:00,New York City,East Village,East Village,Evening,Braintrust,Braintrust,Baseten; promptql,Braintrust; Baseten; promptql,braintrust; baseten; promptql,False,,https://partiful.com/e/OeZ0CvpvEpvi9lrEYIeb,OeZ0CvpvEpvi9lrEYIeb,https://www.tech-week.com/calendar/nyc
6083,The Agent Shift: Marketing in the age of AI agents,2026-06-03,18:00:00,Wednesday,2026-06-03 18:00,New York City,Midtown,Midtown,Evening,HG Events,HG Events,,HG Events,hg-events,False,,https://partiful.com/e/h3P090OpWDSzMtTLzA1M,h3P090OpWDSzMtTLzA1M,https://www.tech-week.com/calendar/nyc
6198,Pitch Roast Live,2026-06-03,18:00:00,Wednesday,2026-06-03 18:00,New York City,Lower East Side,Lower East Side,Evening,Pitch Roast Live,Pitch Roast Live,Forecastr,Pitch Roast Live; Forecastr,pitch-roast-live; forecastr,False,,https://partiful.com/e/NhoyBpx8rlyJGJXOWbwG,NhoyBpx8rlyJGJXOWbwG,https://www.tech-week.com/calendar/nyc
6201,Data and Wearables for Female Health,2026-06-03,18:00:00,Wednesday,2026-06-03 18:00,New York City,Chelsea,Chelsea,Evening,Kellie Clover,Kellie Clover,The Limit,Kellie Clover; The Limit,kellie-clover; the-limit,True,,,,https://www.tech-week.com/calendar/nyc
6211,Early Builders in the AI Era,2026-06-03,18:00:00,Wednesday,2026-06-03 18:00,New York City,SoHo,SoHo,Evening,F2 Venture Capital,F2 Venture Capital,Microsoft,F2 Venture Capital; Microsoft,f2-venture-capital; microsoft,True,,,,https://www.tech-week.com/calendar/nyc
6269,The Agentic Company Playbook: Why Data Is Still the Moat,2026-06-03,18:00:00,Wednesday,2026-06-03 18:00,New York City,Midtown,Midtown,Evening,YG,YG,Sandro,YG; Sandro,yg; sandro,False,,https://partiful.com/e/TxqtiIE5vDlLmXeiRkDW,TxqtiIE5vDlLmXeiRkDW,https://www.tech-week.com/calendar/nyc
6313,Tech Week: Networking Event by Ascent Valley,2026-06-03,18:00:00,Wednesday,2026-06-03 18:00,New York City,Financial District,Financial District,Evening,Ascent Valley,Ascent Valley,,Ascent Valley,ascent-valley,False,,https://partiful.com/e/qHNiowdDBNRygRjZlYcp,qHNiowdDBNRygRjZlYcp,https://www.tech-week.com/calendar/nyc
6358,"a16z x Moment: Cash, Activated — Putting Your Treasury to Work",2026-06-03,18:00:00,Wednesday,2026-06-03 18:00,New York City,Midtown,Midtown,Evening,a16z,a16z,Moment,a16z; Moment,a16z; moment,False,,https://partiful.com/e/kXqJB4I9b8Miigs1mIjM,kXqJB4I9b8Miigs1mIjM,https://www.tech-week.com/calendar/nyc
6390,THE INTELLIGENT ATELIER,2026-06-03,18:00:00,Wednesday,2026-06-03 18:00,New York City,Midtown,Midtown,Evening,99 yards,99 yards,Digital Fashion week,99 yards; Digital Fashion week,99-yards; digital-fashion-week,False,,https://partiful.com/e/PkSJvLVvmR0oviZ0C0IT,PkSJvLVvmR0oviZ0C0IT,https://www.tech-week.com/calendar/nyc
6421,Every 🤝 IRL,2026-06-03,18:00:00,Wednesday,2026-06-03 18:00,New York City,Brooklyn,Brooklyn,Evening,Every,Every,,Every,every,True,,,,https://www.tech-week.com/calendar/nyc
6443,SoHo Soirée,2026-06-03,18:00:00,Wednesday,2026-06-03 18:00,New York City,SoHo,SoHo,Evening,Plaud,Plaud,,Plaud,plaud,False,,https://partiful.com/e/RtUAYbmAz18kpleaTuio,RtUAYbmAz18kpleaTuio,https://www.tech-week.com/calendar/nyc
6519,SGLang Happy Hour: AI Infra in Finance,2026-06-03,18:00:00,Wednesday,2026-06-03 18:00,New York City,SoHo,SoHo,Evening,SGLang,SGLang,HOF Capital; Arklex AI,SGLang; HOF Capital; Arklex AI,sglang; hof-capital; arklex-ai,False,,https://partiful.com/e/p74X9KDrgoLaDtU8BmvS,p74X9KDrgoLaDtU8BmvS,https://www.tech-week.com/calendar/nyc
6559,NYC Finance Leaders Dinner with Turnstile,2026-06-03,18:00:00,Wednesday,2026-06-03 18:00,New York City,Greenwich Village,Greenwich Village,Evening,Turnstile,Turnstile,,Turnstile,turnstile,True,,,,https://www.tech-week.com/calendar/nyc
6578,HealthTech by the Harbor,2026-06-03,18:00:00,Wednesday,2026-06-03 18:00,New York City,Financial District,Financial District,Evening,Marwood Group,Marwood Group,,Marwood Group,marwood-group,False,,https://partiful.com/e/79Er0b9t7T3CeaAOzYrs,79Er0b9t7T3CeaAOzYrs,https://www.tech-week.com/calendar/nyc
6628,The Future of PropTech,2026-06-03,18:00:00,Wednesday,2026-06-03 18:00,New York City,West Village,West Village,Evening,Jetzy,Jetzy,Sklut,Jetzy; Sklut,jetzy; sklut,False,,https://partiful.com/e/Dc2p7GbvzQiC32DBPCMJ,Dc2p7GbvzQiC32DBPCMJ,https://www.tech-week.com/calendar/nyc
6762,NY Tech Week Dinner: Building the Future of Aerospace & Defense,2026-06-03,18:00:00,Wednesday,2026-06-03 18:00,New York City,Flatiron,Flatiron,Evening,Fenwick,Fenwick,,Fenwick,fenwick,True,,,,https://www.tech-week.com/calendar/nyc
21,Rooftop Pickleball with Conquer,2026-06-03,18:30:00,Wednesday,2026-06-03 18:30,New York City,Midtown,Midtown,Evening,Conquer Pickleball,Conquer Pickleball,,Conquer Pickleball,conquer-pickleball,False,,https://partiful.com/e/fOtMgCgM7Ihp9IIYOVgN,fOtMgCgM7Ihp9IIYOVgN,https://www.tech-week.com/calendar/nyc
4171,Stop Guessing: How Top Teams Make Hiring Decisions From Gut Feel to Structured Decisions,2026-06-03,18:30:00,Wednesday,2026-06-03 18:30,New York City,Virtual (NYC),Virtual (NYC),Evening,Pairwise,Pairwise,,Pairwise,pairwise,False,,https://partiful.com/e/zgdltkCVCJs9VWdjnxpX,zgdltkCVCJs9VWdjnxpX,https://www.tech-week.com/calendar/nyc
4188,South Asians in Finance,2026-06-03,18:30:00,Wednesday,2026-06-03 18:30,New York City,Midtown,Midtown,Evening,American South Asian Network,American South Asian Network,,American South Asian Network,american-south-asian-network,False,,https://partiful.com/e/MFfmDRWvhSBTDNsj9Koj,MFfmDRWvhSBTDNsj9Koj,https://www.tech-week.com/calendar/nyc
4195,MIT VC Investor Dinner,2026-06-03,18:30:00,Wednesday,2026-06-03 18:30,New York City,SoHo,SoHo,Evening,a16z speedrun,a16z speedrun,VamosVentures,a16z speedrun; VamosVentures,a16z-speedrun; vamosventures,True,platinum,,,https://www.tech-week.com/calendar/nyc
4348,Investor Dinner,2026-06-03,18:30:00,Wednesday,2026-06-03 18:30,New York City,West Village,West Village,Evening,Brderless,Brderless,Sprinto,Brderless; Sprinto,brderless; sprinto,False,,https://partiful.com/e/CXgpxdHdQQ3umurfwb2Y,CXgpxdHdQQ3umurfwb2Y,https://www.tech-week.com/calendar/nyc
4512,Agtech Leadership Dinner,2026-06-03,18:30:00,Wednesday,2026-06-03 18:30,New York City,West Village,West Village,Evening,Leaf Agriculture,Leaf Agriculture,,Leaf Agriculture,leaf-agriculture,False,,https://partiful.com/e/TMkUilGT51I97Mdui4BE,TMkUilGT51I97Mdui4BE,https://www.tech-week.com/calendar/nyc
4721,Future of Voice AI - Enterprise Leader Panel,2026-06-03,18:30:00,Wednesday,2026-06-03 18:30,New York City,Flatiron,Flatiron,Evening,Leverage.work,Leverage.Work,,Leverage.Work,leverage,False,,https://partiful.com/e/7Py4iwQgSRIa0GchHpCF,7Py4iwQgSRIa0GchHpCF,https://www.tech-week.com/calendar/nyc
4798,Fashion x Tech LIM College THREADx TECH WEEK,2026-06-03,18:30:00,Wednesday,2026-06-03 18:30,New York City,Midtown,Midtown,Evening,"Marcuse School of Graduate Studies, LIM College","Marcuse School of Graduate Studies, LIM College",,"Marcuse School of Graduate Studies, LIM College",marcuse-school-of-graduate-studies-lim-college,False,,https://partiful.com/e/ggPJQCZE8juYEAjIfDgi,ggPJQCZE8juYEAjIfDgi,https://www.tech-week.com/calendar/nyc
4799,The Table ✦ by Women in AI,2026-06-03,18:30:00,Wednesday,2026-06-03 18:30,New York City,Flatiron,Flatiron,Evening,Women in AI,Women in AI,,Women in AI,women-in-ai,False,,https://partiful.com/e/3w3F8gnlAbVfFLiL3kJA,3w3F8gnlAbVfFLiL3kJA,https://www.tech-week.com/calendar/nyc
4843,THE AUTHORITY EDGE. Rooftop Experience for Founders & Tech Leaders,2026-06-03,18:30:00,Wednesday,2026-06-03 18:30,New York City,Financial District,Financial District,Evening,Speech & Mind,Speech & Mind,,Speech & Mind,speech-mind,False,,https://partiful.com/e/31H3VYXuOFJderTS31yH,31H3VYXuOFJderTS31yH,https://www.tech-week.com/calendar/nyc
4865,Allometric Dining 2026,2026-06-03,18:30:00,Wednesday,2026-06-03 18:30,New York City,Lower East Side,Lower East Side,Evening,Allometry,Allometry,Dispatch Ventures,Allometry; Dispatch Ventures,allometry; dispatch-ventures,False,,https://partiful.com/e/ngqSYGVrZpgvkP9AuoFT,ngqSYGVrZpgvkP9AuoFT,https://www.tech-week.com/calendar/nyc
5002,GridMatch: A DER Mixer,2026-06-03,18:30:00,Wednesday,2026-06-03 18:30,New York City,Union Square,Union Square,Evening,Ecosuite,Ecosuite,,Ecosuite,ecosuite,False,,https://partiful.com/e/Qtt9vmD7LTiKn6y1A9RL,Qtt9vmD7LTiKn6y1A9RL,https://www.tech-week.com/calendar/nyc
5086,In the Name of Taste,2026-06-03,18:30:00,Wednesday,2026-06-03 18:30,New York City,SoHo,SoHo,Evening,Slingshot AI,Slingshot AI,,Slingshot AI,slingshot-ai,False,,https://partiful.com/e/z51AEVSzo2Ddp3np4WjW,z51AEVSzo2Ddp3np4WjW,https://www.tech-week.com/calendar/nyc
5197,Private CISO Dinner,2026-06-03,18:30:00,Wednesday,2026-06-03 18:30,New York City,Midtown,Midtown,Evening,Supermomos,Supermomos,,Supermomos,supermomos,False,,https://partiful.com/e/HQPPxEZjvR5AnmRkv8Pp,HQPPxEZjvR5AnmRkv8Pp,https://www.tech-week.com/calendar/nyc
5203,GP-LP Tech Week Mixer,2026-06-03,18:30:00,Wednesday,2026-06-03 18:30,New York City,Midtown,Midtown,Evening,The Kairos Circle,The Kairos Circle,,The Kairos Circle,the-kairos-circle,False,,https://partiful.com/e/li3OTq6DQintDXxppVK8,li3OTq6DQintDXxppVK8,https://www.tech-week.com/calendar/nyc
5504,How to Live Longer & Happier: An evening on the future of personal intelligence.,2026-06-03,18:30:00,Wednesday,2026-06-03 18:30,New York City,SoHo,SoHo,Evening,moccet,moccet,,moccet,moccet,False,,https://partiful.com/e/DeSu8551onFwpwFq7tnW,DeSu8551onFwpwFq7tnW,https://www.tech-week.com/calendar/nyc
5646,Distilled Conversations: Questions at the Frontier with Mirage,2026-06-03,18:30:00,Wednesday,2026-06-03 18:30,New York City,Union Square,Union Square,Evening,Distilled,Distilled,Mirage,Distilled; Mirage,distilled; mirage,False,,https://partiful.com/e/JKLycObL4isIKtz0HqjO,JKLycObL4isIKtz0HqjO,https://www.tech-week.com/calendar/nyc
5696,Make Every Deal your Best Deal,2026-06-03,18:30:00,Wednesday,2026-06-03 18:30,New York City,Chelsea,Chelsea,Evening,Lumaril Corporation,Lumaril Corporation,General Catalyst; NA,Lumaril Corporation; General Catalyst; NA,lumaril-corporation; general-catalyst; na,False,,https://partiful.com/e/9x67cUmFh48zj6PY01IC,9x67cUmFh48zj6PY01IC,https://www.tech-week.com/calendar/nyc
6215,"Tech Week, But Bowling",2026-06-03,18:30:00,Wednesday,2026-06-03 18:30,New York City,Midtown,Midtown,Evening,Valon,Valon,,Valon,valon,False,,https://partiful.com/e/URwyTSJO382HLiStFktb,URwyTSJO382HLiStFktb,https://www.tech-week.com/calendar/nyc
6259,VC Talent Leader Dinner,2026-06-03,18:30:00,Wednesday,2026-06-03 18:30,New York City,Lower East Side,Lower East Side,Evening,Getro (a Findem company),Getro (a Findem company),Pyxis,Getro (a Findem company); Pyxis,getro-a-findem-company; pyxis,True,,,,https://www.tech-week.com/calendar/nyc
6271,Generation AI: After the Algorithm,2026-06-03,18:30:00,Wednesday,2026-06-03 18:30,New York City,Midtown,Midtown,Evening,Anyway,Anyway,,Anyway,anyway,False,,https://partiful.com/e/X7mGXPmgyjEiS4oG9U97,X7mGXPmgyjEiS4oG9U97,https://www.tech-week.com/calendar/nyc
6473,Work Hard. Feel Good. How to Build a Tech Career Worth Keeping . Panel & Happy Hour,2026-06-03,18:30:00,Wednesday,2026-06-03 18:30,New York City,Union Square,Union Square,Evening,Heidi Health,Heidi Health,,Heidi Health,heidi-health,False,,https://partiful.com/e/vKyAvKTUaP446l9aLtDw,vKyAvKTUaP446l9aLtDw,https://www.tech-week.com/calendar/nyc
6532,Build & Pitch w/ Raylu,2026-06-03,18:30:00,Wednesday,2026-06-03 18:30,New York City,Midtown,Midtown,Evening,Raylu,Raylu,,Raylu,raylu,False,,https://partiful.com/e/rbrAD6bdIvtkmWCsBThO,rbrAD6bdIvtkmWCsBThO,https://www.tech-week.com/calendar/nyc
6553,working with monsters: how toxic AI is reshaping the workplace & what young professionals can do about it,2026-06-03,18:30:00,Wednesday,2026-06-03 18:30,New York City,Murray Hill,Murray Hill,Evening,Consulate General of Poland in New York,Consulate General of Poland in New York,,Consulate General of Poland in New York,consulate-general-of-poland-in-new-york,True,,,,https://www.tech-week.com/calendar/nyc
19,AI Agents: From Prototype to Production,2026-06-03,19:00:00,Wednesday,2026-06-03 19:00,New York City,Flatiron,Flatiron,Evening,Phinite AI,Phinite AI,NVIDIA; GMI; OSS4AI,Phinite AI; NVIDIA; GMI; OSS4AI,phinite-ai; nvidia; gmi; oss4ai,False,,https://partiful.com/e/DItIrZ4soRc9FKWDzvoT,DItIrZ4soRc9FKWDzvoT,https://www.tech-week.com/calendar/nyc
4095,Frontier House NYC Favorite People Dinner,2026-06-03,19:00:00,Wednesday,2026-06-03 19:00,New York City,Midtown,Midtown,Evening,Eleven Wall Ventures,Eleven Wall Ventures,,Eleven Wall Ventures,eleven-wall-ventures,False,,https://partiful.com/e/IdI7GpcyYOd2xnOnrn2G,IdI7GpcyYOd2xnOnrn2G,https://www.tech-week.com/calendar/nyc
4197,The Tech Leaders Suite,2026-06-03,19:00:00,Wednesday,2026-06-03 19:00,New York City,Brooklyn,Brooklyn,Evening,Insurgi Urban Concepts,Insurgi Urban Concepts,Optical Diversity Telecom,Insurgi Urban Concepts; Optical Diversity Telecom,insurgi-urban-concepts; optical-diversity-telecom,False,,https://partiful.com/e/UhyErPPxuo2vELIutdGj,UhyErPPxuo2vELIutdGj,https://www.tech-week.com/calendar/nyc
4422,Ugly Talk: The Future of Fashion & Beauty Tech,2026-06-03,19:00:00,Wednesday,2026-06-03 19:00,New York City,SoHo,SoHo,Evening,Ugly Talk,Ugly Talk,Yorkseed,Ugly Talk; Yorkseed,ugly-talk; yorkseed,False,,https://partiful.com/e/68VP2zOWWMpKd3gZsojI,68VP2zOWWMpKd3gZsojI,https://www.tech-week.com/calendar/nyc
4438,Tech Meets R&B,2026-06-03,19:00:00,Wednesday,2026-06-03 19:00,New York City,Queens,Queens,Evening,Visionary Global Network,Visionary Global Network,Record Room,Visionary Global Network; Record Room,visionary-global-network; record-room,False,,https://partiful.com/e/8lu53EbNSapXazcVp1ab,8lu53EbNSapXazcVp1ab,https://www.tech-week.com/calendar/nyc
4461,Inside Dog Longevity,2026-06-03,19:00:00,Wednesday,2026-06-03 19:00,New York City,Central Park,Central Park,Evening,Panio,Panio,,Panio,panio,False,,https://partiful.com/e/LLJDUnTekS0VeUEpH0pj,LLJDUnTekS0VeUEpH0pj,https://www.tech-week.com/calendar/nyc
4466,From Legislation to Action: Shaping the Future of Privacy in New York,2026-06-03,19:00:00,Wednesday,2026-06-03 19:00,New York City,Greenwich Village,Greenwich Village,Evening,Woodhull Freedom Foundation,Woodhull Freedom Foundation,Equality NY,Woodhull Freedom Foundation; Equality NY,woodhull-freedom-foundation; equality-ny,False,,https://partiful.com/e/ndxAl17PlEmXU25KpLzy,ndxAl17PlEmXU25KpLzy,https://www.tech-week.com/calendar/nyc
4655,AI x Games Dinner,2026-06-03,19:00:00,Wednesday,2026-06-03 19:00,New York City,Lower East Side,Lower East Side,Evening,nunu.ai,nunu.ai,Greater Zurich Area,nunu.ai; Greater Zurich Area,nunu-ai; greater-zurich-area,False,,https://partiful.com/e/sKDElAcr0GLf9YUmGq3t,sKDElAcr0GLf9YUmGq3t,https://www.tech-week.com/calendar/nyc
4679,"Sports, Media & Entertainment Tech Dinner",2026-06-03,19:00:00,Wednesday,2026-06-03 19:00,New York City,Midtown,Midtown,Evening,Coeus Collective Ventures,Coeus Collective Ventures,125 Ventures,Coeus Collective Ventures; 125 Ventures,coeus-collective-ventures; 125-ventures,False,,https://partiful.com/e/3Rk3nK0982QHPfnqh6tH,3Rk3nK0982QHPfnqh6tH,https://www.tech-week.com/calendar/nyc
4817,Robots & Rollups,2026-06-03,19:00:00,Wednesday,2026-06-03 19:00,New York City,East Village,East Village,Evening,PrismaX,PrismaX,,PrismaX,prismax,False,,https://partiful.com/e/GxfjRxDRUK8wgxH6UMG6,GxfjRxDRUK8wgxH6UMG6,https://www.tech-week.com/calendar/nyc
4890,Tables & Titans: Fintech x Insurtech Dinner,2026-06-03,19:00:00,Wednesday,2026-06-03 19:00,New York City,Chelsea,Chelsea,Evening,Warrant,Warrant,,Warrant,warrant,False,,https://partiful.com/e/QRAodoVxS9qPSy9nDC7s,QRAodoVxS9qPSy9nDC7s,https://www.tech-week.com/calendar/nyc
4923,Founders & Investors Happy Hour,2026-06-03,19:00:00,Wednesday,2026-06-03 19:00,New York City,Chelsea,Chelsea,Evening,Haven,Haven,,Haven,haven,False,,https://partiful.com/e/k1T8QalDu09QHClA10Dr,k1T8QalDu09QHClA10Dr,https://www.tech-week.com/calendar/nyc
4948,"Focus, Flow, and Mental Wellbeing at NYC Tech Week",2026-06-03,19:00:00,Wednesday,2026-06-03 19:00,New York City,Chelsea,Chelsea,Evening,MENTA Series,MENTA Series,,MENTA Series,menta-series,False,,https://partiful.com/e/fbIBC3AcgcKGT3yqBsN9,fbIBC3AcgcKGT3yqBsN9,https://www.tech-week.com/calendar/nyc
4999,Common Thread: The Haus Games,2026-06-03,19:00:00,Wednesday,2026-06-03 19:00,New York City,Murray Hill,Murray Hill,Evening,Fostr,Fostr,Tera,Fostr; Tera,fostr; tera,False,,https://partiful.com/e/4rKK0rE5UYPMKSO3bQoZ,4rKK0rE5UYPMKSO3bQoZ,https://www.tech-week.com/calendar/nyc
5030,Artificially Unintelligent Tech Comedy Show,2026-06-03,19:00:00,Wednesday,2026-06-03 19:00,New York City,Union Square,Union Square,Evening,NSDS Tech Comedy Show,NSDS Tech Comedy Show,Vanta,NSDS Tech Comedy Show; Vanta,nsds-tech-comedy-show; vanta,False,,https://partiful.com/e/g4CVcAdTyNSSOvJqqgbd,g4CVcAdTyNSSOvJqqgbd,https://www.tech-week.com/calendar/nyc
5034,Startup Soirée NYTW 2026,2026-06-03,19:00:00,Wednesday,2026-06-03 19:00,New York City,Chelsea,Chelsea,Evening,Cleo Pay,Cleo Pay,Micro; Rollfi,Cleo Pay; Micro; Rollfi,cleo-pay; micro; rollfi,False,,https://partiful.com/e/Odap0FUTDOZzOfLXTe6k,Odap0FUTDOZzOfLXTe6k,https://www.tech-week.com/calendar/nyc
5112,Krea Demo Night and Office Warming,2026-06-03,19:00:00,Wednesday,2026-06-03 19:00,New York City,Brooklyn,Brooklyn,Evening,Krea,Krea,,Krea,krea,False,,https://partiful.com/e/hsySQRXtBbizFv4V6sDT,hsySQRXtBbizFv4V6sDT,https://www.tech-week.com/calendar/nyc
5199,Consumer Founder Show & Tell,2026-06-03,19:00:00,Wednesday,2026-06-03 19:00,New York City,SoHo,SoHo,Evening,Flex,Flex,,Flex,flex,False,,https://partiful.com/e/mLTDKJd37C4XRu5RTBWx,mLTDKJd37C4XRu5RTBWx,https://www.tech-week.com/calendar/nyc
5301,Polish founders x NY tech week,2026-06-03,19:00:00,Wednesday,2026-06-03 19:00,New York City,SoHo,SoHo,Evening,PL Founders Club,PL Founders Club,,PL Founders Club,pl-founders-club,False,,https://partiful.com/e/QUelm7A3acGhKQ6AIdWm,QUelm7A3acGhKQ6AIdWm,https://www.tech-week.com/calendar/nyc
5444,The New Preconstruction Playbook: How AI Is Changing Who Wins Bids,2026-06-03,19:00:00,Wednesday,2026-06-03 19:00,New York City,SoHo,SoHo,Evening,Piper AI LTD,Piper AI LTD,,Piper AI LTD,piper-ai-ltd,True,,,,https://www.tech-week.com/calendar/nyc
5860,Yet Another AI Event....But we have a piano,2026-06-03,19:00:00,Wednesday,2026-06-03 19:00,New York City,Brooklyn,Brooklyn,Evening,Lotus Technology Management,Lotus Technology Management,Eleks,Lotus Technology Management; Eleks,lotus-technology-management; eleks,False,,https://partiful.com/e/AatZ5NHezNiTvaZUsFdP,AatZ5NHezNiTvaZUsFdP,https://www.tech-week.com/calendar/nyc
6166,Built Different _ Faith in Tech,2026-06-03,19:00:00,Wednesday,2026-06-03 19:00,New York City,Meatpacking District,Meatpacking District,Evening,The Line,The Line,a16z,The Line; a16z,the-line; a16z,False,platinum,https://partiful.com/e/jrazXyiGkUZ8d8FqotR2,jrazXyiGkUZ8d8FqotR2,https://www.tech-week.com/calendar/nyc
6302,Similarweb Data at Bat - Luxury Suite at Yankee Stadium,2026-06-03,19:00:00,Wednesday,2026-06-03 19:00,New York City,Upper Manhattan,Upper Manhattan,Evening,Similarweb,Similarweb,,Similarweb,similarweb,False,,https://partiful.com/e/nhAcRk8Jk8F1D2h8ABYN,nhAcRk8Jk8F1D2h8ABYN,https://www.tech-week.com/calendar/nyc
6351,NY Tech Week: First (Reality) Check,2026-06-03,19:00:00,Wednesday,2026-06-03 19:00,New York City,Tribeca,Tribeca,Evening,For The Firsts,For The Firsts,,For The Firsts,for-the-firsts,False,,https://partiful.com/e/Jax5q2nEKzeH7VhmDvS3,Jax5q2nEKzeH7VhmDvS3,https://www.tech-week.com/calendar/nyc
6516,VC Records,2026-06-03,19:00:00,Wednesday,2026-06-03 19:00,New York City,Brooklyn,Brooklyn,Evening,401 Accelerator,401 Accelerator,Morrison Foerster; Persea Ventures,401 Accelerator; Morrison Foerster; Persea Ventures,401-accelerator; morrison-foerster; persea-ventures,False,,https://partiful.com/e/bbIszpVK8KGM5XvYIUH3,bbIszpVK8KGM5XvYIUH3,https://www.tech-week.com/calendar/nyc
6548,"Debugging the NYC Rental: Using Data to Escape ""The Zero Data Decision""",2026-06-03,19:00:00,Wednesday,2026-06-03 19:00,New York City,Virtual (NYC),Virtual (NYC),Evening,"Houstory, LLC","Houstory, LLC",,"Houstory, LLC",houstory-llc,False,,https://partiful.com/e/67csjJfCRZMu8aQL8xes,67csjJfCRZMu8aQL8xes,https://www.tech-week.com/calendar/nyc
4483,Climate Tech Night Mixer,2026-06-03,19:30:00,Wednesday,2026-06-03 19:30,New York City,Virtual (NYC),Virtual (NYC),Evening,Optivide,Optivide,,Optivide,optivide,False,,https://partiful.com/e/BuMquvpz1sSqXQmYHgeC,BuMquvpz1sSqXQmYHgeC,https://www.tech-week.com/calendar/nyc
5565,Kndrd Spirits: [Girls] Who Run The World,2026-06-03,19:30:00,Wednesday,2026-06-03 19:30,New York City,East Village,East Village,Evening,Kndrd,Kndrd,,Kndrd,kndrd,False,,https://partiful.com/e/wiWrtmZFVPCAgObP4954,wiWrtmZFVPCAgObP4954,https://www.tech-week.com/calendar/nyc
5643,Arkzphere: Founders and Investors Launch Party,2026-06-03,19:30:00,Wednesday,2026-06-03 19:30,New York City,Lower East Side,Lower East Side,Evening,Arkzphere,Arkzphere,Propel Earth,Arkzphere; Propel Earth,arkzphere; propel-earth,False,,https://partiful.com/e/g8VJ854DFglJ6GtYDoS4,g8VJ854DFglJ6GtYDoS4,https://www.tech-week.com/calendar/nyc
5207,"Free Phos, Real Convos. Agents in your DMs",2026-06-03,20:00:00,Wednesday,2026-06-03 20:00,New York City,Flatiron,Flatiron,Evening,Photon,Photon,,Photon,photon,False,,https://partiful.com/e/ed2EFWip0do9OuYmVPZI,ed2EFWip0do9OuYmVPZI,https://www.tech-week.com/calendar/nyc
6339,The Afterparty (ft. Ian Asher),2026-06-03,20:00:00,Wednesday,2026-06-03 20:00,New York City,East Village,East Village,Evening,Unicorner,Unicorner,Bolt.new; Flite,Unicorner; Bolt.new; Flite,unicorner; bolt-new; flite,False,,https://partiful.com/e/ScshPTV3NbGkHPRQ5Ith,ScshPTV3NbGkHPRQ5Ith,https://www.tech-week.com/calendar/nyc
6350,Founders Boat Party,2026-06-03,20:00:00,Wednesday,2026-06-03 20:00,New York City,SoHo,SoHo,Evening,Persona,Persona,Thera; Coinflow; Get Winner,Persona; Thera; Coinflow; Get Winner,persona; thera; coinflow; get-winner,False,,https://partiful.com/e/F6QBoXGfme8OED1Q4T6d,F6QBoXGfme8OED1Q4T6d,https://www.tech-week.com/calendar/nyc
4098,"After Hours: Founders, Investors & Operators",2026-06-03,20:30:00,Wednesday,2026-06-03 20:30,New York City,West Village,West Village,Evening,Bulletpitch,Bulletpitch,,Bulletpitch,bulletpitch,False,,https://partiful.com/e/l7bvHYnBBBKSeC7CjeOG,l7bvHYnBBBKSeC7CjeOG,https://www.tech-week.com/calendar/nyc
4441,Secret Boardy Party,2026-06-03,20:30:00,Wednesday,2026-06-03 20:30,New York City,Flatiron,Flatiron,Evening,Boardy,Boardy,Flowstate; The AI Collective,Boardy; Flowstate; The AI Collective,boardy; flowstate; the-ai-collective,False,,https://partiful.com/e/XGNkSsdTa08ivZFQRHaF,XGNkSsdTa08ivZFQRHaF,https://www.tech-week.com/calendar/nyc
5120,Snark Tank Comedy,2026-06-03,21:00:00,Wednesday,2026-06-03 21:00,New York City,East Village,East Village,Evening,Live Different Comedy,Live Different Comedy,,Live Different Comedy,live-different-comedy,False,,https://partiful.com/e/iQP19UAfSBvF0wGAzqwx,iQP19UAfSBvF0wGAzqwx,https://www.tech-week.com/calendar/nyc
4295,NYC’S FIRST EVER SKY-HIGH PITCH COMPETITION with up to $1M in funding on the line,2026-06-04,07:00:00,Thursday,2026-06-04 07:00,New York City,Hudson Yards,Hudson Yards,Morning,Rocket Mixer,Rocket Mixer,Apollo Society,Rocket Mixer; Apollo Society,rocket-mixer; apollo-society,False,,https://partiful.com/e/Ytg3A4316XFdtelBcoZM,Ytg3A4316XFdtelBcoZM,https://www.tech-week.com/calendar/nyc
12,COFFEE + CONNECT Networking Mixer for Underrepresented Founders,2026-06-04,07:30:00,Thursday,2026-06-04 07:30,New York City,Midtown,Midtown,Morning,Somarae,Somarae,Stripe; Task Force VA,Somarae; Stripe; Task Force VA,somarae; stripe; task-force-va,False,,https://partiful.com/e/wNHWcOC7EzCdpr3pWeoK,wNHWcOC7EzCdpr3pWeoK,https://www.tech-week.com/calendar/nyc
4268,Pitch and Run Tribeca,2026-06-04,07:30:00,Thursday,2026-06-04 07:30,New York City,Financial District,Financial District,Morning,Pitch and Run,Pitch and Run,,Pitch and Run,pitch-and-run,False,,https://partiful.com/e/OhM7wZlivF4xJHlW5LRs,OhM7wZlivF4xJHlW5LRs,https://www.tech-week.com/calendar/nyc
22,Generative AI Summit New York,2026-06-04,08:00:00,Thursday,2026-06-04 08:00,New York City,Midtown,Midtown,Morning,AI Accelerator Institute,AI Accelerator Institute,,AI Accelerator Institute,ai-accelerator-institute,True,,,,https://www.tech-week.com/calendar/nyc
84,Chief Information Security Officer Summit New York,2026-06-04,08:00:00,Thursday,2026-06-04 08:00,New York City,Midtown,Midtown,Morning,AI Accelerator Institute,AI Accelerator Institute,,AI Accelerator Institute,ai-accelerator-institute,True,,,,https://www.tech-week.com/calendar/nyc
110,Agentic AI Summit NYC,2026-06-04,08:00:00,Thursday,2026-06-04 08:00,New York City,Midtown,Midtown,Morning,AI Accelerator Institite,AI Accelerator Institite,,AI Accelerator Institite,ai-accelerator-institite,True,,,,https://www.tech-week.com/calendar/nyc
4042,Unfair Advantage,2026-06-04,08:00:00,Thursday,2026-06-04 08:00,New York City,Financial District,Financial District,Morning,Sales Parrot,Sales Parrot,,Sales Parrot,sales-parrot,True,,,,https://www.tech-week.com/calendar/nyc
4622,Big Data NYC,2026-06-04,08:00:00,Thursday,2026-06-04 08:00,New York City,Financial District,Financial District,Morning,About Blank Creative,About Blank Creative,,About Blank Creative,about-blank-creative,False,,https://partiful.com/e/nQFM0OFzDP65DYIKDBCm,nQFM0OFzDP65DYIKDBCm,https://www.tech-week.com/calendar/nyc
4662,"Agentic Commerce: What It Is, What It Isn’t – and Who It Should Serve",2026-06-04,08:00:00,Thursday,2026-06-04 08:00,New York City,SoHo,SoHo,Morning,Swap,Swap,,Swap,swap,False,,https://partiful.com/e/cR9UoTMss2rDPryQQTZh,cR9UoTMss2rDPryQQTZh,https://www.tech-week.com/calendar/nyc
5427,From unicorn to public: Executive forum on IPO readiness,2026-06-04,08:00:00,Thursday,2026-06-04 08:00,New York City,Financial District,Financial District,Morning,PwC,PwC,NYSE,PwC; NYSE,pwc; nyse,False,gold,https://partiful.com/e/R9L7G8gn58zhSRtBncv7,R9L7G8gn58zhSRtBncv7,https://www.tech-week.com/calendar/nyc
5440,a16z + Sequence + Thomson Group Ride: Watts & Multiples,2026-06-04,08:00:00,Thursday,2026-06-04 08:00,New York City,Central Park,Central Park,Morning,a16z,a16z,Sequence; Thompson,a16z; Sequence; Thompson,a16z; sequence; thompson,False,platinum,https://partiful.com/e/KMSWRIxZnOswbjCUdFLI,KMSWRIxZnOswbjCUdFLI,https://www.tech-week.com/calendar/nyc
6601,Coffee & Walk: Turning Deep Tech IP into Ventures,2026-06-04,08:00:00,Thursday,2026-06-04 08:00,New York City,Central Park,Central Park,Morning,Koc University,Koc University,,Koc University,koc-university,False,,https://partiful.com/e/LfcdIfXJm6zJ4eEI2RaJ,LfcdIfXJm6zJ4eEI2RaJ,https://www.tech-week.com/calendar/nyc
4667,Founder Boxing & Breakfast,2026-06-04,08:30:00,Thursday,2026-06-04 08:30,New York City,Tribeca,Tribeca,Morning,Rho,Rho,Outlander VC; Draper; BOXCLUB,Rho; Outlander VC; Draper; BOXCLUB,rho; outlander-vc; draper; boxclub,False,,https://partiful.com/e/nBbdixx4Uo0wcuWHxpgo,nBbdixx4Uo0wcuWHxpgo,https://www.tech-week.com/calendar/nyc
4844,Law in the Age of AI,2026-06-04,08:30:00,Thursday,2026-06-04 08:30,New York City,SoHo,SoHo,Morning,SimpleClosure,SimpleClosure,Carta,SimpleClosure; Carta,simpleclosure; carta,False,,https://partiful.com/e/aJLpUi2Ui1WZYrGLTHiF,aJLpUi2Ui1WZYrGLTHiF,https://www.tech-week.com/calendar/nyc
4989,Communications APIs & Coffee w/ Vonage...A Stroll through Central Park,2026-06-04,08:30:00,Thursday,2026-06-04 08:30,New York City,Central Park,Central Park,Morning,Vonage,Vonage,,Vonage,vonage,False,,https://partiful.com/e/AxEyDd2VdRrG1VU7mG3P,AxEyDd2VdRrG1VU7mG3P,https://www.tech-week.com/calendar/nyc
5401,Hackathon - Vehicle Aware AI,2026-06-04,08:30:00,Thursday,2026-06-04 08:30,New York City,Upper Manhattan,Upper Manhattan,Morning,Halo,Halo,,Halo,halo,True,,,,https://www.tech-week.com/calendar/nyc
5404,Entrepreneurs Run - 5 km,2026-06-04,08:30:00,Thursday,2026-06-04 08:30,New York City,Central Park,Central Park,Morning,LatentWorlds AI,LatentWorlds AI,,LatentWorlds AI,latentworlds-ai,False,,https://partiful.com/e/PAj0yD76njrxg5Mbyj7V,PAj0yD76njrxg5Mbyj7V,https://www.tech-week.com/calendar/nyc
5471,The Morning Bell,2026-06-04,08:30:00,Thursday,2026-06-04 08:30,New York City,Midtown,Midtown,Morning,Connor Group,Connor Group,a16z,Connor Group; a16z,connor-group; a16z,False,,https://partiful.com/e/llXiWmjG8QWnTZjhjpLc,llXiWmjG8QWnTZjhjpLc,https://www.tech-week.com/calendar/nyc
5793,Supermomos Private Founders Breakfast in NYC feat. Partner at M13 (~$2B AUM),2026-06-04,08:30:00,Thursday,2026-06-04 08:30,New York City,Midtown,Midtown,Morning,Supermomos,Supermomos,,Supermomos,supermomos,False,,https://partiful.com/e/LuziHALFvFZP6nJUhoIX,LuziHALFvFZP6nJUhoIX,https://www.tech-week.com/calendar/nyc
6165,Physical AI and the Connected Industry,2026-06-04,08:30:00,Thursday,2026-06-04 08:30,New York City,Flatiron,Flatiron,Morning,Blackhorn Ventures,Blackhorn Ventures,Holman Ventures,Blackhorn Ventures; Holman Ventures,blackhorn-ventures; holman-ventures,True,,,,https://www.tech-week.com/calendar/nyc
6641,Breakfast: Building AI Companies When the Stakes Have Never Been Higher,2026-06-04,08:30:00,Thursday,2026-06-04 08:30,New York City,East Village,East Village,Morning,Gamma,Gamma,,Gamma,gamma,True,,,,https://www.tech-week.com/calendar/nyc
6645,Self Care with SemperVirens VC,2026-06-04,08:30:00,Thursday,2026-06-04 08:30,New York City,Midtown,Midtown,Morning,SemperVirens VC,SemperVirens,,SemperVirens,sempervirens,False,,https://partiful.com/e/0aiMw5kuhE8yIzGTMpy6,0aiMw5kuhE8yIzGTMpy6,https://www.tech-week.com/calendar/nyc
4209,Stable Summit IV: New York City,2026-06-04,09:00:00,Thursday,2026-06-04 09:00,New York City,SoHo,SoHo,Morning,Stable Summit,Stable Summit,,Stable Summit,stable-summit,False,,https://partiful.com/e/JBz0cmetzCNNmrxKhAfI,JBz0cmetzCNNmrxKhAfI,https://www.tech-week.com/calendar/nyc
4234,Inside the Capital Stack: Emerging Managers & LPs,2026-06-04,09:00:00,Thursday,2026-06-04 09:00,New York City,Midtown,Midtown,Morning,New York Ventures,NY Ventures,,NY Ventures,ny-ventures,False,,https://partiful.com/e/X6gcykqwLI9ktdlTLALK,X6gcykqwLI9ktdlTLALK,https://www.tech-week.com/calendar/nyc
4276,AI GTM Coffee & Walk for Tech Founders,2026-06-04,09:00:00,Thursday,2026-06-04 09:00,New York City,Central Park,Central Park,Morning,AIMAR,AIMAR,,AIMAR,aimar,False,,https://partiful.com/e/mFZrUoTromWldzT4JrXy,mFZrUoTromWldzT4JrXy,https://www.tech-week.com/calendar/nyc
4425,Latinos In VC Vol lI,2026-06-04,09:00:00,Thursday,2026-06-04 09:00,New York City,Midtown,Midtown,Morning,Colectivo,Colectivo,,Colectivo,colectivo,False,,https://partiful.com/e/f6KrALsCB9k0DXqcG63d,f6KrALsCB9k0DXqcG63d,https://www.tech-week.com/calendar/nyc
4559,Founder Breakfast,2026-06-04,09:00:00,Thursday,2026-06-04 09:00,New York City,SoHo,SoHo,Morning,Brderless,Brderless,Persona,Brderless; Persona,brderless; persona,False,,https://partiful.com/e/iQA2Cr8FK3gaZTajVpiO,iQA2Cr8FK3gaZTajVpiO,https://www.tech-week.com/calendar/nyc
5128,AI x Longevity Summit,2026-06-04,09:00:00,Thursday,2026-06-04 09:00,New York City,Queens,Queens,Morning,Longevity Global,Longevity Global,Dovetail Biopartners; Yale University,Longevity Global; Dovetail Biopartners; Yale University,longevity-global; dovetail-biopartners; yale-university,False,,https://partiful.com/e/8bgCoU7MTA6AyqkNh6FZ,8bgCoU7MTA6AyqkNh6FZ,https://www.tech-week.com/calendar/nyc
5209,Snowflake Cafe at Verci: Leverage AI and Snowflake to Outpace Your Competition,2026-06-04,09:00:00,Thursday,2026-06-04 09:00,New York City,Flatiron,Flatiron,Morning,Snowflake,Snowflake,Verci,Snowflake; Verci,snowflake; verci,False,,https://partiful.com/e/JOh4G5YjH6PW0756ISsd,JOh4G5YjH6PW0756ISsd,https://www.tech-week.com/calendar/nyc
5377,Tarot and Term sheets - Female founders and investors,2026-06-04,09:00:00,Thursday,2026-06-04 09:00,New York City,Union Square,Union Square,Morning,Odin,Odin,Women in Tech,Odin; Women in Tech,odin; women-in-tech,False,,https://partiful.com/e/joP5OC0Ccs4xFrVBBkp1,joP5OC0Ccs4xFrVBBkp1,https://www.tech-week.com/calendar/nyc
5418,​SMB Healthcare Benefits Breakfast,2026-06-04,09:00:00,Thursday,2026-06-04 09:00,New York City,Flatiron,Flatiron,Morning,"CEO, DentalFynd","CEO, DentalFynd",,"CEO, DentalFynd",ceo-dentalfynd,False,,https://partiful.com/e/CU8HGeTEOW6mmQouXu4R,CU8HGeTEOW6mmQouXu4R,https://www.tech-week.com/calendar/nyc
6191,Health TechWalk,2026-06-04,09:00:00,Thursday,2026-06-04 09:00,New York City,Financial District,Financial District,Morning,TechWalk,TechWalk,,TechWalk,techwalk,False,,https://partiful.com/e/ZHsSj1cL8U5WhQgohQrV,ZHsSj1cL8U5WhQgohQrV,https://www.tech-week.com/calendar/nyc
6268,How Humans Experience AI (Design Workshop),2026-06-04,09:00:00,Thursday,2026-06-04 09:00,New York City,Flatiron,Flatiron,Morning,Tequity,Tequity,,Tequity,tequity,False,,https://partiful.com/e/8X6emlBMVyRd9hFpy4OM,8X6emlBMVyRd9hFpy4OM,https://www.tech-week.com/calendar/nyc
6297,Build AI w/ AWS,2026-06-04,09:00:00,Thursday,2026-06-04 09:00,New York City,Midtown,Midtown,Morning,Amazon Web Services,Amazon Web Services (AWS),,Amazon Web Services (AWS),amazon-web-services,False,gold,https://partiful.com/e/bKNSMIiBlDqn5RCekCyb,bKNSMIiBlDqn5RCekCyb,https://www.tech-week.com/calendar/nyc
6466,Latinos In VC Vol lI,2026-06-04,09:00:00,Thursday,2026-06-04 09:00,New York City,SoHo,SoHo,Morning,Bright Cup,Bright Cup,,Bright Cup,bright-cup,False,,https://partiful.com/e/f6KrALsCB9k0DXqcG63d,f6KrALsCB9k0DXqcG63d,https://www.tech-week.com/calendar/nyc
6501,Coworking Day at WeWork | June 4,2026-06-04,09:00:00,Thursday,2026-06-04 09:00,New York City,Midtown,Midtown,Morning,WeWork,WeWork,,WeWork,wework,True,,,,https://www.tech-week.com/calendar/nyc
6588,Tech Week Conversations: Crafting Community,2026-06-04,09:00:00,Thursday,2026-06-04 09:00,New York City,Tribeca,Tribeca,Morning,GoSadi,GoSadi,,GoSadi,gosadi,True,,,,https://www.tech-week.com/calendar/nyc
6607,Optimize Nonprofit Impact with monday.com AI,2026-06-04,09:00:00,Thursday,2026-06-04 09:00,New York City,Union Square,Union Square,Morning,monday.com,monday.com,,monday.com,monday-com,False,,https://partiful.com/e/qM9SmpgGutQg5bm5PLGI,qM9SmpgGutQg5bm5PLGI,https://www.tech-week.com/calendar/nyc
6647,The Venture Studio Playbook,2026-06-04,09:00:00,Thursday,2026-06-04 09:00,New York City,Flatiron,Flatiron,Morning,Fenwick,Fenwick,,Fenwick,fenwick,False,,https://partiful.com/e/LHa7ajTxQ2ocA6PaKy6j,LHa7ajTxQ2ocA6PaKy6j,https://www.tech-week.com/calendar/nyc
6546,"The ""Real Impact"" Angle (Focuses on Applied AI) The Hook: The AI Shift: From Hype to Applied Business Value.",2026-06-04,09:15:00,Thursday,2026-06-04 09:15,New York City,Midtown,Midtown,Morning,Consulate General of Argentina in New York,Consulate General of Argentina in New York,,Consulate General of Argentina in New York,consulate-general-of-argentina-in-new-york,False,,https://partiful.com/e/bFWbEF02HO3vpXGLOmMH,bFWbEF02HO3vpXGLOmMH,https://www.tech-week.com/calendar/nyc
169,Mind the Gap: Intelligence in Transition,2026-06-04,09:30:00,Thursday,2026-06-04 09:30,New York City,Upper Manhattan,Upper Manhattan,Morning,"STEM Educational Institute, Inc.","STEM Educational Institute, Inc.",,"STEM Educational Institute, Inc.",stem-educational-institute-inc,False,,https://partiful.com/e/JAFfRfnsp4ARFRlY4JnR,JAFfRfnsp4ARFRlY4JnR,https://www.tech-week.com/calendar/nyc
179,a16z Speedrun: Startup Culture Brunch for Angels+VCs,2026-06-04,09:30:00,Thursday,2026-06-04 09:30,New York City,Midtown,Midtown,Morning,a16z Speedrun,a16z speedrun,,a16z speedrun,a16z-speedrun,False,platinum,https://partiful.com/e/aFINYfh4iM7cXXzNqLi0,aFINYfh4iM7cXXzNqLi0,https://www.tech-week.com/calendar/nyc
4792,Pancakes* with PENSA: A Forum for Leaders of Hardware Startups,2026-06-04,09:30:00,Thursday,2026-06-04 09:30,New York City,Brooklyn,Brooklyn,Morning,Pensa,Pensa,,Pensa,pensa,False,,https://partiful.com/e/BDQPwKS8HqWD6G5p5lQI,BDQPwKS8HqWD6G5p5lQI,https://www.tech-week.com/calendar/nyc
5026,From Idea to Live MVP in 6 Hours with GitHub Copilot — $25K Azure Prize,2026-06-04,09:30:00,Thursday,2026-06-04 09:30,New York City,Financial District,Financial District,Morning,Microsoft,Microsoft,,Microsoft,microsoft,False,,https://partiful.com/e/8ziM85jjl6N9qzjZtFYf,8ziM85jjl6N9qzjZtFYf,https://www.tech-week.com/calendar/nyc
5816,Brews and Bagels,2026-06-04,09:30:00,Thursday,2026-06-04 09:30,New York City,Midtown,Midtown,Morning,France Ovalle,France Ovalle,Scalpels & Spreadsheets,France Ovalle; Scalpels & Spreadsheets,france-ovalle; scalpels-spreadsheets,False,,https://partiful.com/e/wvA7gbzRPoymxsIg1KJZ,wvA7gbzRPoymxsIg1KJZ,https://www.tech-week.com/calendar/nyc
6326,Just Build It: Vibe Coding Lab for Founders,2026-06-04,09:30:00,Thursday,2026-06-04 09:30,New York City,Flatiron,Flatiron,Morning,Vibe Code Mama,Vibe Code Mama,,Vibe Code Mama,vibe-code-mama,False,,https://partiful.com/e/ERKlFfoI0Tbw9CKCvFnj,ERKlFfoI0Tbw9CKCvFnj,https://www.tech-week.com/calendar/nyc
17,AI in Real Estate Summit,2026-06-04,10:00:00,Thursday,2026-06-04 10:00,New York City,Nomad,Nomad,Morning,Proptech Council,Proptech Council,,Proptech Council,proptech-council,False,,https://partiful.com/e/4o8WaAmgjpoMjk7qRwuI,4o8WaAmgjpoMjk7qRwuI,https://www.tech-week.com/calendar/nyc
4256,Founders & Funders: VC Reverse Pitch,2026-06-04,10:00:00,Thursday,2026-06-04 10:00,New York City,Midtown,Midtown,Morning,Founders & Funders,Founders N’ Funders,Microsoft,Founders N’ Funders; Microsoft,founders-n-funders; microsoft,False,,https://partiful.com/e/ZpetibTpS29umF27quIF,ZpetibTpS29umF27quIF,https://www.tech-week.com/calendar/nyc
4349,B2B Marketing Workshop: Strategic Foundations & AI Visibility Growth,2026-06-04,10:00:00,Thursday,2026-06-04 10:00,New York City,Financial District,Financial District,Morning,Boon Auditing,Boon Auditing,Cloudonix,Boon Auditing; Cloudonix,boon-auditing; cloudonix,False,,https://partiful.com/e/Xtt8gsxnBqQfcFSqTLFJ,Xtt8gsxnBqQfcFSqTLFJ,https://www.tech-week.com/calendar/nyc
4373,"Scaling Right: Capital, Tax, Talent, and Legal for Startups",2026-06-04,10:00:00,Thursday,2026-06-04 10:00,New York City,Midtown,Midtown,Morning,SOSA,SOSA,CLA (CliftonLarsonAllen); wiggin(x); TriNet,SOSA; CLA (CliftonLarsonAllen); wiggin(x); TriNet,sosa; cla-cliftonlarsonallen; wiggin-x; trinet,False,,https://partiful.com/e/bMKstHf0ullgoWj4gOg5,bMKstHf0ullgoWj4gOg5,https://www.tech-week.com/calendar/nyc
4640,Beyond the Terminal: Building AI for the Real World,2026-06-04,10:00:00,Thursday,2026-06-04 10:00,New York City,SoHo,SoHo,Morning,AIN Ventures,AIN Ventures,Differential Ventures,AIN Ventures; Differential Ventures,ain-ventures; differential-ventures,False,,https://partiful.com/e/NsKvGW4mUmItETWlK3v4,NsKvGW4mUmItETWlK3v4,https://www.tech-week.com/calendar/nyc
4870,Morning Brew: How Founders Win When Government Sets the Rules,2026-06-04,10:00:00,Thursday,2026-06-04 10:00,New York City,Lower East Side,Lower East Side,Morning,Tusk Venture Partners,Tusk Venture Partners,Odyssey,Tusk Venture Partners; Odyssey,tusk-ventures; odyssey,False,,https://partiful.com/e/SH6BD91ODnGWa6TGY52P,SH6BD91ODnGWa6TGY52P,https://www.tech-week.com/calendar/nyc
5294,"The Rise Circle: Founders, Investors & Innovation Leaders",2026-06-04,10:00:00,Thursday,2026-06-04 10:00,New York City,Midtown,Midtown,Morning,African Women in STEM,African Women in STEM,Altruistic Scribe,African Women in STEM; Altruistic Scribe,african-women-in-stem; altruistic-scribe,False,,https://partiful.com/e/nuG19qqVmzUPc7lcUsHr,nuG19qqVmzUPc7lcUsHr,https://www.tech-week.com/calendar/nyc
5426,AI in action: Executive roundtable & live demo forum,2026-06-04,10:00:00,Thursday,2026-06-04 10:00,New York City,Midtown,Midtown,Morning,PwC,PwC,,PwC,pwc,False,gold,https://partiful.com/e/ng86YpYK7z8hyoGBDHb2,ng86YpYK7z8hyoGBDHb2,https://www.tech-week.com/calendar/nyc
5803,SheSuite: AI Operators + Vibe Coding,2026-06-04,10:00:00,Thursday,2026-06-04 10:00,New York City,Union Square,Union Square,Morning,Sparx Labs,Sparx Labs,Tavia Health,Sparx Labs; Tavia Health,sparx-labs; tavia-health,False,,https://partiful.com/e/JYpVVnt8arHL8QFFVE4O,JYpVVnt8arHL8QFFVE4O,https://www.tech-week.com/calendar/nyc
5809,Breakfast & Build: A Community Brunch for Diverse Founders & Execs,2026-06-04,10:00:00,Thursday,2026-06-04 10:00,New York City,Midtown,Midtown,Morning,Accessible AI for All,Accessible AI for All,Angel Hive,Accessible AI for All; Angel Hive,accessible-ai-for-all; angel-hive,False,,https://partiful.com/e/l5ZDdLiowT38u4m6924Q,l5ZDdLiowT38u4m6924Q,https://www.tech-week.com/calendar/nyc
6566,AI Founder × VC Breakfast,2026-06-04,10:00:00,Thursday,2026-06-04 10:00,New York City,SoHo,SoHo,Morning,You.com,You.com,,You.com,you-com,False,,https://partiful.com/e/Cm9Vo7iQf7tMc60ZdAcN,Cm9Vo7iQf7tMc60ZdAcN,https://www.tech-week.com/calendar/nyc
6752,NY TECH WEEK: PHOTOS & BRANDING EXPERIENCE,2026-06-04,10:00:00,Thursday,2026-06-04 10:00,New York City,East Village,East Village,Morning,Vinrelo,Vinrelo,Bussalenz Media,Vinrelo; Bussalenz Media,vinrelo; bussalenz-media,False,,https://partiful.com/e/Yeub3FdGWyhtwhpIwUOm,Yeub3FdGWyhtwhpIwUOm,https://www.tech-week.com/calendar/nyc
6448,Bring Your Product. We'll Break It.,2026-06-04,10:30:00,Thursday,2026-06-04 10:30,New York City,Flatiron,Flatiron,Morning,Tequity,Tequity,,Tequity,tequity,False,,https://partiful.com/e/yLzERjsutx3rP8h0Dw3m,yLzERjsutx3rP8h0Dw3m,https://www.tech-week.com/calendar/nyc
260,[AI in Healthcare],2026-06-04,11:00:00,Thursday,2026-06-04 11:00,New York City,Virtual (NYC),Virtual (NYC),Morning,MedPhone AI,MedPhone AI,Physician,MedPhone AI; Physician,medphone-ai; physician,False,,https://partiful.com/e/9XmSuiPSt1guAbEoiGeC,9XmSuiPSt1guAbEoiGeC,https://www.tech-week.com/calendar/nyc
4393,Board Games & Chill,2026-06-04,11:00:00,Thursday,2026-06-04 11:00,New York City,Hudson Yards,Hudson Yards,Morning,Mentor Me Collective,Mentor Me Collective,Apache Beam; MeshIQ,Mentor Me Collective; Apache Beam; MeshIQ,mentor-me-collective; apache-beam; meshiq,False,,https://partiful.com/e/0BKvQ3xufkQ7kvMMKcZN,0BKvQ3xufkQ7kvMMKcZN,https://www.tech-week.com/calendar/nyc
4609,Healthtech Social,2026-06-04,11:00:00,Thursday,2026-06-04 11:00,New York City,Midtown,Midtown,Morning,Alopex,Alopex,Scalpels & Spreadsheets,Alopex; Scalpels & Spreadsheets,alopex; scalpels-spreadsheets,False,,https://partiful.com/e/GWdf3iQxpAp9j1zEAOaI,GWdf3iQxpAp9j1zEAOaI,https://www.tech-week.com/calendar/nyc
4829,"Founder Lunch Club w/ Fin, Stripe, London & Partners",2026-06-04,11:00:00,Thursday,2026-06-04 11:00,New York City,SoHo,SoHo,Morning,Fin,Fin,Stripe,Fin; Stripe,fin; stripe,False,gold,https://partiful.com/e/dNyJfF1YLi6KV6hSI5em,dNyJfF1YLi6KV6hSI5em,https://www.tech-week.com/calendar/nyc
5250,The Founder's Exit Hackathon: From Identity to Asset,2026-06-04,11:00:00,Thursday,2026-06-04 11:00,New York City,Flatiron,Flatiron,Morning,Exette,Exette,,Exette,exette,False,,https://partiful.com/e/mfI66ljwzfZeqxn7v52g,mfI66ljwzfZeqxn7v52g,https://www.tech-week.com/calendar/nyc
5805,How Growth-Stage Companies Are Scaling Marketing,2026-06-04,11:00:00,Thursday,2026-06-04 11:00,New York City,Brooklyn,Brooklyn,Morning,Azarian Growth Agency,Azarian Growth Agency,,Azarian Growth Agency,azarian-growth-agency,False,,https://partiful.com/e/wMkipiKi9qhEhJC9uZSN,wMkipiKi9qhEhJC9uZSN,https://www.tech-week.com/calendar/nyc
6370,"Data in Motion NYC: Messaging, Streaming & Processing",2026-06-04,11:00:00,Thursday,2026-06-04 11:00,New York City,Midtown,Midtown,Morning,Beam Summit,Beam Summit,Google Cloud,Beam Summit; Google Cloud,beam-summit; google-cloud,False,,https://partiful.com/e/lqu38pgygnmLVET26n7I,lqu38pgygnmLVET26n7I,https://www.tech-week.com/calendar/nyc
6423,The Future of Software Engineering in Today’s AI World,2026-06-04,11:00:00,Thursday,2026-06-04 11:00,New York City,Flatiron,Flatiron,Morning,IBM,IBM,,IBM,ibm,False,platinum,https://partiful.com/e/Rkq2hWr7bs4M3IACDacF,Rkq2hWr7bs4M3IACDacF,https://www.tech-week.com/calendar/nyc
6549,The Autonomous enterprise: You're Not Late. You're Right on Time,2026-06-04,11:00:00,Thursday,2026-06-04 11:00,New York City,Midtown,Midtown,Morning,WillDom,WillDom,Consulate General of Argentina in New York; JeenAI,WillDom; Consulate General of Argentina in New York; JeenAI,willdom; consulate-general-of-argentina-in-new-york; jeenai,False,,https://partiful.com/e/FMRHU5PZmbpskRMORfqK,FMRHU5PZmbpskRMORfqK,https://www.tech-week.com/calendar/nyc
6568,Southern Code — Harness Engineering for Founders: How to Ship Real Software with AI,2026-06-04,11:00:00,Thursday,2026-06-04 11:00,New York City,Central Park,Central Park,Morning,Southern Code,Southern Code,Consulate General of Argentina in New York,Southern Code; Consulate General of Argentina in New York,southern-code; consulate-general-of-argentina-in-new-york,False,,https://partiful.com/e/JSaitRA2wgRoRy9FP45G,JSaitRA2wgRoRy9FP45G,https://www.tech-week.com/calendar/nyc
6587,Rewiring Humans for AI Era,2026-06-04,11:00:00,Thursday,2026-06-04 11:00,New York City,Midtown,Midtown,Morning,RobinTests,RobinTests,Consulate General of Argentina in New York,RobinTests; Consulate General of Argentina in New York,robintests; consulate-general-of-argentina-in-new-york,False,,https://partiful.com/e/3FJhBMtmVPBNG5pIaPlb,3FJhBMtmVPBNG5pIaPlb,https://www.tech-week.com/calendar/nyc
4756,Building in the Physical World with AI,2026-06-04,11:30:00,Thursday,2026-06-04 11:30,New York City,Flatiron,Flatiron,Morning,NextView Ventures,NextView Ventures,,NextView Ventures,nextview-ventures,False,,https://partiful.com/e/ET08mdx8yiVrNczoRIBj,ET08mdx8yiVrNczoRIBj,https://www.tech-week.com/calendar/nyc
6814,"Big Apple, Bigger AI",2026-06-04,11:30:00,Thursday,2026-06-04 11:30,New York City,Midtown,Midtown,Morning,Upstarts Media,Upstarts Media,Vanta; Company Ventures; Airwallex,Upstarts Media; Vanta; Company Ventures; Airwallex,upstarts-media; vanta; the-ventures; airwallex,False,,https://partiful.com/e/usTxNe1nWX3BBZB7GT9m,usTxNe1nWX3BBZB7GT9m,https://www.tech-week.com/calendar/nyc
125,AI in Enterprise,2026-06-04,12:00:00,Thursday,2026-06-04 12:00,New York City,Midtown,Midtown,Noon,Nodes Inc,Nodes Inc,,Nodes Inc,nodes-inc,False,,https://partiful.com/e/dMstVg7vViat0KgKWCsk,dMstVg7vViat0KgKWCsk,https://www.tech-week.com/calendar/nyc
5091,Preparing Today for a Strong Exit Tomorrow,2026-06-04,12:00:00,Thursday,2026-06-04 12:00,New York City,Midtown,Midtown,Noon,Ellis Law Group,Ellis Law Group,,Ellis Law Group,ellis-law-group,False,,https://partiful.com/e/WXYNNxKX6xuZYPv1R0nY,WXYNNxKX6xuZYPv1R0nY,https://www.tech-week.com/calendar/nyc
5154,Collective Action for AI Safety,2026-06-04,12:00:00,Thursday,2026-06-04 12:00,New York City,Financial District,Financial District,Noon,Spartacus.app,Spartacus.app,,Spartacus.app,spartacus-app,False,,https://partiful.com/e/hNaQJhWwvkvbnYnzfmu5,hNaQJhWwvkvbnYnzfmu5,https://www.tech-week.com/calendar/nyc
5239,AuthorHaus Panel: Who Owns Your Ideas in the AI Era?,2026-06-04,12:00:00,Thursday,2026-06-04 12:00,New York City,Murray Hill,Murray Hill,Noon,Walker Media LLC,Walker Media LLC,,Walker Media LLC,walker-media-llc,False,,https://partiful.com/e/snxRe8QOXHDYcWtGhZVn,snxRe8QOXHDYcWtGhZVn,https://www.tech-week.com/calendar/nyc
5252,Make Your MarTech Work Harder,2026-06-04,12:00:00,Thursday,2026-06-04 12:00,New York City,Virtual (NYC),Virtual (NYC),Noon,Escape Velocity Digital,Escape Velocity Digital,Axioned,Escape Velocity Digital; Axioned,escape-velocity-digital; axioned,False,,https://partiful.com/e/sydC8oyWk7m8BNMV7A4r,sydC8oyWk7m8BNMV7A4r,https://www.tech-week.com/calendar/nyc
5325,The Operators Behind the Operators,2026-06-04,12:00:00,Thursday,2026-06-04 12:00,New York City,Midtown,Midtown,Noon,New York Robotics,New York Robotics,EisnerAmper,New York Robotics; EisnerAmper,new-york-robotics; eisneramper,False,,https://partiful.com/e/GSRIMLKsiwt2WYLiw8TC,GSRIMLKsiwt2WYLiw8TC,https://www.tech-week.com/calendar/nyc
5783,Two Live Builds: AI Trading Agents with Alpaca + Live Trading Systems with MachineTrader,2026-06-04,12:00:00,Thursday,2026-06-04 12:00,New York City,Union Square,Union Square,Noon,MachineTrader.io Inc.,MachineTrader.io Inc.,Alpaca Securities LLC,MachineTrader.io Inc.; Alpaca Securities LLC,machinetrader-io-inc; alpaca-securities-llc,False,,https://partiful.com/e/zR6LO2nZY9AJ78Ya5um9,zR6LO2nZY9AJ78Ya5um9,https://www.tech-week.com/calendar/nyc
5787,Lunch & Cocktail Reception at Casa Cipriani *Invite-Only*,2026-06-04,12:00:00,Thursday,2026-06-04 12:00,New York City,Financial District,Financial District,Noon,liquidity,liquidity,,liquidity,liquidity,True,,,,https://www.tech-week.com/calendar/nyc
6245,Pitch Like a Lawyer : Build a Winning Case for Investors,2026-06-04,12:00:00,Thursday,2026-06-04 12:00,New York City,Midtown,Midtown,Noon,Kushner Executive Advisory,Kushner Executive Advisory,,Kushner Executive Advisory,kushner-executive-advisory,False,,https://partiful.com/e/hAARVrxCJQoBOlxlp2Nd,hAARVrxCJQoBOlxlp2Nd,https://www.tech-week.com/calendar/nyc
152,Bridging Together Communities & AI,2026-06-04,12:30:00,Thursday,2026-06-04 12:30,New York City,Chinatown,Chinatown,Noon,HealthBridge,HealthBridge,YOUTH CIVIC SERVICE INC.,HealthBridge; YOUTH CIVIC SERVICE INC.,healthbridge; youth-civic-service-inc,False,,https://partiful.com/e/90GOuJSB0E4e46U5Bo4b,90GOuJSB0E4e46U5Bo4b,https://www.tech-week.com/calendar/nyc
4418,"How Founders Hire, Lead & Scale Without Burnout",2026-06-04,12:30:00,Thursday,2026-06-04 12:30,New York City,Virtual (NYC),Virtual (NYC),Noon,GroundedForward,GroundedForward,,GroundedForward,groundedforward,False,,https://partiful.com/e/PJAnIbUBwQNC4wGsGaBq,PJAnIbUBwQNC4wGsGaBq,https://www.tech-week.com/calendar/nyc
6642,The Semiconductor & AI Supply Chain Lunch: Investors & Operators,2026-06-04,12:30:00,Thursday,2026-06-04 12:30,New York City,Nomad,Nomad,Noon,Silicon Frontier,Silicon Frontier,Startup Baddie,Silicon Frontier; Startup Baddie,silicon-frontier; startup-baddie,False,,https://partiful.com/e/WJe6XcxPXwbpCiCVLCas,WJe6XcxPXwbpCiCVLCas,https://www.tech-week.com/calendar/nyc
4452,BYOA,2026-06-04,13:00:00,Thursday,2026-06-04 13:00,New York City,Midtown,Midtown,Afternoon,Dedalus Labs,Dedalus Labs,,Dedalus Labs,dedalus-labs,False,,https://partiful.com/e/ESd12nAZZeNPBIdNfTUf,ESd12nAZZeNPBIdNfTUf,https://www.tech-week.com/calendar/nyc
5636,Autonomously Improving Agent Swarms with Weights & Biases,2026-06-04,13:00:00,Thursday,2026-06-04 13:00,New York City,Midtown,Midtown,Afternoon,CoreWeave,CoreWeave,,CoreWeave,coreweave,False,,https://partiful.com/e/O9JiMBw5xJlUGJtsYtrt,O9JiMBw5xJlUGJtsYtrt,https://www.tech-week.com/calendar/nyc
5674,From Start to Scale | Women Running Businesses,2026-06-04,13:00:00,Thursday,2026-06-04 13:00,New York City,Hudson Yards,Hudson Yards,Afternoon,Bernstein Private Wealth,Bernstein Private Wealth Management,Collected Company; C10 Labs,Bernstein Private Wealth Management; Collected Company; C10 Labs,bernstein-private-wealth-management; collected-company; c10-labs,True,,,,https://www.tech-week.com/calendar/nyc
5789,Q2 2026 State of AI + AE (Autonomous Economy) & Investment Opportunities,2026-06-04,13:00:00,Thursday,2026-06-04 13:00,New York City,Virtual (NYC),Virtual (NYC),Afternoon,Untapped Ventures,Untapped Ventures,,Untapped Ventures,untapped-ventures,False,,https://partiful.com/e/QDVul6t9zZuHr6NvZYrF,QDVul6t9zZuHr6NvZYrF,https://www.tech-week.com/calendar/nyc
6526,The Mooch and IBM’s Gary Cohn on Owning the Future: Digital Sovereignty in the Age of AI,2026-06-04,13:00:00,Thursday,2026-06-04 13:00,New York City,Flatiron,Flatiron,Afternoon,IBM,IBM,,IBM,ibm,False,platinum,https://partiful.com/e/tUV88fW7J763Q0ZLdTBI,tUV88fW7J763Q0ZLdTBI,https://www.tech-week.com/calendar/nyc
6754,TECH WEEK VISIONARY HUB,2026-06-04,13:00:00,Thursday,2026-06-04 13:00,New York City,East Village,East Village,Afternoon,Vinrelo,Vinrelo,,Vinrelo,vinrelo,False,,https://partiful.com/e/DQLmNSvszUDBdewZ60Rb,DQLmNSvszUDBdewZ60Rb,https://www.tech-week.com/calendar/nyc
4494,Women in Finance: Panel & Puppy Yoga,2026-06-04,13:30:00,Thursday,2026-06-04 13:30,New York City,Flatiron,Flatiron,Afternoon,Pigment,Pigment,,Pigment,pigment,False,,https://partiful.com/e/5brBOX6e1W7B5elBchq7,5brBOX6e1W7B5elBchq7,https://www.tech-week.com/calendar/nyc
5069,Self-Custody Starts with Health by ionava @ Othership,2026-06-04,13:30:00,Thursday,2026-06-04 13:30,New York City,Brooklyn,Brooklyn,Afternoon,Coeus Collective Ventures,Coeus Collective Ventures,ionava,Coeus Collective Ventures; ionava,coeus-collective-ventures; ionava,False,,https://partiful.com/e/QhKMD8jxyBTLBPL2WlQJ,QhKMD8jxyBTLBPL2WlQJ,https://www.tech-week.com/calendar/nyc
30,HearstLab AI Pitch & Showcase,2026-06-04,14:00:00,Thursday,2026-06-04 14:00,New York City,Midtown,Midtown,Afternoon,HearstLab,HearstLab,,HearstLab,hearstlab,False,,https://partiful.com/e/3vxIg2S6kieQBEjPoPgg,3vxIg2S6kieQBEjPoPgg,https://www.tech-week.com/calendar/nyc
35,Inside the Investor Mindset: What It Really Takes,2026-06-04,14:00:00,Thursday,2026-06-04 14:00,New York City,Virtual (NYC),Virtual (NYC),Afternoon,Your First Angel,Your First Angel,,Your First Angel,your-first-angel,False,,https://partiful.com/e/pnXa8toI47YgXtDi6fLx,pnXa8toI47YgXtDi6fLx,https://www.tech-week.com/calendar/nyc
157,Happy Wellness Group Demo Day II,2026-06-04,14:00:00,Thursday,2026-06-04 14:00,New York City,Midtown,Midtown,Afternoon,Happy Wellness Group,Happy Wellness Group,,Happy Wellness Group,happy-wellness-group,False,,https://partiful.com/e/ZKdzI3nrlNT6w8ofxtWk,ZKdzI3nrlNT6w8ofxtWk,https://www.tech-week.com/calendar/nyc
195,Gen Z Founder + Creator Mixer,2026-06-04,14:00:00,Thursday,2026-06-04 14:00,New York City,East Village,East Village,Afternoon,GenZtea,GenZtea,,GenZtea,genztea,False,,https://partiful.com/e/T7KQRZ1EBzOI0lhAdXwp,T7KQRZ1EBzOI0lhAdXwp,https://www.tech-week.com/calendar/nyc
4398,Secondary is Primary Panel & Happy Hour,2026-06-04,14:00:00,Thursday,2026-06-04 14:00,New York City,SoHo,SoHo,Afternoon,Manhattan Venture Partners,Manhattan Venture Partners,,Manhattan Venture Partners,manhattan-venture-partners,False,,https://partiful.com/e/Qe0yJoqr1sgMYukouF73,Qe0yJoqr1sgMYukouF73,https://www.tech-week.com/calendar/nyc
4516,Scaling Series A and Beyond,2026-06-04,14:00:00,Thursday,2026-06-04 14:00,New York City,Union Square,Union Square,Afternoon,Ellis,Ellis,Carta; Ramp,Ellis; Carta; Ramp,ellis; carta; ramp,False,,https://partiful.com/e/XkxlWL0tKACGxHUf194f,XkxlWL0tKACGxHUf194f,https://www.tech-week.com/calendar/nyc
4623,Female Founder Pitch Day! +networking,2026-06-04,14:00:00,Thursday,2026-06-04 14:00,New York City,Midtown,Midtown,Afternoon,Fierce Foundry,Fierce Foundry,Perkins Coie,Fierce Foundry; Perkins Coie,fierce-foundry; perkins-coie,False,,https://partiful.com/e/LLiCxUejAn5y5prqxhg2,LLiCxUejAn5y5prqxhg2,https://www.tech-week.com/calendar/nyc
4840,Health AI from Research to Production,2026-06-04,14:00:00,Thursday,2026-06-04 14:00,New York City,Midtown,Midtown,Afternoon,Bright Signal Consulting,Bright Signal Consulting,Scalpels & Spreadsheets,Bright Signal Consulting; Scalpels & Spreadsheets,bright-signal-consulting; scalpels-spreadsheets,False,,https://partiful.com/e/BSTxVUJmobXv6Y1EYQDX,BSTxVUJmobXv6Y1EYQDX,https://www.tech-week.com/calendar/nyc
4863,OpenAI Builder Lounge,2026-06-04,14:00:00,Thursday,2026-06-04 14:00,New York City,SoHo,SoHo,Afternoon,OpenAI,OpenAI,,OpenAI,openai,False,,https://partiful.com/e/ivy3zWZg7HTpUJBnhy3e,ivy3zWZg7HTpUJBnhy3e,https://www.tech-week.com/calendar/nyc
4987,Proof of Build -An agent building hackathon by Lyzr,2026-06-04,14:00:00,Thursday,2026-06-04 14:00,New York City,SoHo,SoHo,Afternoon,Lyzr,Lyzr,,Lyzr,lyzr,False,,https://partiful.com/e/w3EFGHHBj4EKAbmifC0I,w3EFGHHBj4EKAbmifC0I,https://www.tech-week.com/calendar/nyc
5051,Community Jam: NYC,2026-06-04,14:00:00,Thursday,2026-06-04 14:00,New York City,Midtown,Midtown,Afternoon,Snyk,Snyk,,Snyk,snyk,False,,https://partiful.com/e/VlgbZfX2aKmyl0kobR3q,VlgbZfX2aKmyl0kobR3q,https://www.tech-week.com/calendar/nyc
5074,Community Jam: NYC,2026-06-04,14:00:00,Thursday,2026-06-04 14:00,New York City,Chelsea,Chelsea,Afternoon,Snyk,Snyk,,Snyk,snyk,False,,https://partiful.com/e/VlgbZfX2aKmyl0kobR3q,VlgbZfX2aKmyl0kobR3q,https://www.tech-week.com/calendar/nyc
5786,Party w/ PicklePals Tech x Pickleball,2026-06-04,14:00:00,Thursday,2026-06-04 14:00,New York City,Midtown,Midtown,Afternoon,Picklepals,Picklepals,,Picklepals,picklepals,False,,https://partiful.com/e/0lVRgZZsy5HiavSn5j72,0lVRgZZsy5HiavSn5j72,https://www.tech-week.com/calendar/nyc
5794,The City Hacks the State: Part 1 - Panel Discussion,2026-06-04,14:00:00,Thursday,2026-06-04 14:00,New York City,Meatpacking District,Meatpacking District,Afternoon,JEA Advertising,JEA Advertising,InsureMEP,JEA Advertising; InsureMEP,jea-advertising; insuremep,False,,https://partiful.com/e/rYEwnDFPz3NvShbq76M1,rYEwnDFPz3NvShbq76M1,https://www.tech-week.com/calendar/nyc
5797,AI at Scale: From Deployment to Business Impact,2026-06-04,14:00:00,Thursday,2026-06-04 14:00,New York City,Midtown,Midtown,Afternoon,Jobbrex,Jobbrex,SocialEDG,Jobbrex; SocialEDG,jobbrex; socialedg,False,,https://partiful.com/e/kWJ6biyd9u1mGrlP3NU4,kWJ6biyd9u1mGrlP3NU4,https://www.tech-week.com/calendar/nyc
5814,CEOSocial.io Speed Networking Mixer Tech Week NYC!,2026-06-04,14:00:00,Thursday,2026-06-04 14:00,New York City,Midtown,Midtown,Afternoon,Pitch4Capital.com,Pitch4Capital.com,,Pitch4Capital.com,pitch4capital-com,True,,,,https://www.tech-week.com/calendar/nyc
6494,Agentic Commerce Decoded,2026-06-04,14:00:00,Thursday,2026-06-04 14:00,New York City,Midtown,Midtown,Afternoon,Azoma AI,Azoma AI,,Azoma AI,azoma-ai,True,,,,https://www.tech-week.com/calendar/nyc
6503,Women in Tech Collective,2026-06-04,14:00:00,Thursday,2026-06-04 14:00,New York City,Midtown,Midtown,Afternoon,Per Scholas New York,Per Scholas New York,New Women New Yorkers,Per Scholas New York; New Women New Yorkers,per-scholas-new-york; new-women-new-yorkers,False,,https://partiful.com/e/9qwEMzu2QRBGEzchXnPL,9qwEMzu2QRBGEzchXnPL,https://www.tech-week.com/calendar/nyc
6522,Tech:NYC's Decoded Futures Build Day,2026-06-04,14:00:00,Thursday,2026-06-04 14:00,New York City,Financial District,Financial District,Afternoon,Decoded Futures at Tech:NYC,Decoded Futures (Tech:NYC),,Decoded Futures (Tech:NYC),decoded-futures-tech-nyc,False,,https://partiful.com/e/KOwyHVmXJ0MHmuKHPRmu,KOwyHVmXJ0MHmuKHPRmu,https://www.tech-week.com/calendar/nyc
4918,White Space: Custom AF1 Workshop for CMOs,2026-06-04,14:30:00,Thursday,2026-06-04 14:30,New York City,Union Square,Union Square,Afternoon,Meet The Edge,Meet The Edge,Partytrick; ViewEngine,Meet The Edge; Partytrick; ViewEngine,meet-the-edge; partytrick; viewengine,False,,https://partiful.com/e/qbDSnp1ZsPjrh0Z4SsCH,qbDSnp1ZsPjrh0Z4SsCH,https://www.tech-week.com/calendar/nyc
5371,GenAi: Acquire Properties Swiftly,2026-06-04,14:30:00,Thursday,2026-06-04 14:30,New York City,Central Park,Central Park,Afternoon,"Project Reds, Inc.","Project Reds, Inc.",,"Project Reds, Inc.",project-reds-inc,False,,https://partiful.com/e/1tdv13r8Ven8DkmlqSvF,1tdv13r8Ven8DkmlqSvF,https://www.tech-week.com/calendar/nyc
5719,IBM Sports Tech Startup Challenge Showcase co-hosted with Comcast Ventures,2026-06-04,14:30:00,Thursday,2026-06-04 14:30,New York City,Flatiron,Flatiron,Afternoon,IBM,IBM,Comcast Ventures,IBM; Comcast Ventures,ibm; comcast-ventures,False,platinum,https://partiful.com/e/Xjjtc1Cr1VTMlBMCMvcY,Xjjtc1Cr1VTMlBMCMvcY,https://www.tech-week.com/calendar/nyc
6556,Screens That See: How AI Is Turning Signage Into Revenue.,2026-06-04,14:30:00,Thursday,2026-06-04 14:30,New York City,Midtown,Midtown,Afternoon,WillDom,WillDom,Consulate General of Argentina in New York; CieloVision,WillDom; Consulate General of Argentina in New York; CieloVision,willdom; consulate-general-of-argentina-in-new-york; cielovision,False,,https://partiful.com/e/Z8jfrYxy2LpndGfiyoDF,Z8jfrYxy2LpndGfiyoDF,https://www.tech-week.com/calendar/nyc
4502,Wear Your Coach: A Live Wearable Movement Demo,2026-06-04,15:00:00,Thursday,2026-06-04 15:00,New York City,Chinatown,Chinatown,Afternoon,Dongan Electrical Engineering,Dongan Electrical Engineering,,Dongan Electrical Engineering,dongan-electrical-engineering,False,,https://partiful.com/e/wzyk1u8WVdwAoMGw0ceX,wzyk1u8WVdwAoMGw0ceX,https://www.tech-week.com/calendar/nyc
4825,Your Next Exec Won't Be Human,2026-06-04,15:00:00,Thursday,2026-06-04 15:00,New York City,Flatiron,Flatiron,Afternoon,Masinov Company / Claw Mart,Masinov Company / Claw Mart,Build Momentum,Masinov Company / Claw Mart; Build Momentum,masinov-company-claw-mart; build-momentum,False,,https://partiful.com/e/qqC3IXlm4F4XffMCo8WL,qqC3IXlm4F4XffMCo8WL,https://www.tech-week.com/calendar/nyc
5318,The Rise Circle - The Reset Room Sound Bath,2026-06-04,15:00:00,Thursday,2026-06-04 15:00,New York City,Midtown,Midtown,Afternoon,Altruistic Scribe Company,Altruistic Scribe Company,African Women in STEM,Altruistic Scribe Company; African Women in STEM,altruistic-scribe-company; african-women-in-stem,False,,https://partiful.com/e/wgdV8OJvF9oyEsgJbfR7,wgdV8OJvF9oyEsgJbfR7,https://www.tech-week.com/calendar/nyc
5428,The Founder Match,2026-06-04,15:00:00,Thursday,2026-06-04 15:00,New York City,Flatiron,Flatiron,Afternoon,Inception Studio,Inception Studio,,Inception Studio,inception-studio,True,,,,https://www.tech-week.com/calendar/nyc
5623,IEEE and the future of AI,2026-06-04,15:00:00,Thursday,2026-06-04 15:00,New York City,Murray Hill,Murray Hill,Afternoon,IEEE,IEEE,,IEEE,ieee,False,,https://partiful.com/e/N2keUjttusXkEOfbu9Cv,N2keUjttusXkEOfbu9Cv,https://www.tech-week.com/calendar/nyc
5634,Data Driven Dealmaking: AI’s Role in Modern Tech Transactions,2026-06-04,15:00:00,Thursday,2026-06-04 15:00,New York City,Midtown,Midtown,Afternoon,Weaver,Weaver,1 Business World; Fox Rothschild; VNTR,Weaver; 1 Business World; Fox Rothschild; VNTR,weaver; 1-business-world; fox-rothschild; vntr,True,,,,https://www.tech-week.com/calendar/nyc
6468,An Executive Harbor Dinner Experience,2026-06-04,15:00:00,Thursday,2026-06-04 15:00,New York City,Chelsea,Chelsea,Afternoon,Gathering of Minds,Gathering of Minds,,Gathering of Minds,gathering-of-minds,False,,https://partiful.com/e/cbyBD4xAhpcd4mEeBJOG,cbyBD4xAhpcd4mEeBJOG,https://www.tech-week.com/calendar/nyc
4471,Construction: AI Foresight Over Firefighting,2026-06-04,15:30:00,Thursday,2026-06-04 15:30,New York City,Financial District,Financial District,Afternoon,Jobotics,Jobotics,Bowser AI,Jobotics; Bowser AI,jobotics; bowser-ai,False,,https://partiful.com/e/Zvvlqyq8a1QOStZXGQry,Zvvlqyq8a1QOStZXGQry,https://www.tech-week.com/calendar/nyc
5109,"AI for Finance: Building with Claude + Excel, MCP, and more!",2026-06-04,15:30:00,Thursday,2026-06-04 15:30,New York City,Financial District,Financial District,Afternoon,Pluvo,Pluvo,,Pluvo,pluvo,False,,https://partiful.com/e/HjUT9chDvQXxrCHGkfcA,HjUT9chDvQXxrCHGkfcA,https://www.tech-week.com/calendar/nyc
5795,"AI Cruise Happy Hour: AGI House, Alpha Square Group, General Catalyst, MongoDB & Backcountry.vc",2026-06-04,15:30:00,Thursday,2026-06-04 15:30,New York City,East Village,East Village,Afternoon,AGI House,AGI House,Alpha Square Group; Fidelity; Backcountry VC,AGI House; Alpha Square Group; Fidelity; Backcountry VC,agi-house; alpha-square-group; fidelity; backcountry-vc,False,,https://partiful.com/e/bzH8pCNS375AWo2jUqlD,bzH8pCNS375AWo2jUqlD,https://www.tech-week.com/calendar/nyc
6243,Healthcare Power Walk for Real Talk |,2026-06-04,15:30:00,Thursday,2026-06-04 15:30,New York City,Central Park,Central Park,Afternoon,Lowenstein Sandler,Lowenstein Sandler,Silicon Valley Bank; Oughta,Lowenstein Sandler; Silicon Valley Bank; Oughta,lowenstein-sandler; silicon-valley-bank; oughta,False,,https://partiful.com/e/1mYYwDoQV3EtIxTp2kU6,1mYYwDoQV3EtIxTp2kU6,https://www.tech-week.com/calendar/nyc
4228,Happy Hour: Qapita,2026-06-04,16:00:00,Thursday,2026-06-04 16:00,New York City,Chinatown,Chinatown,Afternoon,Qapita,Qapita,,Qapita,qapita,False,,https://partiful.com/e/8UaZ7T4xlzKG1R2LeAvY,8UaZ7T4xlzKG1R2LeAvY,https://www.tech-week.com/calendar/nyc
4586,VC Connect,2026-06-04,16:00:00,Thursday,2026-06-04 16:00,New York City,Central Park,Central Park,Afternoon,Lazo Fintech Inc,Lazo Fintech Inc,,Lazo Fintech Inc,lazo-fintech-inc,False,,https://partiful.com/e/2nxAO6q4kirC15aKFzuF,2nxAO6q4kirC15aKFzuF,https://www.tech-week.com/calendar/nyc
4694,From First Principles: Physics AI for the Next Era of Industrial Innovation,2026-06-04,16:00:00,Thursday,2026-06-04 16:00,New York City,Flatiron,Flatiron,Afternoon,PhysicsX,PhysicsX,NVIDIA,PhysicsX; NVIDIA,physicsx; nvidia,False,,https://partiful.com/e/NEVIHlvoy0l9uAXH63P5,NEVIHlvoy0l9uAXH63P5,https://www.tech-week.com/calendar/nyc
4724,Hospitality & Hotel Tech: Casual Conversations,2026-06-04,16:00:00,Thursday,2026-06-04 16:00,New York City,Midtown,Midtown,Afternoon,Vosant Meetings,Vosant Meetings,,Vosant Meetings,vosant-meetings,False,,https://partiful.com/e/9lSsuMRBptuEgJaD4ByK,9lSsuMRBptuEgJaD4ByK,https://www.tech-week.com/calendar/nyc
5103,LP Collective Happy Hour,2026-06-04,16:00:00,Thursday,2026-06-04 16:00,New York City,Midtown,Midtown,Afternoon,Generous Ventures,Generous Ventures,,Generous Ventures,generous-ventures,False,,https://partiful.com/e/sjSEn3PFnoEkbggGFIVq,sjSEn3PFnoEkbggGFIVq,https://www.tech-week.com/calendar/nyc
5184,ANCHOR OUT A private sunset sail with AI leaders,2026-06-04,16:00:00,Thursday,2026-06-04 16:00,New York City,Midtown,Midtown,Afternoon,Lyzr,Lyzr,,Lyzr,lyzr,False,,https://partiful.com/e/wJ3YKRmuytbMEH7s1AP5,wJ3YKRmuytbMEH7s1AP5,https://www.tech-week.com/calendar/nyc
5205,The Future of The Store Floor,2026-06-04,16:00:00,Thursday,2026-06-04 16:00,New York City,Financial District,Financial District,Afternoon,VAULT,VAULT,Printemps NYC,VAULT; Printemps NYC,vault; printemps-nyc,True,,,,https://www.tech-week.com/calendar/nyc
5372,Shipping Faster with AI Coding Agents: What's Working and What's Not,2026-06-04,16:00:00,Thursday,2026-06-04 16:00,New York City,SoHo,SoHo,Afternoon,Driver AI,Driver AI,,Driver AI,driver-ai,False,,https://partiful.com/e/5K5c4eODrGPKME7or20H,5K5c4eODrGPKME7or20H,https://www.tech-week.com/calendar/nyc
5790,Deel&a16z Masterclass: Founder's guide to building one of the world's fastest growing companies,2026-06-04,16:00:00,Thursday,2026-06-04 16:00,New York City,Midtown,Midtown,Afternoon,Deel,Deel,a16z; Orrick,Deel; a16z; Orrick,deel; a16z; orrick,False,platinum,https://partiful.com/e/pqEys4amaG8z14ZJnDGF,pqEys4amaG8z14ZJnDGF,https://www.tech-week.com/calendar/nyc
5791,The Future of AI Personalization,2026-06-04,16:00:00,Thursday,2026-06-04 16:00,New York City,Murray Hill,Murray Hill,Afternoon,Zeta Global,Zeta Global,Columbia University,Zeta Global; Columbia University,zeta-global; columbia-university,False,,https://partiful.com/e/ac0iqK6LBUY1d4uFpXxp,ac0iqK6LBUY1d4uFpXxp,https://www.tech-week.com/calendar/nyc
5801,Bodega and Small Business Innovation Summit - Digitizing the Corner Store,2026-06-04,16:00:00,Thursday,2026-06-04 16:00,New York City,,,Afternoon,Bodega and Small Business Group,Bodega and Small Business Group,"Venture Outfitters, Inc. DBA Tech Ranch","Bodega and Small Business Group; Venture Outfitters, Inc. DBA Tech Ranch",bodega-and-small-business-group; venture-outfitters-inc-dba-tech-ranch,False,,https://partiful.com/e/K5lGeT64lmY0bPqejje4,K5lGeT64lmY0bPqejje4,https://www.tech-week.com/calendar/nyc
6077,"The Intelligent Workflow Playbook Event, featuring John Harbaugh",2026-06-04,16:00:00,Thursday,2026-06-04 16:00,New York City,Midtown,Midtown,Afternoon,Tines,Tines,,Tines,tines,True,,,,https://www.tech-week.com/calendar/nyc
6233,Mastercard’s Discovering Quantum Computing,2026-06-04,16:00:00,Thursday,2026-06-04 16:00,New York City,Flatiron,Flatiron,Afternoon,Mastercard,Mastercard,,Mastercard,mastercard,False,,https://partiful.com/e/1DfnTdwjX1aN2XaPS5YC,1DfnTdwjX1aN2XaPS5YC,https://www.tech-week.com/calendar/nyc
6286,HARMONEY PRESENTS TAP INTO FREQUENCY,2026-06-04,16:00:00,Thursday,2026-06-04 16:00,New York City,Upper Manhattan,Upper Manhattan,Afternoon,Vinrelo,Vinrelo,,Vinrelo,vinrelo,False,,https://partiful.com/e/ZLLtnhM5ojVy7KcNKdkS,ZLLtnhM5ojVy7KcNKdkS,https://www.tech-week.com/calendar/nyc
6291,RE:WEALTH #NYCTECH WEEK,2026-06-04,16:00:00,Thursday,2026-06-04 16:00,New York City,Chelsea,Chelsea,Afternoon,Sanctum Foundation,Sanctum Foundation,,Sanctum Foundation,sanctum,False,,https://partiful.com/e/N0eqFpTuPdUZKPjJAhqj,N0eqFpTuPdUZKPjJAhqj,https://www.tech-week.com/calendar/nyc
6528,Happy Hour x Soho Works,2026-06-04,16:00:00,Thursday,2026-06-04 16:00,New York City,Brooklyn,Brooklyn,Afternoon,Tacos & Trends hosted by MADE Trends,Tacos & Trends,,Tacos & Trends,tacos-trends,False,,https://partiful.com/e/hDKxAgHY63MzSrmj4pv3,hDKxAgHY63MzSrmj4pv3,https://www.tech-week.com/calendar/nyc
6577,Built in NYC: AI Edition,2026-06-04,16:00:00,Thursday,2026-06-04 16:00,New York City,Flatiron,Flatiron,Afternoon,Fenwick,Fenwick,Radical Ventures,Fenwick; Radical Ventures,fenwick; radical-ventures,False,platinum,https://partiful.com/e/KIimVVdYB8fjaiE1UdZz,KIimVVdYB8fjaiE1UdZz,https://www.tech-week.com/calendar/nyc
5721,The Future of Tech & Talent in NYC: A New Hub for Startups | Panel & Cocktail Reception,2026-06-04,16:15:00,Thursday,2026-06-04 16:15,New York City,Flatiron,Flatiron,Afternoon,IBM,IBM,Tech:NYC; Comcast Ventures,IBM; Tech:NYC; Comcast Ventures,ibm; tech-nyc; comcast-ventures,False,platinum,https://partiful.com/e/M22GC4aLfY3Rf3wS80SR,M22GC4aLfY3Rf3wS80SR,https://www.tech-week.com/calendar/nyc
6574,Truelogic presents Beyond the Demo: Building Agentic AI Teams That Actually Ship,2026-06-04,16:15:00,Thursday,2026-06-04 16:15,New York City,Midtown,Midtown,Afternoon,TrueLogic,TrueLogic,Consulate General of Argentina in New York,TrueLogic; Consulate General of Argentina in New York,truelogic; consulate-general-of-argentina-in-new-york,False,,https://partiful.com/e/FA2Q9jHGnpJig9RwCOax,FA2Q9jHGnpJig9RwCOax,https://www.tech-week.com/calendar/nyc
6612,AI-First Product Enablement: Scaling GTM Assets from Weeks to Seconds,2026-06-04,16:15:00,Thursday,2026-06-04 16:15,New York City,Midtown,Midtown,Afternoon,Nodus,Nodus,Consulate General of Argentina in New York,Nodus; Consulate General of Argentina in New York,nodus; consulate-general-of-argentina-in-new-york,False,,https://partiful.com/e/9EErpQOcDpw3irxtNFtK,9EErpQOcDpw3irxtNFtK,https://www.tech-week.com/calendar/nyc
67,Claude Code Hackathon - Build an Agentic Team,2026-06-04,16:30:00,Thursday,2026-06-04 16:30,New York City,Chelsea,Chelsea,Afternoon,Elevate Online,Elevate Online,Imaginary Space,Elevate Online; Imaginary Space,elevate-online; imaginary-space,False,,https://partiful.com/e/W1wgKUzLIYEUHksaomkD,W1wgKUzLIYEUHksaomkD,https://www.tech-week.com/calendar/nyc
5489,From Startup to Scale: Using AI to Streamline and Grow,2026-06-04,16:30:00,Thursday,2026-06-04 16:30,New York City,Tribeca,Tribeca,Afternoon,Female Founder Collective,Female Founder Collective,,Female Founder Collective,female-founder-collective,False,,https://partiful.com/e/gP80ioDptVy1W5Gx5Lv4,gP80ioDptVy1W5Gx5Lv4,https://www.tech-week.com/calendar/nyc
6261,The New 0→1 GTM Playbook for AI-Native Founders,2026-06-04,16:30:00,Thursday,2026-06-04 16:30,New York City,Midtown,Midtown,Afternoon,Digitalista,Digitalista,,Digitalista,digitalista,False,,https://partiful.com/e/r0srpfriv3SWRcQEBVk7,r0srpfriv3SWRcQEBVk7,https://www.tech-week.com/calendar/nyc
6531,HigherPeople's NYTW Happy Hour,2026-06-04,16:30:00,Thursday,2026-06-04 16:30,New York City,SoHo,SoHo,Afternoon,HigherPeople,HigherPeople,,HigherPeople,higherpeople,False,,https://partiful.com/e/AMDCAbR2zrSQ3gTtQBgs,AMDCAbR2zrSQ3gTtQBgs,https://www.tech-week.com/calendar/nyc
6737,Borderless Markets: How Digital Assets Are Reshaping Finance,2026-06-04,16:30:00,Thursday,2026-06-04 16:30,New York City,Financial District,Financial District,Afternoon,DriveWealth,DriveWealth,,DriveWealth,drivewealth,False,,https://partiful.com/e/8KTke0MILjTllFxUNKIo,8KTke0MILjTllFxUNKIo,https://www.tech-week.com/calendar/nyc
38,NYC Chief of Staff Happy Hour,2026-06-04,17:00:00,Thursday,2026-06-04 17:00,New York City,Flatiron,Flatiron,Evening,Ask a Chief of Staff,Ask a Chief of Staff,The Malin,Ask a Chief of Staff; The Malin,ask-a-chief-of-staff; the-malin,False,,https://partiful.com/e/3C8IkdVR36fsPzTyJMGR,3C8IkdVR36fsPzTyJMGR,https://www.tech-week.com/calendar/nyc
3994,The Journey of an Acquired Founder,2026-06-04,17:00:00,Thursday,2026-06-04 17:00,New York City,Flatiron,Flatiron,Evening,Atlassian,Atlassian,,Atlassian,atlassian,False,gold,https://partiful.com/e/iC3xjF6JPm0iKeTkvCCG,iC3xjF6JPm0iKeTkvCCG,https://www.tech-week.com/calendar/nyc
4020,SE Improv Night + Happy Hour,2026-06-04,17:00:00,Thursday,2026-06-04 17:00,New York City,Midtown,Midtown,Evening,Navattic,Navattic,Opine,Navattic; Opine,navattic; opine,False,,https://partiful.com/e/rYca2LKVj8ucbtBacm8C,rYca2LKVj8ucbtBacm8C,https://www.tech-week.com/calendar/nyc
4114,Legendary Ventures,2026-06-04,17:00:00,Thursday,2026-06-04 17:00,New York City,Midtown,Midtown,Evening,Legendary Ventures,Legendary Ventures,,Legendary Ventures,legendary-ventures,False,,https://partiful.com/e/sVle9BfwwyLeKURBoPEC,sVle9BfwwyLeKURBoPEC,https://www.tech-week.com/calendar/nyc
4150,Ultimate startup mixer,2026-06-04,17:00:00,Thursday,2026-06-04 17:00,New York City,East Village,East Village,Evening,Startup+,Startup+,,Startup+,startup,False,,https://partiful.com/e/WeAEyXk7Z8ZVyIvTgn1P,WeAEyXk7Z8ZVyIvTgn1P,https://www.tech-week.com/calendar/nyc
4199,Build Agents with TheVibeFounder,2026-06-04,17:00:00,Thursday,2026-06-04 17:00,New York City,Flatiron,Flatiron,Evening,TheVibeFounder,TheVibeFounder,,TheVibeFounder,thevibefounder,False,,https://partiful.com/e/wBX9hRAZ70hPhugZfvHY,wBX9hRAZ70hPhugZfvHY,https://www.tech-week.com/calendar/nyc
4205,AI Leader Dinner,2026-06-04,17:00:00,Thursday,2026-06-04 17:00,New York City,Financial District,Financial District,Evening,TrueLogic,TrueLogic,,TrueLogic,truelogic,True,,,,https://www.tech-week.com/calendar/nyc
4302,Climate Scaling Summit: Financing the Full Capital Stack,2026-06-04,17:00:00,Thursday,2026-06-04 17:00,New York City,Brooklyn,Brooklyn,Evening,Los Angeles Cleantech Incubator (LACI),Los Angeles Cleantech Incubator (LACI),Urban Future Lab (UFL) at NYU Tandon,Los Angeles Cleantech Incubator (LACI); Urban Future Lab (UFL) at NYU Tandon,los-angeles-cleantech-incubator-laci; urban-future-lab-ufl-at-nyu-tandon,False,,https://partiful.com/e/SzwFkltgl0ehKttHyzAN,SzwFkltgl0ehKttHyzAN,https://www.tech-week.com/calendar/nyc
4314,CREWASIS Presents: Human in the Loop: Marketing in the Age of Agentic AI for Enterprise,2026-06-04,17:00:00,Thursday,2026-06-04 17:00,New York City,Lower East Side,Lower East Side,Evening,CREWASIS,CREWASIS,,CREWASIS,crewasis,False,,https://partiful.com/e/0686jCvpOQUbYoBTLKXh,0686jCvpOQUbYoBTLKXh,https://www.tech-week.com/calendar/nyc
4344,AI Velocity Trading: Official Launch & Strategy Discussion,2026-06-04,17:00:00,Thursday,2026-06-04 17:00,New York City,Financial District,Financial District,Evening,"AI Velocity Fund, LLC","AI Velocity Fund, LLC",,"AI Velocity Fund, LLC",ai-velocity-fund-llc,False,,https://partiful.com/e/vfUtZSxua5sANHaUJPdb,vfUtZSxua5sANHaUJPdb,https://www.tech-week.com/calendar/nyc
4384,Democratizing the Creative Economy - Powered with Seedance 2.0,2026-06-04,17:00:00,Thursday,2026-06-04 17:00,New York City,Flatiron,Flatiron,Evening,SocialSight,SocialSight,ByteDance,SocialSight; ByteDance,socialsight; bytedance,False,,https://partiful.com/e/8eZFNPbkIvMBjsJELaAE,8eZFNPbkIvMBjsJELaAE,https://www.tech-week.com/calendar/nyc
4566,"Ready for Anything; preparing for IPO, Spac and Unexpected Capital Market Shifts",2026-06-04,17:00:00,Thursday,2026-06-04 17:00,New York City,Midtown,Midtown,Evening,Protiviti,Protiviti,,Protiviti,protiviti,True,,,,https://www.tech-week.com/calendar/nyc
4629,VC & Founder Cocktail Event,2026-06-04,17:00:00,Thursday,2026-06-04 17:00,New York City,Midtown,Midtown,Evening,Blueberries.,Blueberries.,,Blueberries.,blueberries,False,,https://partiful.com/e/j2bZTtAyaOkOMidsx5YB,j2bZTtAyaOkOMidsx5YB,https://www.tech-week.com/calendar/nyc
4710,Innovation at the Regulatory Frontier: A Digital Assets Cocktail Evening,2026-06-04,17:00:00,Thursday,2026-06-04 17:00,New York City,Midtown,Midtown,Evening,Fox Rothschild,Fox Rothschild,EisnerAmper,Fox Rothschild; EisnerAmper,fox-rothschild; eisneramper,False,,https://partiful.com/e/BLHCHSAj6duohcGynakT,BLHCHSAj6duohcGynakT,https://www.tech-week.com/calendar/nyc
4769,Crypto and AI Rooftop Mixer with Manatt + North Island Ventures,2026-06-04,17:00:00,Thursday,2026-06-04 17:00,New York City,Midtown,Midtown,Evening,Manatt,Manatt,North Island Ventures,Manatt; North Island Ventures,manatt; north-island-ventures,False,,https://partiful.com/e/nnaHoXkj6VVkLNImNNxJ,nnaHoXkj6VVkLNImNNxJ,https://www.tech-week.com/calendar/nyc
4807,Cocktails & Capital,2026-06-04,17:00:00,Thursday,2026-06-04 17:00,New York City,East Village,East Village,Evening,DealMaker,DealMaker,,DealMaker,dealmaker,False,,https://partiful.com/e/zdVRzPuuWzJci0dvBipE,zdVRzPuuWzJci0dvBipE,https://www.tech-week.com/calendar/nyc
4848,Unreal NYC June Meetup,2026-06-04,17:00:00,Thursday,2026-06-04 17:00,New York City,Midtown,Midtown,Evening,Agile Lens,Agile Lens,,Agile Lens,agile-lens,False,,https://partiful.com/e/kNzjYKYZPsXC63XE7Jn6,kNzjYKYZPsXC63XE7Jn6,https://www.tech-week.com/calendar/nyc
4856,Traders Happy Hour & Co-Founders Chat,2026-06-04,17:00:00,Thursday,2026-06-04 17:00,New York City,Greenwich Village,Greenwich Village,Evening,True Markets,True Markets,,True Markets,true-markets,False,,https://partiful.com/e/gb4EHH1wLy3dGjA7uBtu,gb4EHH1wLy3dGjA7uBtu,https://www.tech-week.com/calendar/nyc
5003,EdTech Rooftop: Founders & Leaders (Drinks on us),2026-06-04,17:00:00,Thursday,2026-06-04 17:00,New York City,Midtown,Midtown,Evening,Neocoast,Neocoast,,Neocoast,neocoast,False,,https://partiful.com/e/v5HOrZHjo2oq7YvxwxYx,v5HOrZHjo2oq7YvxwxYx,https://www.tech-week.com/calendar/nyc
5020,Beyond Architecture: a Cultural OS for the Built Environment,2026-06-04,17:00:00,Thursday,2026-06-04 17:00,New York City,Midtown,Midtown,Evening,TAD,TAD,Art Republic,TAD; Art Republic,tad; art-republic,False,,https://partiful.com/e/uPvKiccg8joUIExvGKpD,uPvKiccg8joUIExvGKpD,https://www.tech-week.com/calendar/nyc
5022,"[BIOADAPTING Happy Hour: AI, Holograms & the Future of Live Performance]",2026-06-04,17:00:00,Thursday,2026-06-04 17:00,New York City,Nomad,Nomad,Evening,Bioadapting,Bioadapting,Transforma Theatre,Bioadapting; Transforma Theatre,bioadapting; transforma-theatre,False,,https://partiful.com/e/0gu1lOnNUW1XdAVgqlKt,0gu1lOnNUW1XdAVgqlKt,https://www.tech-week.com/calendar/nyc
5175,Stakeholder Risk: The Hidden Driver of Value Creation & Loss,2026-06-04,17:00:00,Thursday,2026-06-04 17:00,New York City,Midtown,Midtown,Evening,The Vertical,The Vertical,HumanFactor™ Enterprises,The Vertical; HumanFactor™ Enterprises,the-vertical; humanfactor-enterprises,False,,https://partiful.com/e/rHqfTd6Pxla6Sy7xkpkp,rHqfTd6Pxla6Sy7xkpkp,https://www.tech-week.com/calendar/nyc
5192,The Messy Middle: From AI Promise to Clinical Reality,2026-06-04,17:00:00,Thursday,2026-06-04 17:00,New York City,Union Square,Union Square,Evening,8400 The Health Network,8400 The Health Network,Lionbird,8400 The Health Network; Lionbird,8400-the-health-network; lionbird,False,,https://partiful.com/e/TRgVEVErU9GKEEvmPhKd,TRgVEVErU9GKEEvmPhKd,https://www.tech-week.com/calendar/nyc
5313,Global Startup Pitch Night,2026-06-04,17:00:00,Thursday,2026-06-04 17:00,New York City,Brooklyn,Brooklyn,Evening,Founder Social Club,Founder Social Club,,Founder Social Club,founder-social-club,False,,https://partiful.com/e/vUVTDsFNoe4i4aGWbY1o,vUVTDsFNoe4i4aGWbY1o,https://www.tech-week.com/calendar/nyc
5455,Financial Markets & AI,2026-06-04,17:00:00,Thursday,2026-06-04 17:00,New York City,Financial District,Financial District,Evening,Carry,Carry,,Carry,carry,False,,https://partiful.com/e/XRh7BkU0gaV0FlYEwU32,XRh7BkU0gaV0FlYEwU32,https://www.tech-week.com/calendar/nyc
5605,Product Meetup by Lenny's Newsletter,2026-06-04,17:00:00,Thursday,2026-06-04 17:00,New York City,Greenwich Village,Greenwich Village,Evening,Lenny's Newsletter,Friends of Lenny's Newsletter Community,Anvil; Clerk,Friends of Lenny's Newsletter Community; Anvil; Clerk,lenny-s-newsletter; anvil; clerk,False,,https://partiful.com/e/9f5IxBLEiOhNjijLN7h3,9f5IxBLEiOhNjijLN7h3,https://www.tech-week.com/calendar/nyc
5700,"🏝App founders island: roundtables, drinks & tarot",2026-06-04,17:00:00,Thursday,2026-06-04 17:00,New York City,SoHo,SoHo,Evening,TRMNL4,TRMNL4,Flyer One Ventures,TRMNL4; Flyer One Ventures,trmnl4; flyer-one-ventures,False,,https://partiful.com/e/ZLbX6Dhvf2GxckCInpt1,ZLbX6Dhvf2GxckCInpt1,https://www.tech-week.com/calendar/nyc
5776,Infinite Impact Lab: From Invisible Work to Undeniable Proof,2026-06-04,17:00:00,Thursday,2026-06-04 17:00,New York City,Midtown,Midtown,Evening,Growing the Middle,Growing the Middle,,Growing the Middle,growing-the-middle,False,,https://partiful.com/e/AgSHwfX52RKiTIHXYcLH,AgSHwfX52RKiTIHXYcLH,https://www.tech-week.com/calendar/nyc
5799,The Oasis @ NY Tech Week Day 4 - Creating with Flow,2026-06-04,17:00:00,Thursday,2026-06-04 17:00,New York City,Midtown,Midtown,Evening,Boardy,Boardy,Vibe Space; Flowstate; The AI Collective,Boardy; Vibe Space; Flowstate; The AI Collective,boardy; vibe-space; flowstate; the-ai-collective,False,,https://partiful.com/e/Gw543fouMG4silmVEQ9P,Gw543fouMG4silmVEQ9P,https://www.tech-week.com/calendar/nyc
5802,NY Tech Week Early Stage Happy Hour,2026-06-04,17:00:00,Thursday,2026-06-04 17:00,New York City,Chelsea,Chelsea,Evening,Struck Capital,Struck Capital,,Struck Capital,struck-capital,False,,https://partiful.com/e/ZcJfnEMAhDF3jdpLXIZi,ZcJfnEMAhDF3jdpLXIZi,https://www.tech-week.com/calendar/nyc
5804,"Physical AI, World Models & Spatial Intelligence",2026-06-04,17:00:00,Thursday,2026-06-04 17:00,New York City,Flatiron,Flatiron,Evening,Nucleus4D,Nucleus4D,,Nucleus4D,nucleus4d,False,,https://partiful.com/e/iPG3ECBjiSVSQKLrDvJs,iPG3ECBjiSVSQKLrDvJs,https://www.tech-week.com/calendar/nyc
5807,The New Beauty Counter: A Curated NYC Tech Week Experience,2026-06-04,17:00:00,Thursday,2026-06-04 17:00,New York City,SoHo,SoHo,Evening,Triple Eight Creative,Triple Eight Creative,,Triple Eight Creative,triple-eight-creative,False,,https://partiful.com/e/7QcGEL1PzCCWwCLoJLET,7QcGEL1PzCCWwCLoJLET,https://www.tech-week.com/calendar/nyc
5811,Mastering the Shift: Becoming an Agentic Engineer,2026-06-04,17:00:00,Thursday,2026-06-04 17:00,New York City,Chinatown,Chinatown,Evening,Melting,Melting,,Melting,melting,True,,,,https://www.tech-week.com/calendar/nyc
6225,a16z Future of Media Soirée,2026-06-04,17:00:00,Thursday,2026-06-04 17:00,New York City,SoHo,SoHo,Evening,a16z,a16z,https://sources.news/,a16z; https://sources.news/,a16z; https-sources-news,False,,https://partiful.com/e/NZ9HUBqar16zcrsqsxpQ,NZ9HUBqar16zcrsqsxpQ,https://www.tech-week.com/calendar/nyc
6322,Prediction Markets Mixer,2026-06-04,17:00:00,Thursday,2026-06-04 17:00,New York City,Financial District,Financial District,Evening,FiftyOneAlpha,FiftyOneAlpha,,FiftyOneAlpha,fiftyonealpha,False,,https://partiful.com/e/aT7YZV6DtRClIOEcIBSx,aT7YZV6DtRClIOEcIBSx,https://www.tech-week.com/calendar/nyc
6362,The Case for Open Generative Media: Bria X fal X LTX,2026-06-04,17:00:00,Thursday,2026-06-04 17:00,New York City,Chelsea,Chelsea,Evening,Bria,Bria,fal; LTX,Bria; fal; LTX,bria; fal; ltx,False,,https://partiful.com/e/MGw5Ckm5L452QnaezIkR,MGw5Ckm5L452QnaezIkR,https://www.tech-week.com/calendar/nyc
6372,Female Founders & Investors Speakeasy,2026-06-04,17:00:00,Thursday,2026-06-04 17:00,New York City,West Village,West Village,Evening,Madeline & Co.,Madeline & Co.,Excelsior Edge Ventures,Madeline & Co.; Excelsior Edge Ventures,madeline-co; excelsior-edge-ventures,False,,https://partiful.com/e/gqcsznzpItihFOcdHIBH,gqcsznzpItihFOcdHIBH,https://www.tech-week.com/calendar/nyc
6425,Non-Alcoholic Happy Hour @ Soft Bar,2026-06-04,17:00:00,Thursday,2026-06-04 17:00,New York City,Brooklyn,Brooklyn,Evening,Steady,Steady,,Steady,steady,False,,https://partiful.com/e/9pSmQHu2ooiZAvj7RoVV,9pSmQHu2ooiZAvj7RoVV,https://www.tech-week.com/calendar/nyc
6434,The AI Effect: How Enterprises Are Actually Winning,2026-06-04,17:00:00,Thursday,2026-06-04 17:00,New York City,Midtown,Midtown,Evening,Kizen,Kizen,,Kizen,kizen,False,,https://partiful.com/e/tLkNSguUFu4OSJwMiwDI,tLkNSguUFu4OSJwMiwDI,https://www.tech-week.com/calendar/nyc
6491,East Asians in Tech Happy Hour,2026-06-04,17:00:00,Thursday,2026-06-04 17:00,New York City,Korea Town,Korea Town,Evening,East Asians in Tech,East Asians in Tech,,East Asians in Tech,east-asians-in-tech,False,,https://partiful.com/e/kZFSvvs0w2QtpLlK5fKp,kZFSvvs0w2QtpLlK5fKp,https://www.tech-week.com/calendar/nyc
6579,UES Parents in Tech - Central Park Meetup w/ Your Kids,2026-06-04,17:00:00,Thursday,2026-06-04 17:00,New York City,Upper East Side,Upper East Side,Evening,Alison Go,Alison Go,Narwhalim; First Citizens,Alison Go; Narwhalim; First Citizens,alison-go; narwhalim; first-citizens,False,,https://partiful.com/e/6dWzjKVsM4dwYn1nHfYv,6dWzjKVsM4dwYn1nHfYv,https://www.tech-week.com/calendar/nyc
6626,After Hours: Fashion x Tech Rooftop Mixer,2026-06-04,17:00:00,Thursday,2026-06-04 17:00,New York City,Chelsea,Chelsea,Evening,99 yards,99 yards,,99 yards,99-yards,False,,https://partiful.com/e/ZefsGtWMJ6PuHQuOmOI3,ZefsGtWMJ6PuHQuOmOI3,https://www.tech-week.com/calendar/nyc
6638,Creators x Marketers Margarita Mixer,2026-06-04,17:00:00,Thursday,2026-06-04 17:00,New York City,Chelsea,Chelsea,Evening,Smooth Media,Smooth Media,,Smooth Media,smooth-media,False,,https://partiful.com/e/QMtFhbrAzUpHSHdfBM8O,QMtFhbrAzUpHSHdfBM8O,https://www.tech-week.com/calendar/nyc
6812,Atrios Tech Week Basketball: Rolex Giveaway,2026-06-04,17:00:00,Thursday,2026-06-04 17:00,New York City,Lower East Side,Lower East Side,Evening,Atrios,Atrios,,Atrios,atrios,False,,https://partiful.com/e/mVJjqhRHhpwGdCfSmu6o,mVJjqhRHhpwGdCfSmu6o,https://www.tech-week.com/calendar/nyc
116,Transformation Through AI: The Trust Layer Beneath AI,2026-06-04,17:30:00,Thursday,2026-06-04 17:30,New York City,Flatiron,Flatiron,Evening,Beyond Capital,Beyond Capital,,Beyond Capital,beyond-capital,True,,,,https://www.tech-week.com/calendar/nyc
3989,"Somatic Wellness, Breathwork & Nervous System Regulation",2026-06-04,17:30:00,Thursday,2026-06-04 17:30,New York City,Meatpacking District,Meatpacking District,Evening,Somarae,Somarae,,Somarae,somarae,False,,https://partiful.com/e/BZqpixojsn6MKtOvYbBb,BZqpixojsn6MKtOvYbBb,https://www.tech-week.com/calendar/nyc
4421,"Don't Call It That — Naming, Brand & GTM with Eli Altman",2026-06-04,17:30:00,Thursday,2026-06-04 17:30,New York City,Hudson Yards,Hudson Yards,Evening,get.tech,get.tech,,get.tech,get-tech,False,,https://partiful.com/e/jeb9AxJN56eYiF5etSjH,jeb9AxJN56eYiF5etSjH,https://www.tech-week.com/calendar/nyc
4440,"Data + UX in the Reality of AI agents, synthetic users",2026-06-04,17:30:00,Thursday,2026-06-04 17:30,New York City,Union Square,Union Square,Evening,STELLANS.io,STELLANS.io,,STELLANS.io,stellans-io,False,,https://partiful.com/e/m5xlxRZNLV9VsZZ97lGf,m5xlxRZNLV9VsZZ97lGf,https://www.tech-week.com/calendar/nyc
4812,AI Ops in Action: Live Demos + Founder Showcases,2026-06-04,17:30:00,Thursday,2026-06-04 17:30,New York City,SoHo,SoHo,Evening,AutoOpsStack,AutoOpsStack,Brainstation; AI Networking Lab,AutoOpsStack; Brainstation; AI Networking Lab,autoopsstack; brainstation; ai-networking-lab,False,,https://partiful.com/e/deH1UugMJh8eLejlukJ5,deH1UugMJh8eLejlukJ5,https://www.tech-week.com/calendar/nyc
4832,Travel Recharge Mixer!,2026-06-04,17:30:00,Thursday,2026-06-04 17:30,New York City,Union Square,Union Square,Evening,Nappr,Nappr,Flex N' Fly,Nappr; Flex N' Fly,nappr; flex-n-fly,False,,https://partiful.com/e/Jl1DEHZSKYd66t6P0OHA,Jl1DEHZSKYd66t6P0OHA,https://www.tech-week.com/calendar/nyc
5029,Contech Alliance Trivia Happy Hour,2026-06-04,17:30:00,Thursday,2026-06-04 17:30,New York City,Midtown,Midtown,Evening,Contech Alliance,Contech Alliance,,Contech Alliance,contech-alliance,False,,https://partiful.com/e/VHXdo63oVAkJ7tXkD0ie,VHXdo63oVAkJ7tXkD0ie,https://www.tech-week.com/calendar/nyc
5090,Doing More With Less (On Purpose): Scaling the AI-Native Startup,2026-06-04,17:30:00,Thursday,2026-06-04 17:30,New York City,SoHo,SoHo,Evening,Cogent Security,Cogent Security,,Cogent Security,cogent-security,False,,https://partiful.com/e/dhReyZzxqXT2o2XLNjOT,dhReyZzxqXT2o2XLNjOT,https://www.tech-week.com/calendar/nyc
5151,WORKSHOP: Learn how to pitch press,2026-06-04,17:30:00,Thursday,2026-06-04 17:30,New York City,Union Square,Union Square,Evening,Rock Yard Ventures,Rock Yard Ventures,SutherlandGold,Rock Yard Ventures; SutherlandGold,rock-yard-ventures; sutherlandgold,False,,https://partiful.com/e/Ij7ljdnLIT3ixkj3yh1g,Ij7ljdnLIT3ixkj3yh1g,https://www.tech-week.com/calendar/nyc
5180,Build Smarter Debaters: AI Debating Demo —,2026-06-04,17:30:00,Thursday,2026-06-04 17:30,New York City,SoHo,SoHo,Evening,Delta Speech And Debate,Delta Speech And Debate,,Delta Speech And Debate,delta-speech-and-debate,False,,https://partiful.com/e/sCa5LOBUv2QarQsmzthk,sCa5LOBUv2QarQsmzthk,https://www.tech-week.com/calendar/nyc
5186,"The New CS Skill Set: Build the System, Become the Strategist",2026-06-04,17:30:00,Thursday,2026-06-04 17:30,New York City,SoHo,SoHo,Evening,Women of Customer Success,Women of Customer Success,,Women of Customer Success,women-of-customer-success,False,,https://partiful.com/e/GEDtdJiI0ZyMgIDvwZRh,GEDtdJiI0ZyMgIDvwZRh,https://www.tech-week.com/calendar/nyc
5234,Practical AI for Agencies,2026-06-04,17:30:00,Thursday,2026-06-04 17:30,New York City,Flatiron,Flatiron,Evening,Savas Labs,Savas Labs,,Savas Labs,savas-labs,False,,https://partiful.com/e/YJv70hysQ7Qz9yB9Dxkn,YJv70hysQ7Qz9yB9Dxkn,https://www.tech-week.com/calendar/nyc
5312,"Build Anywhere, Scale Everywhere: Global Founders Walk",2026-06-04,17:30:00,Thursday,2026-06-04 17:30,New York City,SoHo,SoHo,Evening,Afro Adventurer,Afro Adventurer,christineolukere@gmail.com,Afro Adventurer; christineolukere@gmail.com,afro-adventurer; christineolukere-gmail-com,False,,https://partiful.com/e/s4Oj5daPuG8kw5MqKOQV,s4Oj5daPuG8kw5MqKOQV,https://www.tech-week.com/calendar/nyc
5321,"Frontiers in Computing: Quantum, Chips, Semiconductors",2026-06-04,17:30:00,Thursday,2026-06-04 17:30,New York City,Midtown,Midtown,Evening,H*QUOTIENT,H*QUOTIENT,,H*QUOTIENT,h-quotient,False,,https://partiful.com/e/BAZ9mOpGGbNBVF8wCvJA,BAZ9mOpGGbNBVF8wCvJA,https://www.tech-week.com/calendar/nyc
5457,Build & Balance: Training With Your Biology,2026-06-04,17:30:00,Thursday,2026-06-04 17:30,New York City,Flatiron,Flatiron,Evening,Pinkmatter,Pinkmatter,Sync N,Pinkmatter; Sync N,pinkmatter; sync-n,False,,https://partiful.com/e/K1ivmFFt8ooSTv3l48vS,K1ivmFFt8ooSTv3l48vS,https://www.tech-week.com/calendar/nyc
5498,Voice AI After Hours: Cartesia x AWS Happy Hour,2026-06-04,17:30:00,Thursday,2026-06-04 17:30,New York City,Greenwich Village,Greenwich Village,Evening,Cartesia AI,Cartesia AI,Amazon Web Services (AWS),Cartesia AI; Amazon Web Services (AWS),cartesia-ai; amazon-web-services,False,,https://partiful.com/e/sp4Bjt8b6PEBpUg5pAtr,sp4Bjt8b6PEBpUg5pAtr,https://www.tech-week.com/calendar/nyc
5728,Tech x Creator Social at #NYTechWeek,2026-06-04,17:30:00,Thursday,2026-06-04 17:30,New York City,Lower East Side,Lower East Side,Evening,Wells Fargo TMT Investment Banking,Wells Fargo TMT Investment Banking,,Wells Fargo TMT Investment Banking,wells-fargo-tmt-investment-banking,False,,https://partiful.com/e/EuXFQer0qIBFcE0xOhBX,EuXFQer0qIBFcE0xOhBX,https://www.tech-week.com/calendar/nyc
5778,WSC- AI vs Human Debate Night,2026-06-04,17:30:00,Thursday,2026-06-04 17:30,New York City,Chelsea,Chelsea,Evening,Women's Society of Cyberjutsu,Women's Society of Cyberjutsu,,Women's Society of Cyberjutsu,women-s-society-of-cyberjutsu,False,,https://partiful.com/e/Cig2PY1aZru3nhBQhMfj,Cig2PY1aZru3nhBQhMfj,https://www.tech-week.com/calendar/nyc
5806,Barsys Tech Week Happy Hour,2026-06-04,17:30:00,Thursday,2026-06-04 17:30,New York City,Midtown,Midtown,Evening,Barsys,Barsys,,Barsys,barsys,False,,https://partiful.com/e/wxObiQNzth3nAApeyYWG,wxObiQNzth3nAApeyYWG,https://www.tech-week.com/calendar/nyc
5810,Shape What's Next with Justworks - A Networking Happy Hour!,2026-06-04,17:30:00,Thursday,2026-06-04 17:30,New York City,Financial District,Financial District,Evening,Justworks,Justworks,,Justworks,justworks,False,,https://partiful.com/e/k5BGHkPmkIiP0SUK4n0F,k5BGHkPmkIiP0SUK4n0F,https://www.tech-week.com/calendar/nyc
5813,The Next Generation of Wealth Creators: From Influence to Equity,2026-06-04,17:30:00,Thursday,2026-06-04 17:30,New York City,Midtown,Midtown,Evening,Lazard Wealth,Lazard Wealth,,Lazard Wealth,lazard-wealth,False,,https://partiful.com/e/QYBJTmEeWSbkEgCpIc0d,QYBJTmEeWSbkEgCpIc0d,https://www.tech-week.com/calendar/nyc
6278,Health2Tech,2026-06-04,17:30:00,Thursday,2026-06-04 17:30,New York City,Midtown,Midtown,Evening,Health2Tech,Health2Tech,,Health2Tech,health2tech,False,,https://partiful.com/e/akUOkWP2DMvMosFELiqd,akUOkWP2DMvMosFELiqd,https://www.tech-week.com/calendar/nyc
6346,Edelman & Tech:NYC Media & Comms Happy Hour,2026-06-04,17:30:00,Thursday,2026-06-04 17:30,New York City,SoHo,SoHo,Evening,Edelman,Edelman,Tech:NYC,Edelman; Tech:NYC,edelman; tech-nyc,False,,https://partiful.com/e/6IyADQq5v84QxvH5HuAM,6IyADQq5v84QxvH5HuAM,https://www.tech-week.com/calendar/nyc
6427,Executive Data Council: Evening Roundtables,2026-06-04,17:30:00,Thursday,2026-06-04 17:30,New York City,Midtown,Midtown,Evening,SYNTHESIS,SYNTHESIS,,SYNTHESIS,synthesis,True,,,,https://www.tech-week.com/calendar/nyc
6458,VNTR Investor Roundtable New York,2026-06-04,17:30:00,Thursday,2026-06-04 17:30,New York City,Midtown,Midtown,Evening,VNTR,VNTR,,VNTR,vntr,False,,https://partiful.com/e/K9Ysd4ENZ9lGTRHpR8v9,K9Ysd4ENZ9lGTRHpR8v9,https://www.tech-week.com/calendar/nyc
6635,Tech Week Web3 Hotel Mixer,2026-06-04,17:30:00,Thursday,2026-06-04 17:30,New York City,Union Square,Union Square,Evening,Peiheng,Peiheng,,Peiheng,peiheng,False,,https://partiful.com/e/lBLDmnEK3sHNl8q3phmR,lBLDmnEK3sHNl8q3phmR,https://www.tech-week.com/calendar/nyc
6820,NYC TechWeek x CHIEF: Building AI for an Intentional Life,2026-06-04,17:30:00,Thursday,2026-06-04 17:30,New York City,Union Square,Union Square,Evening,Banjo.ai,Banjo.ai,Chief,Banjo.ai; Chief,banjo-ai; chief,False,,https://partiful.com/e/tnjdx3R4HJ3wQyZeZ8PI,tnjdx3R4HJ3wQyZeZ8PI,https://www.tech-week.com/calendar/nyc
10,"Vertical AI in Accounting with CPA.com, Adaptive, and Tabs",2026-06-04,17:45:00,Thursday,2026-06-04 17:45,New York City,Central Park,Central Park,Evening,Adaptive,Adaptive,CPA.com; Tabs,Adaptive; CPA.com; Tabs,adaptive; cpa-com; tabs,False,,https://partiful.com/e/B6yvP8U2ZeeL3tVCudrZ,B6yvP8U2ZeeL3tVCudrZ,https://www.tech-week.com/calendar/nyc
32,Mango x SVB: The South Asian Tech Week Mixer Ed. IV,2026-06-04,18:00:00,Thursday,2026-06-04 18:00,New York City,Lower East Side,Lower East Side,Evening,Mango NYC,Mango NYC,,Mango NYC,mango-nyc,False,,https://partiful.com/e/0L84J8nQjMRq0eyBW4Do,0L84J8nQjMRq0eyBW4Do,https://www.tech-week.com/calendar/nyc
42,"Haus of Creators AI LABS hosted by Venus Rose, ilias anwar, & Michael Carapellotti",2026-06-04,18:00:00,Thursday,2026-06-04 18:00,New York City,SoHo,SoHo,Evening,"Haus of Creators Foundation, Inc.","""Haus of Creators Foundation, Inc.""",,"""Haus of Creators Foundation, Inc.""",haus-of-creators-foundation-inc,False,,https://partiful.com/e/HqDbwbDLWBvTjsl2YeR5,HqDbwbDLWBvTjsl2YeR5,https://www.tech-week.com/calendar/nyc
194,Baddies In Tech,2026-06-04,18:00:00,Thursday,2026-06-04 18:00,New York City,Union Square,Union Square,Evening,Karamacare,Karamacare,Resident,Karamacare; Resident,karamacare; resident,False,,https://partiful.com/e/BHebxeHV8NH7GxZdypXE,BHebxeHV8NH7GxZdypXE,https://www.tech-week.com/calendar/nyc
212,3rd Annual VC Rooftop Happy Hour,2026-06-04,18:00:00,Thursday,2026-06-04 18:00,New York City,Midtown,Midtown,Evening,Alpha Partners,Alpha Partners,,Alpha Partners,alpha-partners,False,,https://partiful.com/e/0Bld4RlEWBDPwVQIOtT4,0Bld4RlEWBDPwVQIOtT4,https://www.tech-week.com/calendar/nyc
222,"Women’s Physiology in AI, Performance & Longevity",2026-06-04,18:00:00,Thursday,2026-06-04 18:00,New York City,Chelsea,Chelsea,Evening,AskPetal,AskPetal,,AskPetal,askpetal,False,,https://partiful.com/e/n5x8mA6dCodI2A53nAtk,n5x8mA6dCodI2A53nAtk,https://www.tech-week.com/calendar/nyc
223,New York Tech Week Afrobeats Party,2026-06-04,18:00:00,Thursday,2026-06-04 18:00,New York City,Upper Manhattan,Upper Manhattan,Evening,Travelbay,Travelbay,,Travelbay,travelbay,False,,https://partiful.com/e/sQabZ7OHPLufkb0Kgk4W,sQabZ7OHPLufkb0Kgk4W,https://www.tech-week.com/calendar/nyc
251,Off Duty with Mirror Mirror AI,2026-06-04,18:00:00,Thursday,2026-06-04 18:00,New York City,Chelsea,Chelsea,Evening,Mirror Mirror AI,Mirror Mirror AI,,Mirror Mirror AI,mirror-mirror-ai,False,,https://partiful.com/e/b5KGzALeA3ztN4cWC76B,b5KGzALeA3ztN4cWC76B,https://www.tech-week.com/calendar/nyc
258,Personalized Career Journeys: Future of AI x Edu,2026-06-04,18:00:00,Thursday,2026-06-04 18:00,New York City,SoHo,SoHo,Evening,Rita Group,Rita Group,,Rita Group,rita-group,False,,https://partiful.com/e/UFhy6AtOcwhsalPnpYsB,UFhy6AtOcwhsalPnpYsB,https://www.tech-week.com/calendar/nyc
4067,Sunset Sips & Sushi with Female Founders and Execs,2026-06-04,18:00:00,Thursday,2026-06-04 18:00,New York City,Union Square,Union Square,Evening,New Enterprise Associates,New Enterprise Associates,JPMorgan,New Enterprise Associates; JPMorgan,new-enterprise-associates; jpmorgan,False,,https://partiful.com/e/WWPAAjfT9ybpzmNwU0UZ,WWPAAjfT9ybpzmNwU0UZ,https://www.tech-week.com/calendar/nyc
4156,European Café Night: For VCs and Founders,2026-06-04,18:00:00,Thursday,2026-06-04 18:00,New York City,Flatiron,Flatiron,Evening,Reitler Law,Reitler Law,,Reitler Law,reitler-law,False,,https://partiful.com/e/Umw3coh8ELu8mNKoRqWT,Umw3coh8ELu8mNKoRqWT,https://www.tech-week.com/calendar/nyc
4163,Albany Franchise Ownership,2026-06-04,18:00:00,Thursday,2026-06-04 18:00,New York City,Virtual (NYC),Virtual (NYC),Evening,Wefranch,Wefranch,,Wefranch,wefranch,False,,https://partiful.com/e/oFvkD9veGJyteOs39NCl,oFvkD9veGJyteOs39NCl,https://www.tech-week.com/calendar/nyc
4170,Dinner & Insights: FoodTech Innovation Shaping healthier communities,2026-06-04,18:00:00,Thursday,2026-06-04 18:00,New York City,Midtown,Midtown,Evening,FoodNiche Inc,FoodNiche Inc,,FoodNiche Inc,foodniche-inc,False,,https://partiful.com/e/2DMDnnMCfblj3XRPNAuO,2DMDnnMCfblj3XRPNAuO,https://www.tech-week.com/calendar/nyc
4191,Agents at Scale,2026-06-04,18:00:00,Thursday,2026-06-04 18:00,New York City,SoHo,SoHo,Evening,Deskree,Deskree,tavily; Braintrust; Modal,Deskree; tavily; Braintrust; Modal,desktree; tavily; braintrust; modal,False,,https://partiful.com/e/6BlGFmwIdpyndqyLYS2v,6BlGFmwIdpyndqyLYS2v,https://www.tech-week.com/calendar/nyc
4230,"BREWS, PITCH & CHILL",2026-06-04,18:00:00,Thursday,2026-06-04 18:00,New York City,Upper Manhattan,Upper Manhattan,Evening,"SafeStops Global, Inc.","SafeStops Global, Inc.",QUAY Acceleration,"SafeStops Global, Inc.; QUAY Acceleration",safestops-global-inc; quay-acceleration,False,,https://partiful.com/e/qZn5XHYuMR373Ah1MIen,qZn5XHYuMR373Ah1MIen,https://www.tech-week.com/calendar/nyc
4233,Camber x a16z: Healthcare Mixer,2026-06-04,18:00:00,Thursday,2026-06-04 18:00,New York City,Flatiron,Flatiron,Evening,Camber,Camber,,Camber,camber,False,,https://partiful.com/e/sNTzT8AWyMCE1MpKepZk,sNTzT8AWyMCE1MpKepZk,https://www.tech-week.com/calendar/nyc
4238,PMAI: AI GTM Workshop,2026-06-04,18:00:00,Thursday,2026-06-04 18:00,New York City,Midtown,Midtown,Evening,Pioneering Minds AI,Pioneering Minds AI,,Pioneering Minds AI,pioneering-minds-ai,False,,https://partiful.com/e/Q50pWz1Jw0pVwULvZ8WA,Q50pWz1Jw0pVwULvZ8WA,https://www.tech-week.com/calendar/nyc
4253,AEO + PR = Your Winning Comms Strategy,2026-06-04,18:00:00,Thursday,2026-06-04 18:00,New York City,Flatiron,Flatiron,Evening,SUSO Digital,SUSO Digital,Kite Hill,SUSO Digital; Kite Hill,suso-digital; kite-hill,False,,https://partiful.com/e/FHQzZG7KWORsvYyorbhQ,FHQzZG7KWORsvYyorbhQ,https://www.tech-week.com/calendar/nyc
4324,Finance Leaders Tee Off - TechWeek Mixer Hosted by BILL and DualEntry,2026-06-04,18:00:00,Thursday,2026-06-04 18:00,New York City,Midtown,Midtown,Evening,BILL,BILL,DualEntry,BILL; DualEntry,bill; dualentry,False,,https://partiful.com/e/TPywyXANl1kJ9N385RDw,TPywyXANl1kJ9N385RDw,https://www.tech-week.com/calendar/nyc
4325,Off the Record: Tech & Media Mixer at,2026-06-04,18:00:00,Thursday,2026-06-04 18:00,New York City,Midtown,Midtown,Evening,InPress,InPress,Beehiiv,InPress; Beehiiv,inpress; beehiiv,False,,https://partiful.com/e/1gPW73Afek9kp0i6nZNc,1gPW73Afek9kp0i6nZNc,https://www.tech-week.com/calendar/nyc
4347,"The New Arena: How Sports Are Driving Culture, Commerce, and Connection",2026-06-04,18:00:00,Thursday,2026-06-04 18:00,New York City,Chelsea,Chelsea,Evening,Capitalize VC,Capitalize VC,SickBird Production,Capitalize VC; SickBird Production,capitalize-vc; sickbird-production,False,,https://partiful.com/e/TvlF0H0cSQa9lSMDxEqU,TvlF0H0cSQa9lSMDxEqU,https://www.tech-week.com/calendar/nyc
4369,ElevenLabs: Live from NY,2026-06-04,18:00:00,Thursday,2026-06-04 18:00,New York City,SoHo,SoHo,Evening,ElevenLabs,ElevenLabs,,ElevenLabs,elevenlabs,False,,https://partiful.com/e/Vamn82rpSCMY5sp1UgNG,Vamn82rpSCMY5sp1UgNG,https://www.tech-week.com/calendar/nyc
4396,After AI: The New Hedge Fund Playbook — #NYTechWeek,2026-06-04,18:00:00,Thursday,2026-06-04 18:00,New York City,Tribeca,Tribeca,Evening,Siegen,Siegen,,Siegen,siegen,False,,https://partiful.com/e/aLDnFGn5Cxishs3VQzQs,aLDnFGn5Cxishs3VQzQs,https://www.tech-week.com/calendar/nyc
4400,AI & Arts - Sip and Learn,2026-06-04,18:00:00,Thursday,2026-06-04 18:00,New York City,SoHo,SoHo,Evening,LUMAS Gallery,LUMAS Gallery,,LUMAS Gallery,lumas-gallery,False,,https://partiful.com/e/cwByFgUxH8YwBKozvBcP,cwByFgUxH8YwBKozvBcP,https://www.tech-week.com/calendar/nyc
4432,Glimpse presents AI in CPG & Retail,2026-06-04,18:00:00,Thursday,2026-06-04 18:00,New York City,Gramercy Park,Gramercy Park,Evening,Glimpse,Glimpse,StartupExperts,Glimpse; StartupExperts,glimpse; startupexperts,False,,https://partiful.com/e/9W1eBGct3noonDwcYkad,9W1eBGct3noonDwcYkad,https://www.tech-week.com/calendar/nyc
4435,Economic Justice + Startups: A Conversation with Deputy Mayor Julie Su + Impact-Driven Demos,2026-06-04,18:00:00,Thursday,2026-06-04 18:00,New York City,Chinatown,Chinatown,Evening,Gutter Capital,Gutter Capital,Techonomic Mobility,Gutter Capital; Techonomic Mobility,gutter-capital; techonomic-mobility,False,,https://partiful.com/e/cuho3rLbstXqMSZAbREE,cuho3rLbstXqMSZAbREE,https://www.tech-week.com/calendar/nyc
4498,"The Future of Tech: AI, Access & Who Gets Funded",2026-06-04,18:00:00,Thursday,2026-06-04 18:00,New York City,Queens,Queens,Evening,Enpak,Enpak,,Enpak,enpak,False,,https://partiful.com/e/m6zg2yXrZXoH8y7BFVgx,m6zg2yXrZXoH8y7BFVgx,https://www.tech-week.com/calendar/nyc
4499,FROM DARKNESS TO ENLIGHTENMENT: AI & THE FUTURE OF VIDEO,2026-06-04,18:00:00,Thursday,2026-06-04 18:00,New York City,Midtown,Midtown,Evening,TwelveLabs,ElevenLabs,,ElevenLabs,elevenlabs,False,,https://partiful.com/e/QGjkHFaKUj5Ozzx7pcAm,QGjkHFaKUj5Ozzx7pcAm,https://www.tech-week.com/calendar/nyc
4511,GTM in the technical era,2026-06-04,18:00:00,Thursday,2026-06-04 18:00,New York City,Flatiron,Flatiron,Evening,Exa,Exa,Lightfield,Exa; Lightfield,exa; lightfield,False,,https://partiful.com/e/AkOmmpB7B1CwFVpu1Xrn,AkOmmpB7B1CwFVpu1Xrn,https://www.tech-week.com/calendar/nyc
4548,Tomato Tomato Party @ Ambrook,2026-06-04,18:00:00,Thursday,2026-06-04 18:00,New York City,SoHo,SoHo,Evening,Ambrook,Ambrook,,Ambrook,ambrook,False,,https://partiful.com/e/MkbepF7zY8oKuzIMECtC,MkbepF7zY8oKuzIMECtC,https://www.tech-week.com/calendar/nyc
4564,From Prototype to Production: The Reality of Deploying Robotics and Embodied AI,2026-06-04,18:00:00,Thursday,2026-06-04 18:00,New York City,Midtown,Midtown,Evening,New York Robotics,New York Robotics,22 Astronauts,New York Robotics; 22 Astronauts,new-york-robotics; 22-astronauts,False,,https://partiful.com/e/LjcDUfXhSF8zoLtGn03K,LjcDUfXhSF8zoLtGn03K,https://www.tech-week.com/calendar/nyc
4621,Healthtech Social by Scalpels & Spreadsheets,2026-06-04,18:00:00,Thursday,2026-06-04 18:00,New York City,Midtown,Midtown,Evening,Scalpels & Spreadsheets,Scalpels & Spreadsheets,,Scalpels & Spreadsheets,scalpels-spreadsheets,False,,https://partiful.com/e/zBR84Ayt1fwNpL7b6SCX,zBR84Ayt1fwNpL7b6SCX,https://www.tech-week.com/calendar/nyc
4633,"Celebrating Israeli Tech in the Big Apple, NYC Style",2026-06-04,18:00:00,Thursday,2026-06-04 18:00,New York City,Greenwich Village,Greenwich Village,Evening,97212 Ventures,97212 Ventures,,97212 Ventures,97212-ventures,False,,https://partiful.com/e/UzxEf3JkuHZ9bBliW4pa,UzxEf3JkuHZ9bBliW4pa,https://www.tech-week.com/calendar/nyc
4656,The European Innovation Summit - TechCrunch & 13 Countries,2026-06-04,18:00:00,Thursday,2026-06-04 18:00,New York City,Midtown,Midtown,Evening,How2Scale,How2Scale,,How2Scale,how2scale,False,,https://partiful.com/e/TgONROpj21IPSTpuQ806,TgONROpj21IPSTpuQ806,https://www.tech-week.com/calendar/nyc
4717,Roundtrip Capital,2026-06-04,18:00:00,Thursday,2026-06-04 18:00,New York City,Lower East Side,Lower East Side,Evening,IncentivesPRO,IncentivesPRO,ALPFA (Association of Latino Professionals for America),IncentivesPRO; ALPFA (Association of Latino Professionals for America),incentivespro; alpfa-association-of-latino-professionals-for-america,False,,https://partiful.com/e/u5rsjRGDWcnqyDzdkwYE,u5rsjRGDWcnqyDzdkwYE,https://www.tech-week.com/calendar/nyc
4728,Aurelian Labs: Prototypes & Pours @ NY Tech Week,2026-06-04,18:00:00,Thursday,2026-06-04 18:00,New York City,Brooklyn,Brooklyn,Evening,Aurelian Labs,Aurelian Labs,,Aurelian Labs,aurelian-labs,False,,https://partiful.com/e/7r9d5lFrwIbz2cQbhTl0,7r9d5lFrwIbz2cQbhTl0,https://www.tech-week.com/calendar/nyc
4803,Founders and Funders Rooftop Party,2026-06-04,18:00:00,Thursday,2026-06-04 18:00,New York City,Lower East Side,Lower East Side,Evening,Morrison Foerster,Morrison Foerster,Carta; NYU Tandon Future Labs,Morrison Foerster; Carta; NYU Tandon Future Labs,morrison-foerster; carta; nyu-tandon-future-labs,False,,https://partiful.com/e/RobIjG7RR9EwAdmIQ5IP,RobIjG7RR9EwAdmIQ5IP,https://www.tech-week.com/calendar/nyc
4814,Still Human: AI x EQ,2026-06-04,18:00:00,Thursday,2026-06-04 18:00,New York City,SoHo,SoHo,Evening,Lora,Lora,,Lora,lora,False,,https://partiful.com/e/yfRUBuGLEOBb8kY2O16s,yfRUBuGLEOBb8kY2O16s,https://www.tech-week.com/calendar/nyc
4826,Steal These AI Workflows: Live Demos from NYC’s Top AI Builders,2026-06-04,18:00:00,Thursday,2026-06-04 18:00,New York City,Union Square,Union Square,Evening,Startup Grind,Startup Grind,,Startup Grind,startup-grind,False,,https://partiful.com/e/sGvp4VIr3KrGqRoWCKhV,sGvp4VIr3KrGqRoWCKhV,https://www.tech-week.com/calendar/nyc
4837,AI dinner for Internal Audit Leaders,2026-06-04,18:00:00,Thursday,2026-06-04 18:00,New York City,Brooklyn,Brooklyn,Evening,Bead AI,Bead AI,,Bead AI,bead-ai,False,,https://partiful.com/e/k3uSaDveta7Zhnrg3u18,k3uSaDveta7Zhnrg3u18,https://www.tech-week.com/calendar/nyc
4845,TCS Presents: The Gemini Experience Center Illuminated,2026-06-04,18:00:00,Thursday,2026-06-04 18:00,New York City,Midtown,Midtown,Evening,Tata Consultancy Services (TCS),Tata Consultancy Services (TCS),,Tata Consultancy Services (TCS),tata-consultancy-services-tcs,True,,,,https://www.tech-week.com/calendar/nyc
4860,Leading Through the AI Shift of GTM Teams,2026-06-04,18:00:00,Thursday,2026-06-04 18:00,New York City,Midtown,Midtown,Evening,Emergences Labs,Emergences Labs,,Emergences Labs,emergences-labs,False,,https://partiful.com/e/0xOTioP4rEuXZH1VInVN,0xOTioP4rEuXZH1VInVN,https://www.tech-week.com/calendar/nyc
4876,Music Ate AI’s Homework: Why Music Tech Is Writing the Rules for Everyone Else Description Every Industry,2026-06-04,18:00:00,Thursday,2026-06-04 18:00,New York City,Lower East Side,Lower East Side,Evening,MOST Wanted Co,MOST Wanted Co,Davis & Gilbert,MOST Wanted Co; Davis & Gilbert,most-wanted-co; davis-gilbert,True,,,,https://www.tech-week.com/calendar/nyc
5005,The Business of Christian Technology,2026-06-04,18:00:00,Thursday,2026-06-04 18:00,New York City,Financial District,Financial District,Evening,Christians*inTech,Christians*inTech,,Christians*inTech,christians-intech,False,,https://partiful.com/e/BDyQ9ImpqOIrqqZqmFAn,BDyQ9ImpqOIrqqZqmFAn,https://www.tech-week.com/calendar/nyc
5019,Planting the Seeds to Launch,2026-06-04,18:00:00,Thursday,2026-06-04 18:00,New York City,Chelsea,Chelsea,Evening,TechBloom,TechBloom,,TechBloom,techbloom,False,,https://partiful.com/e/HGXptwRUS8GaLld8zyz1,HGXptwRUS8GaLld8zyz1,https://www.tech-week.com/calendar/nyc
5063,The AI Amplification Effect: How Humans Thrive at Work,2026-06-04,18:00:00,Thursday,2026-06-04 18:00,New York City,Brooklyn,Brooklyn,Evening,Valutare,Valutare,Seeking Floral Arrangements,Valutare; Seeking Floral Arrangements,valutare; seeking-floral-arrangements,False,,https://partiful.com/e/frdQbiPhepooSB3FlBEF,frdQbiPhepooSB3FlBEF,https://www.tech-week.com/calendar/nyc
5171,The Future of Art Tech and Investment,2026-06-04,18:00:00,Thursday,2026-06-04 18:00,New York City,Chelsea,Chelsea,Evening,Brown Girl Angels,Brown Girl Angels,,Brown Girl Angels,brown-girl-angels,True,,,,https://www.tech-week.com/calendar/nyc
5211,"The AI Shift: Jobs, Skills & What Employers Really Want",2026-06-04,18:00:00,Thursday,2026-06-04 18:00,New York City,Midtown,Midtown,Evening,VANGUARDE DIGITAL LLC,VANGUARDE DIGITAL LLC,,VANGUARDE DIGITAL LLC,vanguarde-digital-llc,False,,https://partiful.com/e/MV3KJOOXQT6nZr8jjMBj,MV3KJOOXQT6nZr8jjMBj,https://www.tech-week.com/calendar/nyc
5289,The Rise Circle: After Hours,2026-06-04,18:00:00,Thursday,2026-06-04 18:00,New York City,Midtown,Midtown,Evening,African Women in STEM,African Women in STEM,Altruistic Scribe,African Women in STEM; Altruistic Scribe,african-women-in-stem; altruistic-scribe,False,,https://partiful.com/e/64Fzm7ItTZKGiWI419L2,64Fzm7ItTZKGiWI419L2,https://www.tech-week.com/calendar/nyc
5293,How to Get Paid by OpenAI: An Expert's Guide to AI Training Data,2026-06-04,18:00:00,Thursday,2026-06-04 18:00,New York City,Flatiron,Flatiron,Evening,ProNexus,ProNexus,,ProNexus,pronexus,False,,https://partiful.com/e/PxFIdsr0zGW0aya26MrZ,PxFIdsr0zGW0aya26MrZ,https://www.tech-week.com/calendar/nyc
5300,From Audience to Community: Turning IRL Connection into a Growth Channel,2026-06-04,18:00:00,Thursday,2026-06-04 18:00,New York City,Tribeca,Tribeca,Evening,Clyx,Clyx,Jelly Jelly,Clyx; Jelly Jelly,clyx; jelly-jelly,True,,,,https://www.tech-week.com/calendar/nyc
5333,The Rise Circle: After Hours,2026-06-04,18:00:00,Thursday,2026-06-04 18:00,New York City,Midtown,Midtown,Evening,African Women in STEM,African Women in STEM,Altruistic Scribe,African Women in STEM; Altruistic Scribe,african-women-in-stem; altruistic-scribe,False,,https://partiful.com/e/64Fzm7ItTZKGiWI419L2,64Fzm7ItTZKGiWI419L2,https://www.tech-week.com/calendar/nyc
5351,Financial Services in the age of AI - FinTech Panel and Networking,2026-06-04,18:00:00,Thursday,2026-06-04 18:00,New York City,Midtown,Midtown,Evening,Cabaka,Cabaka,,Cabaka,cabaka,False,,https://partiful.com/e/7yVLWDSWCrZChpot2fGl,7yVLWDSWCrZChpot2fGl,https://www.tech-week.com/calendar/nyc
5358,Building with AI Agents in Finance Operations,2026-06-04,18:00:00,Thursday,2026-06-04 18:00,New York City,Flatiron,Flatiron,Evening,Zomma,Zomma,,Zomma,zomma,False,,https://partiful.com/e/mfHRNATDYC48A1XIrUKM,mfHRNATDYC48A1XIrUKM,https://www.tech-week.com/calendar/nyc
5365,Venture Capital for enterprise leaders Happy Hour,2026-06-04,18:00:00,Thursday,2026-06-04 18:00,New York City,East Village,East Village,Evening,Collinear Capital,Collinear Capital,,Collinear Capital,collinear-capital,False,,https://partiful.com/e/KdLa1WJ6PlhHPaaWJKgJ,KdLa1WJ6PlhHPaaWJKgJ,https://www.tech-week.com/calendar/nyc
5367,Builders Night by B-HiTech for Papermap & MineLogX,2026-06-04,18:00:00,Thursday,2026-06-04 18:00,New York City,Union Square,Union Square,Evening,B-HitTech,B-HitTech,Papermap AI,B-HitTech; Papermap AI,b-hittech; papermap-ai,True,,,,https://www.tech-week.com/calendar/nyc
5399,"Find a Cofounder, Help or Join a Startup",2026-06-04,18:00:00,Thursday,2026-06-04 18:00,New York City,Midtown,Midtown,Evening,Startup Oasis,Startup Oasis,,Startup Oasis,startup-oasis,False,,https://partiful.com/e/tCB5SR4rrqMPxtOu9EuY,tCB5SR4rrqMPxtOu9EuY,https://www.tech-week.com/calendar/nyc
5438,Slow Down to Think Forward: An immersive sound experience for futures thinking in the age of AI,2026-06-04,18:00:00,Thursday,2026-06-04 18:00,New York City,SoHo,SoHo,Evening,Yalla Now AI,Yalla Now AI,,Yalla Now AI,yalla-now-ai,False,,https://partiful.com/e/v2PR8vHTXeuw6Io1ZJKR,v2PR8vHTXeuw6Io1ZJKR,https://www.tech-week.com/calendar/nyc
5445,100 Women in AI Announcement Celebration,2026-06-04,18:00:00,Thursday,2026-06-04 18:00,New York City,Nomad,Nomad,Evening,Flybridge,Flybridge,,Flybridge,flybridge,False,,https://partiful.com/e/eBsvmOq8tMbpLuVWno0N,eBsvmOq8tMbpLuVWno0N,https://www.tech-week.com/calendar/nyc
5456,AI Infra Night,2026-06-04,18:00:00,Thursday,2026-06-04 18:00,New York City,Midtown,Midtown,Evening,TowersTeam,TowersTeam,EverGrid,TowersTeam; EverGrid,towersteam; evergrid,False,,https://partiful.com/e/9Vb2HFPhUit5Ra9OCcap,9Vb2HFPhUit5Ra9OCcap,https://www.tech-week.com/calendar/nyc
5478,INNOV8,2026-06-04,18:00:00,Thursday,2026-06-04 18:00,New York City,Flatiron,Flatiron,Evening,POCIT,POCIT,,POCIT,pocit,True,,,,https://www.tech-week.com/calendar/nyc
5506,Ship & Sip,2026-06-04,18:00:00,Thursday,2026-06-04 18:00,New York City,Flatiron,Flatiron,Evening,Dawn Choo,Dawn Choo,Ale Thomas,Dawn Choo; Ale Thomas,dawn-choo; ale-thomas,False,,https://partiful.com/e/5bWP3otVjB8QyaHvzh2P,5bWP3otVjB8QyaHvzh2P,https://www.tech-week.com/calendar/nyc
5534,IRL SOCIAL - founders and investor meet-up,2026-06-04,18:00:00,Thursday,2026-06-04 18:00,New York City,SoHo,SoHo,Evening,Women in Tech UK,Women in Tech,,Women in Tech,women-in-tech,False,,https://partiful.com/e/3gfDFnOcXdwD4KBwwNvK,3gfDFnOcXdwD4KBwwNvK,https://www.tech-week.com/calendar/nyc
5758,Latino Tech Mixer Vol 4,2026-06-04,18:00:00,Thursday,2026-06-04 18:00,New York City,Lower East Side,Lower East Side,Evening,Pygma,Pygma,Colectivo,Pygma; Colectivo,pygma; colectivo,False,,https://partiful.com/e/FDxH8qpnWSZ4DtT5Bp2a,FDxH8qpnWSZ4DtT5Bp2a,https://www.tech-week.com/calendar/nyc
5779,InsurTech Insights after-hours,2026-06-04,18:00:00,Thursday,2026-06-04 18:00,New York City,Midtown,Midtown,Evening,VirtusLab,VirtusLab,,VirtusLab,virtuslab-z-o-o,False,,https://partiful.com/e/7YHD19kDNMhkBd3Az3wx,7YHD19kDNMhkBd3Az3wx,https://www.tech-week.com/calendar/nyc
5812,Ownership in the Age of AI,2026-06-04,18:00:00,Thursday,2026-06-04 18:00,New York City,Brooklyn,Brooklyn,Evening,Bosmos,Bosmos,,Bosmos,bosmos,False,,https://partiful.com/e/sKTBmeGlJpYVbAyWmQIw,sKTBmeGlJpYVbAyWmQIw,https://www.tech-week.com/calendar/nyc
5815,AI Builders Mixer with DigitalOcean & Techstars,2026-06-04,18:00:00,Thursday,2026-06-04 18:00,New York City,Lower East Side,Lower East Side,Evening,DigitalOcean,DigitalOcean,Techstars,DigitalOcean; Techstars,digitalocean; techstars,False,,https://partiful.com/e/GNp5Np64desAmk4gUxYm,GNp5Np64desAmk4gUxYm,https://www.tech-week.com/calendar/nyc
6190,Politics to Tech: A NYC Happy Hour,2026-06-04,18:00:00,Thursday,2026-06-04 18:00,New York City,West Village,West Village,Evening,EO Ventures,EO Ventures,,EO Ventures,eo-ventures,False,,https://partiful.com/e/DcfibtJxRFnjfeZzA7PZ,DcfibtJxRFnjfeZzA7PZ,https://www.tech-week.com/calendar/nyc
6279,ADHD & Startup Life,2026-06-04,18:00:00,Thursday,2026-06-04 18:00,New York City,SoHo,SoHo,Evening,M13,M13,Rho,M13; Rho,m13; rho,False,,https://partiful.com/e/M9CYO508xMYhTkW9mphO,M9CYO508xMYhTkW9mphO,https://www.tech-week.com/calendar/nyc
6301,How We AI? NYC Edition,2026-06-04,18:00:00,Thursday,2026-06-04 18:00,New York City,Flatiron,Flatiron,Evening,CambrianEdge.ai,CambrianEdge.ai,,CambrianEdge.ai,cambrianedge-ai,False,,https://partiful.com/e/ImH5yBRFVdqG8ol24cmc,ImH5yBRFVdqG8ol24cmc,https://www.tech-week.com/calendar/nyc
6317,Rippling x Superhuman Mail x The Varo: Founders at Every Stage,2026-06-04,18:00:00,Thursday,2026-06-04 18:00,New York City,Nomad,Nomad,Evening,The Varo,The Varo,Rippling,The Varo; Rippling,the-varo; rippling,False,,https://partiful.com/e/ngIR5POoNayvrfRI63Ka,ngIR5POoNayvrfRI63Ka,https://www.tech-week.com/calendar/nyc
6321,Video in the Age of AI: Fireside Chat with a16z and Mirage,2026-06-04,18:00:00,Thursday,2026-06-04 18:00,New York City,Union Square,Union Square,Evening,Mirage,Mirage,a16z,Mirage; a16z,mirage; a16z,False,,https://partiful.com/e/dNI5cNYva0wRz2LinJRV,dNI5cNYva0wRz2LinJRV,https://www.tech-week.com/calendar/nyc
6334,The Reality of Compliance in 2026,2026-06-04,18:00:00,Thursday,2026-06-04 18:00,New York City,SoHo,SoHo,Evening,SpeakUp,SpeakUp,,SpeakUp,speakup,False,,https://partiful.com/e/Ud6pAKoIDVMAvYh2lHHQ,Ud6pAKoIDVMAvYh2lHHQ,https://www.tech-week.com/calendar/nyc
6385,Vibe Code & Sip: Presented By Vibe Connect & Zo Computer,2026-06-04,18:00:00,Thursday,2026-06-04 18:00,New York City,Brooklyn,Brooklyn,Evening,Vibe Connect,Vibe Connect,Zo Computer,Vibe Connect; Zo Computer,vibe-connect; zo-computer,False,,https://partiful.com/e/Olyu7D14YnCyJUUWTdbo,Olyu7D14YnCyJUUWTdbo,https://www.tech-week.com/calendar/nyc
6405,NYC Investor Networking Salon,2026-06-04,18:00:00,Thursday,2026-06-04 18:00,New York City,Midtown,Midtown,Evening,aiRaiz Inc,aiRaiz Inc,aiRaiz,aiRaiz Inc; aiRaiz,airaiz-inc; airaiz,True,,,,https://www.tech-week.com/calendar/nyc
6521,Soundcheck: Networking & Deals Insights for the Music Industry,2026-06-04,18:00:00,Thursday,2026-06-04 18:00,New York City,Financial District,Financial District,Evening,PwC,PwC,,PwC,pwc,False,gold,https://partiful.com/e/v5laWvDWHWiNPxlOocJc,v5laWvDWHWiNPxlOocJc,https://www.tech-week.com/calendar/nyc
6525,Pydantic at NY Tech Week,2026-06-04,18:00:00,Thursday,2026-06-04 18:00,New York City,Midtown,Midtown,Evening,Pydantic,Pydantic,,Pydantic,pydantic,True,,,,https://www.tech-week.com/calendar/nyc
6544,STRATEGY AT THE SPEED OF INFERENCE: What Happens When AI Analysis Is Free,2026-06-04,18:00:00,Thursday,2026-06-04 18:00,New York City,Midtown,Midtown,Evening,Colombia Business School Alumni,Colombia Business School Alumni,Inevitable,Colombia Business School Alumni; Inevitable,colombia-business-school-alumni; inevitable,False,,https://partiful.com/e/h5ayMfeDR9TCZ0cuFGwX,h5ayMfeDR9TCZ0cuFGwX,https://www.tech-week.com/calendar/nyc
6551,HealthIMPACT Live Operators Table Dinner,2026-06-04,18:00:00,Thursday,2026-06-04 18:00,New York City,Hudson Yards,Hudson Yards,Evening,HealthIMPACT Live | Digital Health Talks,HealthIMPACT Live | Digital Health Talks,,HealthIMPACT Live | Digital Health Talks,healthimpact-live-digital-health-talks,True,,,,https://www.tech-week.com/calendar/nyc
6558,NYC Founder Dinner with Turnstile,2026-06-04,18:00:00,Thursday,2026-06-04 18:00,New York City,Greenwich Village,Greenwich Village,Evening,Turnstile,Turnstile,,Turnstile,turnstile,True,,,,https://www.tech-week.com/calendar/nyc
6562,"Investing in AI in 2026: For VCs, family offices, angels",2026-06-04,18:00:00,Thursday,2026-06-04 18:00,New York City,Tribeca,Tribeca,Evening,Good Investor Club,Good Investor Club,,Good Investor Club,good-investor-club,False,,https://partiful.com/e/QV0Ih8gphWIUgE3CjvyH,QV0Ih8gphWIUgE3CjvyH,https://www.tech-week.com/calendar/nyc
6633,Legal Tech Mix & Mingle,2026-06-04,18:00:00,Thursday,2026-06-04 18:00,New York City,Midtown,Midtown,Evening,Clio,Clio,,Clio,clio,False,,https://partiful.com/e/zfoERhqNuTZjpq3mhfPX,zfoERhqNuTZjpq3mhfPX,https://www.tech-week.com/calendar/nyc
172,Immigrant Founder Dinner,2026-06-04,18:30:00,Thursday,2026-06-04 18:30,New York City,Lower East Side,Lower East Side,Evening,America Visa Advisory,America Visa Advisory,,America Visa Advisory,america-visa-advisory,True,,,,https://www.tech-week.com/calendar/nyc
221,Capital Conversations with Setpoint & Cross River Bank,2026-06-04,18:30:00,Thursday,2026-06-04 18:30,New York City,Chelsea,Chelsea,Evening,Setpoint,Setpoint,Cross River Bank,Setpoint; Cross River Bank,setpoint; cross-river-bank,True,,,,https://www.tech-week.com/calendar/nyc
4148,Product design leader dinner,2026-06-04,18:30:00,Thursday,2026-06-04 18:30,New York City,Flatiron,Flatiron,Evening,Koi Studios,Koi Studios,Asian women in design leadership,Koi Studios; Asian women in design leadership,koi-studios; asian-women-in-design-leadership,False,,https://partiful.com/e/0LzOTdMr0JBCzNfr1jKz,0LzOTdMr0JBCzNfr1jKz,https://www.tech-week.com/calendar/nyc
4173,Fund It or Kill It: The CFO–CIO AI ROI Lab,2026-06-04,18:30:00,Thursday,2026-06-04 18:30,New York City,Financial District,Financial District,Evening,SafeSpace,Safe Space,Linnify,Safe Space; Linnify,safe-space; linnify,False,,https://partiful.com/e/VelsqrAD2a26jnovmOK1,VelsqrAD2a26jnovmOK1,https://www.tech-week.com/calendar/nyc
4183,Engineering Leaders After Hours: A Build and Ship Cocktail Competition,2026-06-04,18:30:00,Thursday,2026-06-04 18:30,New York City,Midtown,Midtown,Evening,Cloudsmith,Cloudsmith,,Cloudsmith,cloudsmith,False,,https://partiful.com/e/bETmU06uq4TtORng6I1l,bETmU06uq4TtORng6I1l,https://www.tech-week.com/calendar/nyc
4410,NY Hardware Meetup – Rooftop Happy Hour @ Thalo Labs,2026-06-04,18:30:00,Thursday,2026-06-04 18:30,New York City,Midtown,Midtown,Evening,NY Hardware Meetup,NY Hardware Meetup,SRVO; Helogen; Informal,NY Hardware Meetup; SRVO; Helogen; Informal,ny-hardware-meetup; srvo; helogen; informal,False,,https://partiful.com/e/yJeAGfIAYFfgZIdyjB2u,yJeAGfIAYFfgZIdyjB2u,https://www.tech-week.com/calendar/nyc
4585,Game On: Engineering Night at Maybern,2026-06-04,18:30:00,Thursday,2026-06-04 18:30,New York City,Union Square,Union Square,Evening,Maybern,Maybern,,Maybern,maybern,False,,https://partiful.com/e/wPTbroGTpsEN1J0YhZ7M,wPTbroGTpsEN1J0YhZ7M,https://www.tech-week.com/calendar/nyc
4600,Global Payroll & Impact Mixer: Stablecoins for NGOs & Cross-Border Teams,2026-06-04,18:30:00,Thursday,2026-06-04 18:30,New York City,Midtown,Midtown,Evening,Lipaworld,Lipaworld,NABU,Lipaworld; NABU,lipaworld; nabu,True,,,,https://www.tech-week.com/calendar/nyc
4627,Tech Tribe,2026-06-04,18:30:00,Thursday,2026-06-04 18:30,New York City,Brooklyn,Brooklyn,Evening,Irie Jam Media,Irie Jam Media,Leader-ish Media Group,Irie Jam Media; Leader-ish Media Group,irie-jam-media; leader-ish-media-group,False,,https://partiful.com/e/IivV8IzESVAW6KJRkslZ,IivV8IzESVAW6KJRkslZ,https://www.tech-week.com/calendar/nyc
4857,Reset + Build: Overcoming AI Anxiety by Women in AI,2026-06-04,18:30:00,Thursday,2026-06-04 18:30,New York City,Flatiron,Flatiron,Evening,Women in AI,Women in AI,,Women in AI,women-in-ai,False,,https://partiful.com/e/Vg3uhwlG7t6HdALQeYTm,Vg3uhwlG7t6HdALQeYTm,https://www.tech-week.com/calendar/nyc
5113,AI & Deep Tech,2026-06-04,18:30:00,Thursday,2026-06-04 18:30,New York City,Chelsea,Chelsea,Evening,New York AI Labs,New York AI Labs,SearchParty; Hue; Halespan,New York AI Labs; SearchParty; Hue; Halespan,new-york-ai-labs; searchparty; hue; halespan,False,,https://partiful.com/e/3yZYQKw2f4aMWf9sMEEb,3yZYQKw2f4aMWf9sMEEb,https://www.tech-week.com/calendar/nyc
5222,Design Chats,2026-06-04,18:30:00,Thursday,2026-06-04 18:30,New York City,Midtown,Midtown,Evening,sashaisalex.com,sashaisalex.com,,sashaisalex.com,sashaisalex-com,False,,https://partiful.com/e/hF4eRqY2ThtP8aYIV76d,hF4eRqY2ThtP8aYIV76d,https://www.tech-week.com/calendar/nyc
5442,Agent-Led Growth: The CMO Briefing,2026-06-04,18:30:00,Thursday,2026-06-04 18:30,New York City,Midtown,Midtown,Evening,Limy AI,Limy AI,,Limy AI,limy-ai,False,,https://partiful.com/e/wO7Livvy7ag3WP8PoPUQ,wO7Livvy7ag3WP8PoPUQ,https://www.tech-week.com/calendar/nyc
5477,Jazz Speakeasy Happy Hour,2026-06-04,18:30:00,Thursday,2026-06-04 18:30,New York City,Flatiron,Flatiron,Evening,PromptLayer,PromptLayer,,PromptLayer,promptlayer,False,,https://partiful.com/e/gso3akWkut37bwv4WsuU,gso3akWkut37bwv4WsuU,https://www.tech-week.com/calendar/nyc
5630,travel intelligence club of new york: summer social,2026-06-04,18:30:00,Thursday,2026-06-04 18:30,New York City,West Village,West Village,Evening,travel intelligence club of new york,travel intelligence club of new york,,travel intelligence club of new york,travel-intelligence-club-of-new-york,False,,https://partiful.com/e/B3x5fJOf5XlG3NECDbPg,B3x5fJOf5XlG3NECDbPg,https://www.tech-week.com/calendar/nyc
6170,The City at Play: Locamotive Tech in NYC,2026-06-04,18:30:00,Thursday,2026-06-04 18:30,New York City,Brooklyn,Brooklyn,Evening,20Week Festival,20Week Festival,Stoop Sets,20Week Festival; Stoop Sets,20week-festival; stoop-sets,False,,https://partiful.com/e/xC3JsNbWiiEfrxXOijHQ,xC3JsNbWiiEfrxXOijHQ,https://www.tech-week.com/calendar/nyc
6185,Wine & Einstein: Could you be an NPC? + Unlimited Gaming,2026-06-04,18:30:00,Thursday,2026-06-04 18:30,New York City,Chinatown,Chinatown,Evening,Kage Kickback,Kage Kickback,,Kage Kickback,kage-kickback,False,,https://partiful.com/e/BMBvJqXkWckboYnpl0Si,BMBvJqXkWckboYnpl0Si,https://www.tech-week.com/calendar/nyc
6296,Capital Meets Credibility: ZavoVentures Tech Week Experience,2026-06-04,18:30:00,Thursday,2026-06-04 18:30,New York City,Midtown,Midtown,Evening,ZavoVentures,ZavoVentures,,ZavoVentures,zavoventures,False,,https://partiful.com/e/XegmGLkc2dLtgSWxHdpj,XegmGLkc2dLtgSWxHdpj,https://www.tech-week.com/calendar/nyc
6310,South Asians in Tech,2026-06-04,18:30:00,Thursday,2026-06-04 18:30,New York City,Midtown,Midtown,Evening,American South Asian Network (ASAN),American South Asian Network (ASAN),,American South Asian Network (ASAN),american-south-asian-network-asan,False,,https://partiful.com/e/BZmYKmtn6mwaNQ9Yf24O,BZmYKmtn6mwaNQ9Yf24O,https://www.tech-week.com/calendar/nyc
6319,Rebuilding the Government's Front Door,2026-06-04,18:30:00,Thursday,2026-06-04 18:30,New York City,Union Square,Union Square,Evening,Kaizen Labs,Kaizen Labs,,Kaizen Labs,kaizen-labs,False,,https://partiful.com/e/MJv2XcUotqaZ8mJWdnpj,MJv2XcUotqaZ8mJWdnpj,https://www.tech-week.com/calendar/nyc
6329,Spawn Point: NYC Game Dev Night | AAA Fireside + Mixer,2026-06-04,18:30:00,Thursday,2026-06-04 18:30,New York City,East Village,East Village,Evening,Ozborn Interactive,Ozborn Interactive,,Ozborn Interactive,ozborn-interactive,False,,https://partiful.com/e/RcCgumyDHdRqDvJaCQiT,RcCgumyDHdRqDvJaCQiT,https://www.tech-week.com/calendar/nyc
6552,From AI Prompt to Real Jewelry,2026-06-04,18:30:00,Thursday,2026-06-04 18:30,New York City,SoHo,SoHo,Evening,Skyveil AI,Skyveil AI,EchoHer,Skyveil AI; EchoHer,skyveil-ai; echoher,False,,https://partiful.com/e/Zm3BaEMeL5lyMrBGyOW9,Zm3BaEMeL5lyMrBGyOW9,https://www.tech-week.com/calendar/nyc
103,Using AI at the best restaurants in NYC,2026-06-04,19:00:00,Thursday,2026-06-04 19:00,New York City,SoHo,SoHo,Evening,Loyalist,Loyalist,,Loyalist,loyalist,False,,https://partiful.com/e/3VrQkUHCqbrYTUVDjbx0,3VrQkUHCqbrYTUVDjbx0,https://www.tech-week.com/calendar/nyc
119,OUT OF OFFICE,2026-06-04,19:00:00,Thursday,2026-06-04 19:00,New York City,Brooklyn,Brooklyn,Evening,Fonzi AI,Fonzi AI,,Fonzi AI,fonzi-ai,False,,https://partiful.com/e/6oWH3J0AUIj2Y3DawG39,6oWH3J0AUIj2Y3DawG39,https://www.tech-week.com/calendar/nyc
4100,Power in Motion: Heels Dance Workshop for Women in Tech,2026-06-04,19:00:00,Thursday,2026-06-04 19:00,New York City,Midtown,Midtown,Evening,Ignite with Izzy,Ignite with Izzy,,Ignite with Izzy,ignite-with-izzy,False,,https://partiful.com/e/ArxIzJCzN9uEAEpGvqOu,ArxIzJCzN9uEAEpGvqOu,https://www.tech-week.com/calendar/nyc
4282,The Dinner Table: Social Dinner Party Experience in West Village,2026-06-04,19:00:00,Thursday,2026-06-04 19:00,New York City,West Village,West Village,Evening,The Dinner Table Club,The Dinner Table Club,,The Dinner Table Club,the-dinner-table-club,True,,,,https://www.tech-week.com/calendar/nyc
4286,Pride x TechWeek hosted by LGBT+ VC,2026-06-04,19:00:00,Thursday,2026-06-04 19:00,New York City,Greenwich Village,Greenwich Village,Evening,LGBT+ VC,LGBT+ VC,,LGBT+ VC,lgbt-vc,False,,https://partiful.com/e/JARG5N9akq8WxYuD0sJN,JARG5N9akq8WxYuD0sJN,https://www.tech-week.com/calendar/nyc
4397,New Friendship Tech Week,2026-06-04,19:00:00,Thursday,2026-06-04 19:00,New York City,Lower East Side,Lower East Side,Evening,New Friendship Tech,New Friendship Tech,,New Friendship Tech,new-friendship-tech,False,,https://partiful.com/e/9G0ro5zcuJ1DQ2ajc9aI,9G0ro5zcuJ1DQ2ajc9aI,https://www.tech-week.com/calendar/nyc
4515,NEXUS: A Night for Creatives in AI,2026-06-04,19:00:00,Thursday,2026-06-04 19:00,New York City,Brooklyn,Brooklyn,Evening,FLORA,FLORA,,FLORA,flora,False,,https://partiful.com/e/OfGCygDIYyGdcDxkFikr,OfGCygDIYyGdcDxkFikr,https://www.tech-week.com/calendar/nyc
4632,Hard Truths: Why Fintech Growth Fails? Slash Your CAC with AI-Powered Growth,2026-06-04,19:00:00,Thursday,2026-06-04 19:00,New York City,Upper Manhattan,Upper Manhattan,Evening,QCAC,QCAC,,QCAC,qcac,False,,https://partiful.com/e/XXkHgZkN0CliSflVMKeI,XXkHgZkN0CliSflVMKeI,https://www.tech-week.com/calendar/nyc
4776,The Privacy Table,2026-06-04,19:00:00,Thursday,2026-06-04 19:00,New York City,Tribeca,Tribeca,Evening,Boundless Network,Boundless Network,Stellar Development Foundation,Boundless Network; Stellar Development Foundation,boundless-network; stellar-development-foundation,False,,https://partiful.com/e/aMqjo2Rjk5bg1IBYHc38,aMqjo2Rjk5bg1IBYHc38,https://www.tech-week.com/calendar/nyc
4810,AI for HR: Simplifying the H1B Process with AI Support,2026-06-04,19:00:00,Thursday,2026-06-04 19:00,New York City,Union Square,Union Square,Evening,peoplepower.ai,peoplepower.ai,,peoplepower.ai,peoplepower-ai,False,,https://partiful.com/e/AfaQ98WoXIVZNcAvPcxJ,AfaQ98WoXIVZNcAvPcxJ,https://www.tech-week.com/calendar/nyc
4853,Built By Us: Involving Young Adults in Mental Health Tech,2026-06-04,19:00:00,Thursday,2026-06-04 19:00,New York City,SoHo,SoHo,Evening,Headstream by SecondMuse,Headstream by SecondMuse,,Headstream by SecondMuse,headstream-by-secondmuse,False,,https://partiful.com/e/DlrEnx0mq1qn6Zi9Pwyy,DlrEnx0mq1qn6Zi9Pwyy,https://www.tech-week.com/calendar/nyc
5114,Stop Making AI Guess: When Your Codebase Becomes the Spec,2026-06-04,19:00:00,Thursday,2026-06-04 19:00,New York City,Union Square,Union Square,Evening,"Relevant Context, Inc.","Relevant Context, Inc.",,"Relevant Context, Inc.",relevant-context-inc,False,,https://partiful.com/e/X0u5GrmzvIUTrjoAOgVm,X0u5GrmzvIUTrjoAOgVm,https://www.tech-week.com/calendar/nyc
5137,The Data Room by Snowflake and Verci,2026-06-04,19:00:00,Thursday,2026-06-04 19:00,New York City,Flatiron,Flatiron,Evening,Snowflake,Snowflake,Verci,Snowflake; Verci,snowflake; verci,False,,https://partiful.com/e/ZxCTPNAXwPBHfwY631IS,ZxCTPNAXwPBHfwY631IS,https://www.tech-week.com/calendar/nyc
5168,VC & PE Dinner,2026-06-04,19:00:00,Thursday,2026-06-04 19:00,New York City,Flatiron,Flatiron,Evening,Flex,Flex,JLL,Flex; JLL,flex; jll,False,,https://partiful.com/e/UMldX1pfIZblwgClUpXY,UMldX1pfIZblwgClUpXY,https://www.tech-week.com/calendar/nyc
5204,From Prediction Markets to Predictive Intelligence Systems,2026-06-04,19:00:00,Thursday,2026-06-04 19:00,New York City,Financial District,Financial District,Evening,Daedalus Research,Daedalus Research,,Daedalus Research,daedalus-research,False,,https://partiful.com/e/eSldi3iNIvAVo9utdd8S,eSldi3iNIvAVo9utdd8S,https://www.tech-week.com/calendar/nyc
5231,AI BUILDERS DINNER,2026-06-04,19:00:00,Thursday,2026-06-04 19:00,New York City,Flatiron,Flatiron,Evening,Vibe Forward,Vibe Forward,,Vibe Forward,vibe-forward,False,,https://partiful.com/e/idltitmjA4ZzL9IuK0Y6,idltitmjA4ZzL9IuK0Y6,https://www.tech-week.com/calendar/nyc
5606,Finding Harmony Tech Week Jam Session,2026-06-04,19:00:00,Thursday,2026-06-04 19:00,New York City,Midtown,Midtown,Evening,StartupExperts,StartupExperts,,StartupExperts,startupexperts,False,,https://partiful.com/e/zv377n2JhHS9VlfJ8UXS,zv377n2JhHS9VlfJ8UXS,https://www.tech-week.com/calendar/nyc
5780,A Taste of the Future of Finance,2026-06-04,19:00:00,Thursday,2026-06-04 19:00,New York City,Tribeca,Tribeca,Evening,ExChao,ExChao,,ExChao,exchao,True,,,,https://www.tech-week.com/calendar/nyc
5792,AgTech Hacky Hour,2026-06-04,19:00:00,Thursday,2026-06-04 19:00,New York City,Union Square,Union Square,Evening,Leaf Agriculture,Leaf Agriculture,,Leaf Agriculture,leaf-agriculture,False,,https://partiful.com/e/Gn5FQI9e514uD7lPGFHh,Gn5FQI9e514uD7lPGFHh,https://www.tech-week.com/calendar/nyc
5796,InTheRoom: From Match to Meeting,2026-06-04,19:00:00,Thursday,2026-06-04 19:00,New York City,Nomad,Nomad,Evening,VeraYou Inc.,VeraYou Inc.,,VeraYou Inc.,verayou-inc,False,,https://partiful.com/e/zqPj0FZ2l4DcxG8YS9lq,zqPj0FZ2l4DcxG8YS9lq,https://www.tech-week.com/calendar/nyc
5818,Invest Before the Ticker Exists: Augment's Invite-Only App Launch Party,2026-06-04,19:00:00,Thursday,2026-06-04 19:00,New York City,Midtown,Midtown,Evening,Augment,Augment,Covent,Augment; Covent,augment; covent,False,,https://partiful.com/e/67G3mKpklwCGWzAjYkgz,67G3mKpklwCGWzAjYkgz,https://www.tech-week.com/calendar/nyc
6161,NYC Vide Debugging Party,2026-06-04,19:00:00,Thursday,2026-06-04 19:00,New York City,Midtown,Midtown,Evening,Sherlocks AI,Sherlocks AI,,Sherlocks AI,sherlocks-ai,True,,,,https://www.tech-week.com/calendar/nyc
6228,Navigating AI Adoption For Business Leaders,2026-06-04,19:00:00,Thursday,2026-06-04 19:00,New York City,Bronx,Bronx,Evening,AI Vantage Consulting,AI Vantage Consulting,,AI Vantage Consulting,ai-vantage-consulting,False,,https://partiful.com/e/tomdkKStTFKFSARo3Sin,tomdkKStTFKFSARo3Sin,https://www.tech-week.com/calendar/nyc
6331,SOLO UNICORN BUILD NIGHT — Vibe Code Live,2026-06-04,19:00:00,Thursday,2026-06-04 19:00,New York City,Midtown,Midtown,Evening,Solo Unicorn Club,Solo Unicorn Club,Manhattan Elite Club,Solo Unicorn Club; Manhattan Elite Club,solo-unicorn-club; manhattan-elite-club,False,,https://partiful.com/e/gX1zdtbIO2AvDe8bhWzy,gX1zdtbIO2AvDe8bhWzy,https://www.tech-week.com/calendar/nyc
6530,Post-Westphalia: The Future of Money and Nation States,2026-06-04,19:00:00,Thursday,2026-06-04 19:00,New York City,East Village,East Village,Evening,Macktez,Macktez,,Macktez,macktez,True,,,,https://www.tech-week.com/calendar/nyc
6582,VIP Only: Institutions & Introductions,2026-06-04,19:00:00,Thursday,2026-06-04 19:00,New York City,West Village,West Village,Evening,Introduction,Introduction,,Introduction,introduction,False,,https://partiful.com/e/yUgTDw1Bkps9Rb62ojJf,yUgTDw1Bkps9Rb62ojJf,https://www.tech-week.com/calendar/nyc
6594,"Founders, Investors & Builders — An Intimate NYC Cocktail Evening",2026-06-04,19:00:00,Thursday,2026-06-04 19:00,New York City,Union Square,Union Square,Evening,DDC Enterprise,DDC Enterprise,Alphataraxia,DDC Enterprise; Alphataraxia,ddc-enterprise; alphataraxia,False,,https://partiful.com/e/PhqnW15PCQAdoENB6aNl,PhqnW15PCQAdoENB6aNl,https://www.tech-week.com/calendar/nyc
6615,Answer Engine Hour: Where Marketing Meets AI Search,2026-06-04,19:00:00,Thursday,2026-06-04 19:00,New York City,SoHo,SoHo,Evening,Petra Labs,Petra Labs,,Petra Labs,petra-labs,False,,https://partiful.com/e/OfP2nxPWBMWMn6RgXVP1,OfP2nxPWBMWMn6RgXVP1,https://www.tech-week.com/calendar/nyc
6747,The Runway - A dinner series by Airwallex,2026-06-04,19:00:00,Thursday,2026-06-04 19:00,New York City,Union Square,Union Square,Evening,Airwallex,Airwallex,,Airwallex,airwallex,False,,https://partiful.com/e/cz75IF61uvnmLyPykAri,cz75IF61uvnmLyPykAri,https://www.tech-week.com/calendar/nyc
5453,olive Dinner Series | AI (NYC Tech Week),2026-06-04,19:30:00,Thursday,2026-06-04 19:30,New York City,West Village,West Village,Evening,olive,olive,,olive,olive,True,,,,https://www.tech-week.com/calendar/nyc
4626,The Gatsby Party,2026-06-04,20:00:00,Thursday,2026-06-04 20:00,New York City,Long Island,Long Island,Evening,Propel Earth,Propel Earth,,Propel Earth,propel-earth,False,,https://partiful.com/e/S2BRvVwmC7WiZs5HUtYE,S2BRvVwmC7WiZs5HUtYE,https://www.tech-week.com/calendar/nyc
4630,Raisi x Forecastr: Fundraising Arena Panel + Pitch Competition,2026-06-04,20:00:00,Thursday,2026-06-04 20:00,New York City,SoHo,SoHo,Evening,Raisi,Raisi,Forecastr,Raisi; Forecastr,raisi; forecastr,False,,https://partiful.com/e/qG3izuxTUNhkCyhc3I45,qG3izuxTUNhkCyhc3I45,https://www.tech-week.com/calendar/nyc
6441,Dinner with 14 CEOs + 1 Imposter,2026-06-04,20:00:00,Thursday,2026-06-04 20:00,New York City,Flatiron,Flatiron,Evening,Six,Six,,Six,six,False,,https://partiful.com/e/nDR5zz1fydJhFJcxu1Bj,nDR5zz1fydJhFJcxu1Bj,https://www.tech-week.com/calendar/nyc
5011,Founder Run Club,2026-06-04,20:15:00,Thursday,2026-06-04 20:15,New York City,Chelsea,Chelsea,Evening,Haven,Haven,,Haven,haven,False,,https://partiful.com/e/W8Zz3f2lutZZRksKD1hr,W8Zz3f2lutZZRksKD1hr,https://www.tech-week.com/calendar/nyc
4972,Fashion Hackathon Networking Event,2026-06-04,20:30:00,Thursday,2026-06-04 20:30,New York City,Flatiron,Flatiron,Evening,Fashion Forward,Fashion Forward,,Fashion Forward,fashion-forward,False,,https://partiful.com/e/9Og1H8nulI9zPH9OxEco,9Og1H8nulI9zPH9OxEco,https://www.tech-week.com/calendar/nyc
4990,Off the Record: Founders & Funders,2026-06-04,20:30:00,Thursday,2026-06-04 20:30,New York City,Greenwich Village,Greenwich Village,Evening,Supper,Supper,,Supper,supper,False,,https://partiful.com/e/vnXKL2lRlzHaRJQwv174,vnXKL2lRlzHaRJQwv174,https://www.tech-week.com/calendar/nyc
5400,Karaoke Capital: Founders & investors,2026-06-04,21:00:00,Thursday,2026-06-04 21:00,New York City,Union Square,Union Square,Evening,Odin,Odin,Green Room,Odin; Green Room,odin; green-room,False,,https://partiful.com/e/H9OexzyrTsRRlTTyBmF9,H9OexzyrTsRRlTTyBmF9,https://www.tech-week.com/calendar/nyc
4771,Privacy Please,2026-06-04,21:30:00,Thursday,2026-06-04 21:30,New York City,Tribeca,Tribeca,Evening,Boundless Network,Boundless Network,Stellar Development Foundation,Boundless Network; Stellar Development Foundation,boundless-network; stellar-development-foundation,False,,https://partiful.com/e/HwlNp8UC6vwWCBX97Dp9,HwlNp8UC6vwWCBX97Dp9,https://www.tech-week.com/calendar/nyc
5405,Run Tech Club | Signal Run x Wildwood Ventures,2026-06-05,07:30:00,Friday,2026-06-05 07:30,New York City,Tribeca,Tribeca,Morning,Run Tech Club,Run Tech Club,Wildwood Ventures,Run Tech Club; Wildwood Ventures,run-tech-club; wildwood-ventures,False,,https://partiful.com/e/OiFkcaWT26YBs7Hr5dtL,OiFkcaWT26YBs7Hr5dtL,https://www.tech-week.com/calendar/nyc
5772,Tech Pickleball NYC - Tech Week Edition,2026-06-05,07:30:00,Friday,2026-06-05 07:30,New York City,Brooklyn,Brooklyn,Morning,Optemization,Optemization,,Optemization,optemization,True,,,,https://www.tech-week.com/calendar/nyc
4849,"After Quantum: Money, Markets, & Cryptography",2026-06-05,08:00:00,Friday,2026-06-05 08:00,New York City,Flatiron,Flatiron,Morning,Wiesner Labs,Wiesner Labs,New York University,Wiesner Labs; New York University,wiesner-labs; new-york-university,True,,,,https://www.tech-week.com/calendar/nyc
5757,Walk and Talk Tech in Central Park,2026-06-05,08:00:00,Friday,2026-06-05 08:00,New York City,Central Park,Central Park,Morning,Fish & Richardson P.C.,Fish & Richardson P.C.,,Fish & Richardson P.C.,fish-richardson-p-c,False,,https://partiful.com/e/WLI2FHyuUJeKxYxsl7L5,WLI2FHyuUJeKxYxsl7L5,https://www.tech-week.com/calendar/nyc
5121,GNOMI GenZ Hackathon: Make Wall Street Go Viral,2026-06-05,08:30:00,Friday,2026-06-05 08:30,New York City,SoHo,SoHo,Morning,GNOMI App Corp,GNOMI App,,GNOMI App,gnomi-app,False,,https://partiful.com/e/hfSyqoSqdglV01JHqHue,hfSyqoSqdglV01JHqHue,https://www.tech-week.com/calendar/nyc
5513,Does Brand Matter in Venture? Panel & Networking,2026-06-05,08:30:00,Friday,2026-06-05 08:30,New York City,Financial District,Financial District,Morning,Astronaut Monastery,Astronaut Monastery,,Astronaut Monastery,astronaut-monastery,False,,https://partiful.com/e/y1upsVnjvL885rva7lkb,y1upsVnjvL885rva7lkb,https://www.tech-week.com/calendar/nyc
207,InstaLILY x Women in AI Coffee & Breakfast,2026-06-05,09:00:00,Friday,2026-06-05 09:00,New York City,SoHo,SoHo,Morning,instalily,instalily,Wilson Sonsini,instalily; Wilson Sonsini,instalily; wilson-sonsini,False,,https://partiful.com/e/b5VPB8KMbUuHvUOcKMHG,b5VPB8KMbUuHvUOcKMHG,https://www.tech-week.com/calendar/nyc
4092,NYCPA Hack-a-thon - #NYCPA,2026-06-05,09:00:00,Friday,2026-06-05 09:00,New York City,Midtown,Midtown,Morning,NYCPA,NYCPA,,NYCPA,nycpa,False,,https://partiful.com/e/BGETQMMJexGVcvaJYX6l,BGETQMMJexGVcvaJYX6l,https://www.tech-week.com/calendar/nyc
4236,Vault Summit: New York City,2026-06-05,09:00:00,Friday,2026-06-05 09:00,New York City,SoHo,SoHo,Morning,Vault Summit,Vault Summit,,Vault Summit,vault-summit,False,,https://partiful.com/e/04HsBAOTcvaqnnCycyQD,04HsBAOTcvaqnnCycyQD,https://www.tech-week.com/calendar/nyc
4267,Pitch and Run Friday,2026-06-05,09:00:00,Friday,2026-06-05 09:00,New York City,Chelsea,Chelsea,Morning,Pitch and Run,Pitch and Run,,Pitch and Run,pitch-and-run,False,,https://partiful.com/e/h1cWOUaSCLmevpgdttai,h1cWOUaSCLmevpgdttai,https://www.tech-week.com/calendar/nyc
4346,Tea: Founder/CEO Self-Mastery - a Dialogue,2026-06-05,09:00:00,Friday,2026-06-05 09:00,New York City,Brooklyn,Brooklyn,Morning,Corbett Ventures,Corbett Ventures,,Corbett Ventures,corbett-ventures,False,,https://partiful.com/e/dr4panHTBefqyiB4ggk4,dr4panHTBefqyiB4ggk4,https://www.tech-week.com/calendar/nyc
4426,Accelerators Coffee Mixer,2026-06-05,09:00:00,Friday,2026-06-05 09:00,New York City,SoHo,SoHo,Morning,Colectivo,Colectivo,,Colectivo,colectivo,False,,https://partiful.com/e/mXwYs3HTaa8IWKNrLTMy,mXwYs3HTaa8IWKNrLTMy,https://www.tech-week.com/calendar/nyc
4712,Sanctum Digital: Global Mindful Movement,2026-06-05,09:00:00,Friday,2026-06-05 09:00,New York City,Midtown,Midtown,Morning,Sanctum,Sanctum Foundation,,Sanctum Foundation,sanctum,False,,https://partiful.com/e/OrQcBqgwq8KX9NOUxhSv,OrQcBqgwq8KX9NOUxhSv,https://www.tech-week.com/calendar/nyc
4716,Aussies in Tech - NYC Edition,2026-06-05,09:00:00,Friday,2026-06-05 09:00,New York City,Midtown,Midtown,Morning,Australian Women in New York,Australian Women in New York,,Australian Women in New York,australian-women-in-new-york,True,,,,https://www.tech-week.com/calendar/nyc
4723,Women Who Restore,2026-06-05,09:00:00,Friday,2026-06-05 09:00,New York City,Flatiron,Flatiron,Morning,Valon,Valon,,Valon,valon,False,,https://partiful.com/e/ZkoF0HAUirlcek9ECWbI,ZkoF0HAUirlcek9ECWbI,https://www.tech-week.com/calendar/nyc
4842,The Cost of Looking Sustainable: Competing Standards Across the Atlantic in a Tech-Driven World,2026-06-05,09:00:00,Friday,2026-06-05 09:00,New York City,Midtown,Midtown,Morning,Transatlantic Growth,Transatlantic Growth,,Transatlantic Growth,transatlantic-growth,True,,,,https://www.tech-week.com/calendar/nyc
5033,Clair Health: Living in Clarity,2026-06-05,09:00:00,Friday,2026-06-05 09:00,New York City,Flatiron,Flatiron,Morning,Clair Health,Clair Health,,Clair Health,clair-health,False,,https://partiful.com/e/8j2aEOaE2GIi1b08Kw5m,8j2aEOaE2GIi1b08Kw5m,https://www.tech-week.com/calendar/nyc
5092,Pre-Seed Investor Breakfast,2026-06-05,09:00:00,Friday,2026-06-05 09:00,New York City,Midtown,Midtown,Morning,Generous Ventures,Generous Ventures,,Generous Ventures,generous-ventures,False,,https://partiful.com/e/MHdN7iIv7D3p7uXBnItl,MHdN7iIv7D3p7uXBnItl,https://www.tech-week.com/calendar/nyc
5194,NET Worth - A padel morning,2026-06-05,09:00:00,Friday,2026-06-05 09:00,New York City,Brooklyn,Brooklyn,Morning,Lyzr,Lyzr,,Lyzr,lyzr,False,,https://partiful.com/e/DIYNw5DJj1QWLJxfDb4g,DIYNw5DJj1QWLJxfDb4g,https://www.tech-week.com/calendar/nyc
5773,"Innovators' Hub: Cutting-Edge Tech, SMB Ready",2026-06-05,09:00:00,Friday,2026-06-05 09:00,New York City,Queens,Queens,Morning,Queens Chamber of Commerce,Queens Chamber of Commerce,Firstlight Cloud Xchange,Queens Chamber of Commerce; Firstlight Cloud Xchange,queens-chamber-of-commerce; firstlight-cloud-xchange,False,,https://partiful.com/e/cy4iiLTbdihqqMMs9WeM,cy4iiLTbdihqqMMs9WeM,https://www.tech-week.com/calendar/nyc
6381,Consumer Founders & Investors Breakfast,2026-06-05,09:00:00,Friday,2026-06-05 09:00,New York City,Upper East Side,Upper East Side,Morning,Tiny Dinner,Tiny Dinner,,Tiny Dinner,tiny-dinner,False,,https://partiful.com/e/6HaKD546tO44phJnQHVx,6HaKD546tO44phJnQHVx,https://www.tech-week.com/calendar/nyc
6580,Unstoppable Entrepreneurs: Argentine Founders in NYC,2026-06-05,09:15:00,Friday,2026-06-05 09:15,New York City,Midtown,Midtown,Morning,Consulate General of Argentina in New York,Consulate General of Argentina in New York,,Consulate General of Argentina in New York,consulate-general-of-argentina-in-new-york,False,,https://partiful.com/e/OgCPKZ96zrT1tzIiP5YL,OgCPKZ96zrT1tzIiP5YL,https://www.tech-week.com/calendar/nyc
4291,Building with the Bard: Remixing Shakespeare,2026-06-05,09:30:00,Friday,2026-06-05 09:30,New York City,Nomad,Nomad,Morning,Build First,Build First,,Build First,build-first,False,,https://partiful.com/e/Mt1yixuqsZw3l7qHMq3T,Mt1yixuqsZw3l7qHMq3T,https://www.tech-week.com/calendar/nyc
4654,She Speaks Health,2026-06-05,09:30:00,Friday,2026-06-05 09:30,New York City,Midtown,Midtown,Morning,FemBuild,FemBuild,Scalpels & Spreadsheets,FemBuild; Scalpels & Spreadsheets,fembuild; scalpels-spreadsheets,False,,https://partiful.com/e/aFk8297jBypjQ3ycXiHB,aFk8297jBypjQ3ycXiHB,https://www.tech-week.com/calendar/nyc
5699,C10 Labs x Wells Fargo x NY Robotics — Pitch the Product,2026-06-05,09:30:00,Friday,2026-06-05 09:30,New York City,Midtown,Midtown,Morning,C10 Labs,C10 Labs,Wells Fargo; New York Robotics,C10 Labs; Wells Fargo; New York Robotics,c10-labs; wells-fargo; new-york-robotics,False,,https://partiful.com/e/EHqpUupSw2r4hWswjqZc,EHqpUupSw2r4hWswjqZc,https://www.tech-week.com/calendar/nyc
4365,Real-Time Sprint: Build It Live,2026-06-05,10:00:00,Friday,2026-06-05 10:00,New York City,Midtown,Midtown,Morning,XLAI,XLAI,,XLAI,xlai,False,,https://partiful.com/e/hy44NsXy8fICdvIMp2bI,hy44NsXy8fICdvIMp2bI,https://www.tech-week.com/calendar/nyc
4804,Open for Ops,2026-06-05,10:00:00,Friday,2026-06-05 10:00,New York City,Midtown,Midtown,Morning,Greenhouse,Greenhouse,,Greenhouse,greenhouse,True,,,,https://www.tech-week.com/calendar/nyc
4854,"Photoreal VR for Archvis, Real Estate and Location-Based Entertainment - Day 2",2026-06-05,10:00:00,Friday,2026-06-05 10:00,New York City,Financial District,Financial District,Morning,Agile Lens,Agile Lens,DBOX; WanderLens Lab,Agile Lens; DBOX; WanderLens Lab,agile-lens; dbox; wanderlens-lab,False,,https://partiful.com/e/dA79zHIgCReURfjwFEki,dA79zHIgCReURfjwFEki,https://www.tech-week.com/calendar/nyc
4950,Voice Agents Weekender Hackathon,2026-06-05,10:00:00,Friday,2026-06-05 10:00,New York City,Central Park,Central Park,Morning,Leverage,Leverage,,Leverage,the-leverage,False,,https://partiful.com/e/rlbH6VVwOsJZfXlJkLpY,rlbH6VVwOsJZfXlJkLpY,https://www.tech-week.com/calendar/nyc
4995,Equity to Estate - Turning Startup Wealth into Long-Term Legacy,2026-06-05,10:00:00,Friday,2026-06-05 10:00,New York City,Financial District,Financial District,Morning,Northwestern Mutual Life Insurance Company,Northwestern Mutual Life Insurance Company,"Cloudonix, Inc","Northwestern Mutual Life Insurance Company; Cloudonix, Inc",northwestern-mutual-life-insurance-company; cloudonix-inc,False,,https://partiful.com/e/JcyP1ORbOE16X2gY5wAu,JcyP1ORbOE16X2gY5wAu,https://www.tech-week.com/calendar/nyc
5244,She's Selling: Building the $3.3T Future of Female Exits with Fintech,2026-06-05,10:00:00,Friday,2026-06-05 10:00,New York City,Flatiron,Flatiron,Morning,Exette,Exette,,Exette,exette,False,,https://partiful.com/e/rlMYu1yn8OTgJ0Vbaopm,rlMYu1yn8OTgJ0Vbaopm,https://www.tech-week.com/calendar/nyc
5345,Food Tech Coffee Chat: Tech that Keeps Humanity at the Table,2026-06-05,10:00:00,Friday,2026-06-05 10:00,New York City,Tribeca,Tribeca,Morning,Letters from the Table,Letters from the Table,,Letters from the Table,letters-from-the-table,True,,,,https://www.tech-week.com/calendar/nyc
5364,The Poop Pill Myth Lab,2026-06-05,10:00:00,Friday,2026-06-05 10:00,New York City,Greenwich Village,Greenwich Village,Morning,FitBiomics,FitBiomics,,FitBiomics,fitbiomics,True,,,,https://www.tech-week.com/calendar/nyc
6639,AI-Tech in Innovation Triangle West Harlem,2026-06-05,10:00:00,Friday,2026-06-05 10:00,New York City,Upper West Side,Upper West Side,Morning,Columbia University-Janus Property Company+Others,Columbia University-Janus Property Company+Others,,Columbia University-Janus Property Company+Others,columbia-university-janus-property-company-others,True,,,,https://www.tech-week.com/calendar/nyc
4352,Pitch Garage,2026-06-05,11:00:00,Friday,2026-06-05 11:00,New York City,SoHo,SoHo,Morning,Presentation Mode,Presentation Mode,,Presentation Mode,presentation-mode,False,,https://partiful.com/e/7xmYfFfhTQBHPGqBUNn4,7xmYfFfhTQBHPGqBUNn4,https://www.tech-week.com/calendar/nyc
4543,Chi-Ching: Integrated Financial Operations,2026-06-05,11:00:00,Friday,2026-06-05 11:00,New York City,Virtual (NYC),Virtual (NYC),Morning,WIZETRAK,WIZETRAK,,WIZETRAK,wizetrak,False,,https://partiful.com/e/sDrNi3lXsHFWExiKn9Gf,sDrNi3lXsHFWExiKn9Gf,https://www.tech-week.com/calendar/nyc
4851,We Solved the Chatbot Misinfo Problem. Here's How.,2026-06-05,11:00:00,Friday,2026-06-05 11:00,New York City,Midtown,Midtown,Morning,NewsGuard,NewsGuard,,NewsGuard,newsguard,False,,https://partiful.com/e/4mvtLjRkoCUa7D1tfO3L,4mvtLjRkoCUa7D1tfO3L,https://www.tech-week.com/calendar/nyc
5727,How AI is transforming the workforce model – and what comes next for talent strategy,2026-06-05,11:00:00,Friday,2026-06-05 11:00,New York City,Flatiron,Flatiron,Morning,IBM,IBM,,IBM,ibm,False,platinum,https://partiful.com/e/Y6jJoRk6U9E5hgPXi6uc,Y6jJoRk6U9E5hgPXi6uc,https://www.tech-week.com/calendar/nyc
6221,a16z speedrun AI Faire,2026-06-05,11:00:00,Friday,2026-06-05 11:00,New York City,Midtown,Midtown,Morning,a16z speedrun,a16z speedrun,Orrick,a16z speedrun; Orrick,a16z-speedrun; orrick,False,,https://partiful.com/e/JXbUkObwnkyVvC87cz8a,JXbUkObwnkyVvC87cz8a,https://www.tech-week.com/calendar/nyc
6336,11-11 Venture Building Sprint: Tech Week Edition by Madeline & Co. + Excelsior Edge Ventures,2026-06-05,11:00:00,Friday,2026-06-05 11:00,New York City,Financial District,Financial District,Morning,Madeline & Co.,Madeline & Co.,Excelsior Edge Ventures,Madeline & Co.; Excelsior Edge Ventures,madeline-co; excelsior-edge-ventures,False,,https://partiful.com/e/qyk65dBFAtgDutz68VMK,qyk65dBFAtgDutz68VMK,https://www.tech-week.com/calendar/nyc
6478,"Ekoparty: Argentina’s Cybersecurity Ecosystem, Talent, Startups, and Regional Expansion",2026-06-05,11:00:00,Friday,2026-06-05 11:00,New York City,Midtown,Midtown,Morning,Ekoparty Security Conference,Ekoparty Security Conference,Consulate General of Argentina in New York,Ekoparty Security Conference; Consulate General of Argentina in New York,ekoparty-security-conference; consulate-general-of-argentina-in-new-york,False,,https://partiful.com/e/9H9IsgkJAWIo4dUMlqmO,9H9IsgkJAWIo4dUMlqmO,https://www.tech-week.com/calendar/nyc
6572,Agribusiness Softlanding in Argentina,2026-06-05,11:00:00,Friday,2026-06-05 11:00,New York City,Midtown,Midtown,Morning,Agriconsult Latam,AgriConsult LATAM & OFC,Consulate General of Argentina in New York,AgriConsult LATAM & OFC; Consulate General of Argentina in New York,agriconsult-latam; consulate-general-of-argentina-in-new-york,False,,https://partiful.com/e/VYLWElwvSQQsaO2bOZGn,VYLWElwvSQQsaO2bOZGn,https://www.tech-week.com/calendar/nyc
5499,Female Founders Lunch,2026-06-05,11:30:00,Friday,2026-06-05 11:30,New York City,Midtown,Midtown,Morning,Perkins Coie LLP,Perkins Coie,Everywhere Ventures,Perkins Coie; Everywhere Ventures,perkins-coie; everywhere-ventures,False,,https://partiful.com/e/UC1NXYJ9EHyHyXonLjsP,UC1NXYJ9EHyHyXonLjsP,https://www.tech-week.com/calendar/nyc
5510,Before You Raise: What Investors Actually Check,2026-06-05,11:30:00,Friday,2026-06-05 11:30,New York City,Virtual (NYC),Virtual (NYC),Morning,Ad Hoc Founders Counsel,Ad Hoc Founders Counsel,,Ad Hoc Founders Counsel,ad-hoc-founders-counsel,False,,https://partiful.com/e/CNhLw58DXtAMPjBzhmSL,CNhLw58DXtAMPjBzhmSL,https://www.tech-week.com/calendar/nyc
4374,Founders' Lunch hosted by Cherry Hill Advisory,2026-06-05,12:00:00,Friday,2026-06-05 12:00,New York City,SoHo,SoHo,Noon,Cherry Hill Advisory,Cherry Hill Advisory,,Cherry Hill Advisory,cherry-hill-advisory,False,,https://partiful.com/e/3s09stRIIrmrcoVEFCT8,3s09stRIIrmrcoVEFCT8,https://www.tech-week.com/calendar/nyc
4718,AI-Native Services: Founders Panel,2026-06-05,12:00:00,Friday,2026-06-05 12:00,New York City,Hudson Yards,Hudson Yards,Noon,Elysian,Elysian,BCG; Portage Ventures,Elysian; BCG; Portage Ventures,elysian; bcg; portage-ventures,False,,https://partiful.com/e/NSLiWDiJVzPWl0DyQcDU,NSLiWDiJVzPWl0DyQcDU,https://www.tech-week.com/calendar/nyc
5240,Skills That Matter,2026-06-05,12:00:00,Friday,2026-06-05 12:00,New York City,SoHo,SoHo,Noon,Savas Labs,Savas Labs,,Savas Labs,savas-labs,False,,https://partiful.com/e/OTB0d4SND0ZJS5WYzdxc,OTB0d4SND0ZJS5WYzdxc,https://www.tech-week.com/calendar/nyc
5462,Latinos & Latam in AI,2026-06-05,12:00:00,Friday,2026-06-05 12:00,New York City,SoHo,SoHo,Noon,Colectivo,Colectivo,,Colectivo,colectivo,False,,https://partiful.com/e/H6ckvNb4WAjNTkDJTqsp,H6ckvNb4WAjNTkDJTqsp,https://www.tech-week.com/calendar/nyc
5615,Own Your Style with Storytelling and Fine-tuning,2026-06-05,12:00:00,Friday,2026-06-05 12:00,New York City,Midtown,Midtown,Noon,Underscore Animation,Underscore Animation,NA,Underscore Animation; NA,underscore-animation; na,False,,https://partiful.com/e/eJCB3HaeeRyEkyuMJ9Vj,eJCB3HaeeRyEkyuMJ9Vj,https://www.tech-week.com/calendar/nyc
6081,The $15M Founder Forum: Private Lunch at #NYTechWeek,2026-06-05,12:00:00,Friday,2026-06-05 12:00,New York City,Gramercy Park,Gramercy Park,Noon,Startup Grind,Startup Grind,,Startup Grind,startup-grind,False,,https://partiful.com/e/mG8lr0MOZDcE9Aid3QXR,mG8lr0MOZDcE9Aid3QXR,https://www.tech-week.com/calendar/nyc
6508,The City Hacks the State: Part 2 - Hackathon,2026-06-05,12:00:00,Friday,2026-06-05 12:00,New York City,Meatpacking District,Meatpacking District,Noon,JEA Advertising,JEA Advertising,InsureMEP,JEA Advertising; InsureMEP,jea-advertising; insuremep,False,,https://partiful.com/e/ncMRzEENiRelhy8yHSIM,ncMRzEENiRelhy8yHSIM,https://www.tech-week.com/calendar/nyc
6533,Scaling Founder-led Sales on LinkedIn,2026-06-05,12:00:00,Friday,2026-06-05 12:00,New York City,Virtual (NYC),Virtual (NYC),Noon,KRCG,KRCG,,KRCG,krcg,False,,https://partiful.com/e/yR1Y0eCTykwsyhDIgUsA,yR1Y0eCTykwsyhDIgUsA,https://www.tech-week.com/calendar/nyc
4643,Healthtech Founders Networking,2026-06-05,12:30:00,Friday,2026-06-05 12:30,New York City,Midtown,Midtown,Noon,KLI Capital,KLI Capital,Scalpels & Spreadsheets,KLI Capital; Scalpels & Spreadsheets,kli-capital; scalpels-spreadsheets,False,,https://partiful.com/e/Waeh7VPePdoGvYfP7nSs,Waeh7VPePdoGvYfP7nSs,https://www.tech-week.com/calendar/nyc
4127,"The Autonomous Enterprise: How AI Will Redefine Company Operations, Leadership, and Talent.",2026-06-05,13:00:00,Friday,2026-06-05 13:00,New York City,Virtual (NYC),Virtual (NYC),Afternoon,Orquesta Inc,Orquesta Inc,,Orquesta Inc,orquesta-inc,False,,https://partiful.com/e/t2IAjZOPxfRkn0b62Ypj,t2IAjZOPxfRkn0b62Ypj,https://www.tech-week.com/calendar/nyc
4720,Building AI Agents for Science,2026-06-05,13:00:00,Friday,2026-06-05 13:00,New York City,Financial District,Financial District,Afternoon,GRAIL,GRAIL,"Cloudonix, Inc","GRAIL; Cloudonix, Inc",grail; cloudonix-inc,False,,https://partiful.com/e/glbUe1VF4t4MRsDbktVx,glbUe1VF4t4MRsDbktVx,https://www.tech-week.com/calendar/nyc
4820,Money in 2036: The Future of Finance and How We Get There,2026-06-05,13:00:00,Friday,2026-06-05 13:00,New York City,SoHo,SoHo,Afternoon,CreditBridge,CreditBridge,NYU Blockchain Lab,CreditBridge; NYU Blockchain Lab,creditbridge; nyu-blockchain-lab,False,,https://partiful.com/e/TfQk8z0Kzm00HCm55rVN,TfQk8z0Kzm00HCm55rVN,https://www.tech-week.com/calendar/nyc
5701,Diasporic Impact Tech: Revitalizing Millenary Solutions to Redefine How We Live and Interact,2026-06-05,13:00:00,Friday,2026-06-05 13:00,New York City,Virtual (NYC),Virtual (NYC),Afternoon,GLOBAL PORTAL INSTITUTE,GLOBAL PORTAL INSTITUTE,THE PORT GLOBAL,GLOBAL PORTAL INSTITUTE; THE PORT GLOBAL,global-portal-institute; the-port-global,False,,https://partiful.com/e/Nz0QBVpUivKQKpzIs7Xl,Nz0QBVpUivKQKpzIs7Xl,https://www.tech-week.com/calendar/nyc
5765,The Oasis @ NY Tech Week Day 5 - Emerging Technology,2026-06-05,13:00:00,Friday,2026-06-05 13:00,New York City,SoHo,SoHo,Afternoon,Boardy,Boardy,Vibe Space; Flowstate; The AI Collective,Boardy; Vibe Space; Flowstate; The AI Collective,boardy; vibe-space; flowstate; the-ai-collective,False,,https://partiful.com/e/wME3CoGVwNPhbRyevKYp,wME3CoGVwNPhbRyevKYp,https://www.tech-week.com/calendar/nyc
4568,$14M for Faces That Don’t Exist Yet,2026-06-05,13:30:00,Friday,2026-06-05 13:30,New York City,Upper Manhattan,Upper Manhattan,Afternoon,ValkaAI,ValkaAI,European Startup Embassy,ValkaAI; European Startup Embassy,valkaai; european-startup-embassy,False,,https://partiful.com/e/WPs4H72VXEFetgndB7A0,WPs4H72VXEFetgndB7A0,https://www.tech-week.com/calendar/nyc
4706,The American Playbook: How Global Founders Win in the US,2026-06-05,13:30:00,Friday,2026-06-05 13:30,New York City,Hudson Yards,Hudson Yards,Afternoon,BDev Ventures,BDev Ventures,Arc Ventures; Wells Fargo,BDev Ventures; Arc Ventures; Wells Fargo,bdev-ventures; arc-ventures; wells-fargo,False,,https://partiful.com/e/6TEpduZJ2faxAuFUv5QV,6TEpduZJ2faxAuFUv5QV,https://www.tech-week.com/calendar/nyc
4029,Peacock Hill Web3 Vibe & Build: The AI Jam Session,2026-06-05,14:00:00,Friday,2026-06-05 14:00,New York City,Midtown,Midtown,Afternoon,PEACOCK HILL PRODUCTIONS,PEACOCK HILL PRODUCTIONS,,PEACOCK HILL PRODUCTIONS,peacock-hill-productions,False,,https://partiful.com/e/urfFckPmvamG39em2KPC,urfFckPmvamG39em2KPC,https://www.tech-week.com/calendar/nyc
4143,The Hidden Currency of Healthcare Leadership in the AI Era,2026-06-05,14:00:00,Friday,2026-06-05 14:00,New York City,Tribeca,Tribeca,Afternoon,Virre,Virre,,Virre,virre,False,,https://partiful.com/e/M7TEr1UmiL341A0iFk7Q,M7TEr1UmiL341A0iFk7Q,https://www.tech-week.com/calendar/nyc
4647,Live Events Are Becoming A Real-World Testbed For Web3 Infrastructure,2026-06-05,14:00:00,Friday,2026-06-05 14:00,New York City,Queens,Queens,Afternoon,Stub3,Stub3,,Stub3,stub3,True,,,,https://www.tech-week.com/calendar/nyc
5097,Too Young to Lead? How to Win in Tech Anyway,2026-06-05,14:00:00,Friday,2026-06-05 14:00,New York City,Midtown,Midtown,Afternoon,Smadlytics Inc,Smadlytics Inc,,Smadlytics Inc,smadlytics-inc,False,,https://partiful.com/e/M066UywP0GahJpN3RtDM,M066UywP0GahJpN3RtDM,https://www.tech-week.com/calendar/nyc
5465,Tomorrow's Unicorns,2026-06-05,14:00:00,Friday,2026-06-05 14:00,New York City,Flatiron,Flatiron,Afternoon,G-Fellows,G-Fellows,,G-Fellows,g-fellows,False,,https://partiful.com/e/p0S0WixaAo2RJlWgsVlf,p0S0WixaAo2RJlWgsVlf,https://www.tech-week.com/calendar/nyc
6542,Structuring for Global Capital: How Argentina's Digital Zones Can Compete with Dubai and Estonia,2026-06-05,14:30:00,Friday,2026-06-05 14:30,New York City,Midtown,Midtown,Afternoon,Andén Tech,Andén Tech,Consulate General of Argentina in New York,Andén Tech; Consulate General of Argentina in New York,anden-tech; consulate-general-of-argentina-in-new-york,False,,https://partiful.com/e/ZT09j5tN5H4GPqoEYnwJ,ZT09j5tN5H4GPqoEYnwJ,https://www.tech-week.com/calendar/nyc
6637,Taste the Truth- What do you know about your food?,2026-06-05,14:30:00,Friday,2026-06-05 14:30,New York City,Midtown,Midtown,Afternoon,AgriConsult LATAM & OFC,AgriConsult LATAM & OFC,Consulate General of Argentina in New York,AgriConsult LATAM & OFC; Consulate General of Argentina in New York,agriconsult-latam; consulate-general-of-argentina-in-new-york,False,,https://partiful.com/e/YHIW5UdTNrTFWFnIIGhX,YHIW5UdTNrTFWFnIIGhX,https://www.tech-week.com/calendar/nyc
4079,DESIGNERS OFFLINE,2026-06-05,15:00:00,Friday,2026-06-05 15:00,New York City,Midtown,Midtown,Afternoon,Designers Offline,Designers Offline,Designers & Coffee,Designers Offline; Designers & Coffee,designers-offline; designers-coffee,False,,https://partiful.com/e/Qrdae742d6FOxQj1HGhT,Qrdae742d6FOxQj1HGhT,https://www.tech-week.com/calendar/nyc
4082,VCs & LPs Cocktail Hour,2026-06-05,15:00:00,Friday,2026-06-05 15:00,New York City,Financial District,Financial District,Afternoon,fractl,fractl,,fractl,fractl,True,,,,https://www.tech-week.com/calendar/nyc
4351,I ❤️ NY Seed,2026-06-05,15:00:00,Friday,2026-06-05 15:00,New York City,SoHo,SoHo,Afternoon,Presentation Mode,Presentation Mode,,Presentation Mode,presentation-mode,False,,https://partiful.com/e/2NJ2Wb2IAPAikejr1DLL,2NJ2Wb2IAPAikejr1DLL,https://www.tech-week.com/calendar/nyc
4394,"Connecting Celebrities, Fans & Brands, Where Influence Meets Impact — Celecart × Watch Her Win at",2026-06-05,15:00:00,Friday,2026-06-05 15:00,New York City,Greenwich Village,Greenwich Village,Afternoon,Celecart Inc.,Celecart Inc.,Watch Her Win New York,Celecart Inc.; Watch Her Win New York,celecart-inc; watch-her-win-new-york,False,,https://partiful.com/e/KbU1aXj8PlE4DHqMi7nL,KbU1aXj8PlE4DHqMi7nL,https://www.tech-week.com/calendar/nyc
4772,The US Expansion blueprint,2026-06-05,15:00:00,Friday,2026-06-05 15:00,New York City,Midtown,Midtown,Afternoon,Razorpay,Razorpay,,Razorpay,razorpay,False,,https://partiful.com/e/NIRmE2CXx6LigqpHaRzA,NIRmE2CXx6LigqpHaRzA,https://www.tech-week.com/calendar/nyc
5142,Healthcare Innovation Night,2026-06-05,15:00:00,Friday,2026-06-05 15:00,New York City,Flatiron,Flatiron,Afternoon,Aiwomenfounders,Aiwomenfounders,,Aiwomenfounders,aiwomenfounders,False,,https://partiful.com/e/ldlqu4a7ndyU37GIi7X0,ldlqu4a7ndyU37GIi7X0,https://www.tech-week.com/calendar/nyc
5327,The Briefing: What No One Told Her About Exiting — A Conversation for Founders and Their Advisors,2026-06-05,15:00:00,Friday,2026-06-05 15:00,New York City,Financial District,Financial District,Afternoon,Exette,Exette,,Exette,exette,False,,https://partiful.com/e/W1Y2Nl4n23PBrt3KWj3Z,W1Y2Nl4n23PBrt3KWj3Z,https://www.tech-week.com/calendar/nyc
5337,Careers of the Future: AI Career Development Day,2026-06-05,15:00:00,Friday,2026-06-05 15:00,New York City,Union Square,Union Square,Afternoon,Black Women Talk Tech,Black Women Talk Tech,Baddies in Tech,Black Women Talk Tech; Baddies in Tech,black-women-talk-tech-ny-tech-alliance; baddies-in-tech,False,,https://partiful.com/e/P3vW41fYoKxlPihzQGFI,P3vW41fYoKxlPihzQGFI,https://www.tech-week.com/calendar/nyc
5408,Vibe Code 💻 & Tea 🍵: build with gemini,2026-06-05,15:00:00,Friday,2026-06-05 15:00,New York City,Lower East Side,Lower East Side,Afternoon,GDG NYC,GDG NYC,Columbia University Founders; Columbia Entrepreneurs Organization and FinOptiv AI,GDG NYC; Columbia University Founders; Columbia Entrepreneurs Organization and FinOptiv AI,gdg-nyc; columbia-university-founders; columbia-entrepreneurs-organization-and-finoptiv-ai,False,,https://partiful.com/e/5VTezY208ZqXJI4zsvJt,5VTezY208ZqXJI4zsvJt,https://www.tech-week.com/calendar/nyc
5448,Careers of the Future: AI Career Development Day,2026-06-05,15:00:00,Friday,2026-06-05 15:00,New York City,Union Square,Union Square,Afternoon,Black Women Talk Tech,Black Women Talk Tech,AcceleratorCON,Black Women Talk Tech; AcceleratorCON,black-women-talk-tech-ny-tech-alliance; acceleratorcon,False,,https://partiful.com/e/P3vW41fYoKxlPihzQGFI,P3vW41fYoKxlPihzQGFI,https://www.tech-week.com/calendar/nyc
5775,Marketplace and Community Led Growth,2026-06-05,15:00:00,Friday,2026-06-05 15:00,New York City,Midtown,Midtown,Afternoon,Partner1,Partner1,NachoNacho; Uplyft Collective,Partner1; NachoNacho; Uplyft Collective,partner1; nachonacho; uplyft-collective,False,,https://partiful.com/e/QoKkKe7U2NhgDoV3hZEt,QoKkKe7U2NhgDoV3hZEt,https://www.tech-week.com/calendar/nyc
6210,"Hi, Cofounder",2026-06-05,15:00:00,Friday,2026-06-05 15:00,New York City,Flatiron,Flatiron,Afternoon,Envision Blueprint,Envision Blueprint,,Envision Blueprint,envision-blueprint,False,,https://partiful.com/e/OhZKHpSNaeZLLepi9AAC,OhZKHpSNaeZLLepi9AAC,https://www.tech-week.com/calendar/nyc
6590,"Steeped in Tech: A Tea Reception Exploring AI, Taste & Human Experience",2026-06-05,15:00:00,Friday,2026-06-05 15:00,New York City,Midtown,Midtown,Afternoon,Tea Drunk,Tea Drunk,,Tea Drunk,tea-drunk,False,,https://partiful.com/e/piSMRtidmZjBAZR6kvqL,piSMRtidmZjBAZR6kvqL,https://www.tech-week.com/calendar/nyc
5459,The Alignment Lab: a Live Experience to Reveal Your Human Advantages & Navigate Complexity,2026-06-05,15:30:00,Friday,2026-06-05 15:30,New York City,Midtown,Midtown,Afternoon,Meridian Collective,Meridian Collective,,Meridian Collective,meridian-collective,False,,https://partiful.com/e/foEPEVCrozyJZCN4W19S,foEPEVCrozyJZCN4W19S,https://www.tech-week.com/calendar/nyc
4131,From Survive to Thrive,2026-06-05,16:00:00,Friday,2026-06-05 16:00,New York City,Midtown,Midtown,Afternoon,Astia,Astia,Lowenstein Sandler; Osborne Clarke,Astia; Lowenstein Sandler; Osborne Clarke,astia; lowenstein-sandler; osborne-clarke,False,,https://partiful.com/e/gKj9MaPMRgLAfdoUrS8A,gKj9MaPMRgLAfdoUrS8A,https://www.tech-week.com/calendar/nyc
4343,Female Founder/CEO Self-Mastery - a Dialogue,2026-06-05,16:00:00,Friday,2026-06-05 16:00,New York City,Brooklyn,Brooklyn,Afternoon,Corbett Ventures,Corbett Ventures,,Corbett Ventures,corbett-ventures,False,,https://partiful.com/e/d9mOqctHrPQiu4oeaF6t,d9mOqctHrPQiu4oeaF6t,https://www.tech-week.com/calendar/nyc
4620,NYC AI/ML Hackathon,2026-06-05,16:00:00,Friday,2026-06-05 16:00,New York City,East Village,East Village,Afternoon,Intuit,Intuit,,Intuit,intuit,False,,https://partiful.com/e/EstgcJd2gxjOPGIbPHmv,EstgcJd2gxjOPGIbPHmv,https://www.tech-week.com/calendar/nyc
4701,Trans Talent In Tech,2026-06-05,16:00:00,Friday,2026-06-05 16:00,New York City,Tribeca,Tribeca,Afternoon,Cool Trans Girl,Cool Trans Girl,Avid Society; NYC Pride; MSCI Pride & Allies,Cool Trans Girl; Avid Society; NYC Pride; MSCI Pride & Allies,cool-trans-girl; avid-society; nyc-pride; msci-pride-allies,False,,https://partiful.com/e/iym9LN4KS0uf1UV9BaB8,iym9LN4KS0uf1UV9BaB8,https://www.tech-week.com/calendar/nyc
4884,NYC Tech Week Town Hall,2026-06-05,16:00:00,Friday,2026-06-05 16:00,New York City,SoHo,SoHo,Afternoon,BitBasel,BitBasel,Jelly Jelly,BitBasel; Jelly Jelly,bitbasel; jelly-jelly,False,,https://partiful.com/e/6taIcgNN8nelcYyF4QXx,6taIcgNN8nelcYyF4QXx,https://www.tech-week.com/calendar/nyc
4914,Curated Happy Hour for European founders and US Investors! Powered by ESE,2026-06-05,16:00:00,Friday,2026-06-05 16:00,New York City,Upper Manhattan,Upper Manhattan,Afternoon,EUROPEAN STARTUP EMBASSY,European Startup Embassy,Valka AI,European Startup Embassy; Valka AI,european-startup-embassy; valka-ai,False,,https://partiful.com/e/LEDa1R82yEii1oxgrTBF,LEDa1R82yEii1oxgrTBF,https://www.tech-week.com/calendar/nyc
4953,Immersive Oyster Happy Hour with Tandon @The Yard,2026-06-05,16:00:00,Friday,2026-06-05 16:00,New York City,Brooklyn,Brooklyn,Afternoon,NYU Tandon @ The Yard,NYU Tandon @ The Yard,NYU,NYU Tandon @ The Yard; NYU,nyu-tandon-the-yard; nyu,False,,https://partiful.com/e/kN3NF2qN1659m0p5Yqbv,kN3NF2qN1659m0p5Yqbv,https://www.tech-week.com/calendar/nyc
5761,"Finance Agents Demo Night with JP Morgan, LangChain, Nebius & Tavily",2026-06-05,16:00:00,Friday,2026-06-05 16:00,New York City,Midtown,Midtown,Afternoon,Tavily AI,Tavily AI,JP Morgan,Tavily AI; JP Morgan,tavily-ai; jp-morgan,False,,https://partiful.com/e/iVvYeqLhieeu6286yKro,iVvYeqLhieeu6286yKro,https://www.tech-week.com/calendar/nyc
6388,The Future of Beauty-tech,2026-06-05,16:00:00,Friday,2026-06-05 16:00,New York City,East Village,East Village,Afternoon,FaceCard,FaceCard,,FaceCard,facecard,False,,https://partiful.com/e/ZOeFRrNgEB4lXfbQLvFR,ZOeFRrNgEB4lXfbQLvFR,https://www.tech-week.com/calendar/nyc
6547,How AI Gets You to AI,2026-06-05,16:00:00,Friday,2026-06-05 16:00,New York City,Midtown,Midtown,Afternoon,Creative Bits AI,Creative Bits AI,,Creative Bits AI,creative-bits-ai,False,,https://partiful.com/e/9YS9QE1XBY0mMpELVYSq,9YS9QE1XBY0mMpELVYSq,https://www.tech-week.com/calendar/nyc
5769,Startup Spotlight: Lithuania,2026-06-05,16:30:00,Friday,2026-06-05 16:30,New York City,Midtown,Midtown,Afternoon,Consulate General of the Republic of Lithuania in New York,Consulate General of the Republic of Lithuania in New York,Innovation Agency Lithuania,Consulate General of the Republic of Lithuania in New York; Innovation Agency Lithuania,consulate-general-of-the-republic-of-lithuania-in-new-york; innovation-agency-lithuania,False,,https://partiful.com/e/ByVS3R0LSmqvOoywWhDe,ByVS3R0LSmqvOoywWhDe,https://www.tech-week.com/calendar/nyc
250,AI Happy Hour,2026-06-05,17:00:00,Friday,2026-06-05 17:00,New York City,Brooklyn,Brooklyn,Evening,You.com,You.com,,You.com,you-com,False,,https://partiful.com/e/kvGpuFMeACW7ZWPYtxTP,kvGpuFMeACW7ZWPYtxTP,https://www.tech-week.com/calendar/nyc
4190,Brown Girls on the Rise,2026-06-05,17:00:00,Friday,2026-06-05 17:00,New York City,Midtown,Midtown,Evening,American South Asian Network,American South Asian Network,,American South Asian Network,american-south-asian-network,False,,https://partiful.com/e/tBeCQBUTILQSESj8hP3m,tBeCQBUTILQSESj8hP3m,https://www.tech-week.com/calendar/nyc
4287,Venture Salon: Founders & Investors,2026-06-05,17:00:00,Friday,2026-06-05 17:00,New York City,Midtown,Midtown,Evening,In Pulse,In Pulse,Yorkseed,In Pulse; Yorkseed,in-pulse; yorkseed,False,,https://partiful.com/e/AIjt9GNmqfJGNSGsOECn,AIjt9GNmqfJGNSGsOECn,https://www.tech-week.com/calendar/nyc
4356,Founders & Investors Soiree |,2026-06-05,17:00:00,Friday,2026-06-05 17:00,New York City,Flatiron,Flatiron,Evening,Supermoon,Supermoon,,Supermoon,supermoon,False,,https://partiful.com/e/fcS1sPOYoO4R7xf3egac,fcS1sPOYoO4R7xf3egac,https://www.tech-week.com/calendar/nyc
4514,Networking Happy Hour by Morgan Stanley Inclusive & Sustainable Ventures and QUAY Acceleration,2026-06-05,17:00:00,Friday,2026-06-05 17:00,New York City,Midtown,Midtown,Evening,QUAY Acceleration,QUAY Acceleration,Morgan Stanley Inclusive & Sustainable Ventures,QUAY Acceleration; Morgan Stanley Inclusive & Sustainable Ventures,quay-acceleration; morgan-stanley-inclusive-sustainable-ventures,False,,https://partiful.com/e/QfUCKBQL13W8DA0Yutl5,QfUCKBQL13W8DA0Yutl5,https://www.tech-week.com/calendar/nyc
4554,The Light Stack | 2026,2026-06-05,17:00:00,Friday,2026-06-05 17:00,New York City,Midtown,Midtown,Evening,Sentry,Sentry,Harness; Databricks Neon,Sentry; Harness; Databricks Neon,sentry; harness; databricks-neon,False,,https://partiful.com/e/CKczGayvJbdWdba2q8kr,CKczGayvJbdWdba2q8kr,https://www.tech-week.com/calendar/nyc
5068,Billion Oyster Project Field Trip,2026-06-05,17:00:00,Friday,2026-06-05 17:00,New York City,Financial District,Financial District,Evening,Ambrook,Ambrook,Casa de Tilda,Ambrook; Casa de Tilda,ambrook; casa-de-tilda,False,,https://partiful.com/e/1FFSWMPK1VyrAatMRp0s,1FFSWMPK1VyrAatMRp0s,https://www.tech-week.com/calendar/nyc
5228,After Hours by Bounty,2026-06-05,17:00:00,Friday,2026-06-05 17:00,New York City,SoHo,SoHo,Evening,Bounty,Bounty,,Bounty,bounty,False,,https://partiful.com/e/kYWNQTNgGYDZV4EfE9Ia,kYWNQTNgGYDZV4EfE9Ia,https://www.tech-week.com/calendar/nyc
5291,Seedling Spark Fund - High School Students,2026-06-05,17:00:00,Friday,2026-06-05 17:00,New York City,SoHo,SoHo,Evening,Yalla Now AI - High School Students,Yalla Now AI - High School Students,,Yalla Now AI - High School Students,yalla-now-ai-high-school-students,False,,https://partiful.com/e/S0qnVAP4oH8tNJYQeU8J,S0qnVAP4oH8tNJYQeU8J,https://www.tech-week.com/calendar/nyc
5383,The Room Is the Algorithm,2026-06-05,17:00:00,Friday,2026-06-05 17:00,New York City,Midtown,Midtown,Evening,"Mega Exhibit, Inc","Mega Exhibit, Inc",Mannarino Designs Inc,"Mega Exhibit, Inc; Mannarino Designs Inc",mega-exhibit-inc; mannarino-designs-inc,False,,https://partiful.com/e/TfUUsohe1JWQV2saAmWV,TfUUsohe1JWQV2saAmWV,https://www.tech-week.com/calendar/nyc
5385,The Room Is the Algorithm,2026-06-05,17:00:00,Friday,2026-06-05 17:00,New York City,Midtown,Midtown,Evening,"Mega Exhibit, Inc","Mega Exhibit, Inc",Mannarino Designs Inc,"Mega Exhibit, Inc; Mannarino Designs Inc",mega-exhibit-inc; mannarino-designs-inc,False,,https://partiful.com/e/TfUUsohe1JWQV2saAmWV,TfUUsohe1JWQV2saAmWV,https://www.tech-week.com/calendar/nyc
5481,AI x Consulting,2026-06-05,17:00:00,Friday,2026-06-05 17:00,New York City,Flatiron,Flatiron,Evening,alkemy,alkemy,,alkemy,alkemy,True,,,,https://www.tech-week.com/calendar/nyc
5722,Bare Metal Happy Hour: Autonomous Systems & Agent Fleet Orchestration,2026-06-05,17:00:00,Friday,2026-06-05 17:00,New York City,Union Square,Union Square,Evening,Lazy 8,Lazy 8,Every,Lazy 8; Every,lazy-8; every,False,,https://partiful.com/e/jkjGahQgmH9PLIxjfTFt,jkjGahQgmH9PLIxjfTFt,https://www.tech-week.com/calendar/nyc
6306,Pet Tech Meet Up NYC,2026-06-05,17:00:00,Friday,2026-06-05 17:00,New York City,Central Park,Central Park,Evening,Pync Inc.,Pync Inc.,,Pync Inc.,pync-inc,False,,https://partiful.com/e/DbJ8hrweBskIasfuf4cM,DbJ8hrweBskIasfuf4cM,https://www.tech-week.com/calendar/nyc
6435,Vibe Coding Meetup for Designers,2026-06-05,17:00:00,Friday,2026-06-05 17:00,New York City,Meatpacking District,Meatpacking District,Evening,NYC Design Community,NYC Design Community,,NYC Design Community,nyc-design-community,False,,https://partiful.com/e/4Qp4a2zWqGDfkbMlBq59,4Qp4a2zWqGDfkbMlBq59,https://www.tech-week.com/calendar/nyc
5450,TechWalk,2026-06-05,17:30:00,Friday,2026-06-05 17:30,New York City,Queens,Queens,Evening,TechWalk,TechWalk,,TechWalk,techwalk,False,,https://partiful.com/e/rRCBVWRZ2Hijadxm4yfr,rRCBVWRZ2Hijadxm4yfr,https://www.tech-week.com/calendar/nyc
5762,Iconic Futures,2026-06-05,17:30:00,Friday,2026-06-05 17:30,New York City,Nomad,Nomad,Evening,Icon New York,icon new york,SYT Studio,icon new york; SYT Studio,icon-new-york; syt-studio,False,,https://partiful.com/e/6xOCaM1O0odnjhhFoer6,6xOCaM1O0odnjhhFoer6,https://www.tech-week.com/calendar/nyc
46,BizKol x Tech Week: Empowering AI Companies with GTM & Vibe Marketing,2026-06-05,18:00:00,Friday,2026-06-05 18:00,New York City,Financial District,Financial District,Evening,BizKol,BizKol,,BizKol,bizkol,True,,,,https://www.tech-week.com/calendar/nyc
71,"[SHE-E-O, Women in Finance]",2026-06-05,18:00:00,Friday,2026-06-05 18:00,New York City,Financial District,Financial District,Evening,she.e.o ventures,she.e.o ventures,,she.e.o ventures,she-e-o-ventures,False,,https://partiful.com/e/Bcail4raG8pdPzMECgBm,Bcail4raG8pdPzMECgBm,https://www.tech-week.com/calendar/nyc
75,Tech Networking Event with NY City Council,2026-06-05,18:00:00,Friday,2026-06-05 18:00,New York City,Upper Manhattan,Upper Manhattan,Evening,"ContraSearch, Inc.","ContraSearch, Inc.",,"ContraSearch, Inc.",contrasearch-inc,False,,https://partiful.com/e/EWOiH1i0q7dBW763j1HH,EWOiH1i0q7dBW763j1HH,https://www.tech-week.com/calendar/nyc
203,PHL vs NYC Founder Draft,2026-06-05,18:00:00,Friday,2026-06-05 18:00,New York City,Midtown,Midtown,Evening,localhost:nyc,localhost:nyc,TechBrig; Pace University,localhost:nyc; TechBrig; Pace University,localhost-nyc; techbrig; pace-university,False,,https://partiful.com/e/vMnZZEd9ek0rQ09zFpeE,vMnZZEd9ek0rQ09zFpeE,https://www.tech-week.com/calendar/nyc
208,Bollywood & Builders,2026-06-05,18:00:00,Friday,2026-06-05 18:00,New York City,Tribeca,Tribeca,Evening,The Brown Room,The Brown Room,Momo VC,The Brown Room; Momo VC,the-brown-room; momo-vc,False,,https://partiful.com/e/gmQJ86KtlMO3vaJxSQz0,gmQJ86KtlMO3vaJxSQz0,https://www.tech-week.com/calendar/nyc
226,"Celecart - Celebrities, Fans and Brands on one Platform",2026-06-05,18:00:00,Friday,2026-06-05 18:00,New York City,Hudson Yards,Hudson Yards,Evening,Celecart Inc.,Celecart Inc.,,Celecart Inc.,celecart-inc,True,,,,https://www.tech-week.com/calendar/nyc
4239,PMAI: The Demo,2026-06-05,18:00:00,Friday,2026-06-05 18:00,New York City,SoHo,SoHo,Evening,Pioneering Minds AI`,Pioneering Minds AI,,Pioneering Minds AI,pioneering-minds-ai,False,,https://partiful.com/e/ktoXGoRYxuJrZwxM1KWq,ktoXGoRYxuJrZwxM1KWq,https://www.tech-week.com/calendar/nyc
4445,[Immigrant Founders&Investors Mixer],2026-06-05,18:00:00,Friday,2026-06-05 18:00,New York City,Midtown,Midtown,Evening,OneRise,OneRise,The Yard,OneRise; The Yard,onerise; the-yard,False,,https://partiful.com/e/mKW3TVj7dKZWNHi8X37B,mKW3TVj7dKZWNHi8X37B,https://www.tech-week.com/calendar/nyc
5149,Flirt Tank Dating,2026-06-05,18:00:00,Friday,2026-06-05 18:00,New York City,East Village,East Village,Evening,Live Different Comedy,Live Different Comedy,,Live Different Comedy,live-different-comedy,False,,https://partiful.com/e/958YRufxIqlYXcPAaBpB,958YRufxIqlYXcPAaBpB,https://www.tech-week.com/calendar/nyc
5232,Wavelength: Founders & Investors Night — AI‑Curated Matches Powered by VibeMatch,2026-06-05,18:00:00,Friday,2026-06-05 18:00,New York City,Nomad,Nomad,Evening,Ascend NYC,Ascend NYC,,Ascend NYC,ascend-nyc,True,,,,https://www.tech-week.com/calendar/nyc
5297,Deeptech Buildathon,2026-06-05,18:00:00,Friday,2026-06-05 18:00,New York City,SoHo,SoHo,Evening,GenZtea,GenZtea,Soma Capital; Epiphany,GenZtea; Soma Capital; Epiphany,genztea; soma-capital; epiphany,False,,https://partiful.com/e/8pmTKnFonLGM4FdI3MxF,8pmTKnFonLGM4FdI3MxF,https://www.tech-week.com/calendar/nyc
5433,Impact Room: Building The Future We Want,2026-06-05,18:00:00,Friday,2026-06-05 18:00,New York City,Lower East Side,Lower East Side,Evening,AAC,AAC,Starseed Studios,AAC; Starseed Studios,aac; starseed-studios,False,,https://partiful.com/e/IaHFZrZwfwKVMbQGFvAt,IaHFZrZwfwKVMbQGFvAt,https://www.tech-week.com/calendar/nyc
6092,Closing Party - Techweek NYC,2026-06-05,18:00:00,Friday,2026-06-05 18:00,New York City,SoHo,SoHo,Evening,Fireworks AI,Fireworks AI,Exa AI; Turbopuffer; Composio,Fireworks AI; Exa AI; Turbopuffer; Composio,fireworks-ai; exa-ai; turbopuffer; composio,False,gold,https://partiful.com/e/dYXQFsMvHHthXj4gC280,dYXQFsMvHHthXj4gC280,https://www.tech-week.com/calendar/nyc
6299,"""New Money"" — A Fintech Founders & Investors Mixer",2026-06-05,18:00:00,Friday,2026-06-05 18:00,New York City,Financial District,Financial District,Evening,Rolla,Rolla,,Rolla,rolla,False,,https://partiful.com/e/HNzBBTq1gXdenq3tLu9i,HNzBBTq1gXdenq3tLu9i,https://www.tech-week.com/calendar/nyc
6536,Taiwan Founder Night,2026-06-05,18:00:00,Friday,2026-06-05 18:00,New York City,Midtown,Midtown,Evening,LANDED Accelerator,LANDED Accelerator,Taipei Economic And Cultural Office In New York,LANDED Accelerator; Taipei Economic And Cultural Office In New York,landed-accelerator; taipei-economic-and-cultural-office-in-new-york,False,,https://partiful.com/e/mVKbO7NA2Xf0qLmT4hKt,mVKbO7NA2Xf0qLmT4hKt,https://www.tech-week.com/calendar/nyc
6595,The Future of Storytelling: AI-Native Filmmaking Demo Room,2026-06-05,18:00:00,Friday,2026-06-05 18:00,New York City,Brooklyn,Brooklyn,Evening,Just Videos Studios,Just Videos Studios,,Just Videos Studios,just-videos-studios,False,,https://partiful.com/e/V6w1IXuollfxgvdfYcHZ,V6w1IXuollfxgvdfYcHZ,https://www.tech-week.com/calendar/nyc
6630,"AI-Native Women · NYC: Build, Operate, Influence",2026-06-05,18:00:00,Friday,2026-06-05 18:00,New York City,Chinatown,Chinatown,Evening,Her Frontier,Her Frontier,,Her Frontier,her-frontier,False,,https://partiful.com/e/lKauxsY3iT3JRiLZji2c,lKauxsY3iT3JRiLZji2c,https://www.tech-week.com/calendar/nyc
4039,South Asian Builders Happy Hour / Networking,2026-06-05,18:30:00,Friday,2026-06-05 18:30,New York City,Chelsea,Chelsea,Evening,Products by Women,Products by Women,Geeks & Experts,Products by Women; Geeks & Experts,products-by-women; geeks-experts,False,,https://partiful.com/e/qcs6HrzV1RsoT1Hj1tnI,qcs6HrzV1RsoT1Hj1tnI,https://www.tech-week.com/calendar/nyc
4091,Founder Feud: Lessons from 100+ Founders Who've Been Through It,2026-06-05,18:30:00,Friday,2026-06-05 18:30,New York City,Flatiron,Flatiron,Evening,Forecastr,Forecastr,,Forecastr,forecastr,False,,https://partiful.com/e/g2e6kS6GPDm0icQCC14A,g2e6kS6GPDm0icQCC14A,https://www.tech-week.com/calendar/nyc
4193,Investor-Founder Connect,2026-06-05,18:30:00,Friday,2026-06-05 18:30,New York City,Midtown,Midtown,Evening,American South Asian Network,American South Asian Network,,American South Asian Network,american-south-asian-network,False,,https://partiful.com/e/UlFftZW7i9XR5gzWbGMR,UlFftZW7i9XR5gzWbGMR,https://www.tech-week.com/calendar/nyc
4450,Run(way)time,2026-06-05,18:30:00,Friday,2026-06-05 18:30,New York City,Midtown,Midtown,Evening,Dedalus Labs,Dedalus Labs,,Dedalus Labs,dedalus-labs,False,,https://partiful.com/e/OIxO16hJaP5ZVEu9Nl90,OIxO16hJaP5ZVEu9Nl90,https://www.tech-week.com/calendar/nyc
4562,Speaker Panel: Are We Building Better Lives?,2026-06-05,18:30:00,Friday,2026-06-05 18:30,New York City,Midtown,Midtown,Evening,Thinking Through,Thinking Through,Human Machines,Thinking Through; Human Machines,thinking-through; human-machines,False,,https://partiful.com/e/lSZgmttSVy4Eg93Di0Gr,lSZgmttSVy4Eg93Di0Gr,https://www.tech-week.com/calendar/nyc
4729,Shabbat Dinner Social,2026-06-05,18:30:00,Friday,2026-06-05 18:30,New York City,Lower East Side,Lower East Side,Evening,Leverage,Leverage,,Leverage,the-leverage,False,,https://partiful.com/e/H2wb6JSBw1jxZUgdB927,H2wb6JSBw1jxZUgdB927,https://www.tech-week.com/calendar/nyc
5774,World Modeling Dinner: Strategy in the Age of AI,2026-06-05,18:30:00,Friday,2026-06-05 18:30,New York City,SoHo,SoHo,Evening,Principle,Principle,,Principle,principle,False,,https://partiful.com/e/T7fUPRr3KArqfToIuGRR,T7fUPRr3KArqfToIuGRR,https://www.tech-week.com/calendar/nyc
5798,Speak Easy: Rooftop Pitch Lab,2026-06-05,18:30:00,Friday,2026-06-05 18:30,New York City,Midtown,Midtown,Evening,Speech & Mind,Speech & Mind,,Speech & Mind,speech-mind,False,,https://partiful.com/e/Sq84DVyhqLuB0Qj6vFhh,Sq84DVyhqLuB0Qj6vFhh,https://www.tech-week.com/calendar/nyc
6484,What’s Actually Working in EdTech Right Now,2026-06-05,18:30:00,Friday,2026-06-05 18:30,New York City,Upper Manhattan,Upper Manhattan,Evening,Eduwave AI,Eduwave AI,TransferX,Eduwave AI; TransferX,eduwave-ai; transferx,False,,https://partiful.com/e/MYjkIWX4pyKfwaKYp0PN,MYjkIWX4pyKfwaKYp0PN,https://www.tech-week.com/calendar/nyc
31,Brex Shabbat Dinner,2026-06-05,19:00:00,Friday,2026-06-05 19:00,New York City,SoHo,SoHo,Evening,Tech Tribe,Tech Tribe,Brex,Tech Tribe; Brex,tech-tribe; brex,False,,https://partiful.com/e/4ZZwfYwsanqlxiKEHMY6,4ZZwfYwsanqlxiKEHMY6,https://www.tech-week.com/calendar/nyc
4757,Salubrum Salon Dinner for Healthcare Investors,2026-06-05,19:00:00,Friday,2026-06-05 19:00,New York City,Midtown,Midtown,Evening,Coeus Collective Ventures,Coeus Collective Ventures,Salubrum,Coeus Collective Ventures; Salubrum,coeus-collective-ventures; salubrum,False,,https://partiful.com/e/waaD8WHscyLjlQkL4Uoi,waaD8WHscyLjlQkL4Uoi,https://www.tech-week.com/calendar/nyc
4805,Why The Future of Dating is Intelligent: Fireside Chat & Panel,2026-06-05,19:00:00,Friday,2026-06-05 19:00,New York City,Brooklyn,Brooklyn,Evening,Eternity LLC,Eternity LLC,Unity Flow AI; Feral Bangla; Third Culture,Eternity LLC; Unity Flow AI; Feral Bangla; Third Culture,eternity-llc; unity-flow-ai; feral-bangla; third-culture,True,,,,https://www.tech-week.com/calendar/nyc
4898,Friday Night Disco,2026-06-05,19:00:00,Friday,2026-06-05 19:00,New York City,Upper East Side,Upper East Side,Evening,XLAI,XLAI,,XLAI,xlai,False,,https://partiful.com/e/0drPw9UHAL5xfy3TvITt,0drPw9UHAL5xfy3TvITt,https://www.tech-week.com/calendar/nyc
5278,Pitch & Play,2026-06-05,19:00:00,Friday,2026-06-05 19:00,New York City,Midtown,Midtown,Evening,44ROCH,44ROCH,,44ROCH,44roch,False,,https://partiful.com/e/ymHgfeNe18CR1181DLC5,ymHgfeNe18CR1181DLC5,https://www.tech-week.com/calendar/nyc
5324,"Flow State: Dance, Rhythm & the Brain",2026-06-05,19:00:00,Friday,2026-06-05 19:00,New York City,SoHo,SoHo,Evening,Soma Precision Health,Soma Precision Health,,Soma Precision Health,soma-precision-health,False,,https://partiful.com/e/SIlu6inx1uTKxS3DIMWV,SIlu6inx1uTKxS3DIMWV,https://www.tech-week.com/calendar/nyc
5759,"The Missing Record: Memory, Power, and the Communities AI Was Never Trained to Know",2026-06-05,19:00:00,Friday,2026-06-05 19:00,New York City,Midtown,Midtown,Evening,QuarterMill,QuarterMill,,QuarterMill,quartermill,True,,,,https://www.tech-week.com/calendar/nyc
5781,Measured HRIS X Tech Week,2026-06-05,19:00:00,Friday,2026-06-05 19:00,New York City,Midtown,Midtown,Evening,"Measured HRIS , Inc","Measured HRIS , Inc",,"Measured HRIS , Inc",measured-hris-inc,False,,https://partiful.com/e/0UXV0ocPHY8mMNweUPgR,0UXV0ocPHY8mMNweUPgR,https://www.tech-week.com/calendar/nyc
6477,The Marketing Party,2026-06-05,19:00:00,Friday,2026-06-05 19:00,New York City,Midtown,Midtown,Evening,The Marketing Party,The Marketing Party,Airframe Labs; Dreamdata.io,The Marketing Party; Airframe Labs; Dreamdata.io,the-marketing-party; airframe-labs; dreamdata-io,True,,,,https://www.tech-week.com/calendar/nyc
4998,ionava x SoulCycle: VIP Friday Night Ride,2026-06-05,19:30:00,Friday,2026-06-05 19:30,New York City,Greenwich Village,Greenwich Village,Evening,ionava,ionava,SoulCycle,ionava; SoulCycle,ionava; soulcycle,False,,https://partiful.com/e/0Acg5QNuZq1LMb3lI20Q,0Acg5QNuZq1LMb3lI20Q,https://www.tech-week.com/calendar/nyc
4196,Future of Content: The Nova Studio Launch Party,2026-06-05,20:00:00,Friday,2026-06-05 20:00,New York City,Midtown,Midtown,Evening,Insurgi Urban Concepts,Insurgi Urban Concepts,,Insurgi Urban Concepts,insurgi-urban-concepts,False,,https://partiful.com/e/wLYY9WDfvCMooIwus7j4,wLYY9WDfvCMooIwus7j4,https://www.tech-week.com/calendar/nyc
5125,Gather 01 by 165 Global: NYC Launch Party - for Investors and founders,2026-06-05,20:00:00,Friday,2026-06-05 20:00,New York City,Midtown,Midtown,Evening,165 Global,165 Global,,165 Global,165-global,False,,https://partiful.com/e/0CnNiFTmqb0m0QqQkoob,0CnNiFTmqb0m0QqQkoob,https://www.tech-week.com/calendar/nyc
5501,SpacetimeDB Launchpad Hackathon,2026-06-05,20:00:00,Friday,2026-06-05 20:00,New York City,Midtown,Midtown,Evening,SpacetimeDB,SpacetimeDB,,SpacetimeDB,spacetimedb,False,,https://partiful.com/e/YxvEsJDZYLbJ9KkMt2bE,YxvEsJDZYLbJ9KkMt2bE,https://www.tech-week.com/calendar/nyc
4819,Above Fridays at PhD lounge by Stephen Michael Never Look Back,2026-06-05,21:00:00,Friday,2026-06-05 21:00,New York City,Chelsea,Chelsea,Evening,Propel Earth,Propel Earth,,Propel Earth,propel-earth,False,,https://partiful.com/e/NliTjJnlzHdCsjcx3JFS,NliTjJnlzHdCsjcx3JFS,https://www.tech-week.com/calendar/nyc
5514,Vega Presents: The +1 Party of the Summer,2026-06-05,21:00:00,Friday,2026-06-05 21:00,New York City,SoHo,SoHo,Evening,Vega,Vega,,Vega,vega,False,,https://partiful.com/e/oXjXF7XulL335ng19B6b,oXjXF7XulL335ng19B6b,https://www.tech-week.com/calendar/nyc
5323,The (T)echo Chamber Takeover,2026-06-05,22:00:00,Friday,2026-06-05 22:00,New York City,Union Square,Union Square,Evening,CMU T&E,CMU T&E,IK Agba Inc.,CMU T&E; IK Agba Inc.,cmu-t-e; ik-agba-inc,False,,https://partiful.com/e/zhxqPWOP82fFhLaHoMQT,zhxqPWOP82fFhLaHoMQT,https://www.tech-week.com/calendar/nyc
4037,Fitness For Founders: The TAY Way Pro Day,2026-06-06,09:00:00,Saturday,2026-06-06 09:00,New York City,Midtown,Midtown,Morning,TAY Fitness,TAY Fitness,Technology Founders of America,TAY Fitness; Technology Founders of America,tay-fitness; technology-founders-of-america,False,,https://partiful.com/e/M0IcRybbcOWR9tbpmutm,M0IcRybbcOWR9tbpmutm,https://www.tech-week.com/calendar/nyc
4536,Multimodal Hacks: build the interface for agents,2026-06-06,09:00:00,Saturday,2026-06-06 09:00,New York City,Meatpacking District,Meatpacking District,Morning,Betaworks,Betaworks,Forever 22; Langchain; Google Deepmind,Betaworks; Forever 22; Langchain; Google Deepmind,betaworks; forever-22; langchain; google-deepmind,False,,https://partiful.com/e/Z2SAKZpOG6VHZvi1iTTl,Z2SAKZpOG6VHZvi1iTTl,https://www.tech-week.com/calendar/nyc
4650,Healthtech Roundtables by Social by Scalpels & Spreadsheets,2026-06-06,09:00:00,Saturday,2026-06-06 09:00,New York City,Midtown,Midtown,Morning,Scalpels & Spreadsheets,Scalpels & Spreadsheets,,Scalpels & Spreadsheets,scalpels-spreadsheets,False,,https://partiful.com/e/ojZeZf4Fgq48lmtmv0xx,ojZeZf4Fgq48lmtmv0xx,https://www.tech-week.com/calendar/nyc
5058,NextGen BioAgents Hackathon,2026-06-06,09:00:00,Saturday,2026-06-06 09:00,New York City,Kips Bay,Kips Bay,Morning,Nucleate NY,Nucleate NY,,Nucleate NY,nucleate-ny,False,,https://partiful.com/e/RD1KcZIDmYx2q5J7fUbM,RD1KcZIDmYx2q5J7fUbM,https://www.tech-week.com/calendar/nyc
5287,Brain Workout,2026-06-06,09:00:00,Saturday,2026-06-06 09:00,New York City,SoHo,SoHo,Morning,Soma Precision Health,Soma Precision Health,,Soma Precision Health,soma-precision-health,False,,https://partiful.com/e/vGGK1oDMEBtV51cgXE09,vGGK1oDMEBtV51cgXE09,https://www.tech-week.com/calendar/nyc
5417,Founder Reset,2026-06-06,09:00:00,Saturday,2026-06-06 09:00,New York City,Brooklyn,Brooklyn,Morning,Ginga,Ginga,MOTHER Tech; Bahia Taste,Ginga; MOTHER Tech; Bahia Taste,ginga; mother-tech; bahia-taste,False,,https://partiful.com/e/BkBgm4A6roB2plBcGf2e,BkBgm4A6roB2plBcGf2e,https://www.tech-week.com/calendar/nyc
5611,Code For Climate: Build with AI,2026-06-06,09:00:00,Saturday,2026-06-06 09:00,New York City,Midtown,Midtown,Morning,Mentor Me Collective,Mentor Me Collective,Google Cloud; Thinking About Thinking; Base44,Mentor Me Collective; Google Cloud; Thinking About Thinking; Base44,mentor-me-collective; google-cloud; thinking-about-thinking; base44,False,,https://partiful.com/e/oIAGx5NCqfYVJS9iPljh,oIAGx5NCqfYVJS9iPljh,https://www.tech-week.com/calendar/nyc
5629,Code For Climate: Build with AI,2026-06-06,09:00:00,Saturday,2026-06-06 09:00,New York City,Midtown,Midtown,Morning,Mentor Me Collective,Mentor Me Collective,Google Cloud; Thinking About Thinking; Base44,Mentor Me Collective; Google Cloud; Thinking About Thinking; Base44,mentor-me-collective; google-cloud; thinking-about-thinking; base44,False,,https://partiful.com/e/oIAGx5NCqfYVJS9iPljh,oIAGx5NCqfYVJS9iPljh,https://www.tech-week.com/calendar/nyc
5659,Code For Climate: Build with AI,2026-06-06,09:00:00,Saturday,2026-06-06 09:00,New York City,Midtown,Midtown,Morning,Mentor Me Collective,Mentor Me Collective,Thinking About Thinking; Google Cloud,Mentor Me Collective; Thinking About Thinking; Google Cloud,mentor-me-collective; thinking-about-thinking; google-cloud,False,,https://partiful.com/e/oIAGx5NCqfYVJS9iPljh,oIAGx5NCqfYVJS9iPljh,https://www.tech-week.com/calendar/nyc
5750,Build A Plan of Life - Can AI Help with Daily Spiritual Habits?,2026-06-06,09:00:00,Saturday,2026-06-06 09:00,New York City,Greenwich Village,Greenwich Village,Morning,BuildSaints,BuildSaints,St Joseph’s Entrepreneur Club,BuildSaints; St Joseph’s Entrepreneur Club,buildsaints; st-joseph-s-entrepreneur-club,False,,https://partiful.com/e/of5BZt7bvyRnAWZ3xoK7,of5BZt7bvyRnAWZ3xoK7,https://www.tech-week.com/calendar/nyc
6365,Rebuild x Eleven Labs Hackathon,2026-06-06,09:00:00,Saturday,2026-06-06 09:00,New York City,Chinatown,Chinatown,Morning,Rebuild,Rebuild,Eleven Labs,Rebuild; Eleven Labs,rebuild; eleven-labs,False,,https://partiful.com/e/5gz90KPGpE1XoK3GZtoW,5gz90KPGpE1XoK3GZtoW,https://www.tech-week.com/calendar/nyc
6380,Founders Running Club: 5K Networking Run,2026-06-06,09:00:00,Saturday,2026-06-06 09:00,New York City,West Village,West Village,Morning,Founders Running Club,Founders Running Club,,Founders Running Club,founders-running-club,False,,https://partiful.com/e/xOvJDFd1n53bUaABG9qG,xOvJDFd1n53bUaABG9qG,https://www.tech-week.com/calendar/nyc
5047,"QueensKnow Prayer Walk for Women in Tech, Business & Leadership",2026-06-06,09:30:00,Saturday,2026-06-06 09:30,New York City,Brooklyn,Brooklyn,Morning,QueensKnow,QueensKnow,,QueensKnow,queensknow,False,,https://partiful.com/e/r5NNkxDEGwuImYwwqvqe,r5NNkxDEGwuImYwwqvqe,https://www.tech-week.com/calendar/nyc
5748,Agents Hackathon by Lightning AI & Validia,2026-06-06,09:30:00,Saturday,2026-06-06 09:30,New York City,Chinatown,Chinatown,Morning,Validia,Validia,Lightning AI,Validia; Lightning AI,validia; lightning-ai,False,,https://partiful.com/e/UUSBKyeFqHuURxthFyji,UUSBKyeFqHuURxthFyji,https://www.tech-week.com/calendar/nyc
5454,Bring Your Own Data (BYOD): A Creative Tech Potluck,2026-06-06,09:45:00,Saturday,2026-06-06 09:45,New York City,Brooklyn,Brooklyn,Morning,Black Interactive,Black Interactive,,Black Interactive,black-interactive,False,,https://partiful.com/e/OaMuPHbkv4A3c4MJxwW5,OaMuPHbkv4A3c4MJxwW5,https://www.tech-week.com/calendar/nyc
13,Rat Pack Hack with Lovable,2026-06-06,10:00:00,Saturday,2026-06-06 10:00,New York City,Flatiron,Flatiron,Morning,Paradigm,Paradigm,,Paradigm,paradigm,False,,https://partiful.com/e/2sVPnwqQOK5sF4FckWXf,2sVPnwqQOK5sF4FckWXf,https://www.tech-week.com/calendar/nyc
72,Consumer AI hackathon For Builder,2026-06-06,10:00:00,Saturday,2026-06-06 10:00,New York City,Chelsea,Chelsea,Morning,BeFreed,BeFreed,,BeFreed,befreed,False,,https://partiful.com/e/83GF2SN1253QIV5Yr2rY,83GF2SN1253QIV5Yr2rY,https://www.tech-week.com/calendar/nyc
4003,Bio-Health Run,2026-06-06,10:00:00,Saturday,2026-06-06 10:00,New York City,West Village,West Village,Morning,Bio-Health Run Club,Bio-Health Run Club,,Bio-Health Run Club,bio-health-run-club,False,,https://partiful.com/e/Yypg1qLoBZxTQeULD3pH,Yypg1qLoBZxTQeULD3pH,https://www.tech-week.com/calendar/nyc
4040,Vibe Code Hackathon,2026-06-06,10:00:00,Saturday,2026-06-06 10:00,New York City,Chelsea,Chelsea,Morning,Products by Women,Products by Women,Geeks & Experts,Products by Women; Geeks & Experts,products-by-women; geeks-experts,False,,https://partiful.com/e/uQdzb29YFCGMt5EyS7T0,uQdzb29YFCGMt5EyS7T0,https://www.tech-week.com/calendar/nyc
4802,NY TECH PRAYER BRUNCH,2026-06-06,10:00:00,Saturday,2026-06-06 10:00,New York City,Brooklyn,Brooklyn,Morning,Gather for Glory,Gather for Glory,Baddies in Tech,Gather for Glory; Baddies in Tech,gather-for-glory; baddies-in-tech,False,,https://partiful.com/e/otWn9aTcoYTcUY4QWh5x,otWn9aTcoYTcUY4QWh5x,https://www.tech-week.com/calendar/nyc
5140,NYC Prompt-to-Play Hackathon,2026-06-06,10:00:00,Saturday,2026-06-06 10:00,New York City,Flatiron,Flatiron,Morning,blAng productions,blAng productions,,blAng productions,blang-productions,True,,,,https://www.tech-week.com/calendar/nyc
6445,The Fittest People in Tech.,2026-06-06,10:00:00,Saturday,2026-06-06 10:00,New York City,Chelsea,Chelsea,Morning,Thatch,Thatch,WHOOP,Thatch; WHOOP,thatch; whoop,False,,https://partiful.com/e/8r8Hg42X0rnZ9g0GAyTB,8r8Hg42X0rnZ9g0GAyTB,https://www.tech-week.com/calendar/nyc
4391,​Founder Basketball [Hosted by Rho x Lerer Hippeau],2026-06-06,10:30:00,Saturday,2026-06-06 10:30,New York City,Chelsea,Chelsea,Morning,Rho,Rho,Lerer Hippeau,Rho; Lerer Hippeau,rho; lerer-hippeau,False,,https://partiful.com/e/HtAfI5g4LYFrR0hAMWGg,HtAfI5g4LYFrR0hAMWGg,https://www.tech-week.com/calendar/nyc
4875,Hack- Aging Vibecoding,2026-06-06,10:30:00,Saturday,2026-06-06 10:30,New York City,Midtown,Midtown,Morning,Owle AI,Owle AI,,Owle AI,owle-ai,False,,https://partiful.com/e/ldrUZdvoSlbrx3uQT7dd,ldrUZdvoSlbrx3uQT7dd,https://www.tech-week.com/calendar/nyc
5755,Walk and Talk Tech in Central Park,2026-06-06,10:30:00,Saturday,2026-06-06 10:30,New York City,Central Park,Central Park,Morning,Fish & Richardson P.C.,Fish & Richardson P.C.,,Fish & Richardson P.C.,fish-richardson-p-c,False,,https://partiful.com/e/QUnG1qTMwyGP9hkg8MYP,QUnG1qTMwyGP9hkg8MYP,https://www.tech-week.com/calendar/nyc
204,Hardware Hack,2026-06-06,11:00:00,Saturday,2026-06-06 11:00,New York City,Brooklyn,Brooklyn,Morning,localhost:nyc,localhost:nyc,Visionbrew; Connnext,localhost:nyc; Visionbrew; Connnext,localhost-nyc; visionbrew; connnext,False,,https://partiful.com/e/5b8DE39ZNAUhZsPcSepq,5b8DE39ZNAUhZsPcSepq,https://www.tech-week.com/calendar/nyc
4749,"Frontier Demo Day: AI, Robotics & Real-World Systems (NYC)",2026-06-06,11:00:00,Saturday,2026-06-06 11:00,New York City,Midtown,Midtown,Morning,Stonegardens Advisory,Stonegardens Advisory,Orama Technologies; XFund; Harvard GovLab Incubator Hackathon,Stonegardens Advisory; Orama Technologies; XFund; Harvard GovLab Incubator Hackathon,stonegardens-advisory; orama-technologies; xfund; harvard-govlab-incubator-hackathon,True,,,,https://www.tech-week.com/calendar/nyc
5214,Proof Wins: The Future of Non-Profit Impact,2026-06-06,11:00:00,Saturday,2026-06-06 11:00,New York City,Virtual (NYC),Virtual (NYC),Morning,Gifted Life LLC,Gifted Life LLC,,Gifted Life LLC,gifted-life-llc,False,,https://partiful.com/e/rLezkpKZ3QRfCdlVcLF6,rLezkpKZ3QRfCdlVcLF6,https://www.tech-week.com/calendar/nyc
5744,AI Agents in the Wild: A Candid Conversation on Trust and Accountability,2026-06-06,11:00:00,Saturday,2026-06-06 11:00,New York City,Flatiron,Flatiron,Morning,Ezio,Ezio,,Ezio,ezio,False,,https://partiful.com/e/hI6Tdz9djTmB6Zrpz9ZS,hI6Tdz9djTmB6Zrpz9ZS,https://www.tech-week.com/calendar/nyc
6248,"Above the Noise : Creators, Founders & Investors Mixer",2026-06-06,11:00:00,Saturday,2026-06-06 11:00,New York City,Chelsea,Chelsea,Morning,Velle,Velle,,Velle,velle,False,,https://partiful.com/e/HjFwJN8F4iK3LPhBy4D9,HjFwJN8F4iK3LPhBy4D9,https://www.tech-week.com/calendar/nyc
6489,Venture Capital 101: Coffee Chat on Careers in VC,2026-06-06,11:00:00,Saturday,2026-06-06 11:00,New York City,Union Square,Union Square,Morning,Venture Capital 101,Venture Capital 101,City College of New / City University of New York,Venture Capital 101; City College of New / City University of New York,venture-capital-101; city-college-of-new-city-university-of-new-york,False,,https://partiful.com/e/vil1h0maT1xq6sC6KFBC,vil1h0maT1xq6sC6KFBC,https://www.tech-week.com/calendar/nyc
4035,Vibe Coding Hackathon,2026-06-06,11:30:00,Saturday,2026-06-06 11:30,New York City,Virtual (NYC),Virtual (NYC),Morning,Products by Women,Products by Women,Geeks & Experts,Products by Women; Geeks & Experts,products-by-women; geeks-experts,True,,,,https://www.tech-week.com/calendar/nyc
16,New York City Pizza Crawl #15 West Village Crawl,2026-06-06,12:00:00,Saturday,2026-06-06 12:00,New York City,Greenwich Village,Greenwich Village,Noon,New York City Pizza Crawl,New York City Pizza Crawl,,New York City Pizza Crawl,new-york-city-pizza-crawl,False,,https://partiful.com/e/UcvDCeDT5tKas1H5sWSs,UcvDCeDT5tKas1H5sWSs,https://www.tech-week.com/calendar/nyc
4023,FASHIONOLOGY SUMMIT,2026-06-06,12:00:00,Saturday,2026-06-06 12:00,New York City,Midtown,Midtown,Noon,Fashionology,Fashionology,In Haus; All Things Fashion Tech,Fashionology; In Haus; All Things Fashion Tech,fashionology; in-haus; all-things-fashion-tech,False,,https://partiful.com/e/VmF6aB4qEp7mD0mxZMSG,VmF6aB4qEp7mD0mxZMSG,https://www.tech-week.com/calendar/nyc
4076,"DWD - Wearing the Future: Culture, Capital & Community - (Women Only)",2026-06-06,12:00:00,Saturday,2026-06-06 12:00,New York City,Union Square,Union Square,Noon,Mothers to Daughters,Mothers to Daughters,,Mothers to Daughters,mothers-to-daughters,False,,https://partiful.com/e/7UpZe9eo90pwQSpSutZ0,7UpZe9eo90pwQSpSutZ0,https://www.tech-week.com/calendar/nyc
4680,UGLY TALK: What Healthtech Founders Break on the Way to Revenue,2026-06-06,12:00:00,Saturday,2026-06-06 12:00,New York City,Midtown,Midtown,Noon,Ugly Talk,Ugly Talk,Scalpels & Spreadsheets,Ugly Talk; Scalpels & Spreadsheets,ugly-talk; scalpels-spreadsheets,False,,https://partiful.com/e/irecvleCIgFuqft0aeUn,irecvleCIgFuqft0aeUn,https://www.tech-week.com/calendar/nyc
4734,Tech Week Ritmo & Reiki,2026-06-06,12:00:00,Saturday,2026-06-06 12:00,New York City,Midtown,Midtown,Noon,Inner Pattrn,Inner Pattrn,,Inner Pattrn,inner-pattrn,False,,https://partiful.com/e/ZndEhiwL152GBxWRPdRD,ZndEhiwL152GBxWRPdRD,https://www.tech-week.com/calendar/nyc
5341,Ask a VP of Sales: Live GTM Office Hours for Early-Stage B2B Founders (Virtual),2026-06-06,12:00:00,Saturday,2026-06-06 12:00,New York City,Virtual (NYC),Virtual (NYC),Noon,KRCG,KRCG,,KRCG,krcg,False,,https://partiful.com/e/Yv14yR9RYc4QaZ4jXg2o,Yv14yR9RYc4QaZ4jXg2o,https://www.tech-week.com/calendar/nyc
6304,NIN Think Tank,2026-06-06,12:00:00,Saturday,2026-06-06 12:00,New York City,Midtown,Midtown,Noon,Nigerians in New York,Nigerians in New York,,Nigerians in New York,nigerians-in-new-york,False,,https://partiful.com/e/lNq9y2Rths5DCin5fKP7,lNq9y2Rths5DCin5fKP7,https://www.tech-week.com/calendar/nyc
4226,Manifesting a Better City: AI x Sustainability,2026-06-06,12:30:00,Saturday,2026-06-06 12:30,New York City,Chinatown,Chinatown,Noon,YOUTH CIVIC SERVICE INC.,YOUTH CIVIC SERVICE INC.,Futuris,YOUTH CIVIC SERVICE INC.; Futuris,youth-civic-service-inc; futuris,False,,https://partiful.com/e/KPHecJglWFrn7uza4AV4,KPHecJglWFrn7uza4AV4,https://www.tech-week.com/calendar/nyc
4370,Startup Friends - Coffee & Chill by Satori & Seedlegals,2026-06-06,12:30:00,Saturday,2026-06-06 12:30,New York City,Central Park,Central Park,Noon,Satori,Satori,Seedlegals,Satori; Seedlegals,satori; seedlegals,False,,https://partiful.com/e/yTqgggQ3ob59khjHM9F9,yTqgggQ3ob59khjHM9F9,https://www.tech-week.com/calendar/nyc
5544,NYC University Founders ONLY Meet,2026-06-06,13:00:00,Saturday,2026-06-06 13:00,New York City,Chelsea,Chelsea,Afternoon,staaake,staaake,,staaake,staaake,False,,https://partiful.com/e/KhKOePrEky8gzr3zllTi,KhKOePrEky8gzr3zllTi,https://www.tech-week.com/calendar/nyc
5747,The Innovator’s Spark: Art Meditation in AI Era,2026-06-06,13:00:00,Saturday,2026-06-06 13:00,New York City,Long Island,Long Island,Afternoon,Sunning Hill Retreat,Sunning Hill Retreat,New York Youth Roundtable; YOUTH CIVIC SERVICE INC.,Sunning Hill Retreat; New York Youth Roundtable; YOUTH CIVIC SERVICE INC.,sunning-hill-retreat; new-york-youth-roundtable; youth-civic-service-inc,False,,https://partiful.com/e/VqJRZaJnyH6fButRkTtV,VqJRZaJnyH6fButRkTtV,https://www.tech-week.com/calendar/nyc
5749,The Make & Market Hackathon,2026-06-06,13:00:00,Saturday,2026-06-06 13:00,New York City,Flatiron,Flatiron,Afternoon,The FOMO Group,The FOMO Group,,The FOMO Group,the-fomo-group,False,,https://partiful.com/e/2pEmZp1BxNcZENUjpUxv,2pEmZp1BxNcZENUjpUxv,https://www.tech-week.com/calendar/nyc
6500,Duct Tape and GPUs: How AI is Being Used to Stitch PE Rollups Together,2026-06-06,13:00:00,Saturday,2026-06-06 13:00,New York City,Midtown,Midtown,Afternoon,Tallaris Partners,Tallaris Partners,,Tallaris Partners,tallaris-partners,False,,https://partiful.com/e/sM2xFUYglx4DTIZZrw3S,sM2xFUYglx4DTIZZrw3S,https://www.tech-week.com/calendar/nyc
6798,Queens Tech Mixer,2026-06-06,13:00:00,Saturday,2026-06-06 13:00,New York City,Queens,Queens,Afternoon,Spot Dessert Bar,Spot Dessert Bar,Comma Captial; Not provided,Spot Dessert Bar; Comma Captial; Not provided,spot-dessert-bar; comma-captial; not-provided,False,,https://partiful.com/e/uPjpeeJ6JweEZOz6eoQU,uPjpeeJ6JweEZOz6eoQU,https://www.tech-week.com/calendar/nyc
4243,Meet Me in the Middle,2026-06-06,13:15:00,Saturday,2026-06-06 13:15,New York City,Brooklyn,Brooklyn,Afternoon,Growing the Middle,Growing the Middle,Volley & Vibe,Growing the Middle; Volley & Vibe,growing-the-middle; volley-vibe,False,,https://partiful.com/e/YtdgTRrlrEh5IlnIbIYz,YtdgTRrlrEh5IlnIbIYz,https://www.tech-week.com/calendar/nyc
6194,Times Square Takeover: Hbcu Pitch,2026-06-06,13:30:00,Saturday,2026-06-06 13:30,New York City,Midtown,Midtown,Afternoon,The DM Firm & Venture for THEM,The DM Firm & Venture for THEM,,The DM Firm & Venture for THEM,the-dm-firm-venture-for-them,True,,,,https://www.tech-week.com/calendar/nyc
5425,Beyond the Chair: Building Human-Centered Workplaces from the Ground Up,2026-06-06,14:00:00,Saturday,2026-06-06 14:00,New York City,Midtown,Midtown,Afternoon,Libernovo,Libernovo,,Libernovo,libernovo,False,,https://partiful.com/e/BL7kNCTtwHWtSlcaftcW,BL7kNCTtwHWtSlcaftcW,https://www.tech-week.com/calendar/nyc
5746,Run One With Me: Plan Your First Tech Event in One Session,2026-06-06,14:00:00,Saturday,2026-06-06 14:00,New York City,Virtual (NYC),Virtual (NYC),Afternoon,Tech Wednesdays,Tech Wednesdays,,Tech Wednesdays,tech-wednesdays,False,,https://partiful.com/e/nHdWQ9BiS434yZS636i0,nHdWQ9BiS434yZS636i0,https://www.tech-week.com/calendar/nyc
5960,BUILT by Triple Eight Creative — Live Brand Build + Char Pro Public Debut,2026-06-06,14:00:00,Saturday,2026-06-06 14:00,New York City,SoHo,SoHo,Afternoon,Triple Eight Creative,Triple Eight Creative,,Triple Eight Creative,triple-eight-creative,False,,https://partiful.com/e/0MYoOgujlqnPlEFKqwuv,0MYoOgujlqnPlEFKqwuv,https://www.tech-week.com/calendar/nyc
4222,Dance Unbound: Dance for Every Body,2026-06-06,14:30:00,Saturday,2026-06-06 14:30,New York City,Chinatown,Chinatown,Afternoon,Dance Unbound,Dance Unbound,YOUTH CIVIC SERVICE INC.,Dance Unbound; YOUTH CIVIC SERVICE INC.,dance-unbound; youth-civic-service-inc,False,,https://partiful.com/e/zh0xYiNA0DCbZsa16DId,zh0xYiNA0DCbZsa16DId,https://www.tech-week.com/calendar/nyc
5473,Sidewalk Games: Recess,2026-06-06,14:30:00,Saturday,2026-06-06 14:30,New York City,Financial District,Financial District,Afternoon,Urban Origins NYC,Urban Origins NYC,,Urban Origins NYC,urban-origins-nyc,False,,https://partiful.com/e/0YT8cdfJmiZ7RfwO6QNv,0YT8cdfJmiZ7RfwO6QNv,https://www.tech-week.com/calendar/nyc
6309,GLOW & GO LAUNCH PILATES,2026-06-06,14:30:00,Saturday,2026-06-06 14:30,New York City,Flatiron,Flatiron,Afternoon,Skinsights.Ai,Skinsights.Ai,,Skinsights.Ai,skinsights-ai,False,,https://partiful.com/e/skTQjAxgpIZ5kvh3mX6J,skTQjAxgpIZ5kvh3mX6J,https://www.tech-week.com/calendar/nyc
4437,HUMANA FUTURA: Aligning Tech w/ Human Agency & Wellness,2026-06-06,15:00:00,Saturday,2026-06-06 15:00,New York City,SoHo,SoHo,Afternoon,OneDay MBA,OneDay MBA,,OneDay MBA,oneday-mba,False,,https://partiful.com/e/N5XpjjaQK2GRCCNbEels,N5XpjjaQK2GRCCNbEels,https://www.tech-week.com/calendar/nyc
4911,Tech & Spirituality: Thriving in a Hyper-Digital World,2026-06-06,15:00:00,Saturday,2026-06-06 15:00,New York City,Upper East Side,Upper East Side,Afternoon,One Energetics,One Energetics,Practice with Paola; Bhakti Marga NYC,One Energetics; Practice with Paola; Bhakti Marga NYC,one-energetics; practice-with-paola; bhakti-marga-nyc,False,,https://partiful.com/e/18ODB3943M8wJdiu2dS7,18ODB3943M8wJdiu2dS7,https://www.tech-week.com/calendar/nyc
5355,Beyond Burnout: The Future of Brain Health,2026-06-06,15:00:00,Saturday,2026-06-06 15:00,New York City,SoHo,SoHo,Afternoon,RelaXi,RelaXi,InnovatorX,RelaXi; InnovatorX,relaxi; innovatorx,False,,https://partiful.com/e/H5hGfwGeZkSjaKitxWLz,H5hGfwGeZkSjaKitxWLz,https://www.tech-week.com/calendar/nyc
5464,The Unfiltered Edit,2026-06-06,15:00:00,Saturday,2026-06-06 15:00,New York City,Upper Manhattan,Upper Manhattan,Afternoon,"Pomp Academy, Inc.","Pomp Academy, Inc.",,"Pomp Academy, Inc.",pomp-academy-inc,False,,https://partiful.com/e/Ya1MgnNVYOcy0eundZBK,Ya1MgnNVYOcy0eundZBK,https://www.tech-week.com/calendar/nyc
5753,Vibe Space Demo Day and Mixer,2026-06-06,15:00:00,Saturday,2026-06-06 15:00,New York City,Flatiron,Flatiron,Afternoon,Venture Miner,Venture Miner,Firecrawl; Lazo,Venture Miner; Firecrawl; Lazo,venture-miner; firecrawl; lazo,False,,https://partiful.com/e/Kic8XARGdGTCYCZqd62I,Kic8XARGdGTCYCZqd62I,https://www.tech-week.com/calendar/nyc
6543,Health Tech AI Investment for Physicians,2026-06-06,15:00:00,Saturday,2026-06-06 15:00,New York City,Chelsea,Chelsea,Afternoon,InvestDoc,investDoc,,investDoc,investdoc,False,,https://partiful.com/e/3qoCh02LCVOwm3OQFVQy,3qoCh02LCVOwm3OQFVQy,https://www.tech-week.com/calendar/nyc
98,Dating,2026-06-06,17:00:00,Saturday,2026-06-06 17:00,New York City,Upper Manhattan,Upper Manhattan,Evening,Honey Computer,Honey Computer,,Honey Computer,honey-computer,False,,https://partiful.com/e/PfQTdVfXYLAA3w9FmNPt,PfQTdVfXYLAA3w9FmNPt,https://www.tech-week.com/calendar/nyc
4671,Asian Founders' Night Market,2026-06-06,17:00:00,Saturday,2026-06-06 17:00,New York City,Chinatown,Chinatown,Evening,Asian Founders Club,Asian Founders Club,,Asian Founders Club,asian-founders-club,True,,,,https://www.tech-week.com/calendar/nyc
6311,South Asian Collective,2026-06-06,17:30:00,Saturday,2026-06-06 17:30,New York City,Midtown,Midtown,Evening,American South Asian Network (ASAN),American South Asian Network (ASAN),,American South Asian Network (ASAN),american-south-asian-network-asan,False,,https://partiful.com/e/TTOsCwiWb0y2ox67ZI1h,TTOsCwiWb0y2ox67ZI1h,https://www.tech-week.com/calendar/nyc
4141,Arcangel AI Yacht Networking Event,2026-06-06,18:00:00,Saturday,2026-06-06 18:00,New York City,Upper East Side,Upper East Side,Evening,Arcangel AI,Arcangel AI,JP Morgan; SHOPLINE,Arcangel AI; JP Morgan; SHOPLINE,arcangel-ai; jp-morgan; shopline,False,,https://partiful.com/e/H2RtNpAkYJHw4iZapT8w,H2RtNpAkYJHw4iZapT8w,https://www.tech-week.com/calendar/nyc
4774,Unlocking Alpha: AI Meets Market Edge,2026-06-06,18:00:00,Saturday,2026-06-06 18:00,New York City,Brooklyn,Brooklyn,Evening,Strata Fund,Strata Fund,,Strata Fund,strata-fund,False,,https://partiful.com/e/jgRIft4JG6uRIUFVDWC2,jgRIft4JG6uRIUFVDWC2,https://www.tech-week.com/calendar/nyc
4924,NYTW Boat Party,2026-06-06,18:00:00,Saturday,2026-06-06 18:00,New York City,Midtown,Midtown,Evening,Post Up NYC LLC,Post Up NYC LLC,,Post Up NYC LLC,post-up-nyc-llc,False,,https://partiful.com/e/BzKnYHZZBq8mmoLMIHKK,BzKnYHZZBq8mmoLMIHKK,https://www.tech-week.com/calendar/nyc
5134,The Unplug,2026-06-06,18:00:00,Saturday,2026-06-06 18:00,New York City,Flatiron,Flatiron,Evening,KA Marketing Studio,KA Marketing Studio,Icon NY; NYC Coders,KA Marketing Studio; Icon NY; NYC Coders,ka-marketing-studio; icon-ny; nyc-coders,False,,https://partiful.com/e/QLi3DdplyyXEScRPDoGz,QLi3DdplyyXEScRPDoGz,https://www.tech-week.com/calendar/nyc
4303,From Curb to Collar: AI Demos That Solve Real-World Problems,2026-06-06,18:30:00,Saturday,2026-06-06 18:30,New York City,Chinatown,Chinatown,Evening,TechMatte Inc,TechMatte Inc,LinaX Tech,TechMatte Inc; LinaX Tech,techmatte-inc; linax-tech,False,,https://partiful.com/e/T9QDurH6p4XVT71XQzye,T9QDurH6p4XVT71XQzye,https://www.tech-week.com/calendar/nyc
18,Robots & Networking,2026-06-06,19:00:00,Saturday,2026-06-06 19:00,New York City,Financial District,Financial District,Evening,DareFail,DareFail,,DareFail,darefail,False,,https://partiful.com/e/87Zdcwg3oOfpvZvXDwcd,87Zdcwg3oOfpvZvXDwcd,https://www.tech-week.com/calendar/nyc
61,Interstellar in VR,2026-06-06,19:00:00,Saturday,2026-06-06 19:00,New York City,Midtown,Midtown,Evening,True3D,True3D,,True3D,true3d,True,,,,https://www.tech-week.com/calendar/nyc
4383,Mental HealthTech Leaders Happy Hour,2026-06-06,19:00:00,Saturday,2026-06-06 19:00,New York City,Lower East Side,Lower East Side,Evening,Mental Health Tech AI,Mental Health Tech AI,,Mental Health Tech AI,mental-health-tech-ai,False,,https://partiful.com/e/5k4J5XGe2u8UQWTO4duo,5k4J5XGe2u8UQWTO4duo,https://www.tech-week.com/calendar/nyc
4709,The Hiring Roast Show,2026-06-06,19:00:00,Saturday,2026-06-06 19:00,New York City,Financial District,Financial District,Evening,"LEAP US, Inc.","LEAP US, Inc.",,"LEAP US, Inc.",leap-us-inc,False,,https://partiful.com/e/7pyV0K7xAuzjPStkZ3y8,7pyV0K7xAuzjPStkZ3y8,https://www.tech-week.com/calendar/nyc
5357,Cyber AI Happy Hour,2026-06-06,19:00:00,Saturday,2026-06-06 19:00,New York City,East Village,East Village,Evening,Plurall AI,Plurall AI,,Plurall AI,plurall-ai,True,,,,https://www.tech-week.com/calendar/nyc
5411,Smart Pet Stack: Tools We Actually Use for our Furry Friends,2026-06-06,19:00:00,Saturday,2026-06-06 19:00,New York City,Midtown,Midtown,Evening,Pync Inc.,Pync Inc.,,Pync Inc.,pync-inc,True,,,,https://www.tech-week.com/calendar/nyc
5467,ConnectUs AI Networking — Meet Your Next Investor or Founder,2026-06-06,19:00:00,Saturday,2026-06-06 19:00,New York City,Upper Manhattan,Upper Manhattan,Evening,ConnectUs Technology Inc.,ConnectUs Technology Inc.,,ConnectUs Technology Inc.,connectus-technology-inc,False,,https://partiful.com/e/s68ynUSjqjWTCY8M6F0Q,s68ynUSjqjWTCY8M6F0Q,https://www.tech-week.com/calendar/nyc
5743,SUNGATE x TECHWEEK NEW MUSIC TECH SHOWCASE,2026-06-06,19:00:00,Saturday,2026-06-06 19:00,New York City,Brooklyn,Brooklyn,Evening,Sungate Records,Sungate Records,,Sungate Records,sungate-records,False,,https://partiful.com/e/vRlkMachucjhX6Iyx6QX,vRlkMachucjhX6Iyx6QX,https://www.tech-week.com/calendar/nyc
6333,SOLO UNICORN AFTER-PARTY — Tech Week Wrap,2026-06-06,19:00:00,Saturday,2026-06-06 19:00,New York City,Midtown,Midtown,Evening,Solo Unicorn Club,Solo Unicorn Club,Manhattan Elite Club,Solo Unicorn Club; Manhattan Elite Club,solo-unicorn-club; manhattan-elite-club,False,,https://partiful.com/e/L07TEdnMvXFvon3yhy5f,L07TEdnMvXFvon3yhy5f,https://www.tech-week.com/calendar/nyc
6338,Tech Week Closing Party by Madeline & Co. + Excelsior Edge Ventures,2026-06-06,19:00:00,Saturday,2026-06-06 19:00,New York City,SoHo,SoHo,Evening,Madeline & Co.,Madeline & Co.,Excelsior Edge Ventures,Madeline & Co.; Excelsior Edge Ventures,madeline-co; excelsior-edge-ventures,False,,https://partiful.com/e/LCvyYaFwldgIhU0yb8cW,LCvyYaFwldgIhU0yb8cW,https://www.tech-week.com/calendar/nyc
5124,Cliqk Launch Party - Fun House by Ilias Anwar,2026-06-06,20:00:00,Saturday,2026-06-06 20:00,New York City,Midtown,Midtown,Evening,Cliqk,Cliqk,,Cliqk,cliqk,False,,https://partiful.com/e/951fFm115izQgb8Bsn1y,951fFm115izQgb8Bsn1y,https://www.tech-week.com/calendar/nyc
5545,NY Slice Profitable Founders Meet,2026-06-06,20:00:00,Saturday,2026-06-06 20:00,New York City,Tribeca,Tribeca,Evening,staaake,staaake,,staaake,staaake,False,,https://partiful.com/e/tYvAB17by93hhfnp5k8H,tYvAB17by93hhfnp5k8H,https://www.tech-week.com/calendar/nyc
5745,We live in a simulation,2026-06-06,20:00:00,Saturday,2026-06-06 20:00,New York City,Nomad,Nomad,Evening,Rehearsals,Rehearsals,,Rehearsals,rehearsals,False,,https://partiful.com/e/ZufreFEAqR1zABNdPzvB,ZufreFEAqR1zABNdPzvB,https://www.tech-week.com/calendar/nyc
4928,VibeHack: Health x AI - Build your prototype & win $500+ in API credits,2026-06-07,08:30:00,Sunday,2026-06-07 08:30,New York City,Midtown,Midtown,Morning,Girls Into VC NYC,Girls Into VC NYC,Scalpels & Spreadsheets; Fierce Foundry,Girls Into VC NYC; Scalpels & Spreadsheets; Fierce Foundry,girls-into-vc-nyc; scalpels-spreadsheets; fierce-foundry,False,,https://partiful.com/e/sc4MhJbd0dglGivVnHYe,sc4MhJbd0dglGivVnHYe,https://www.tech-week.com/calendar/nyc
6197,Women Shaping the Future of Fintech,2026-06-07,08:30:00,Sunday,2026-06-07 08:30,New York City,Midtown,Midtown,Morning,Women X,Women X,,Women X,women-x,False,,https://partiful.com/e/p9eZwFALkLMiqIkrHbvK,p9eZwFALkLMiqIkrHbvK,https://www.tech-week.com/calendar/nyc
79,AI Community Conference - New York,2026-06-07,09:00:00,Sunday,2026-06-07 09:00,New York City,Union Square,Union Square,Morning,AICO,AICO,,AICO,aico,True,,,,https://www.tech-week.com/calendar/nyc
5723,AI Investment Summit @ Wall Street,2026-06-07,09:00:00,Sunday,2026-06-07 09:00,New York City,Financial District,Financial District,Morning,SINBAD CAPITAL.COM,SINBAD CAPITAL.COM,Zeytoon Ventures; AI insiders; AIX2,SINBAD CAPITAL.COM; Zeytoon Ventures; AI insiders; AIX2,sinbad-capital-com; zeytoon-ventures; ai-insiders; aix2,True,,,,https://www.tech-week.com/calendar/nyc
5741,ChemCatalysis 2026,2026-06-07,09:00:00,Sunday,2026-06-07 09:00,New York City,Hudson Yards,Hudson Yards,Morning,Vartus Group,Vartus Group,,Vartus Group,vartus-group,True,,,,https://www.tech-week.com/calendar/nyc
5310,vibeFORWARD: M-2,2026-06-07,09:30:00,Sunday,2026-06-07 09:30,New York City,SoHo,SoHo,Morning,Individual,Individual,,Individual,individual,False,,https://partiful.com/e/ONYSrk9bi7nfpjTjY48B,ONYSrk9bi7nfpjTjY48B,https://www.tech-week.com/calendar/nyc
4927,NeuroNYC Central Park Walk and Talk,2026-06-07,09:45:00,Sunday,2026-06-07 09:45,New York City,Central Park,Central Park,Morning,NeuroNYC,NeuroNYC,,NeuroNYC,neuronyc,False,,https://partiful.com/e/vTr6qDDFC1zHFdKZbtgk,vTr6qDDFC1zHFdKZbtgk,https://www.tech-week.com/calendar/nyc
5202,HOW TO RAISE FUNDS TO FUND ANY BUSINESS USING DIGITAL PRODUCTS,2026-06-07,10:00:00,Sunday,2026-06-07 10:00,New York City,Brooklyn,Brooklyn,Morning,DN,DN,,DN,dn,True,,,,https://www.tech-week.com/calendar/nyc
5505,"The Future of Relocation: AI, Fintech & Logistics Converging",2026-06-07,10:00:00,Sunday,2026-06-07 10:00,New York City,Brooklyn,Brooklyn,Morning,MoveSwitcher Inc,MoveSwitcher Inc,,MoveSwitcher Inc,moveswitcher-inc,False,,https://partiful.com/e/OCYHq1Lc3wZVhQDp6Xo7,OCYHq1Lc3wZVhQDp6Xo7,https://www.tech-week.com/calendar/nyc
5742,"Coffee, Walk, and Schmooze",2026-06-07,10:00:00,Sunday,2026-06-07 10:00,New York City,Central Park,Central Park,Morning,JFE (Jews For Entrepreneurship) Network,JFE (Jews For Entrepreneurship) Network,,JFE (Jews For Entrepreneurship) Network,jfe-jews-for-entrepreneurship-network,False,,https://partiful.com/e/Jq1quUvHHfm2rmoNU6qm,Jq1quUvHHfm2rmoNU6qm,https://www.tech-week.com/calendar/nyc
6217,NYTW Intern Hackathon,2026-06-07,10:00:00,Sunday,2026-06-07 10:00,New York City,Meatpacking District,Meatpacking District,Morning,Hackathon Company of California,Hackathon Company of California,,Hackathon Company of California,hackathon-company-of-california,False,,https://partiful.com/e/Ve6Zk5IVb4UQkiDDcpYg,Ve6Zk5IVb4UQkiDDcpYg,https://www.tech-week.com/calendar/nyc
4523,Recovery Walk,2026-06-07,11:00:00,Sunday,2026-06-07 11:00,New York City,Chelsea,Chelsea,Morning,icon new york,icon new york,,icon new york,icon-new-york,False,,https://partiful.com/e/zjO2ze9LSy4MQoBA1LA9,zjO2ze9LSy4MQoBA1LA9,https://www.tech-week.com/calendar/nyc
6300,World's Youngest Demo Day,2026-06-07,11:00:00,Sunday,2026-06-07 11:00,New York City,Nomad,Nomad,Morning,The Knowledge Society (TKS),The Knowledge Society (TKS),,The Knowledge Society (TKS),the-knowledge-society-tks,False,,https://partiful.com/e/S1GWW9LgdfrsRourMeSH,S1GWW9LgdfrsRourMeSH,https://www.tech-week.com/calendar/nyc
6312,South Asian Summer Social @ Central Park,2026-06-07,11:00:00,Sunday,2026-06-07 11:00,New York City,Central Park,Central Park,Morning,American South Asian Network (ASAN),American South Asian Network (ASAN),,American South Asian Network (ASAN),american-south-asian-network-asan,False,,https://partiful.com/e/nCOyIyn3INX9mJU4E6Vt,nCOyIyn3INX9mJU4E6Vt,https://www.tech-week.com/calendar/nyc
6624,The Doctor Investor Summit,2026-06-07,11:30:00,Sunday,2026-06-07 11:30,New York City,Midtown,Midtown,Morning,investDoc,investDoc,,investDoc,investdoc,False,,https://partiful.com/e/L9pbPvwYLTbSngRjJIT4,L9pbPvwYLTbSngRjJIT4,https://www.tech-week.com/calendar/nyc
5263,Ask a VP of Sales: Live GTM Office Hours for Early-Stage B2B Founders (Virtual),2026-06-07,12:00:00,Sunday,2026-06-07 12:00,New York City,Virtual (NYC),Virtual (NYC),Noon,KRCG,KRCG,,KRCG,krcg,False,,https://partiful.com/e/7xiFS67WNTZphi6dvhYs,7xiFS67WNTZphi6dvhYs,https://www.tech-week.com/calendar/nyc
6614,Female Founders Bagels + Debrief,2026-06-07,12:00:00,Sunday,2026-06-07 12:00,New York City,Flatiron,Flatiron,Noon,Narrativ by AK,Narrativ by AK,,Narrativ by AK,narrativ-by-ak,False,,https://partiful.com/e/7xZ5QvSj15tyv8hkEQgh,7xZ5QvSj15tyv8hkEQgh,https://www.tech-week.com/calendar/nyc
5010,Christians*inTech Picnic,2026-06-07,12:30:00,Sunday,2026-06-07 12:30,New York City,Central Park,Central Park,Noon,Christians*inTech,Christians*inTech,,Christians*inTech,christians-intech,False,,https://partiful.com/e/J3QgJAdVI8mGoxIqfzTa,J3QgJAdVI8mGoxIqfzTa,https://www.tech-week.com/calendar/nyc
5490,Networking @ #NYTechWeek,2026-06-07,13:00:00,Sunday,2026-06-07 13:00,New York City,Virtual (NYC),Virtual (NYC),Afternoon,Clutch Talent (Recruiting Agency),Clutch Talent (Recruitment Agency),,Clutch Talent (Recruitment Agency),clutch-talent-recruiting-agency,False,,https://partiful.com/e/BFXCyv28vsxpmDmIlVI1,BFXCyv28vsxpmDmIlVI1,https://www.tech-week.com/calendar/nyc
6487,Sip & Yap + Vibes,2026-06-07,13:15:00,Sunday,2026-06-07 13:15,New York City,Queens,Queens,Afternoon,Sip & Yap + Vibes,Sip & Yap + Vibes,,Sip & Yap + Vibes,sip-yap-vibes,False,,https://partiful.com/e/iZLg7rd68SXz9JfyGdTz,iZLg7rd68SXz9JfyGdTz,https://www.tech-week.com/calendar/nyc
4960,Open Mic -Founders Roast,2026-06-07,14:00:00,Sunday,2026-06-07 14:00,New York City,Midtown,Midtown,Afternoon,Owle AI,Owle AI,,Owle AI,owle-ai,False,,https://partiful.com/e/CWT9rn39Gi6krDUfm7NJ,CWT9rn39Gi6krDUfm7NJ,https://www.tech-week.com/calendar/nyc
4259,Nutrinity: Data to Diet,2026-06-07,15:00:00,Sunday,2026-06-07 15:00,New York City,Queens,Queens,Afternoon,Nutrinity,Nutrinity,,Nutrinity,nutrinity,False,,https://partiful.com/e/p7KXoFYmCuOcPl7nBRkg,p7KXoFYmCuOcPl7nBRkg,https://www.tech-week.com/calendar/nyc
6239,NYTW Rooftop Party,2026-06-07,15:00:00,Sunday,2026-06-07 15:00,New York City,Lower East Side,Lower East Side,Afternoon,Post Up NYC LLC,Post Up NYC LLC,,Post Up NYC LLC,post-up-nyc-llc,False,,https://partiful.com/e/088mqg3qFDdHttfFXxbd,088mqg3qFDdHttfFXxbd,https://www.tech-week.com/calendar/nyc
4338,Hold The Phone! & Some Beers,2026-06-07,16:00:00,Sunday,2026-06-07 16:00,New York City,Brooklyn,Brooklyn,Afternoon,SmarterPhone,SmarterPhone,Analog Kids; Park Slope Parents; The Balance Project,SmarterPhone; Analog Kids; Park Slope Parents; The Balance Project,smarterphone; analog-kids; park-slope-parents; the-balance-project,False,,https://partiful.com/e/bjTaMqKYweRN3M8syced,bjTaMqKYweRN3M8syced,https://www.tech-week.com/calendar/nyc
5548,Special NYTW AI/Tech Founders Rooftop Series,2026-06-07,17:30:00,Sunday,2026-06-07 17:30,New York City,Chelsea,Chelsea,Evening,staaake,staaake,,staaake,staaake,False,,https://partiful.com/e/fKbfXevmgFNV5GgHWYqx,fKbfXevmgFNV5GgHWYqx,https://www.tech-week.com/calendar/nyc
4963,Happy Demo | Draper House Americas x NYC Tech Week,2026-06-07,18:00:00,Sunday,2026-06-07 18:00,New York City,Midtown,Midtown,Evening,Draper House Americas,Draper House Americas,Tha Yard,Draper House Americas; Tha Yard,draper-house-americas; tha-yard,False,,https://partiful.com/e/Vxxev8vasdfViiBYqQjd,Vxxev8vasdfViiBYqQjd,https://www.tech-week.com/calendar/nyc
5480,Stablecoin Dinner,2026-06-07,18:00:00,Sunday,2026-06-07 18:00,New York City,Hudson Yards,Hudson Yards,Evening,Crypto Nomads,Crypto Nomads,,Crypto Nomads,crypto-nomads,True,,,,https://www.tech-week.com/calendar/nyc
78,Investor Dinner by 165 Global,2026-06-07,20:00:00,Sunday,2026-06-07 20:00,New York City,Financial District,Financial District,Evening,165 Global,165 Global,,165 Global,165-global,True,,,,https://www.tech-week.com/calendar/nyc
4264,Pitch and Rum,2026-06-11,19:00:00,Thursday,2026-06-11 19:00,New York City,Chelsea,Chelsea,Evening,Pitch and Run,Pitch and Run,,Pitch and Run,pitch-and-run,False,,https://partiful.com/e/Lg39I7COpAjqNOwEkuxs,Lg39I7COpAjqNOwEkuxs,https://www.tech-week.com/calendar/nyc
6815,Tech Week City Hall: A Fireside Chat with City Council Speaker Julie Menin,2026-10-05,12:00:00,Monday,2026-10-05 12:00,New York City,Tribeca,Tribeca,Noon,New York City Council,New York City Council,a16z,New York City Council; a16z,new-york-city-council; a16z,False,,https://partiful.com/e/D901huF1IbzkfBRq0ikx,D901huF1IbzkfBRq0ikx,https://www.tech-week.com/calendar/nyc
6819,"Vera Money - Media, VC & Creator Aperitivo",2026-10-06,15:30:00,Tuesday,2026-10-06 15:30,New York City,Chelsea,Chelsea,Afternoon,Vera Money,Vera Money,Coffee Communications,Vera Money; Coffee Communications,vera-money; coffee-communications,False,,https://partiful.com/e/z4306SGdvS7EFH6Ddrdo,z4306SGdvS7EFH6Ddrdo,https://www.tech-week.com/calendar/nyc
6816,Exec Briefing on AI Transformation,2026-10-08,09:00:00,Thursday,2026-10-08 09:00,New York City,Midtown,Midtown,Morning,Fin,Fin,,Fin,fin,False,gold,https://partiful.com/e/Fp5daroRFtl5IulOYhoD,Fp5daroRFtl5IulOYhoD,https://www.tech-week.com/calendar/nyc
6821,Hell Grind Higgsfield Screening + Cocktail Reception,2026-10-08,14:00:00,Thursday,2026-10-08 14:00,New York City,Chelsea,Chelsea,Afternoon,Higgsfield,Higgsfield,,Higgsfield,higgsfield-ai,False,,https://partiful.com/e/RUd2LkP1mt4HzXZlbGmt,RUd2LkP1mt4HzXZlbGmt,https://www.tech-week.com/calendar/nyc
