diff_type,partiful_id,old_id,current_id,old_name,current_name,old_date,current_date,old_time,current_time,old_location,current_location,old_company,current_company,event_url,source_url,current_weekday,current_time_bucket,current_hosts
changed:time,048KYO6HrSDLWMwlMUTm,5177,5177,Agents in Production: The Memory Problem,Agents in Production: The Memory Problem,2026-06-03,2026-06-03,18:30:00,17:00:00,Midtown,Midtown,SurrealDB,SurrealDB,https://partiful.com/e/048KYO6HrSDLWMwlMUTm,https://www.tech-week.com/calendar/nyc,Wednesday,Evening,SurrealDB; Alumni Ventures
added,04HsBAOTcvaqnnCycyQD,,4236,,Vault Summit: New York City,,2026-06-05,,09:00:00,,SoHo,,Vault Summit,https://partiful.com/e/04HsBAOTcvaqnnCycyQD,https://www.tech-week.com/calendar/nyc,Friday,Morning,Vault Summit
removed,05ZXMuLsZr76jJcu6T5N,5872,,Liquidity for RWA Private Credit Asset Managers,,2026-06-03,,16:00:00,,SoHo,,Protofire,,https://partiful.com/e/05ZXMuLsZr76jJcu6T5N,https://www.tech-week.com/calendar/nyc,Wednesday,Afternoon,Protofire
changed:event_url,0686jCvpOQUbYoBTLKXh,4314,4314,CREWASIS Presents: Human in the Loop: Marketing in the Age of Agentic AI for Enterprise,CREWASIS Presents: Human in the Loop: Marketing in the Age of Agentic AI for Enterprise,2026-06-04,2026-06-04,17:00:00,17:00:00,Lower East Side,Lower East Side,CREWASIS,CREWASIS,https://partiful.com/e/0686jCvpOQUbYoBTLKXh,https://www.tech-week.com/calendar/nyc,Thursday,Evening,CREWASIS
removed,07FeLmQ6hrIDF1HKSM3U,4813,,Recharge & Connect,,2026-06-03,,18:00:00,,Flatiron,,DealMaker,,https://partiful.com/e/07FeLmQ6hrIDF1HKSM3U,https://www.tech-week.com/calendar/nyc,Wednesday,Evening,DealMaker
changed:event_url,088mqg3qFDdHttfFXxbd,6239,6239,NYTW Rooftop Party,NYTW Rooftop Party,2026-06-07,2026-06-07,15:00:00,15:00:00,Lower East Side,Lower East Side,Post Up NYC LLC,Post Up NYC LLC,https://partiful.com/e/088mqg3qFDdHttfFXxbd,https://www.tech-week.com/calendar/nyc,Sunday,Afternoon,Post Up NYC LLC
changed:name,0L84J8nQjMRq0eyBW4Do,32,32,The South Asian Tech Week Mixer Ed. IV,Mango x SVB: The South Asian Tech Week Mixer Ed. IV,2026-06-04,2026-06-04,18:00:00,18:00:00,Lower East Side,Lower East Side,Mango NYC,Mango NYC,https://partiful.com/e/0L84J8nQjMRq0eyBW4Do,https://www.tech-week.com/calendar/nyc,Thursday,Evening,Mango NYC
changed:event_url,0LzOTdMr0JBCzNfr1jKz,4148,4148,Product design leader dinner,Product design leader dinner,2026-06-04,2026-06-04,18:30:00,18:30:00,Flatiron,Flatiron,Koi Studios,Koi Studios,https://partiful.com/e/0LzOTdMr0JBCzNfr1jKz,https://www.tech-week.com/calendar/nyc,Thursday,Evening,Koi Studios; Asian women in design leadership
added,0MYoOgujlqnPlEFKqwuv,,5960,,BUILT by Triple Eight Creative — Live Brand Build + Char Pro Public Debut,,2026-06-06,,14:00:00,,SoHo,,Triple Eight Creative,https://partiful.com/e/0MYoOgujlqnPlEFKqwuv,https://www.tech-week.com/calendar/nyc,Saturday,Afternoon,Triple Eight Creative
changed:event_url,0N6FdZhl3OG9e30QWIsw,5095,5095,Flirt Tank,Flirt Tank,2026-06-01,2026-06-01,19:00:00,19:00:00,East Village,East Village,Live Different Comedy,Live Different Comedy,https://partiful.com/e/0N6FdZhl3OG9e30QWIsw,https://www.tech-week.com/calendar/nyc,Monday,Evening,Live Different Comedy
changed:event_url,0YT8cdfJmiZ7RfwO6QNv,5473,5473,Sidewalk Games: Recess,Sidewalk Games: Recess,2026-06-06,2026-06-06,14:30:00,14:30:00,Financial District,Financial District,Urban Origins NYC,Urban Origins NYC,https://partiful.com/e/0YT8cdfJmiZ7RfwO6QNv,https://www.tech-week.com/calendar/nyc,Saturday,Afternoon,Urban Origins NYC
added,0aiMw5kuhE8yIzGTMpy6,,6645,,Self Care with SemperVirens VC,,2026-06-04,,08:30:00,,Midtown,,SemperVirens VC,https://partiful.com/e/0aiMw5kuhE8yIzGTMpy6,https://www.tech-week.com/calendar/nyc,Thursday,Morning,SemperVirens
added,0gu1lOnNUW1XdAVgqlKt,,5022,,"[BIOADAPTING Happy Hour: AI, Holograms & the Future of Live Performance]",,2026-06-04,,17:00:00,,Nomad,,Bioadapting,https://partiful.com/e/0gu1lOnNUW1XdAVgqlKt,https://www.tech-week.com/calendar/nyc,Thursday,Evening,Bioadapting; Transforma Theatre
changed:event_url,0qPzNNm0AgeHmfFyC9h2,4538,4538,How to Scale Business with People & AI,How to Scale Business with People & AI,2026-06-03,2026-06-03,15:00:00,15:00:00,Tribeca,Tribeca,42DM,42DM,https://partiful.com/e/0qPzNNm0AgeHmfFyC9h2,https://www.tech-week.com/calendar/nyc,Wednesday,Afternoon,42DM; Dextego Inc; Alchemist
changed:name,0qepwkdEYxO5OYEvQ52k,5486,5486,Bridge the Tech Gap,"Bridge the Tech Gap, a networking run for charity",2026-06-03,2026-06-03,07:00:00,07:00:00,Financial District,Financial District,RemoFirst,RemoFirst,https://partiful.com/e/0qepwkdEYxO5OYEvQ52k,https://www.tech-week.com/calendar/nyc,Wednesday,Morning,Remofirst
changed:event_url,0vbjAvadzQtRjreGKQ0G,5931,5931,The Business of Video: What’s Working Now (and What’s Next),The Business of Video: What’s Working Now (and What’s Next),2026-06-02,2026-06-02,09:00:00,09:00:00,Midtown,Midtown,Wistia,Wistia,https://partiful.com/e/0vbjAvadzQtRjreGKQ0G,https://www.tech-week.com/calendar/nyc,Tuesday,Morning,Wistia
added,0vnZ8PxenDVeYECu3FXi,,6429,,Giga Energy's Power Hour @ New York TechWeek,,2026-06-01,,16:00:00,,Flatiron,,Giga Energy,https://partiful.com/e/0vnZ8PxenDVeYECu3FXi,https://www.tech-week.com/calendar/nyc,Monday,Afternoon,Giga Energy
changed:name,0xOTioP4rEuXZH1VInVN,4860,4860,Leading Through the AI Marketing Shift,Leading Through the AI Shift of GTM Teams,2026-06-04,2026-06-04,18:00:00,18:00:00,Midtown,Midtown,Emergences Labs,Emergences Labs,https://partiful.com/e/0xOTioP4rEuXZH1VInVN,https://www.tech-week.com/calendar/nyc,Thursday,Evening,Emergences Labs
changed:event_url,1FFSWMPK1VyrAatMRp0s,5068,5068,Billion Oyster Project Field Trip,Billion Oyster Project Field Trip,2026-06-05,2026-06-05,17:00:00,17:00:00,Financial District,Financial District,Ambrook,Ambrook,https://partiful.com/e/1FFSWMPK1VyrAatMRp0s,https://www.tech-week.com/calendar/nyc,Friday,Evening,Ambrook; Casa de Tilda
removed,1IiuVAZr79betXpNkaiS,5788,,"Art, Taste & Discovery in the Age of AI",,2026-06-04,,14:00:00,,Chelsea,,hili,,https://partiful.com/e/1IiuVAZr79betXpNkaiS,https://www.tech-week.com/calendar/nyc,Thursday,Afternoon,hili; Soal
added,1K4RUKGNdOY7K8EvJB1B,,6357,,Trust Issues - A Traitors style game for NYTW,,2026-06-01,,18:00:00,,West Village,,Axis Labs,https://partiful.com/e/1K4RUKGNdOY7K8EvJB1B,https://www.tech-week.com/calendar/nyc,Monday,Evening,Axis Labs
removed,1NT7YZjcLX6zovTH5qfs,5212,,"Build, Launch, Go Viral",,2026-06-01,,13:30:00,,SoHo,,SocialQ AI,,https://partiful.com/e/1NT7YZjcLX6zovTH5qfs,https://www.tech-week.com/calendar/nyc,Monday,Afternoon,SocialQ AI
changed:location,1bGiVgRQUifMy25hzGrm,5977,5977,The Oasis @ NY Tech Week Day 1 - Human Flourishing,The Oasis @ NY Tech Week Day 1 - Human Flourishing,2026-06-01,2026-06-01,13:00:00,13:00:00,Flatiron,SoHo,Flowstate,Flowstate,https://partiful.com/e/1bGiVgRQUifMy25hzGrm,https://www.tech-week.com/calendar/nyc,Monday,Afternoon,Flowstate; Vibe Space; Boardy; The AI Collective; Leave Normal Behind
changed:event_url,1fVvsQZUFf7Dohot0Ed9,5866,5866,No Wine Left Behind: Blind Tasting Meets Consumer Data,No Wine Left Behind: Blind Tasting Meets Consumer Data,2026-06-03,2026-06-03,18:00:00,18:00:00,West Village,West Village,No Wine Left Behind,No Wine Left Behind,https://partiful.com/e/1fVvsQZUFf7Dohot0Ed9,https://www.tech-week.com/calendar/nyc,Wednesday,Evening,No Wine Left Behind; Le Dû’s Wines
changed:name,1sHHUqIMNMhDFDYNQclx,4801,4801,Build Your AI Operating System - Live Workshop for CXOs & GTM Leaders,Build Your AI Operating System - Live Workshop for Leaders,2026-06-02,2026-06-02,13:00:00,13:00:00,Tribeca,Tribeca,MasteringAI,MasteringAI,https://partiful.com/e/1sHHUqIMNMhDFDYNQclx,https://www.tech-week.com/calendar/nyc,Tuesday,Afternoon,MasteringAI
changed:event_url,1tdv13r8Ven8DkmlqSvF,5371,5371,GenAi: Acquire Properties Swiftly,GenAi: Acquire Properties Swiftly,2026-06-04,2026-06-04,14:30:00,14:30:00,Central Park,Central Park,"Project Reds, Inc.","Project Reds, Inc.",https://partiful.com/e/1tdv13r8Ven8DkmlqSvF,https://www.tech-week.com/calendar/nyc,Thursday,Afternoon,"Project Reds, Inc."
changed:event_url,23VS8cRnOrDwuiUxCajT,4414,4414,"Data, UX & Drinks","Data, UX & Drinks",2026-06-02,2026-06-02,18:00:00,18:00:00,Union Square,Union Square,Stellans.io,Stellans.io,https://partiful.com/e/23VS8cRnOrDwuiUxCajT,https://www.tech-week.com/calendar/nyc,Tuesday,Evening,STELLANS.io
changed:name|time,2DMDnnMCfblj3XRPNAuO,4170,4170,Food Technology Innovation: Shaping The Future Of Community Health,Dinner & Insights: FoodTech Innovation Shaping healthier communities,2026-06-04,2026-06-04,16:00:00,18:00:00,Midtown,Midtown,FoodNiche Inc,FoodNiche Inc,https://partiful.com/e/2DMDnnMCfblj3XRPNAuO,https://www.tech-week.com/calendar/nyc,Thursday,Evening,FoodNiche Inc
changed:event_url,2J98m1NN4k4mRVUqeI6k,6229,6229,NYC GTM AI Masterclass #5,NYC GTM AI Masterclass #5,2026-06-03,2026-06-03,17:30:00,17:30:00,Midtown,Midtown,NYC GTM: New York City's Go-To-Market Community,NYC GTM: New York City's Go-To-Market Community,https://partiful.com/e/2J98m1NN4k4mRVUqeI6k,https://www.tech-week.com/calendar/nyc,Wednesday,Evening,NYC GTM: New York City's Go-To-Market Community; Impact 11; Swan
changed:event_url,2NP0rZW8BmdGAGUOEhGP,4719,4719,Agent Harnesses: What It Takes to Make AI Agents Work in the Enterprise,Agent Harnesses: What It Takes to Make AI Agents Work in the Enterprise,2026-06-03,2026-06-03,16:00:00,16:00:00,Union Square,Union Square,STELLANS.io,STELLANS.io,https://partiful.com/e/2NP0rZW8BmdGAGUOEhGP,https://www.tech-week.com/calendar/nyc,Wednesday,Afternoon,STELLANS.io
changed:event_url,2OGv1gYwmcdUATOlqkvY,4846,4846,The 30 Min. Pitch Workshop for Figuring Out Your Hook,The 30 Min. Pitch Workshop for Figuring Out Your Hook,2026-06-01,2026-06-01,12:00:00,12:00:00,Virtual (NYC),Virtual (NYC),Pitch Genius,Pitch Genius,https://partiful.com/e/2OGv1gYwmcdUATOlqkvY,https://www.tech-week.com/calendar/nyc,Monday,Noon,Pitch Genius
changed:name,2UzoY58jttvpNlysyUbc,4406,4406,The Great AI Divide,"The Great AI Divide: U.S., China vs the rest",2026-06-02,2026-06-02,15:00:00,15:00:00,Chelsea,Chelsea,Rest of World,Rest of World,https://partiful.com/e/2UzoY58jttvpNlysyUbc,https://www.tech-week.com/calendar/nyc,Tuesday,Afternoon,Rest of World; Access Now; AI Now Institute
changed:name|time|event_url,2cw8oY83GlBtW74X1B3x,5847,6581,Can Your Brand Thrive in Agentic Commerce?,AI Pitch Night on Comedy Stage - An “Anti-Shark Tank”,2026-06-03,2026-06-03,18:00:00,17:00:00,Midtown,Midtown,UpScaleX,UpScaleX,https://partiful.com/e/2cw8oY83GlBtW74X1B3x,https://www.tech-week.com/calendar/nyc,Wednesday,Evening,UpScaleX; Startup Intros; Ugly Talk
changed:time,2nxAO6q4kirC15aKFzuF,4586,4586,VC Connect,VC Connect,2026-06-04,2026-06-04,19:00:00,16:00:00,Central Park,Central Park,Lazo Fintech Inc,Lazo Fintech Inc,https://partiful.com/e/2nxAO6q4kirC15aKFzuF,https://www.tech-week.com/calendar/nyc,Thursday,Afternoon,Lazo Fintech Inc
changed:name|location,2sVPnwqQOK5sF4FckWXf,13,13,New York Hackathon,Rat Pack Hack with Lovable,2026-06-06,2026-06-06,10:00:00,10:00:00,Brooklyn,Flatiron,Paradigm,Paradigm,https://partiful.com/e/2sVPnwqQOK5sF4FckWXf,https://www.tech-week.com/calendar/nyc,Saturday,Morning,Paradigm
changed:event_url,2x1lLHHnRvnf36gTKAT5,4949,4949,Private Lunch,Private Lunch,2026-06-02,2026-06-02,12:00:00,12:00:00,Midtown,Midtown,Cuculi,Cuculi,https://partiful.com/e/2x1lLHHnRvnf36gTKAT5,https://www.tech-week.com/calendar/nyc,Tuesday,Noon,Cuculi
changed:name|time,31H3VYXuOFJderTS31yH,4843,4843,THE PITCH ROOM: Live. Interactive. Built for Founders,THE AUTHORITY EDGE. Rooftop Experience for Founders & Tech Leaders,2026-06-03,2026-06-03,14:00:00,18:30:00,Financial District,Financial District,Speech & Mind,Speech & Mind,https://partiful.com/e/31H3VYXuOFJderTS31yH,https://www.tech-week.com/calendar/nyc,Wednesday,Evening,Speech & Mind
removed,31YHSjX2oIPH2aDC4qb3,5494,,"DevSpot Showcase: Agent-Built, Human-Run",,2026-06-07,,17:00:00,,Midtown,,DevSpot,,https://partiful.com/e/31YHSjX2oIPH2aDC4qb3,https://www.tech-week.com/calendar/nyc,Sunday,Evening,DevSpot
added,3FJhBMtmVPBNG5pIaPlb,,6587,,Rewiring Humans for AI Era,,2026-06-04,,11:00:00,,Midtown,,RobinTests,https://partiful.com/e/3FJhBMtmVPBNG5pIaPlb,https://www.tech-week.com/calendar/nyc,Thursday,Morning,RobinTests; Consulate General of Argentina in New York
added,3G66gsHlgtcPtsYoATiJ,,6272,,Founders House GTM Masterclass,,2026-06-02,,11:00:00,,Midtown,,Founders House,https://partiful.com/e/3G66gsHlgtcPtsYoATiJ,https://www.tech-week.com/calendar/nyc,Tuesday,Morning,Founder House
changed:name,3Ulq45rDvuTDjRsrSIPg,5944,5944,Buy vs. Build vs. Borrow: Outsourcing for Startups,"Build, Buy or Borrow: Launching your product in the age of AI",2026-06-02,2026-06-02,09:00:00,09:00:00,Midtown,Midtown,Tavern Community NYC,Tavern Community NYC,https://partiful.com/e/3Ulq45rDvuTDjRsrSIPg,https://www.tech-week.com/calendar/nyc,Tuesday,Morning,Tavern Community NYC
changed:event_url,3VrQkUHCqbrYTUVDjbx0,103,103,Using AI at the best restaurants in NYC,Using AI at the best restaurants in NYC,2026-06-04,2026-06-04,19:00:00,19:00:00,SoHo,SoHo,Loyalist,Loyalist,https://partiful.com/e/3VrQkUHCqbrYTUVDjbx0,https://www.tech-week.com/calendar/nyc,Thursday,Evening,Loyalist
changed:event_url,3c83it3DDwtNLeboisvt,129,129,Sandbox & Sips: AI Simulation Sandbox Happy Hour,Sandbox & Sips: AI Simulation Sandbox Happy Hour,2026-06-02,2026-06-02,18:00:00,18:00:00,SoHo,SoHo,Veris AI,Veris AI,https://partiful.com/e/3c83it3DDwtNLeboisvt,https://www.tech-week.com/calendar/nyc,Tuesday,Evening,Veris AI
changed:time,3dsSQ4jlafwg2QjIMXW3,4492,4492,LatAm & Latinos in Fintech,LatAm & Latinos in Fintech,2026-06-02,2026-06-02,18:30:00,18:00:00,Flatiron,Flatiron,Pygma,Pygma,https://partiful.com/e/3dsSQ4jlafwg2QjIMXW3,https://www.tech-week.com/calendar/nyc,Tuesday,Evening,Pygma
changed:event_url,3gfDFnOcXdwD4KBwwNvK,5534,5534,IRL SOCIAL - founders and investor meet-up,IRL SOCIAL - founders and investor meet-up,2026-06-04,2026-06-04,18:00:00,18:00:00,SoHo,SoHo,Women in Tech UK,Women in Tech UK,https://partiful.com/e/3gfDFnOcXdwD4KBwwNvK,https://www.tech-week.com/calendar/nyc,Thursday,Evening,Women in Tech
changed:time,3kdgu631rtkqSSFe5ZmO,5127,5127,Fin x Clay: Scaling CX in the AI Era,Fin x Clay: Scaling CX in the AI Era,2026-06-02,2026-06-02,17:00:00,17:30:00,Midtown,Midtown,Fin,Fin,https://partiful.com/e/3kdgu631rtkqSSFe5ZmO,https://www.tech-week.com/calendar/nyc,Tuesday,Evening,Fin; Clay
changed:name,3l8rpPe9jJ3rEXEhKAcr,4158,4158,GCSxNYC,GCSx NYC 2026,2026-06-02,2026-06-02,18:00:00,18:00:00,Midtown,Midtown,American Ecosystem Institute Inc.,American Ecosystem Institute Inc.,https://partiful.com/e/3l8rpPe9jJ3rEXEhKAcr,https://www.tech-week.com/calendar/nyc,Tuesday,Evening,American Ecosystem Institute Inc.; KEPLER MISSION DESIGN GROUP
added,3qoCh02LCVOwm3OQFVQy,,6543,,Health Tech AI Investment for Physicians,,2026-06-06,,15:00:00,,Chelsea,,InvestDoc,https://partiful.com/e/3qoCh02LCVOwm3OQFVQy,https://www.tech-week.com/calendar/nyc,Saturday,Afternoon,investDoc
changed:date|time|event_url,3w3F8gnlAbVfFLiL3kJA,4799,4799,The Table ✦ by Women in AI,The Table ✦ by Women in AI,2026-06-04,2026-06-03,18:00:00,18:30:00,Flatiron,Flatiron,Women in AI,Women in AI,https://partiful.com/e/3w3F8gnlAbVfFLiL3kJA,https://www.tech-week.com/calendar/nyc,Wednesday,Evening,Women in AI
changed:date,47mPwA31ZZoWx6Tzozgr,5309,5309,Pinecone Nexus AI Launch Party,Pinecone Nexus AI Launch Party,2026-06-04,2026-06-03,17:00:00,17:00:00,Flatiron,Flatiron,Pinecone,Pinecone,https://partiful.com/e/47mPwA31ZZoWx6Tzozgr,https://www.tech-week.com/calendar/nyc,Wednesday,Evening,Pinecone
added,499cWPHnN3Uoh8j7C9AN,,6631,,AI-Native Planning: How Companies Are Transforming Supply Chain & Finance Decision-Making,,2026-06-01,,11:00:00,,Midtown,,Pyplan,https://partiful.com/e/499cWPHnN3Uoh8j7C9AN,https://www.tech-week.com/calendar/nyc,Monday,Morning,Pyplan; Consulate General of Argentina in New York
changed:event_url,4HvzWY1VZlHgK21fMBUz,5889,5889,Building secure AI for your data: DeepFellow Demo + Q&A,Building secure AI for your data: DeepFellow Demo + Q&A,2026-06-03,2026-06-03,12:00:00,12:00:00,Chelsea,Chelsea,SIMPLITO,SIMPLITO,https://partiful.com/e/4HvzWY1VZlHgK21fMBUz,https://www.tech-week.com/calendar/nyc,Wednesday,Noon,SIMPLITO; Polish Investment and Trade Agency - New York Office
added,4MdmB4GHC4bD4vav1tPQ,,247,,When AI meets the patient,,2026-06-03,,17:00:00,,Flatiron,,Amigo.AI,https://partiful.com/e/4MdmB4GHC4bD4vav1tPQ,https://www.tech-week.com/calendar/nyc,Wednesday,Evening,Amigo.AI
added,4Qp4a2zWqGDfkbMlBq59,,6435,,Vibe Coding Meetup for Designers,,2026-06-05,,17:00:00,,Meatpacking District,,NYC Design Community,https://partiful.com/e/4Qp4a2zWqGDfkbMlBq59,https://www.tech-week.com/calendar/nyc,Friday,Evening,NYC Design Community
removed,4ZRTBFiLnPBvUbh1n7UW,6326,,[Real Life AI Build Lab] [Vibe Code Mama] #NYTechWeek,,2026-06-04,,18:00:00,,Flatiron,,Vibe Code Mama,,https://partiful.com/e/4ZRTBFiLnPBvUbh1n7UW,https://www.tech-week.com/calendar/nyc,Thursday,Evening,Vibe Code Mama
changed:name|date|time,4hGN5QVX8g5GvnRNgtMB,4869,4869,"Shabbat State of Mind: A Tuesday Gathering for Israeli Founders, Executives & Investors","Shabbat State of Mind: A Wednesday Gathering for Israeli Founders, Executives & Investors",2026-06-02,2026-06-03,18:00:00,17:30:00,Midtown,Midtown,Fox Rothschild,Fox Rothschild,https://partiful.com/e/4hGN5QVX8g5GvnRNgtMB,https://www.tech-week.com/calendar/nyc,Wednesday,Evening,Fox Rothschild
added,4rKK0rE5UYPMKSO3bQoZ,,4999,,Common Thread: The Haus Games,,2026-06-03,,19:00:00,,Murray Hill,,Fostr,https://partiful.com/e/4rKK0rE5UYPMKSO3bQoZ,https://www.tech-week.com/calendar/nyc,Wednesday,Evening,Fostr; Tera
changed:event_url,560FtF86aNtKTs67d4S3,4305,4305,Hot Girl Vibe Coding (feat. Baddie Li),Hot Girl Vibe Coding (feat. Baddie Li),2026-06-02,2026-06-02,19:00:00,19:00:00,Chelsea,Chelsea,Viralize Technology,Viralize Technology,https://partiful.com/e/560FtF86aNtKTs67d4S3,https://www.tech-week.com/calendar/nyc,Tuesday,Evening,Viralize Technology
added,56JZd57ccfmBIPipRzxG,,6603,,Vanderbilt Founders x Investors Breakfast,,2026-06-02,,08:00:00,,Chelsea,,Vanderbilt Center for Entrepreneurship,https://partiful.com/e/56JZd57ccfmBIPipRzxG,https://www.tech-week.com/calendar/nyc,Tuesday,Morning,Vanderbilt Center for Entrepreneurship
changed:name|date|time,5C4IsRfc64DvXZoSOto6,5550,5550,SAI - The Future of AI,"AI, Time, The Future of Computer",2026-06-02,2026-06-01,18:00:00,19:00:00,Midtown,Midtown,Jetzy,Jetzy,https://partiful.com/e/5C4IsRfc64DvXZoSOto6,https://www.tech-week.com/calendar/nyc,Monday,Evening,Jetzy
changed:event_url,5CiOULh6wh0ooq6LeF6X,73,73,Calm before the storm...NY Tech Week Breakfast,Calm before the storm...NY Tech Week Breakfast,2026-06-02,2026-06-02,07:30:00,07:30:00,Midtown,Midtown,The Lighthouse,The Lighthouse,https://partiful.com/e/5CiOULh6wh0ooq6LeF6X,https://www.tech-week.com/calendar/nyc,Tuesday,Morning,Lighthouse; FBT Gibbons; Lorimer Ventures
changed:name|location|event_url,5QdmlHRBUnRuGuRMFNHl,4120,4120,"SafeStops Global, Inc. Launch Party #WestchesterCounty","SafeStops Global, Inc. Launch Party",2026-06-02,2026-06-02,17:30:00,17:30:00,,Upper Manhattan,"SafeStops Global, Inc.","SafeStops Global, Inc.",https://partiful.com/e/5QdmlHRBUnRuGuRMFNHl,https://www.tech-week.com/calendar/nyc,Tuesday,Evening,"SafeStops Global, Inc."
removed,5ZJamdty4j6ooj2DxZPS,6266,,Infinite Machine Open House,,2026-06-06,,14:00:00,,Queens,,Infinite Machine,,https://partiful.com/e/5ZJamdty4j6ooj2DxZPS,https://www.tech-week.com/calendar/nyc,Saturday,Afternoon,Infinite Machine
added,5apSj4xpKEHJ0C1DzIXb,,6571,,"Women Who Code Summit Cocktails & Conversations - Tuesday, June 2nd",,2026-06-02,,16:00:00,,Financial District,,Women Who Code,https://partiful.com/e/5apSj4xpKEHJ0C1DzIXb,https://www.tech-week.com/calendar/nyc,Tuesday,Afternoon,Women Who Code
changed:time|event_url,5b8DE39ZNAUhZsPcSepq,204,204,Hardware Hack,Hardware Hack,2026-06-06,2026-06-06,10:00:00,11:00:00,Brooklyn,Brooklyn,localhost:nyc,localhost:nyc,https://partiful.com/e/5b8DE39ZNAUhZsPcSepq,https://www.tech-week.com/calendar/nyc,Saturday,Morning,localhost:nyc; Visionbrew; Connnext
changed:name,5hhjGFJdaccHUlu3nUrO,6371,6371,Becoming an AI Champion,Building the AI Concierge: A Bilt Fireside,2026-06-03,2026-06-03,11:00:00,11:00:00,East Village,East Village,Unicorner,Unicorner,https://partiful.com/e/5hhjGFJdaccHUlu3nUrO,https://www.tech-week.com/calendar/nyc,Wednesday,Morning,Unicorner; Bolt.new
added,5j2hBbAeXtCNHymh8oJV,,6561,,"Full Calendar, Empty Evening: Building Career in Cities That Don't Know You",,2026-06-03,,17:30:00,,SoHo,,Bridgit,https://partiful.com/e/5j2hBbAeXtCNHymh8oJV,https://www.tech-week.com/calendar/nyc,Wednesday,Evening,Bridgit; Y·US Ventures
changed:event_url,64Fzm7ItTZKGiWI419L2,5333,5333,The Rise Circle: After Hours,The Rise Circle: After Hours,2026-06-04,2026-06-04,18:00:00,18:00:00,Midtown,Midtown,African Women in STEM,African Women in STEM,https://partiful.com/e/64Fzm7ItTZKGiWI419L2,https://www.tech-week.com/calendar/nyc,Thursday,Evening,African Women in STEM; Altruistic Scribe
added,67csjJfCRZMu8aQL8xes,,6548,,"Debugging the NYC Rental: Using Data to Escape ""The Zero Data Decision""",,2026-06-03,,19:00:00,,Virtual (NYC),,"Houstory, LLC",https://partiful.com/e/67csjJfCRZMu8aQL8xes,https://www.tech-week.com/calendar/nyc,Wednesday,Evening,"Houstory, LLC"
changed:event_url,6BlGFmwIdpyndqyLYS2v,4191,4191,Agents at Scale,Agents at Scale,2026-06-04,2026-06-04,18:00:00,18:00:00,SoHo,SoHo,Deskree,Deskree,https://partiful.com/e/6BlGFmwIdpyndqyLYS2v,https://www.tech-week.com/calendar/nyc,Thursday,Evening,Deskree; tavily; Braintrust; Modal
changed:event_url,6FmuBjS60nrpePXnGWhC,5874,5874,"The Future of Healthcare: Innovation, Access, and Value","The Future of Healthcare: Innovation, Access, and Value",2026-06-03,2026-06-03,18:00:00,18:00:00,Midtown,Midtown,Columbia Venture Community,Columbia Venture Community,https://partiful.com/e/6FmuBjS60nrpePXnGWhC,https://www.tech-week.com/calendar/nyc,Wednesday,Evening,Columbia Venture Community; Columbia University Mailman School of Public Health Alumni Board
added,6HaKD546tO44phJnQHVx,,6381,,Consumer Founders & Investors Breakfast,,2026-06-05,,09:00:00,,Upper East Side,,Tiny Dinner,https://partiful.com/e/6HaKD546tO44phJnQHVx,https://www.tech-week.com/calendar/nyc,Friday,Morning,Tiny Dinner
added,6I7FKBOq3eeCIyKALJA3,,4112,,"Munis, Meet the Future: A Briefing on Tokenized Bonds",,2026-06-02,,15:30:00,,Union Square,,Zuzlab Inc.,https://partiful.com/e/6I7FKBOq3eeCIyKALJA3,https://www.tech-week.com/calendar/nyc,Tuesday,Afternoon,Zuzlab Inc.
changed:name|event_url,6IyADQq5v84QxvH5HuAM,6346,6346,Edelman & Tech:NYC New Media & Comms Happy Hour,Edelman & Tech:NYC Media & Comms Happy Hour,2026-06-04,2026-06-04,17:30:00,17:30:00,SoHo,SoHo,Edelman,Edelman,https://partiful.com/e/6IyADQq5v84QxvH5HuAM,https://www.tech-week.com/calendar/nyc,Thursday,Evening,Edelman; Tech:NYC
changed:name|event_url,6IyrrQO0OeyIwFF8RdEz,5443,5443,Harness Mindset Across an Organization by amp,An Engineering Mindset for AI Adoption Beyond Engineering,2026-06-02,2026-06-02,10:00:00,10:00:00,SoHo,SoHo,amp,amp,https://partiful.com/e/6IyrrQO0OeyIwFF8RdEz,https://www.tech-week.com/calendar/nyc,Tuesday,Morning,amp
added,6P62aj9sdBO8Nk6BSYqJ,,6444,,FEMALE FOUNDERS & FUNDERS RUN,,2026-06-02,,07:15:00,,West Village,,Slow Girl Run Club,https://partiful.com/e/6P62aj9sdBO8Nk6BSYqJ,https://www.tech-week.com/calendar/nyc,Tuesday,Morning,Slow Girl Run Club
changed:event_url,6ZuudQBBZXcMNjdMynJ2,4664,4664,MCP in the Wild: Panel & Night of Networking,MCP in the Wild: Panel & Night of Networking,2026-06-03,2026-06-03,18:00:00,18:00:00,East Village,East Village,MCP Manager by Usercentrics,MCP Manager by Usercentrics,https://partiful.com/e/6ZuudQBBZXcMNjdMynJ2,https://www.tech-week.com/calendar/nyc,Wednesday,Evening,MCP Manager by Usercentrics; Alpic; M13
added,6dWzjKVsM4dwYn1nHfYv,,6579,,UES Parents in Tech - Central Park Meetup w/ Your Kids,,2026-06-04,,17:00:00,,Upper East Side,,Alison Go,https://partiful.com/e/6dWzjKVsM4dwYn1nHfYv,https://www.tech-week.com/calendar/nyc,Thursday,Evening,Alison Go; Narwhalim; First Citizens
added,6iJnKBHJDDD6pzokZKqh,,6560,,"Investing in Deeptech 2026 - for VCs, angels, family offices",,2026-06-03,,14:30:00,,Midtown,,Good Investor Club,https://partiful.com/e/6iJnKBHJDDD6pzokZKqh,https://www.tech-week.com/calendar/nyc,Wednesday,Afternoon,Good Investor Club
changed:name,6iuVOkztFGRo2HPIPHZ3,4921,4921,Closing the Capital Gap: Female Founders x Investors in Conversation,Closing the Capital Gap: Female Founder x Investor Matchmaking,2026-06-03,2026-06-03,18:00:00,18:00:00,Midtown,Midtown,Fund Her Network,Fund Her Network,https://partiful.com/e/6iuVOkztFGRo2HPIPHZ3,https://www.tech-week.com/calendar/nyc,Wednesday,Evening,Fund Her Network
added,6kXnEpDS0MeuoqEZAmY2,,6363,,ARR You Kidding Me: A Comedy Night for Finance Pros,,2026-06-02,,18:00:00,,Midtown,,Rillet,https://partiful.com/e/6kXnEpDS0MeuoqEZAmY2,https://www.tech-week.com/calendar/nyc,Tuesday,Evening,Rillet
changed:name,6oWH3J0AUIj2Y3DawG39,119,119,OUT OF OFFICE at,OUT OF OFFICE,2026-06-04,2026-06-04,19:00:00,19:00:00,Brooklyn,Brooklyn,Fonzi AI,Fonzi AI,https://partiful.com/e/6oWH3J0AUIj2Y3DawG39,https://www.tech-week.com/calendar/nyc,Thursday,Evening,Fonzi AI
added,6racWcR6SfxbsyO2zmVA,,5947,,London x NYC: Scaling Across Borders w/ Revolut & Ramp + the Experience Economy w/ Delta & Virgin,,2026-06-02,,16:00:00,,Financial District,,London and Partners,https://partiful.com/e/6racWcR6SfxbsyO2zmVA,https://www.tech-week.com/calendar/nyc,Tuesday,Afternoon,London & Partners
added,6tB6kOTWvCsW0CDO5Cam,,6575,,Women Shaping the Future of AI,,2026-06-01,,09:30:00,,Flatiron,,Fenwick,https://partiful.com/e/6tB6kOTWvCsW0CDO5Cam,https://www.tech-week.com/calendar/nyc,Monday,Morning,Fenwick
changed:date|time,6taIcgNN8nelcYyF4QXx,4884,4884,NYC Tech Week Town Hall,NYC Tech Week Town Hall,2026-06-03,2026-06-05,18:00:00,16:00:00,SoHo,SoHo,BitBasel,BitBasel,https://partiful.com/e/6taIcgNN8nelcYyF4QXx,https://www.tech-week.com/calendar/nyc,Friday,Afternoon,BitBasel; Jelly Jelly
changed:event_url,6xAvUm0cvTe94ZWTuqGo,4130,4130,How do you have a conversation with a city?,How do you have a conversation with a city?,2026-06-02,2026-06-02,15:00:00,15:00:00,Midtown,Midtown,Data Vandals,Data Vandals,https://partiful.com/e/6xAvUm0cvTe94ZWTuqGo,https://www.tech-week.com/calendar/nyc,Tuesday,Afternoon,Data Vandals
changed:time|event_url,6yRRQjBxExk25JqIoBoJ,5492,5492,Fast Track to the Future: Building AI-Native Apps with Firebase and Google Cloud,Fast Track to the Future: Building AI-Native Apps with Firebase and Google Cloud,2026-06-03,2026-06-03,15:15:00,15:00:00,Chelsea,Chelsea,Google for Startups,Google for Startups,https://partiful.com/e/6yRRQjBxExk25JqIoBoJ,https://www.tech-week.com/calendar/nyc,Wednesday,Afternoon,Google for Startups
removed,6ya1t6QyHoxNYlAj7jim,4663,,VIP Soiree with Udio by Uncharted Labs,,2026-06-04,,18:30:00,,Midtown,,Udio by Uncharted Labs,,https://partiful.com/e/6ya1t6QyHoxNYlAj7jim,https://www.tech-week.com/calendar/nyc,Thursday,Evening,Udio by Uncharted Labs
added,79Er0b9t7T3CeaAOzYrs,,6578,,HealthTech by the Harbor,,2026-06-03,,18:00:00,,Financial District,,Marwood Group,https://partiful.com/e/79Er0b9t7T3CeaAOzYrs,https://www.tech-week.com/calendar/nyc,Wednesday,Evening,Marwood Group
changed:event_url,7DYGSiY1WUuRSvEnD5gp,4161,4161,Future of DevEx,Future of DevEx,2026-06-02,2026-06-02,18:00:00,18:00:00,SoHo,SoHo,Deskree,Deskree,https://partiful.com/e/7DYGSiY1WUuRSvEnD5gp,https://www.tech-week.com/calendar/nyc,Tuesday,Evening,Deskree; tavily; PostHog; Convex
added,7ILtx8BRwV10Vo6CtHGb,,6492,,NY Tech Week: ML & Engineering Connect SoHo Happy Hour,,2026-06-01,,18:00:00,,SoHo,,R37 Lab - R1 RCM,https://partiful.com/e/7ILtx8BRwV10Vo6CtHGb,https://www.tech-week.com/calendar/nyc,Monday,Evening,R37 Lab - R1 RCM
changed:date|time|event_url,7QRI7F6JJM3BSJw6dEj5,4535,4535,AI Comedy Roast + Happy Hour,AI Comedy Roast + Happy Hour,2026-06-04,2026-06-02,21:00:00,19:00:00,Midtown,Midtown,WorkClaw,WorkClaw,https://partiful.com/e/7QRI7F6JJM3BSJw6dEj5,https://www.tech-week.com/calendar/nyc,Tuesday,Evening,WorkClaw; Workmate
added,7QcGEL1PzCCWwCLoJLET,,5807,,The New Beauty Counter: A Curated NYC Tech Week Experience,,2026-06-04,,17:00:00,,SoHo,,Triple Eight Creative,https://partiful.com/e/7QcGEL1PzCCWwCLoJLET,https://www.tech-week.com/calendar/nyc,Thursday,Evening,Triple Eight Creative
changed:name|time,7UpZe9eo90pwQSpSutZ0,4076,4076,"DWD - Wearing the Future: Culture, Capital & Community","DWD - Wearing the Future: Culture, Capital & Community - (Women Only)",2026-06-06,2026-06-06,12:30:00,12:00:00,Union Square,Union Square,Mothers to Daughters,Mothers to Daughters,https://partiful.com/e/7UpZe9eo90pwQSpSutZ0,https://www.tech-week.com/calendar/nyc,Saturday,Noon,Mothers to Daughters
added,7ZDTUGm5kB3iRZj9S5zc,,6450,,How To Get Your First 1000 Customers: A Zero To One Hands-On Workshop,,2026-06-01,,17:30:00,,Brooklyn,,No BS Startup Coach,https://partiful.com/e/7ZDTUGm5kB3iRZj9S5zc,https://www.tech-week.com/calendar/nyc,Monday,Evening,No BS Startup Coach
removed,7crlodxkSPD1lihpIyzB,4530,,True Confessions:AI Hype & Fundraising,,2026-06-01,,19:00:00,,SoHo,,Flywheel Strategy,,https://partiful.com/e/7crlodxkSPD1lihpIyzB,https://www.tech-week.com/calendar/nyc,Monday,Evening,Flywheel Strategy; Tech/ish
added,7giOIl1G0R949i9stVOE,,4202,,Agentic Finance Summit,,2026-06-03,,09:00:00,,SoHo,,Party Action People,https://partiful.com/e/7giOIl1G0R949i9stVOE,https://www.tech-week.com/calendar/nyc,Wednesday,Morning,Party Action People; Microsoft
changed:event_url,7r9d5lFrwIbz2cQbhTl0,4728,4728,Aurelian Labs: Prototypes & Pours @ NY Tech Week,Aurelian Labs: Prototypes & Pours @ NY Tech Week,2026-06-04,2026-06-04,18:00:00,18:00:00,Brooklyn,Brooklyn,Aurelian Labs,Aurelian Labs,https://partiful.com/e/7r9d5lFrwIbz2cQbhTl0,https://www.tech-week.com/calendar/nyc,Thursday,Evening,Aurelian Labs
changed:event_url,7tw52yRkZ9wOQQGdxzjh,5089,5089,"SOC Transformation: AI, Automation, and the Hard Choices Ahead- #NY TechWeek","SOC Transformation: AI, Automation, and the Hard Choices Ahead- #NY TechWeek",2026-06-03,2026-06-03,12:00:00,12:00:00,Financial District,Financial District,Command Zero,Command Zero,https://partiful.com/e/7tw52yRkZ9wOQQGdxzjh,https://www.tech-week.com/calendar/nyc,Wednesday,Noon,Command Zero; ZS
added,7xZ5QvSj15tyv8hkEQgh,,6614,,Female Founders Bagels + Debrief,,2026-06-07,,12:00:00,,Flatiron,,Narrativ by AK,https://partiful.com/e/7xZ5QvSj15tyv8hkEQgh,https://www.tech-week.com/calendar/nyc,Sunday,Noon,Narrativ by AK
changed:name,7xmYfFfhTQBHPGqBUNn4,4352,4352,Pitch 'n' Pop Live Workshop,Pitch Garage,2026-06-05,2026-06-05,11:00:00,11:00:00,SoHo,SoHo,Presentation Mode,Presentation Mode,https://partiful.com/e/7xmYfFfhTQBHPGqBUNn4,https://www.tech-week.com/calendar/nyc,Friday,Morning,Presentation Mode
changed:event_url,7yVLWDSWCrZChpot2fGl,5352,5351,Financial Services in the age of AI - FinTech Panel and Networking,Financial Services in the age of AI - FinTech Panel and Networking,2026-06-04,2026-06-04,18:00:00,18:00:00,Midtown,Midtown,Cabaka,Cabaka,https://partiful.com/e/7yVLWDSWCrZChpot2fGl,https://www.tech-week.com/calendar/nyc,Thursday,Evening,Cabaka
changed:event_url,87Zdcwg3oOfpvZvXDwcd,18,18,Robots & Networking,Robots & Networking,2026-06-06,2026-06-06,19:00:00,19:00:00,Financial District,Financial District,DareFail,DareFail,https://partiful.com/e/87Zdcwg3oOfpvZvXDwcd,https://www.tech-week.com/calendar/nyc,Saturday,Evening,DareFail
changed:location,89fRnFZuajb3BzXK9rEJ,4386,4386,"The Future of Entertainment: Content, Creators and Capital","The Future of Entertainment: Content, Creators and Capital",2026-06-03,2026-06-03,09:00:00,09:00:00,Midtown,Flatiron,Manatt,Manatt,https://partiful.com/e/89fRnFZuajb3BzXK9rEJ,https://www.tech-week.com/calendar/nyc,Wednesday,Morning,Manatt; The Ember Company; Animal Capital
changed:name,8BbHXWQWQwaQnAUlrwur,5883,5883,Translate Your BA into a Career in Tech,Translate Your BA Into a Tech Career,2026-06-03,2026-06-03,18:00:00,18:00:00,Virtual (NYC),Virtual (NYC),Translating Your BA,Translating Your BA,https://partiful.com/e/8BbHXWQWQwaQnAUlrwur,https://www.tech-week.com/calendar/nyc,Wednesday,Evening,Translating Your BA
added,8KTke0MILjTllFxUNKIo,,6737,,Borderless Markets: How Digital Assets Are Reshaping Finance,,2026-06-04,,16:30:00,,Financial District,,DriveWealth,https://partiful.com/e/8KTke0MILjTllFxUNKIo,https://www.tech-week.com/calendar/nyc,Thursday,Afternoon,DriveWealth
added,8ZT9dY3olgGbE54rwJLh,,4019,,B2B Early-Stage Founders & Funders Breakfast,,2026-06-02,,09:30:00,,Hudson Yards,,Forum Ventures,https://partiful.com/e/8ZT9dY3olgGbE54rwJLh,https://www.tech-week.com/calendar/nyc,Tuesday,Morning,Forum Ventures; Cooley LLP
changed:name,8eZFNPbkIvMBjsJELaAE,4384,4384,Democratizing the Creative Economy - Presented by ByteDance,Democratizing the Creative Economy - Powered with Seedance 2.0,2026-06-04,2026-06-04,17:00:00,17:00:00,Flatiron,Flatiron,SocialSight,SocialSight,https://partiful.com/e/8eZFNPbkIvMBjsJELaAE,https://www.tech-week.com/calendar/nyc,Thursday,Evening,SocialSight; ByteDance
added,8r8Hg42X0rnZ9g0GAyTB,,6445,,The Fittest People in Tech.,,2026-06-06,,10:00:00,,Chelsea,,Thatch,https://partiful.com/e/8r8Hg42X0rnZ9g0GAyTB,https://www.tech-week.com/calendar/nyc,Saturday,Morning,Thatch; WHOOP
changed:name|event_url,8ssFjGdjO5qbkmrNalai,5449,5449,Jobseeker Strategy for #NYTechWeek,Jobseeker Strategy,2026-06-01,2026-06-01,08:30:00,08:30:00,Virtual (NYC),Virtual (NYC),Clutch Talent,Clutch Talent,https://partiful.com/e/8ssFjGdjO5qbkmrNalai,https://www.tech-week.com/calendar/nyc,Monday,Morning,Clutch Talent
changed:name,8yTv1iGFROeqAMxI5XoN,4177,4177,Build-it-Yourself Workshop. For no-code builders inside commercial products,Build-It-Yourself Workshop. For non-technical builders inside commercial products.,2026-06-02,2026-06-02,15:00:00,15:00:00,Nomad,Nomad,Myop.dev,Myop.dev,https://partiful.com/e/8yTv1iGFROeqAMxI5XoN,https://www.tech-week.com/calendar/nyc,Tuesday,Afternoon,Myop.dev
changed:event_url,8ziM85jjl6N9qzjZtFYf,5026,5026,From Idea to Live MVP in 6 Hours with GitHub Copilot — $25K Azure Prize,From Idea to Live MVP in 6 Hours with GitHub Copilot — $25K Azure Prize,2026-06-04,2026-06-04,09:30:00,09:30:00,Financial District,Financial District,Microsoft,Microsoft,https://partiful.com/e/8ziM85jjl6N9qzjZtFYf,https://www.tech-week.com/calendar/nyc,Thursday,Morning,Microsoft
added,90GOuJSB0E4e46U5Bo4b,,152,,Bridging Together Communities & AI,,2026-06-04,,12:30:00,,Chinatown,,HealthBridge,https://partiful.com/e/90GOuJSB0E4e46U5Bo4b,https://www.tech-week.com/calendar/nyc,Thursday,Noon,HealthBridge; YOUTH CIVIC SERVICE INC.
changed:event_url,958YRufxIqlYXcPAaBpB,5149,5149,Flirt Tank Dating,Flirt Tank Dating,2026-06-05,2026-06-05,18:00:00,18:00:00,East Village,East Village,Live Different Comedy,Live Different Comedy,https://partiful.com/e/958YRufxIqlYXcPAaBpB,https://www.tech-week.com/calendar/nyc,Friday,Evening,Live Different Comedy
added,9EErpQOcDpw3irxtNFtK,,6612,,AI-First Product Enablement: Scaling GTM Assets from Weeks to Seconds,,2026-06-04,,16:15:00,,Midtown,,Nodus,https://partiful.com/e/9EErpQOcDpw3irxtNFtK,https://www.tech-week.com/calendar/nyc,Thursday,Afternoon,Nodus; Consulate General of Argentina in New York
changed:name|date|time,9GdJjzzsHpK4zpvr0dOl,4983,4983,Skincare Secrets at Tech Week,Skincare Secrets with Sofie Pavitt - Tech Week,2026-06-02,2026-06-01,16:00:00,17:00:00,SoHo,SoHo,The Ok Sweetie Show,The Ok Sweetie Show,https://partiful.com/e/9GdJjzzsHpK4zpvr0dOl,https://www.tech-week.com/calendar/nyc,Monday,Evening,The Ok Sweetie Show; True Beauty Ventures
added,9H9IsgkJAWIo4dUMlqmO,,6478,,"Ekoparty: Argentina’s Cybersecurity Ecosystem, Talent, Startups, and Regional Expansion",,2026-06-05,,11:00:00,,Midtown,,Ekoparty Security Conference,https://partiful.com/e/9H9IsgkJAWIo4dUMlqmO,https://www.tech-week.com/calendar/nyc,Friday,Morning,Ekoparty Security Conference; Consulate General of Argentina in New York
changed:event_url,9N0RjmWO3QMw0GCbSndf,4850,4850,"Infuse - Ideas, Innovation, & Impact in GovTech","Infuse - Ideas, Innovation, & Impact in GovTech",2026-06-02,2026-06-02,14:00:00,14:00:00,Flatiron,Flatiron,ZenGov,ZenGov,https://partiful.com/e/9N0RjmWO3QMw0GCbSndf,https://www.tech-week.com/calendar/nyc,Tuesday,Afternoon,ZenGov
changed:event_url,9Og1H8nulI9zPH9OxEco,4972,4972,Fashion Hackathon Networking Event,Fashion Hackathon Networking Event,2026-06-04,2026-06-04,20:30:00,20:30:00,Flatiron,Flatiron,Fashion Forward,Fashion Forward,https://partiful.com/e/9Og1H8nulI9zPH9OxEco,https://www.tech-week.com/calendar/nyc,Thursday,Evening,Fashion Forward
changed:event_url,9Vb2HFPhUit5Ra9OCcap,5456,5456,AI Infra Night,AI Infra Night,2026-06-04,2026-06-04,18:00:00,18:00:00,Midtown,Midtown,TowersTeam,TowersTeam,https://partiful.com/e/9Vb2HFPhUit5Ra9OCcap,https://www.tech-week.com/calendar/nyc,Thursday,Evening,TowersTeam; EverGrid
added,9VmRVXtl6VajweNDiO8y,,6565,,"Who Captures the Value? AI, Data & IP in the Future of Sports",,2026-06-02,,14:30:00,,Midtown,,FutbolTalent.pro,https://partiful.com/e/9VmRVXtl6VajweNDiO8y,https://www.tech-week.com/calendar/nyc,Tuesday,Afternoon,FutbolTalent.pro; Consulate General of Argentina in New York
added,9YS9QE1XBY0mMpELVYSq,,6547,,How AI Gets You to AI,,2026-06-05,,16:00:00,,Midtown,,Creative Bits AI,https://partiful.com/e/9YS9QE1XBY0mMpELVYSq,https://www.tech-week.com/calendar/nyc,Friday,Afternoon,Creative Bits AI
changed:name|time,9lSsuMRBptuEgJaD4ByK,4724,4724,Hospitality’s Next Operational Shift,Hospitality & Hotel Tech: Casual Conversations,2026-06-04,2026-06-04,13:00:00,16:00:00,Midtown,Midtown,Vosant Meetings,Vosant Meetings,https://partiful.com/e/9lSsuMRBptuEgJaD4ByK,https://www.tech-week.com/calendar/nyc,Thursday,Afternoon,Vosant Meetings
added,9pSmQHu2ooiZAvj7RoVV,,6425,,Non-Alcoholic Happy Hour @ Soft Bar,,2026-06-04,,17:00:00,,Brooklyn,,Steady,https://partiful.com/e/9pSmQHu2ooiZAvj7RoVV,https://www.tech-week.com/calendar/nyc,Thursday,Evening,Steady
added,9qwEMzu2QRBGEzchXnPL,,6503,,Women in Tech Collective,,2026-06-04,,14:00:00,,Midtown,,Per Scholas New York,https://partiful.com/e/9qwEMzu2QRBGEzchXnPL,https://www.tech-week.com/calendar/nyc,Thursday,Afternoon,Per Scholas New York; New Women New Yorkers
changed:event_url,9x67cUmFh48zj6PY01IC,5696,5696,Make Every Deal your Best Deal,Make Every Deal your Best Deal,2026-06-03,2026-06-03,18:30:00,18:30:00,Chelsea,Chelsea,Lumaril Corporation,Lumaril Corporation,https://partiful.com/e/9x67cUmFh48zj6PY01IC,https://www.tech-week.com/calendar/nyc,Wednesday,Evening,Lumaril Corporation; General Catalyst; NA
changed:event_url,A1b26sUya85y2x7bGw2z,5826,5826,"The Founder's Guide to AI Transformation: Workflows, Culture, and Scaling","The Founder's Guide to AI Transformation: Workflows, Culture, and Scaling",2026-06-03,2026-06-03,10:45:00,10:45:00,Chelsea,Chelsea,Google for Startups,Google for Startups,https://partiful.com/e/A1b26sUya85y2x7bGw2z,https://www.tech-week.com/calendar/nyc,Wednesday,Morning,Google for Startups
changed:event_url,A8dHZHCZ4lYHLHDbNx75,74,74,The Leadership Bottleneck — and How to Break Through It,The Leadership Bottleneck — and How to Break Through It,2026-06-03,2026-06-03,12:00:00,12:00:00,Central Park,Central Park,Momentum360,Momentum360,https://partiful.com/e/A8dHZHCZ4lYHLHDbNx75,https://www.tech-week.com/calendar/nyc,Wednesday,Noon,Momentum360™
added,AKJAMb5YYWnLz8lFb5xl,,6404,,NYC RegTech and Compliance Happy Hour,,2026-06-02,,18:00:00,,Midtown,,Surveill,https://partiful.com/e/AKJAMb5YYWnLz8lFb5xl,https://www.tech-week.com/calendar/nyc,Tuesday,Evening,Surveill
added,AMDCAbR2zrSQ3gTtQBgs,,6531,,HigherPeople's NYTW Happy Hour,,2026-06-04,,16:30:00,,SoHo,,HigherPeople,https://partiful.com/e/AMDCAbR2zrSQ3gTtQBgs,https://www.tech-week.com/calendar/nyc,Thursday,Afternoon,HigherPeople
changed:event_url,ASu0bbJUv36y2648J12G,36,36,How to Raise a Series A,How to Raise a Series A,2026-06-01,2026-06-01,11:30:00,11:30:00,Midtown,Midtown,Silicon Valley Bank,Silicon Valley Bank,https://partiful.com/e/ASu0bbJUv36y2648J12G,https://www.tech-week.com/calendar/nyc,Monday,Morning,Silicon Valley Bank; SSM; Pilot; TriNet
added,Ab5lLaSZSFIEBGGIt19K,,4779,,The Art of the Table Curated Culinary Experience,,2026-06-03,,18:00:00,,SoHo,,Arnold & Porter,https://partiful.com/e/Ab5lLaSZSFIEBGGIt19K,https://www.tech-week.com/calendar/nyc,Wednesday,Evening,Arnold & Porter; Aon
added,AbbL1aqeScPPUW22Ijrf,,5880,,From Prototype to Production for Non-Technical Founders,,2026-06-03,,08:00:00,,Flatiron,,Tequity,https://partiful.com/e/AbbL1aqeScPPUW22Ijrf,https://www.tech-week.com/calendar/nyc,Wednesday,Morning,Tequity
changed:event_url,AgSHwfX52RKiTIHXYcLH,5776,5776,Infinite Impact Lab: From Invisible Work to Undeniable Proof,Infinite Impact Lab: From Invisible Work to Undeniable Proof,2026-06-04,2026-06-04,17:00:00,17:00:00,Midtown,Midtown,Growing the Middle,Growing the Middle,https://partiful.com/e/AgSHwfX52RKiTIHXYcLH,https://www.tech-week.com/calendar/nyc,Thursday,Evening,Growing the Middle
changed:event_url,AkOmmpB7B1CwFVpu1Xrn,4511,4511,GTM in the technical era,GTM in the technical era,2026-06-04,2026-06-04,18:00:00,18:00:00,Flatiron,Flatiron,Exa,Exa,https://partiful.com/e/AkOmmpB7B1CwFVpu1Xrn,https://www.tech-week.com/calendar/nyc,Thursday,Evening,Exa; Lightfield
removed,AmtcmAOuDjLnq4OXzR3G,4682,,🍩 Bytes & Bites early stage b2b kick off breakfast,,2026-06-02,,08:30:00,,Union Square,,Laconia Capital,,https://partiful.com/e/AmtcmAOuDjLnq4OXzR3G,https://www.tech-week.com/calendar/nyc,Tuesday,Morning,Laconia Capital
changed:name,ApHnxYHtB9fZYBmsj0g5,5082,5082,Zero to Unicorn: Graphite Founder Fireside,Zero to (Acquired) Unicorn: Graphite Founder Fireside,2026-06-03,2026-06-03,15:00:00,15:00:00,Chelsea,Chelsea,Unicorner,Unicorner,https://partiful.com/e/ApHnxYHtB9fZYBmsj0g5,https://www.tech-week.com/calendar/nyc,Wednesday,Afternoon,Unicorner; Bolt.new
changed:event_url,ArxIzJCzN9uEAEpGvqOu,4100,4100,Power in Motion: Heels Dance Workshop for Women in Tech,Power in Motion: Heels Dance Workshop for Women in Tech,2026-06-04,2026-06-04,19:00:00,19:00:00,Midtown,Midtown,Ignite with Izzy,Ignite with Izzy,https://partiful.com/e/ArxIzJCzN9uEAEpGvqOu,https://www.tech-week.com/calendar/nyc,Thursday,Evening,Ignite with Izzy
changed:name,AxEyDd2VdRrG1VU7mG3P,4989,4989,Vonage + TechWalk: Communications APIs & Coffee...A Stroll through Central Park,Communications APIs & Coffee w/ Vonage...A Stroll through Central Park,2026-06-04,2026-06-04,08:30:00,08:30:00,Central Park,Central Park,Vonage,Vonage,https://partiful.com/e/AxEyDd2VdRrG1VU7mG3P,https://www.tech-week.com/calendar/nyc,Thursday,Morning,Vonage
added,AzVoaw82pHkJLwh4XtEy,,6742,,Pull Up a Chair: A Coffee Salon on What It Would Take to Actually Fix Tech,,2026-06-03,,13:00:00,,East Village,,"The Make Sense Podcast w/ Lindsay T., Lady Engineer®",https://partiful.com/e/AzVoaw82pHkJLwh4XtEy,https://www.tech-week.com/calendar/nyc,Wednesday,Afternoon,"The Make Sense Podcast w/ Lindsay T., Lady Engineer®; Leap_year; elsuss"
changed:date|time|event_url,BDyQ9ImpqOIrqqZqmFAn,5005,5005,The Business of Christian Technology,The Business of Christian Technology,2026-06-03,2026-06-04,16:00:00,18:00:00,Financial District,Financial District,Christians*inTech,Christians*inTech,https://partiful.com/e/BDyQ9ImpqOIrqqZqmFAn,https://www.tech-week.com/calendar/nyc,Thursday,Evening,Christians*inTech
added,BFLcrBj99wiF87EefZM3,,6455,,Leading HR Through the AI Revolution,,2026-06-01,,17:30:00,,Financial District,,Bereisheet Tech,https://partiful.com/e/BFLcrBj99wiF87EefZM3,https://www.tech-week.com/calendar/nyc,Monday,Evening,Bereisheet Tech
changed:name|event_url,BFXCyv28vsxpmDmIlVI1,5490,5490,Live Networking Experiment: Curated vs Chaos,Networking @ #NYTechWeek,2026-06-07,2026-06-07,13:00:00,13:00:00,Virtual (NYC),Virtual (NYC),Clutch Talent (Recruiting Agency),Clutch Talent (Recruiting Agency),https://partiful.com/e/BFXCyv28vsxpmDmIlVI1,https://www.tech-week.com/calendar/nyc,Sunday,Afternoon,Clutch Talent (Recruitment Agency)
changed:event_url,BHebxeHV8NH7GxZdypXE,194,194,Baddies In Tech,Baddies In Tech,2026-06-04,2026-06-04,18:00:00,18:00:00,Union Square,Union Square,Karamacare,Karamacare,https://partiful.com/e/BHebxeHV8NH7GxZdypXE,https://www.tech-week.com/calendar/nyc,Thursday,Evening,Karamacare; Resident
changed:time|event_url,BJ7WmuRF2y5pVHqok6hQ,4081,4081,What’s Actually Driving Growth in Sports Right Now?,What’s Actually Driving Growth in Sports Right Now?,2026-06-02,2026-06-02,16:30:00,14:30:00,Flatiron,Flatiron,Laces Sports,Laces Sports,https://partiful.com/e/BJ7WmuRF2y5pVHqok6hQ,https://www.tech-week.com/calendar/nyc,Tuesday,Afternoon,Laces Sports
changed:event_url,BL7kNCTtwHWtSlcaftcW,5425,5425,Beyond the Chair: Building Human-Centered Workplaces from the Ground Up,Beyond the Chair: Building Human-Centered Workplaces from the Ground Up,2026-06-06,2026-06-06,14:00:00,14:00:00,Midtown,Midtown,Libernovo,Libernovo,https://partiful.com/e/BL7kNCTtwHWtSlcaftcW,https://www.tech-week.com/calendar/nyc,Saturday,Afternoon,Libernovo
changed:name,BMBvJqXkWckboYnpl0Si,6185,6185,Wine & Einstein: NPCs and Consciousness - #NYTechWeek,Wine & Einstein: Could you be an NPC? + Unlimited Gaming,2026-06-04,2026-06-04,18:30:00,18:30:00,Chinatown,Chinatown,Kage Kickback,Kage Kickback,https://partiful.com/e/BMBvJqXkWckboYnpl0Si,https://www.tech-week.com/calendar/nyc,Thursday,Evening,Kage Kickback
changed:name,BSTxVUJmobXv6Y1EYQDX,4840,4840,Frontier Science to Frontier Care: Building Health AI with Backbone over Buzz,Health AI from Research to Production,2026-06-04,2026-06-04,14:00:00,14:00:00,Midtown,Midtown,Bright Signal Consulting,Bright Signal Consulting,https://partiful.com/e/BSTxVUJmobXv6Y1EYQDX,https://www.tech-week.com/calendar/nyc,Thursday,Afternoon,Bright Signal Consulting; Scalpels & Spreadsheets
changed:event_url,BZqpixojsn6MKtOvYbBb,3989,3989,"Somatic Wellness, Breathwork & Nervous System Regulation","Somatic Wellness, Breathwork & Nervous System Regulation",2026-06-04,2026-06-04,17:30:00,17:30:00,Meatpacking District,Meatpacking District,Somarae,Somarae,https://partiful.com/e/BZqpixojsn6MKtOvYbBb,https://www.tech-week.com/calendar/nyc,Thursday,Evening,Somarae
changed:event_url,Bc7dJv7aMLLlEaaRXWrq,5936,5936,Absinthe & AI,Absinthe & AI,2026-06-02,2026-06-02,18:00:00,18:00:00,Nomad,Nomad,Rehearsals,Rehearsals,https://partiful.com/e/Bc7dJv7aMLLlEaaRXWrq,https://www.tech-week.com/calendar/nyc,Tuesday,Evening,Rehearsals; Hume
removed,BcZRs4qjf2FHVZwZLQ9v,6258,,The Employee Advocacy Summit: Why Your Best Marketers Are Already on Your Payroll,,2026-06-03,,14:00:00,,SoHo,,VoiceScale,,https://partiful.com/e/BcZRs4qjf2FHVZwZLQ9v?c=bra5MNSD,https://www.tech-week.com/calendar/nyc,Wednesday,Afternoon,VoiceScale
changed:event_url,BkBgm4A6roB2plBcGf2e,5417,5417,Founder Reset,Founder Reset,2026-06-06,2026-06-06,09:00:00,09:00:00,Brooklyn,Brooklyn,Ginga,Ginga,https://partiful.com/e/BkBgm4A6roB2plBcGf2e,https://www.tech-week.com/calendar/nyc,Saturday,Morning,Ginga; MOTHER Tech; Bahia Taste
added,BlZgZXgnXauVuQtAvgTc,,6632,,The Argentine Edge: From Deep Tech to Global Scale,,2026-06-02,,09:15:00,,Midtown,,Consulate General of Argentina in New York,https://partiful.com/e/BlZgZXgnXauVuQtAvgTc,https://www.tech-week.com/calendar/nyc,Tuesday,Morning,Consulate General of Argentina in New York
changed:event_url,ByVS3R0LSmqvOoywWhDe,5769,5769,Startup Spotlight: Lithuania,Startup Spotlight: Lithuania,2026-06-05,2026-06-05,16:30:00,16:30:00,Midtown,Midtown,Consulate General of the Republic of Lithuania in New York,Consulate General of the Republic of Lithuania in New York,https://partiful.com/e/ByVS3R0LSmqvOoywWhDe,https://www.tech-week.com/calendar/nyc,Friday,Afternoon,Consulate General of the Republic of Lithuania in New York; Innovation Agency Lithuania
changed:name,CBiN0GMrUu8OZJUDP3Xm,4033,4033,"3D GenAI, Physical Ai & Spatial Computing Powered By Solaya X Betaworks","3D GenAI, Physical Ai & World Models Powered By Solaya X Betaworks",2026-06-01,2026-06-01,08:30:00,08:30:00,Meatpacking District,Meatpacking District,Solaya,Solaya,https://partiful.com/e/CBiN0GMrUu8OZJUDP3Xm,https://www.tech-week.com/calendar/nyc,Monday,Morning,SOLAYA; Betaworks
changed:date,CFCQZrHUAIGOer02VXgS,6089,6089,AI Founder & Funder Brunch,AI Founder & Funder Brunch,2026-06-02,2026-06-03,12:00:00,12:00:00,Chelsea,Chelsea,AI Furnace,AI Furnace,https://partiful.com/e/CFCQZrHUAIGOer02VXgS,https://www.tech-week.com/calendar/nyc,Wednesday,Noon,The AI Furnace; Foley Hoag
changed:name,CKczGayvJbdWdba2q8kr,4554,4554,The Light Stack,The Light Stack | 2026,2026-06-05,2026-06-05,17:00:00,17:00:00,Midtown,Midtown,Sentry,Sentry,https://partiful.com/e/CKczGayvJbdWdba2q8kr,https://www.tech-week.com/calendar/nyc,Friday,Evening,Sentry; Harness; Databricks Neon
changed:event_url,CNhLw58DXtAMPjBzhmSL,5510,5510,Before You Raise: What Investors Actually Check,Before You Raise: What Investors Actually Check,2026-06-05,2026-06-05,11:30:00,11:30:00,Virtual (NYC),Virtual (NYC),Ad Hoc Founders Counsel,Ad Hoc Founders Counsel,https://partiful.com/e/CNhLw58DXtAMPjBzhmSL,https://www.tech-week.com/calendar/nyc,Friday,Morning,Ad Hoc Founders Counsel
changed:event_url,CeXytpOv5qBtqRKKik9O,4094,4094,Grow Everything LIVE: Can AI Engineer the Future of Manufacturing?,Grow Everything LIVE: Can AI Engineer the Future of Manufacturing?,2026-06-03,2026-06-03,17:30:00,17:30:00,Flatiron,Flatiron,Roebling,Roebling,https://partiful.com/e/CeXytpOv5qBtqRKKik9O,https://www.tech-week.com/calendar/nyc,Wednesday,Evening,Roebling; Messaginglab
changed:time|event_url,Cig2PY1aZru3nhBQhMfj,5778,5778,WSC- AI vs Human Debate Night,WSC- AI vs Human Debate Night,2026-06-04,2026-06-04,17:00:00,17:30:00,Chelsea,Chelsea,Women's Society of Cyberjutsu,Women's Society of Cyberjutsu,https://partiful.com/e/Cig2PY1aZru3nhBQhMfj,https://www.tech-week.com/calendar/nyc,Thursday,Evening,Women's Society of Cyberjutsu
added,ClDoZdTBs7mmjqoMw3k2,,6264,,"from PMF to Scale! If Your GTM doesn't scale, let's build an agentic GTM system",,2026-06-02,,17:30:00,,Chelsea,,DragonflyAI Consulting,https://partiful.com/e/ClDoZdTBs7mmjqoMw3k2,https://www.tech-week.com/calendar/nyc,Tuesday,Evening,DragonflyAI Consulting; Civic Hall
added,Cm9Vo7iQf7tMc60ZdAcN,,6566,,AI Founder × VC Breakfast,,2026-06-04,,10:00:00,,SoHo,,You.com,https://partiful.com/e/Cm9Vo7iQf7tMc60ZdAcN,https://www.tech-week.com/calendar/nyc,Thursday,Morning,You.com
changed:event_url,CtLx3yTfJAKgapdVqcW6,4484,4484,Activant Poker Night,Activant Poker Night,2026-06-02,2026-06-02,19:00:00,19:00:00,SoHo,SoHo,Activant Capital,Activant Capital,https://partiful.com/e/CtLx3yTfJAKgapdVqcW6,https://www.tech-week.com/calendar/nyc,Tuesday,Evening,Activant Capital
added,D07x2JMguAYHV1tdU6Jm,,6550,,Women Building AI That Matters,,2026-06-02,,16:30:00,,Flatiron,,Opsera,https://partiful.com/e/D07x2JMguAYHV1tdU6Jm,https://www.tech-week.com/calendar/nyc,Tuesday,Afternoon,Opsera; ProgramEarth; AWS
added,D901huF1IbzkfBRq0ikx,,6815,,Tech Week City Hall: A Fireside Chat with City Council Speaker Julie Menin,,2026-10-05,,12:00:00,,Tribeca,,New York City Council,https://partiful.com/e/D901huF1IbzkfBRq0ikx,https://www.tech-week.com/calendar/nyc,Monday,Noon,New York City Council; a16z
changed:date|time|event_url,DD5Ne8wjr1LBDSvYlQst,5332,5332,AI & HealthTech for Hospitals and Healthcare,AI & HealthTech for Hospitals and Healthcare,2026-06-02,2026-06-01,17:00:00,16:30:00,Midtown,Midtown,MedRock Ventures Inc.,MedRock Ventures Inc.,https://partiful.com/e/DD5Ne8wjr1LBDSvYlQst,https://www.tech-week.com/calendar/nyc,Monday,Afternoon,MedRock Ventures Inc.; Orbiss Inc.
changed:event_url,DIULMTXNf5mkt8da0Kbw,5393,5393,Private Investor-Founder Brunch by Yellow | Tech Week 2026,Private Investor-Founder Brunch by Yellow | Tech Week 2026,2026-06-03,2026-06-03,11:00:00,11:00:00,SoHo,SoHo,Yellow Network,Yellow Network,https://partiful.com/e/DIULMTXNf5mkt8da0Kbw,https://www.tech-week.com/calendar/nyc,Wednesday,Morning,Yellow Network
added,DItIrZ4soRc9FKWDzvoT,,19,,AI Agents: From Prototype to Production,,2026-06-03,,19:00:00,,Flatiron,,Phinite AI,https://partiful.com/e/DItIrZ4soRc9FKWDzvoT,https://www.tech-week.com/calendar/nyc,Wednesday,Evening,Phinite AI; NVIDIA; GMI; OSS4AI
changed:name,DKl5HdJGHTgI3mQXRIrV,4979,4979,Pitch Night: Creators + Capital - By Plug and Play x Raisi x OWM x Seed2Table,Pitch Night: Creators + Capital: By Raisi x OWM x Seed2Table x Plug and Play x Bright Data,2026-06-03,2026-06-03,18:00:00,18:00:00,Financial District,Financial District,Raisi,Raisi,https://partiful.com/e/DKl5HdJGHTgI3mQXRIrV,https://www.tech-week.com/calendar/nyc,Wednesday,Evening,Raisi; OWM; Plug and Play New York
added,DO8XlNCIKaedsYpjKgny,,6424,,Kamp Café (NYC Tech Week Kick Off Party @ High End Italian Bakery),,2026-06-01,,10:30:00,,Union Square,,Kamp,https://partiful.com/e/DO8XlNCIKaedsYpjKgny,https://www.tech-week.com/calendar/nyc,Monday,Morning,Kamp
added,DQLmNSvszUDBdewZ60Rb,,6754,,TECH WEEK VISIONARY HUB,,2026-06-04,,13:00:00,,East Village,,Vinrelo,https://partiful.com/e/DQLmNSvszUDBdewZ60Rb,https://www.tech-week.com/calendar/nyc,Thursday,Afternoon,Vinrelo
changed:event_url,DVbRrx7ORnvAHvEz8c8N,4424,4424,Lowenstein Sandler’s Annual Sip and Social with Women in VC,Lowenstein Sandler’s Annual Sip and Social with Women in VC,2026-06-02,2026-06-02,17:00:00,17:00:00,Midtown,Midtown,Lowenstein Sandler LLP,Lowenstein Sandler LLP,https://partiful.com/e/DVbRrx7ORnvAHvEz8c8N,https://www.tech-week.com/calendar/nyc,Tuesday,Evening,Lowenstein Sandler
added,DbJ8hrweBskIasfuf4cM,,6306,,Pet Tech Meet Up NYC,,2026-06-05,,17:00:00,,Central Park,,Pync Inc.,https://partiful.com/e/DbJ8hrweBskIasfuf4cM,https://www.tech-week.com/calendar/nyc,Friday,Evening,Pync Inc.
added,Dc2p7GbvzQiC32DBPCMJ,,6628,,The Future of PropTech,,2026-06-03,,18:00:00,,West Village,,Jetzy,https://partiful.com/e/Dc2p7GbvzQiC32DBPCMJ,https://www.tech-week.com/calendar/nyc,Wednesday,Evening,Jetzy; Sklut
added,DeSu8551onFwpwFq7tnW,,5504,,How to Live Longer & Happier: An evening on the future of personal intelligence.,,2026-06-03,,18:30:00,,SoHo,,moccet,https://partiful.com/e/DeSu8551onFwpwFq7tnW,https://www.tech-week.com/calendar/nyc,Wednesday,Evening,moccet
changed:event_url,DlrEnx0mq1qn6Zi9Pwyy,4853,4853,Built By Us: Involving Young Adults in Mental Health Tech,Built By Us: Involving Young Adults in Mental Health Tech,2026-06-04,2026-06-04,19:00:00,19:00:00,SoHo,SoHo,Headstream by SecondMuse,Headstream by SecondMuse,https://partiful.com/e/DlrEnx0mq1qn6Zi9Pwyy,https://www.tech-week.com/calendar/nyc,Thursday,Evening,Headstream by SecondMuse
changed:event_url,Dy7rUqrhVPwyYkQeucJK,4084,4084,AI & Biotech Runtime,AI & Biotech Runtime,2026-06-02,2026-06-02,07:30:00,07:30:00,Midtown,Midtown,Formation Bio,Formation Bio,https://partiful.com/e/Dy7rUqrhVPwyYkQeucJK,https://www.tech-week.com/calendar/nyc,Tuesday,Morning,Formation Bio
changed:name,E8NhJNHWGhMetLlrFvQ7,5529,5529,Fireside chat - When coding agents are the user?,Fireside chat: The Trust Transfer,2026-06-03,2026-06-03,16:00:00,16:00:00,Nomad,Nomad,Tanagram.ai,Tanagram.ai,https://partiful.com/e/E8NhJNHWGhMetLlrFvQ7,https://www.tech-week.com/calendar/nyc,Wednesday,Afternoon,Tanagram.ai; Zo Computer
changed:date,EDvSG5uaWJ1DJVAlgj6q,5241,5241,The Founding Table: Brunch & Spa Experience,The Founding Table: Brunch & Spa Experience,2026-06-04,2026-06-03,09:00:00,09:00:00,Flatiron,Flatiron,Persona,Persona,https://partiful.com/e/EDvSG5uaWJ1DJVAlgj6q,https://www.tech-week.com/calendar/nyc,Wednesday,Morning,Persona
changed:event_url,EHqpUupSw2r4hWswjqZc,5699,5699,C10 Labs x Wells Fargo x NY Robotics — Pitch the Product,C10 Labs x Wells Fargo x NY Robotics — Pitch the Product,2026-06-05,2026-06-05,09:30:00,09:30:00,Midtown,Midtown,C10 Labs,C10 Labs,https://partiful.com/e/EHqpUupSw2r4hWswjqZc,https://www.tech-week.com/calendar/nyc,Friday,Morning,C10 Labs; Wells Fargo; New York Robotics
added,EKVRCkLXxR7HVL9Ogump,,6305,,OpenClaw for Investors (Amino Capital & UBS),,2026-06-02,,15:00:00,,Flatiron,,Amino Capital,https://partiful.com/e/EKVRCkLXxR7HVL9Ogump,https://www.tech-week.com/calendar/nyc,Tuesday,Afternoon,Amino Capital
added,ERKlFfoI0Tbw9CKCvFnj,,6326,,Just Build It: Vibe Coding Lab for Founders,,2026-06-04,,09:30:00,,Flatiron,,Vibe Code Mama,https://partiful.com/e/ERKlFfoI0Tbw9CKCvFnj,https://www.tech-week.com/calendar/nyc,Thursday,Morning,Vibe Code Mama
changed:date,ET08mdx8yiVrNczoRIBj,4756,4756,Building in the Physical World with AI,Building in the Physical World with AI,2026-06-03,2026-06-04,11:30:00,11:30:00,Flatiron,Flatiron,NextView Ventures,NextView Ventures,https://partiful.com/e/ET08mdx8yiVrNczoRIBj,https://www.tech-week.com/calendar/nyc,Thursday,Morning,NextView Ventures
added,ETmLjJsMXWh9WB4nmFe0,,6611,,Equiply hiring tournament,,2026-06-02,,17:00:00,,Flatiron,,Equiply,https://partiful.com/e/ETmLjJsMXWh9WB4nmFe0,https://www.tech-week.com/calendar/nyc,Tuesday,Evening,Equiply
changed:event_url,EWOiH1i0q7dBW763j1HH,75,75,Tech Networking Event with NY City Council,Tech Networking Event with NY City Council,2026-06-05,2026-06-05,18:00:00,18:00:00,Upper Manhattan,Upper Manhattan,"ContraSearch, Inc.","ContraSearch, Inc.",https://partiful.com/e/EWOiH1i0q7dBW763j1HH,https://www.tech-week.com/calendar/nyc,Friday,Evening,"ContraSearch, Inc."
changed:name,EbLHvoBrSl7ZV6xScsgz,4904,4904,"Networking Breakfast , AI Job Market, industry trends and coffee",NYTW Kickoff Networking Breakfast,2026-06-01,2026-06-01,09:00:00,09:00:00,Hudson Yards,Hudson Yards,XL AI,XL AI,https://partiful.com/e/EbLHvoBrSl7ZV6xScsgz,https://www.tech-week.com/calendar/nyc,Monday,Morning,XL AI
changed:event_url,Ec1a7gzI7aTu6njnKuEK,5414,5414,Series Tee,Series Tee,2026-06-03,2026-06-03,18:00:00,18:00:00,Chelsea,Chelsea,Rillet,Rillet,https://partiful.com/e/Ec1a7gzI7aTu6njnKuEK,https://www.tech-week.com/calendar/nyc,Wednesday,Evening,Rillet
removed,Ejnq0raa0dpQ8sniSAau,4885,,"Intersecting Ecosystems Across Real Estate, Proptech & Crypto",,2026-06-02,,20:00:00,,Midtown,,Housing Us,,https://partiful.com/e/Ejnq0raa0dpQ8sniSAau,https://www.tech-week.com/calendar/nyc,Tuesday,Evening,Housing Us; Uncorrelated Alts
changed:event_url,EnJV7INx1Avqm2pTnmG9,4658,4658,Tcsi's Headshot Happy Hour,Tcsi's Headshot Happy Hour,2026-06-03,2026-06-03,17:30:00,17:30:00,Chelsea,Chelsea,The Cyber Security Intellects,The Cyber Security Intellects,https://partiful.com/e/EnJV7INx1Avqm2pTnmG9,https://www.tech-week.com/calendar/nyc,Wednesday,Evening,The Cyber Security Intellects
changed:event_url,EstgcJd2gxjOPGIbPHmv,4620,4620,NYC AI/ML Hackathon,NYC AI/ML Hackathon,2026-06-05,2026-06-05,16:00:00,16:00:00,East Village,East Village,Intuit,Intuit,https://partiful.com/e/EstgcJd2gxjOPGIbPHmv,https://www.tech-week.com/calendar/nyc,Friday,Afternoon,Intuit
changed:time,EvKdVS3RCeqXCOdLL0Ao,4577,4577,Master VC Empanadas,Master VC Empanadas,2026-06-02,2026-06-02,19:00:00,18:00:00,Central Park,Central Park,Lazo Fintech Inc,Lazo Fintech Inc,https://partiful.com/e/EvKdVS3RCeqXCOdLL0Ao,https://www.tech-week.com/calendar/nyc,Tuesday,Evening,Lazo Fintech Inc
added,F6QBoXGfme8OED1Q4T6d,,6350,,Founders Boat Party,,2026-06-03,,20:00:00,,SoHo,,Persona,https://partiful.com/e/F6QBoXGfme8OED1Q4T6d,https://www.tech-week.com/calendar/nyc,Wednesday,Evening,Persona; Thera; Coinflow; Get Winner
changed:event_url,F9b11DvXSlOLRhvyp35Q,4939,4939,Style Your Tech,Style Your Tech,2026-06-03,2026-06-03,18:00:00,18:00:00,Midtown,Midtown,Hybrid Rituals,Hybrid Rituals,https://partiful.com/e/F9b11DvXSlOLRhvyp35Q,https://www.tech-week.com/calendar/nyc,Wednesday,Evening,Hybrid Rituals
added,FA2Q9jHGnpJig9RwCOax,,6574,,Truelogic presents Beyond the Demo: Building Agentic AI Teams That Actually Ship,,2026-06-04,,16:15:00,,Midtown,,TrueLogic,https://partiful.com/e/FA2Q9jHGnpJig9RwCOax,https://www.tech-week.com/calendar/nyc,Thursday,Afternoon,TrueLogic; Consulate General of Argentina in New York
changed:event_url,FBTY402HvwzsBljLJgWl,5260,5260,The Founding Table: Private Chef Dinner,The Founding Table: Private Chef Dinner,2026-06-02,2026-06-02,19:00:00,19:00:00,Flatiron,Flatiron,Persona,Persona,https://partiful.com/e/FBTY402HvwzsBljLJgWl,https://www.tech-week.com/calendar/nyc,Tuesday,Evening,Persona
changed:event_url,FCICxMPNjXHXmSYNvQPn,5054,5054,Omakase - A Michelin-starred dinner with AI Leaders,Omakase - A Michelin-starred dinner with AI Leaders,2026-06-02,2026-06-02,19:00:00,19:00:00,Lower East Side,Lower East Side,Lyzr,Lyzr,https://partiful.com/e/FCICxMPNjXHXmSYNvQPn,https://www.tech-week.com/calendar/nyc,Tuesday,Evening,Lyzr
changed:time,FDxH8qpnWSZ4DtT5Bp2a,5758,5758,Latino Tech Mixer Vol 4,Latino Tech Mixer Vol 4,2026-06-04,2026-06-04,17:30:00,18:00:00,Lower East Side,Lower East Side,Pygma,Pygma,https://partiful.com/e/FDxH8qpnWSZ4DtT5Bp2a,https://www.tech-week.com/calendar/nyc,Thursday,Evening,Pygma; Colectivo
changed:time,FJbZcfppRGdMVP1o534z,4506,4506,Google Presents AI Learning Lab,Google Presents AI Learning Lab,2026-06-03,2026-06-03,14:15:00,14:00:00,Chelsea,Chelsea,Google,Google,https://partiful.com/e/FJbZcfppRGdMVP1o534z,https://www.tech-week.com/calendar/nyc,Wednesday,Afternoon,Google
added,FMRHU5PZmbpskRMORfqK,,6549,,The Autonomous enterprise: You're Not Late. You're Right on Time,,2026-06-04,,11:00:00,,Midtown,,WillDom,https://partiful.com/e/FMRHU5PZmbpskRMORfqK,https://www.tech-week.com/calendar/nyc,Thursday,Morning,WillDom; Consulate General of Argentina in New York; JeenAI
changed:date,FNVoGRinp7Ppozgs0wmb,4970,4970,Happy Hour with Verb,Happy Hour with Verb,2026-06-02,2026-06-01,20:00:00,20:00:00,Flatiron,Flatiron,Verb,Verb,https://partiful.com/e/FNVoGRinp7Ppozgs0wmb,https://www.tech-week.com/calendar/nyc,Monday,Evening,Verb
changed:event_url,FSzOO6xPn11iqxVdtQ9j,5437,5437,Enterprise AI Happy Hour,Enterprise AI Happy Hour,2026-06-02,2026-06-02,18:00:00,18:00:00,SoHo,SoHo,Credal,Credal,https://partiful.com/e/FSzOO6xPn11iqxVdtQ9j,https://www.tech-week.com/calendar/nyc,Tuesday,Evening,Credal
removed,FZ7WeO0BmZcJVabK8DSV,4910,,Yacht Party,,2026-06-07,,14:00:00,,Midtown,,Tavern Community,,https://partiful.com/e/FZ7WeO0BmZcJVabK8DSV,https://www.tech-week.com/calendar/nyc,Sunday,Afternoon,Tavern Community; The Neo Club
changed:event_url,Farh8WvzHqQZzPCekOTD,4482,4482,Fashion Tech: Loyalty in the AI Age,Fashion Tech: Loyalty in the AI Age,2026-06-02,2026-06-02,18:00:00,18:00:00,Lower East Side,Lower East Side,Tote,Tote,https://partiful.com/e/Farh8WvzHqQZzPCekOTD,https://www.tech-week.com/calendar/nyc,Tuesday,Evening,Tote; Beni; Arête Studios
changed:name|date|event_url,FmbvlZINAUmQsqMYdaNM,6193,6193,Aerospace & Defense: Certification and the Future of Flight,Future of Flight: From Innovation to Certification,2026-06-03,2026-06-02,10:00:00,10:00:00,Upper East Side,Upper East Side,Velocor & Maloy Aircraft,Velocor & Maloy Aircraft,https://partiful.com/e/FmbvlZINAUmQsqMYdaNM,https://www.tech-week.com/calendar/nyc,Tuesday,Morning,Velocor & Maloy Aircraft; Velocor
added,Fp5daroRFtl5IulOYhoD,,6816,,Exec Briefing on AI Transformation,,2026-10-08,,09:00:00,,Midtown,,Fin,https://partiful.com/e/Fp5daroRFtl5IulOYhoD,https://www.tech-week.com/calendar/nyc,Thursday,Morning,Fin
added,G2KyxGWf2wHA4lYjcd8F,,6465,,Healthcare AI Rooftop Happy Hour,,2026-06-02,,17:30:00,,SoHo,,Alaffia Health,https://partiful.com/e/G2KyxGWf2wHA4lYjcd8F,https://www.tech-week.com/calendar/nyc,Tuesday,Evening,Alaffia Health
added,G6SCgiK0QTXDg0MtyANy,,6431,,"Mandarin x Markets: China, Conversation, & Cocktails",,2026-06-03,,17:00:00,,Flatiron,,A Day With Aslan,https://partiful.com/e/G6SCgiK0QTXDg0MtyANy,https://www.tech-week.com/calendar/nyc,Wednesday,Evening,A Day With Aslan
changed:name|event_url,G6SmnsyZ3s56lOfHuRLW,4915,4915,Burn & Build,Build & Burn,2026-06-01,2026-06-01,09:00:00,09:00:00,Chelsea,Chelsea,sam.,sam.,https://partiful.com/e/G6SmnsyZ3s56lOfHuRLW,https://www.tech-week.com/calendar/nyc,Monday,Morning,sam.
added,GA2rWFRC5nPohWnE3vJU,,6583,,The (Ethical) Guide To (AI) Hacking,,2026-06-03,,10:00:00,,Union Square,,Tequity,https://partiful.com/e/GA2rWFRC5nPohWnE3vJU,https://www.tech-week.com/calendar/nyc,Wednesday,Morning,Tequity
changed:time,GEDtdJiI0ZyMgIDvwZRh,5186,5186,"The New CS Skill Set: Build the System, Become the Strategist","The New CS Skill Set: Build the System, Become the Strategist",2026-06-04,2026-06-04,17:00:00,17:30:00,SoHo,SoHo,Women of Customer Success,Women of Customer Success,https://partiful.com/e/GEDtdJiI0ZyMgIDvwZRh,https://www.tech-week.com/calendar/nyc,Thursday,Evening,Women of Customer Success
changed:name,GIL3nPFjeoczGdirM7Cr,6398,6398,Why Corporate × Startup Usually Fail -And How They Succeed? #NYCTechWeek,Why Corporate × Startup Usually Fail -And How They Succeed?,2026-06-02,2026-06-02,16:30:00,16:30:00,Midtown,Midtown,Elev X! by NEC X,Elev X! by NEC X,https://partiful.com/e/GIL3nPFjeoczGdirM7Cr,https://www.tech-week.com/calendar/nyc,Tuesday,Afternoon,Elev X! by NEC X
changed:event_url,GSRIMLKsiwt2WYLiw8TC,5325,5325,The Operators Behind the Operators,The Operators Behind the Operators,2026-06-04,2026-06-04,12:00:00,12:00:00,Midtown,Midtown,New York Robotics,New York Robotics,https://partiful.com/e/GSRIMLKsiwt2WYLiw8TC,https://www.tech-week.com/calendar/nyc,Thursday,Noon,New York Robotics; EisnerAmper
changed:name,GmOIWn5hMegxDT7gDfTX,5971,5971,ATTAP Vibeathon,ATTAP (All Things to All People) Vibeathon & Agentathon,2026-06-01,2026-06-01,10:00:00,10:00:00,Chelsea,Chelsea,ATTAP-All Things to All People-attap.ai,ATTAP-All Things to All People-attap.ai,https://partiful.com/e/GmOIWn5hMegxDT7gDfTX,https://www.tech-week.com/calendar/nyc,Monday,Morning,ATTAP-All Things to All People-attap.ai
changed:time|location,Gw543fouMG4silmVEQ9P,5799,5799,The Oasis @ NY Tech Week Day 4 - Creating with Flow,The Oasis @ NY Tech Week Day 4 - Creating with Flow,2026-06-04,2026-06-04,13:00:00,17:00:00,Flatiron,Midtown,Boardy,Boardy,https://partiful.com/e/Gw543fouMG4silmVEQ9P,https://www.tech-week.com/calendar/nyc,Thursday,Evening,Boardy; Vibe Space; Flowstate; The AI Collective
changed:event_url,GxS3hkbPToEMmgTEeEsm,4755,4755,Sustainability Panel,Sustainability Panel,2026-06-03,2026-06-03,11:00:00,11:00:00,Midtown,Midtown,Propel Earth,Propel Earth,https://partiful.com/e/GxS3hkbPToEMmgTEeEsm,https://www.tech-week.com/calendar/nyc,Wednesday,Morning,Propel Earth
changed:event_url,GxT0MlpEgP8RgFxRH2QG,4732,4732,Hackathon & Career Fair,Hackathon & Career Fair,2026-06-02,2026-06-02,17:30:00,17:30:00,Midtown,Midtown,Propel Earth,Propel Earth,https://partiful.com/e/GxT0MlpEgP8RgFxRH2QG,https://www.tech-week.com/calendar/nyc,Tuesday,Evening,Propel Earth
changed:name,GxfjRxDRUK8wgxH6UMG6,4817,4817,Robots & Rollups — Physical AI Meets Onchain,Robots & Rollups,2026-06-03,2026-06-03,19:00:00,19:00:00,East Village,East Village,PrismaX,PrismaX,https://partiful.com/e/GxfjRxDRUK8wgxH6UMG6,https://www.tech-week.com/calendar/nyc,Wednesday,Evening,PrismaX
changed:name|event_url,H2RtNpAkYJHw4iZapT8w,4141,4141,Arcangel x JP Morgan Yacht Networking Event,Arcangel AI Yacht Networking Event,2026-06-06,2026-06-06,18:00:00,18:00:00,Upper East Side,Upper East Side,Arcangel AI,Arcangel AI,https://partiful.com/e/H2RtNpAkYJHw4iZapT8w,https://www.tech-week.com/calendar/nyc,Saturday,Evening,Arcangel AI; JP Morgan; SHOPLINE
changed:name|event_url,HNzBBTq1gXdenq3tLu9i,6299,6299,"""New Money"" — A Fintech Founders Mixer","""New Money"" — A Fintech Founders & Investors Mixer",2026-06-05,2026-06-05,18:00:00,18:00:00,Financial District,Financial District,Rolla,Rolla,https://partiful.com/e/HNzBBTq1gXdenq3tLu9i,https://www.tech-week.com/calendar/nyc,Friday,Evening,Rolla
changed:event_url,HQPPxEZjvR5AnmRkv8Pp,5197,5197,Private CISO Dinner,Private CISO Dinner,2026-06-03,2026-06-03,18:30:00,18:30:00,Midtown,Midtown,Supermomos,Supermomos,https://partiful.com/e/HQPPxEZjvR5AnmRkv8Pp,https://www.tech-week.com/calendar/nyc,Wednesday,Evening,Supermomos
changed:name,HbxTd2UuJeIGLlNF9NFX,4119,4119,Agents of Change: Tech for Sustainability,Change Agents: Tech for Sustainability,2026-06-02,2026-06-02,16:00:00,16:00:00,Midtown,Midtown,GPM,GPM,https://partiful.com/e/HbxTd2UuJeIGLlNF9NFX,https://www.tech-week.com/calendar/nyc,Tuesday,Afternoon,GPM; MIGSO-PCUBE
changed:name,HjFwJN8F4iK3LPhBy4D9,6248,6248,The Creatives Mixer,"Above the Noise : Creators, Founders & Investors Mixer",2026-06-06,2026-06-06,11:00:00,11:00:00,Chelsea,Chelsea,Velle,Velle,https://partiful.com/e/HjFwJN8F4iK3LPhBy4D9,https://www.tech-week.com/calendar/nyc,Saturday,Morning,Velle
changed:name|event_url,HqDbwbDLWBvTjsl2YeR5,42,42,Haus of Creators AI LABS hosted by Venus Rose and ilias anwar,"Haus of Creators AI LABS hosted by Venus Rose, ilias anwar, & Michael Carapellotti",2026-06-04,2026-06-04,18:00:00,18:00:00,SoHo,SoHo,"Haus of Creators Foundation, Inc.","Haus of Creators Foundation, Inc.",https://partiful.com/e/HqDbwbDLWBvTjsl2YeR5,https://www.tech-week.com/calendar/nyc,Thursday,Evening,"""Haus of Creators Foundation, Inc."""
added,HuAdcwZ2YjmPZobp316y,,6818,,AI Search: The 500-foot view,,2026-06-02,,18:00:00,,Midtown,,Modus Digital,https://partiful.com/e/HuAdcwZ2YjmPZobp316y,https://www.tech-week.com/calendar/nyc,Tuesday,Evening,Modus Digital; Semrush
changed:time,HwlNp8UC6vwWCBX97Dp9,4771,4771,Privacy Please,Privacy Please,2026-06-04,2026-06-04,22:00:00,21:30:00,Tribeca,Tribeca,Boundless Network,Boundless Network,https://partiful.com/e/HwlNp8UC6vwWCBX97Dp9,https://www.tech-week.com/calendar/nyc,Thursday,Evening,Boundless Network; Stellar Development Foundation
changed:event_url,HyeK0R0M60v3y1c7s7rK,4504,4504,Scaling Deep Tech with Federal Funding,Scaling Deep Tech with Federal Funding,2026-06-02,2026-06-02,16:30:00,16:30:00,SoHo,SoHo,Inspiralia US,Inspiralia US,https://partiful.com/e/HyeK0R0M60v3y1c7s7rK,https://www.tech-week.com/calendar/nyc,Tuesday,Afternoon,Inspiralia USA
added,IIdZd3lVrg4N50JYS9Fg,,6744,,Taste is the Moat: Building Consumer AI Beyond the Chatbot,,2026-06-03,,16:00:00,,Flatiron,,Fenwick,https://partiful.com/e/IIdZd3lVrg4N50JYS9Fg,https://www.tech-week.com/calendar/nyc,Wednesday,Afternoon,Fenwick
added,IJIotns2Lp1I4BmGGVJ9,,6276,,Founders House Launch,,2026-06-03,,06:30:00,,Midtown,,Founders House,https://partiful.com/e/IJIotns2Lp1I4BmGGVJ9,https://www.tech-week.com/calendar/nyc,Wednesday,Morning,Founder House
changed:event_url,IYJwzTXfQeIaIL1YqCg7,4045,4045,Big IDEAS @ Big SNOW - 2026,Big IDEAS @ Big SNOW - 2026,2026-06-02,2026-06-02,09:00:00,09:00:00,Hudson Yards,Hudson Yards,Sidecut Ventures,Sidecut Ventures,https://partiful.com/e/IYJwzTXfQeIaIL1YqCg7,https://www.tech-week.com/calendar/nyc,Tuesday,Morning,Sidecut Ventures
added,IaHFZrZwfwKVMbQGFvAt,,5433,,Impact Room: Building The Future We Want,,2026-06-05,,18:00:00,,Lower East Side,,AAC,https://partiful.com/e/IaHFZrZwfwKVMbQGFvAt,https://www.tech-week.com/calendar/nyc,Friday,Evening,AAC; Starseed Studios
changed:event_url,IjcQJFIYc2PPkDOy0h3r,5895,5895,Frontier House NYC - General Partner Roundtable,Frontier House NYC - General Partner Roundtable,2026-06-03,2026-06-03,14:00:00,14:00:00,Midtown,Midtown,Eleven Wall Ventures,Eleven Wall Ventures,https://partiful.com/e/IjcQJFIYc2PPkDOy0h3r,https://www.tech-week.com/calendar/nyc,Wednesday,Afternoon,Eleven Wall Ventures
added,ImH5yBRFVdqG8ol24cmc,,6301,,How We AI? NYC Edition,,2026-06-04,,18:00:00,,Flatiron,,CambrianEdge.ai,https://partiful.com/e/ImH5yBRFVdqG8ol24cmc,https://www.tech-week.com/calendar/nyc,Thursday,Evening,CambrianEdge.ai
added,IoEy26e6LoWbvwVRCTzR,,5001,,The Brick Room - Where the Best Ideas get built Twice,,2026-06-01,,17:00:00,,Flatiron,,Fine Line Consultants,https://partiful.com/e/IoEy26e6LoWbvwVRCTzR,https://www.tech-week.com/calendar/nyc,Monday,Evening,Fine Line Consultants
added,IwQrRKHdA83SveHTnf1X,,6606,,AI for Good Meetup,,2026-06-01,,14:00:00,,Flatiron,,AI for Social Good NYC,https://partiful.com/e/IwQrRKHdA83SveHTnf1X,https://www.tech-week.com/calendar/nyc,Monday,Afternoon,AI for Social Good NYC
changed:event_url,J3QgJAdVI8mGoxIqfzTa,5010,5010,Christians*inTech Picnic,Christians*inTech Picnic,2026-06-07,2026-06-07,12:30:00,12:30:00,Central Park,Central Park,Christians*inTech,Christians*inTech,https://partiful.com/e/J3QgJAdVI8mGoxIqfzTa,https://www.tech-week.com/calendar/nyc,Sunday,Noon,Christians*inTech
changed:event_url,J6blMPb7wLXWeNTeuJCN,5045,5045,How We Build with Agents,How We Build with Agents,2026-06-02,2026-06-02,18:00:00,18:00:00,Meatpacking District,Meatpacking District,Betaworks,Betaworks,https://partiful.com/e/J6blMPb7wLXWeNTeuJCN,https://www.tech-week.com/calendar/nyc,Tuesday,Evening,Betaworks
added,JBz0cmetzCNNmrxKhAfI,,4209,,Stable Summit IV: New York City,,2026-06-04,,09:00:00,,SoHo,,Stable Summit,https://partiful.com/e/JBz0cmetzCNNmrxKhAfI,https://www.tech-week.com/calendar/nyc,Thursday,Morning,Stable Summit
added,JKLycObL4isIKtz0HqjO,,5646,,Distilled Conversations: Questions at the Frontier with Mirage,,2026-06-03,,18:30:00,,Union Square,,Distilled,https://partiful.com/e/JKLycObL4isIKtz0HqjO,https://www.tech-week.com/calendar/nyc,Wednesday,Evening,Distilled; Mirage
changed:event_url,JL5du0VlezG8MNoxYZ1S,4906,4906,Pre-Game,Pre-Game,2026-06-02,2026-06-02,09:00:00,09:00:00,SoHo,SoHo,Golden Hour Ventures,Golden Hour Ventures,https://partiful.com/e/JL5du0VlezG8MNoxYZ1S,https://www.tech-week.com/calendar/nyc,Tuesday,Morning,Golden Hour Ventures; Dream Ventures
changed:name|event_url,JOh4G5YjH6PW0756ISsd,5209,5209,Snowflake Café at Verci,Snowflake Cafe at Verci: Leverage AI and Snowflake to Outpace Your Competition,2026-06-04,2026-06-04,09:00:00,09:00:00,Flatiron,Flatiron,Snowflake,Snowflake,https://partiful.com/e/JOh4G5YjH6PW0756ISsd,https://www.tech-week.com/calendar/nyc,Thursday,Morning,Snowflake; Verci
changed:event_url,JPEEcl2tkCTbrJdLhM0K,5419,5419,Ancient Wisdom Meets Modern Fertility: A Sound Bath + Conversation on Cycle Intelligence,Ancient Wisdom Meets Modern Fertility: A Sound Bath + Conversation on Cycle Intelligence,2026-06-02,2026-06-02,14:00:00,14:00:00,Nomad,Nomad,Lotus Fertility,Lotus Fertility,https://partiful.com/e/JPEEcl2tkCTbrJdLhM0K,https://www.tech-week.com/calendar/nyc,Tuesday,Afternoon,Lotus Fertility; The Rewilding Collective
added,JSaitRA2wgRoRy9FP45G,,6568,,Southern Code — Harness Engineering for Founders: How to Ship Real Software with AI,,2026-06-04,,11:00:00,,Central Park,,Southern Code,https://partiful.com/e/JSaitRA2wgRoRy9FP45G,https://www.tech-week.com/calendar/nyc,Thursday,Morning,Southern Code; Consulate General of Argentina in New York
added,JWVWOaAPymS8WRbP2g5T,,117,,FUTURE TITANS LP/GP Movie Night: The Big Short (with Greg Lippmann live commentary),,2026-06-02,,18:00:00,,Midtown,,Rock Yard Ventures,https://partiful.com/e/JWVWOaAPymS8WRbP2g5T,https://www.tech-week.com/calendar/nyc,Tuesday,Evening,Rock Yard Ventures
changed:name,JYpVVnt8arHL8QFFVE4O,5803,5803,SheSuite: Tech Founders + Vibe Coding,SheSuite: AI Operators + Vibe Coding,2026-06-04,2026-06-04,10:00:00,10:00:00,Union Square,Union Square,Sparx Labs,Sparx Labs,https://partiful.com/e/JYpVVnt8arHL8QFFVE4O,https://www.tech-week.com/calendar/nyc,Thursday,Morning,Sparx Labs; Tavia Health
changed:name,JZl9gHlfQ6edJxp2BoCy,127,127,REVENUE ENGINE: DRIVING SALES & DEMAND IN AN AI WORLD,FIN.TECH MARKETING CONFERENCE: DRIVING SALES & DEMAND IN AN AI WORLD,2026-06-03,2026-06-03,09:30:00,09:30:00,Financial District,Financial District,Fin.Tech Marketing Community,Fin.Tech Marketing Community,https://partiful.com/e/JZl9gHlfQ6edJxp2BoCy,https://www.tech-week.com/calendar/nyc,Wednesday,Morning,FinTech Marketing Community
added,Jax5q2nEKzeH7VhmDvS3,,6351,,NY Tech Week: First (Reality) Check,,2026-06-03,,19:00:00,,Tribeca,,For The Firsts,https://partiful.com/e/Jax5q2nEKzeH7VhmDvS3,https://www.tech-week.com/calendar/nyc,Wednesday,Evening,For The Firsts
changed:event_url,JiBs94gNoe1bITFBC2Ie,4783,4783,Investing in Cultural Infrastructure Lunch,Investing in Cultural Infrastructure Lunch,2026-06-02,2026-06-02,12:00:00,12:00:00,Financial District,Financial District,XLAI,XLAI,https://partiful.com/e/JiBs94gNoe1bITFBC2Ie,https://www.tech-week.com/calendar/nyc,Tuesday,Noon,XLAI
changed:name,Jl1DEHZSKYd66t6P0OHA,4832,4832,"Travel, Recharged!",Travel Recharge Mixer!,2026-06-04,2026-06-04,17:30:00,17:30:00,Union Square,Union Square,Nappr,Nappr,https://partiful.com/e/Jl1DEHZSKYd66t6P0OHA,https://www.tech-week.com/calendar/nyc,Thursday,Evening,Nappr; Flex N' Fly
changed:event_url,K5lGeT64lmY0bPqejje4,5801,5801,Bodega and Small Business Innovation Summit - Digitizing the Corner Store,Bodega and Small Business Innovation Summit - Digitizing the Corner Store,2026-06-04,2026-06-04,16:00:00,16:00:00,,,Bodega and Small Business Group,Bodega and Small Business Group,https://partiful.com/e/K5lGeT64lmY0bPqejje4,https://www.tech-week.com/calendar/nyc,Thursday,Afternoon,"Bodega and Small Business Group; Venture Outfitters, Inc. DBA Tech Ranch"
added,K9Ysd4ENZ9lGTRHpR8v9,,6458,,VNTR Investor Roundtable New York,,2026-06-04,,17:30:00,,Midtown,,VNTR,https://partiful.com/e/K9Ysd4ENZ9lGTRHpR8v9,https://www.tech-week.com/calendar/nyc,Thursday,Evening,VNTR
changed:name,KGSXQ79cHkBiKfGSa4J4,94,94,The Future of AI in Biology - Pareto Holdings and,The Future of AI in Biology - Pareto Holdings and #NYTechWeek,2026-06-03,2026-06-03,18:00:00,18:00:00,SoHo,SoHo,Pareto Holdings,Pareto Holdings,https://partiful.com/e/KGSXQ79cHkBiKfGSa4J4,https://www.tech-week.com/calendar/nyc,Wednesday,Evening,Pareto Holdings
added,KIimVVdYB8fjaiE1UdZz,,6577,,Built in NYC: AI Edition,,2026-06-04,,16:00:00,,Flatiron,,Fenwick,https://partiful.com/e/KIimVVdYB8fjaiE1UdZz,https://www.tech-week.com/calendar/nyc,Thursday,Afternoon,Fenwick; Radical Ventures
changed:name,KOpqOgcYvaValKqg0547,5269,5269,Gender HealthTech: The Next Investment Frontier (Pre-Seed Founders and Angel & VC Investors),Gender HealthTech: The Next Investment Frontier (Pre-Seed/Seed Founders & Active Angels/VCs),2026-06-02,2026-06-02,16:00:00,16:00:00,Chelsea,Chelsea,Trans Health HQ,Trans Health HQ,https://partiful.com/e/KOpqOgcYvaValKqg0547,https://www.tech-week.com/calendar/nyc,Tuesday,Afternoon,Trans Health HQ; Visible Hands; VCFamilia
added,KOwyHVmXJ0MHmuKHPRmu,,6522,,Tech:NYC's Decoded Futures Build Day,,2026-06-04,,14:00:00,,Financial District,,Decoded Futures at Tech:NYC,https://partiful.com/e/KOwyHVmXJ0MHmuKHPRmu,https://www.tech-week.com/calendar/nyc,Thursday,Afternoon,Decoded Futures (Tech:NYC)
removed,KRCgLaYukzBfeBmNoQfA,4828,,Demo Day at the CSI Innovation Hub,,2026-06-06,,11:00:00,,Financial District,,CSI Innovation Hub,,https://partiful.com/e/KRCgLaYukzBfeBmNoQfA?c=VHqSTMgR,https://www.tech-week.com/calendar/nyc,Saturday,Morning,CSI Innovation Hub
changed:name,KTWA41kbFNYFFtf6HcG7,5237,5237,AI x The Future of Work,AI x The Future Of Work: Social & Human Capital,2026-06-03,2026-06-03,18:00:00,18:00:00,Upper Manhattan,Upper Manhattan,HuCapital,HuCapital,https://partiful.com/e/KTWA41kbFNYFFtf6HcG7,https://www.tech-week.com/calendar/nyc,Wednesday,Evening,HuCapital
changed:event_url,KbU1aXj8PlE4DHqMi7nL,4394,4394,"Connecting Celebrities, Fans & Brands, Where Influence Meets Impact — Celecart × Watch Her Win at","Connecting Celebrities, Fans & Brands, Where Influence Meets Impact — Celecart × Watch Her Win at",2026-06-05,2026-06-05,15:00:00,15:00:00,Greenwich Village,Greenwich Village,Celecart Inc.,Celecart Inc.,https://partiful.com/e/KbU1aXj8PlE4DHqMi7nL,https://www.tech-week.com/calendar/nyc,Friday,Afternoon,Celecart Inc.; Watch Her Win New York
added,KdjtJu1sSTiUTHrehm2e,,6523,,"Tokenizing the Real Economy: Web3, Regulation and New Market Infrastructure",,2026-06-03,,14:30:00,,Central Park,,Wootic,https://partiful.com/e/KdjtJu1sSTiUTHrehm2e,https://www.tech-week.com/calendar/nyc,Wednesday,Afternoon,Wootic; Consulate General of Argentina in New York; KLW
added,Kgq1v7sDmgY8kfJxmU8E,,6663,,Dual-Use Innovation Exchange,,2026-06-01,,17:00:00,,Midtown,,Campus Deep Tech,https://partiful.com/e/Kgq1v7sDmgY8kfJxmU8E,https://www.tech-week.com/calendar/nyc,Monday,Evening,Campus Deep Tech; Defense Entrepreneurs Forum (DEF)
changed:date|location,Kic8XARGdGTCYCZqd62I,5753,5753,Vibe Space Demo Day and Mixer,Vibe Space Demo Day and Mixer,2026-06-07,2026-06-06,15:00:00,15:00:00,Tribeca,Flatiron,Venture Miner,Venture Miner,https://partiful.com/e/Kic8XARGdGTCYCZqd62I,https://www.tech-week.com/calendar/nyc,Saturday,Afternoon,Venture Miner; Firecrawl; Lazo
changed:event_url,Ku3dnK0jFElueDqn5oba,4038,4038,Women in Tech Leadership Happy Hour/Networking (Invite Only),Women in Tech Leadership Happy Hour/Networking (Invite Only),2026-06-02,2026-06-02,18:30:00,18:30:00,Chelsea,Chelsea,Products by Women,Products by Women,https://partiful.com/e/Ku3dnK0jFElueDqn5oba,https://www.tech-week.com/calendar/nyc,Tuesday,Evening,Products by Women; Geeks & Experts
added,L07TEdnMvXFvon3yhy5f,,6333,,SOLO UNICORN AFTER-PARTY — Tech Week Wrap,,2026-06-06,,19:00:00,,Midtown,,Solo Unicorn Club,https://partiful.com/e/L07TEdnMvXFvon3yhy5f,https://www.tech-week.com/calendar/nyc,Saturday,Evening,Solo Unicorn Club; Manhattan Elite Club
added,L9pbPvwYLTbSngRjJIT4,,6624,,The Doctor Investor Summit,,2026-06-07,,11:30:00,,Midtown,,investDoc,https://partiful.com/e/L9pbPvwYLTbSngRjJIT4,https://www.tech-week.com/calendar/nyc,Sunday,Morning,investDoc
removed,LCaaTKajkBChnpzTJVMr,4074,,NY TECH WEEK AT THE ALTAR,,2026-06-01,,15:00:00,,Flatiron,,The Altar,,https://partiful.com/e/LCaaTKajkBChnpzTJVMr,https://www.tech-week.com/calendar/nyc,Monday,Afternoon,ConciergeMD; The Altar
added,LCvyYaFwldgIhU0yb8cW,,6338,,Tech Week Closing Party by Madeline & Co. + Excelsior Edge Ventures,,2026-06-06,,19:00:00,,SoHo,,Madeline & Co.,https://partiful.com/e/LCvyYaFwldgIhU0yb8cW,https://www.tech-week.com/calendar/nyc,Saturday,Evening,Madeline & Co.; Excelsior Edge Ventures
added,LHa7ajTxQ2ocA6PaKy6j,,6647,,The Venture Studio Playbook,,2026-06-04,,09:00:00,,Flatiron,,Fenwick,https://partiful.com/e/LHa7ajTxQ2ocA6PaKy6j,https://www.tech-week.com/calendar/nyc,Thursday,Morning,Fenwick
changed:time,LLiCxUejAn5y5prqxhg2,4623,4623,Female Founder Pitch Day! +networking,Female Founder Pitch Day! +networking,2026-06-04,2026-06-04,16:00:00,14:00:00,Midtown,Midtown,Fierce Foundry,Fierce Foundry,https://partiful.com/e/LLiCxUejAn5y5prqxhg2,https://www.tech-week.com/calendar/nyc,Thursday,Afternoon,Fierce Foundry; Perkins Coie
removed,LRKo0DyGl5PCR5nECZ7S,164,,AI x Construction Panel,,2026-06-02,,15:00:00,,SoHo,,Blueprints AI,,https://partiful.com/e/LRKo0DyGl5PCR5nECZ7S,https://www.tech-week.com/calendar/nyc,Tuesday,Afternoon,Blueprints AI
added,LSj9Pfuz86SEiUvjvtNt,,6537,,Servipro the future of On Demand Services,,2026-06-01,,14:30:00,,Central Park,,Servipro,https://partiful.com/e/LSj9Pfuz86SEiUvjvtNt,https://www.tech-week.com/calendar/nyc,Monday,Afternoon,Servipro; Consulate General of Argentina in New York
added,LfcdIfXJm6zJ4eEI2RaJ,,6601,,Coffee & Walk: Turning Deep Tech IP into Ventures,,2026-06-04,,08:00:00,,Central Park,,Koc University,https://partiful.com/e/LfcdIfXJm6zJ4eEI2RaJ,https://www.tech-week.com/calendar/nyc,Thursday,Morning,Koc University
added,M066UywP0GahJpN3RtDM,,5097,,Too Young to Lead? How to Win in Tech Anyway,,2026-06-05,,14:00:00,,Midtown,,Smadlytics Inc,https://partiful.com/e/M066UywP0GahJpN3RtDM,https://www.tech-week.com/calendar/nyc,Friday,Afternoon,Smadlytics Inc
changed:event_url,M0IcRybbcOWR9tbpmutm,4037,4037,Fitness For Founders: The TAY Way Pro Day,Fitness For Founders: The TAY Way Pro Day,2026-06-06,2026-06-06,09:00:00,09:00:00,Midtown,Midtown,TAY Fitness,TAY Fitness,https://partiful.com/e/M0IcRybbcOWR9tbpmutm,https://www.tech-week.com/calendar/nyc,Saturday,Morning,TAY Fitness; Technology Founders of America
changed:event_url,M0kczMvabHZ7JY00zfwA,4553,4553,Plus-One Party™: Founders & Funders Edition,Plus-One Party™: Founders & Funders Edition,2026-06-02,2026-06-02,19:00:00,19:00:00,SoHo,SoHo,MongoDB,MongoDB,https://partiful.com/e/M0kczMvabHZ7JY00zfwA,https://www.tech-week.com/calendar/nyc,Tuesday,Evening,MongoDB; Met Through Friends
changed:event_url,M22GC4aLfY3Rf3wS80SR,5721,5721,The Future of Tech & Talent in NYC: A New Hub for Startups | Panel & Cocktail Reception,The Future of Tech & Talent in NYC: A New Hub for Startups | Panel & Cocktail Reception,2026-06-04,2026-06-04,16:15:00,16:15:00,Flatiron,Flatiron,IBM,IBM,https://partiful.com/e/M22GC4aLfY3Rf3wS80SR,https://www.tech-week.com/calendar/nyc,Thursday,Afternoon,IBM; Tech:NYC; Comcast Ventures
changed:time,M3xlfwQ93o3IjcGUAkIQ,123,123,Founders & Funders: VC Reverse Pitch,Founders & Funders: VC Reverse Pitch,2026-06-02,2026-06-02,18:00:00,17:00:00,Midtown,Midtown,Founders N' Funders,Founders N' Funders,https://partiful.com/e/M3xlfwQ93o3IjcGUAkIQ,https://www.tech-week.com/calendar/nyc,Tuesday,Evening,Founders N’ Funders; Atlassian
changed:time,M7TEr1UmiL341A0iFk7Q,4143,4143,The Hidden Currency of Healthcare Leadership in the AI Era,The Hidden Currency of Healthcare Leadership in the AI Era,2026-06-05,2026-06-05,11:00:00,14:00:00,Tribeca,Tribeca,Virre,Virre,https://partiful.com/e/M7TEr1UmiL341A0iFk7Q,https://www.tech-week.com/calendar/nyc,Friday,Afternoon,Virre
added,M9CYO508xMYhTkW9mphO,,6279,,ADHD & Startup Life,,2026-06-04,,18:00:00,,SoHo,,M13,https://partiful.com/e/M9CYO508xMYhTkW9mphO,https://www.tech-week.com/calendar/nyc,Thursday,Evening,M13; Rho
added,MGw5Ckm5L452QnaezIkR,,6362,,The Case for Open Generative Media: Bria X fal X LTX,,2026-06-04,,17:00:00,,Chelsea,,Bria,https://partiful.com/e/MGw5Ckm5L452QnaezIkR,https://www.tech-week.com/calendar/nyc,Thursday,Evening,Bria; fal; LTX
removed,MOOeASMh0NNfJNE1Dlsa,259,,West Village Pizza Crawl: NY Tech Week Edition,,2026-06-07,,17:00:00,,West Village,,localhost:nyc,,https://partiful.com/e/MOOeASMh0NNfJNE1Dlsa,https://www.tech-week.com/calendar/nyc,Sunday,Evening,localhost:nyc
changed:event_url,MPI0obsZsnEvkyHZ81mm,4052,4052,Tech Week Takeoff: Hosted by Nimbus Aerospace,Tech Week Takeoff: Hosted by Nimbus Aerospace,2026-06-02,2026-06-02,16:00:00,16:00:00,Upper Manhattan,Upper Manhattan,Nimbus Aerospace,Nimbus Aerospace,https://partiful.com/e/MPI0obsZsnEvkyHZ81mm,https://www.tech-week.com/calendar/nyc,Tuesday,Afternoon,Nimbus Aerospace
added,MQvS9RrcXl6HcAEzfzhg,,6493,,"The builder’s table: AI finance leaders lunch with Vayu, Base44 & PwC",,2026-06-01,,14:30:00,,Midtown,,PwC,https://partiful.com/e/MQvS9RrcXl6HcAEzfzhg,https://www.tech-week.com/calendar/nyc,Monday,Afternoon,PwC; Vayu; Base44
changed:name,MS799jnbmEb4W8981dii,6359,6359,Women Who Code Summit,Women Who Code Summit - #New York TechWeek,2026-06-02,2026-06-02,09:00:00,09:00:00,Financial District,Financial District,Women Who Code,Women Who Code,https://partiful.com/e/MS799jnbmEb4W8981dii,https://www.tech-week.com/calendar/nyc,Tuesday,Morning,Women Who Code
added,MWGk8lDzyyBUFWW7Cv2f,,6622,,MLH Accelerate - AI hackathon for founders,,2026-06-02,,13:00:00,,Flatiron,,Major League Hacking,https://partiful.com/e/MWGk8lDzyyBUFWW7Cv2f,https://www.tech-week.com/calendar/nyc,Tuesday,Afternoon,Major League Hacking
removed,MYIMRXEDdObGOyBaCpeK,6260,,Intuit Mailchimp Dev Happy Hour,,2026-06-04,,18:00:00,,Meatpacking District,,Intuit Mailchimp,,https://partiful.com/e/MYIMRXEDdObGOyBaCpeK,https://www.tech-week.com/calendar/nyc,Thursday,Evening,Intuit Mailchimp
added,MYjkIWX4pyKfwaKYp0PN,,6484,,What’s Actually Working in EdTech Right Now,,2026-06-05,,18:30:00,,Upper Manhattan,,Eduwave AI,https://partiful.com/e/MYjkIWX4pyKfwaKYp0PN,https://www.tech-week.com/calendar/nyc,Friday,Evening,Eduwave AI; TransferX
changed:event_url,MiOQHxdejDBQkwhrPEZF,5081,5081,CVC and Founder RFLP (Request for Lunch and Product),CVC and Founder RFLP (Request for Lunch and Product),2026-06-02,2026-06-02,12:00:00,12:00:00,Nomad,Nomad,Generous Ventures,Generous Ventures,https://partiful.com/e/MiOQHxdejDBQkwhrPEZF,https://www.tech-week.com/calendar/nyc,Tuesday,Noon,Generous Ventures
added,MkFFhfLec1pWUceNGwmu,,6640,,Connection Hike presented by HubSpot for Startups,,2026-06-03,,09:00:00,,Central Park,,HubSpot,https://partiful.com/e/MkFFhfLec1pWUceNGwmu,https://www.tech-week.com/calendar/nyc,Wednesday,Morning,HubSpot; Business Outside
changed:event_url,MkbepF7zY8oKuzIMECtC,4548,4548,Tomato Tomato Party @ Ambrook,Tomato Tomato Party @ Ambrook,2026-06-04,2026-06-04,18:00:00,18:00:00,SoHo,SoHo,Ambrook,Ambrook,https://partiful.com/e/MkbepF7zY8oKuzIMECtC,https://www.tech-week.com/calendar/nyc,Thursday,Evening,Ambrook
changed:event_url,MmoaaHh8DQi0Upn3y27E,4905,4905,Founder Bites: Legal Edition,Founder Bites: Legal Edition,2026-06-03,2026-06-03,09:00:00,09:00:00,Midtown,Midtown,Draper House Americas,Draper House Americas,https://partiful.com/e/MmoaaHh8DQi0Upn3y27E,https://www.tech-week.com/calendar/nyc,Wednesday,Morning,Draper House Americas; Morrison Foerster
added,MqjofFn5eLPZywUqKfdQ,,6292,,Venture Point Legal Office Hours and Happy Hours,,2026-06-01,,15:00:00,,SoHo,,Venture Point Legal,https://partiful.com/e/MqjofFn5eLPZywUqKfdQ,https://www.tech-week.com/calendar/nyc,Monday,Afternoon,Venture Point Legal
added,Mwy9DqLWKajBik1wulVn,,4049,,The Beauty of Infrastructure: Redesigning the Guest and Resident Experience,,2026-06-01,,17:00:00,,Union Square,,Triple Eight Creative,https://partiful.com/e/Mwy9DqLWKajBik1wulVn,https://www.tech-week.com/calendar/nyc,Monday,Evening,Triple Eight Creative
changed:name,N0eqFpTuPdUZKPjJAhqj,6291,6291,RE:WEALTH,RE:WEALTH #NYCTECH WEEK,2026-06-04,2026-06-04,16:00:00,16:00:00,Chelsea,Chelsea,Sanctum Foundation,Sanctum Foundation,https://partiful.com/e/N0eqFpTuPdUZKPjJAhqj,https://www.tech-week.com/calendar/nyc,Thursday,Afternoon,Sanctum Foundation
added,N5MNmuL6UAxVrfURtxc8,,5959,,FoundersBoost NYC Demo Day,,2026-06-02,,16:45:00,,Midtown,,FoundersBoost,https://partiful.com/e/N5MNmuL6UAxVrfURtxc8,https://www.tech-week.com/calendar/nyc,Tuesday,Afternoon,FoundersBoost
added,N7RkEZo76K7Y1nHa2Mpu,,6160,,The Digital Twin Experience: Powered by HeyGen,,2026-06-01,,16:00:00,,SoHo,,Avantgarde Communications,https://partiful.com/e/N7RkEZo76K7Y1nHa2Mpu,https://www.tech-week.com/calendar/nyc,Monday,Afternoon,Avantgarde Communications
added,NCgg6DTFr0Gf4WYiUwJD,,4590,,The Living Space,,2026-06-01,,17:00:00,,Central Park,,Lazo Fintech Inc,https://partiful.com/e/NCgg6DTFr0Gf4WYiUwJD,https://www.tech-week.com/calendar/nyc,Monday,Evening,Lazo Fintech Inc
added,NCyCpVKFHXfdVuODhP90,,5716,,Shark Tank: Unethical Hackathon & Pitch Competition,,2026-06-02,,17:30:00,,Lower East Side,,MAANG,https://partiful.com/e/NCyCpVKFHXfdVuODhP90,https://www.tech-week.com/calendar/nyc,Tuesday,Evening,MAANG
added,NEACQLRcBvDYbv4ERCaW,,6598,,Seraphim SpaceTech Drinks,,2026-06-02,,16:30:00,,Midtown,,Seraphim Space,https://partiful.com/e/NEACQLRcBvDYbv4ERCaW,https://www.tech-week.com/calendar/nyc,Tuesday,Afternoon,Seraphim Space; Crowell & Moring
changed:event_url,NGgfzMriEK2HgnbSsvzs,5926,5926,What if healthcare moved as fast as everything else?,What if healthcare moved as fast as everything else?,2026-06-01,2026-06-01,18:00:00,18:00:00,Flatiron,Flatiron,Willow Health,Willow Health,https://partiful.com/e/NGgfzMriEK2HgnbSsvzs,https://www.tech-week.com/calendar/nyc,Monday,Evening,Willow Health
changed:event_url,NJNZyUqjxcUsyY9CYu1z,4395,4395,Building at the Top: Leadership Lessons from Female Leaders in Tech,Building at the Top: Leadership Lessons from Female Leaders in Tech,2026-06-02,2026-06-02,18:00:00,18:00:00,Brooklyn,Brooklyn,Topline Pro,Topline Pro,https://partiful.com/e/NJNZyUqjxcUsyY9CYu1z,https://www.tech-week.com/calendar/nyc,Tuesday,Evening,Topline Pro
changed:name|time|location,NSLiWDiJVzPWl0DyQcDU,4718,4718,AI-Native Services: Why SaaS is Dead,AI-Native Services: Founders Panel,2026-06-05,2026-06-05,17:00:00,12:00:00,Midtown,Hudson Yards,Elysian,Elysian,https://partiful.com/e/NSLiWDiJVzPWl0DyQcDU,https://www.tech-week.com/calendar/nyc,Friday,Noon,Elysian; BCG; Portage Ventures
changed:event_url,NViHHNrgfBvxzJchdcqP,4401,4401,The Internet of Building Things,The Internet of Building Things,2026-06-02,2026-06-02,17:00:00,17:00:00,Brooklyn,Brooklyn,MistyWest,MistyWest,https://partiful.com/e/NViHHNrgfBvxzJchdcqP,https://www.tech-week.com/calendar/nyc,Tuesday,Evening,MistyWest
changed:event_url,NliTjJnlzHdCsjcx3JFS,4819,4819,Above Fridays at PhD lounge by Stephen Michael Never Look Back,Above Fridays at PhD lounge by Stephen Michael Never Look Back,2026-06-05,2026-06-05,21:00:00,21:00:00,Chelsea,Chelsea,Propel Earth,Propel Earth,https://partiful.com/e/NliTjJnlzHdCsjcx3JFS,https://www.tech-week.com/calendar/nyc,Friday,Evening,Propel Earth
added,NoKxyoAj7jUITuEXT448,,6625,,Why Are Women Spending $100K+ on IVF Without Real Answers?,,2026-06-02,,17:30:00,,Flatiron,,VitalHelix,https://partiful.com/e/NoKxyoAj7jUITuEXT448,https://www.tech-week.com/calendar/nyc,Tuesday,Evening,VitalHelix
changed:name,Ns37lYVhz9dp10iFZURH,6389,6389,The Bridge Ecosystem Forum: A Panel on Public-Private Collaborations by Quay and Brown Rudnick - #NYTechWeek,The Bridge Ecosystem Forum: A Panel on Public-Private Collaborations by QUAY and Brown Rudnick,2026-06-01,2026-06-01,15:00:00,15:00:00,Midtown,Midtown,QUAY Acceleration,QUAY Acceleration,https://partiful.com/e/Ns37lYVhz9dp10iFZURH,https://www.tech-week.com/calendar/nyc,Monday,Afternoon,QUAY Acceleration; Brown Rudnick
changed:name|event_url,NsKvGW4mUmItETWlK3v4,4640,4640,Beyond the Terminal: Building AI in the Real World,Beyond the Terminal: Building AI for the Real World,2026-06-04,2026-06-04,10:00:00,10:00:00,SoHo,SoHo,AIN Ventures,AIN Ventures,https://partiful.com/e/NsKvGW4mUmItETWlK3v4,https://www.tech-week.com/calendar/nyc,Thursday,Morning,AIN Ventures; Differential Ventures
changed:event_url,Nz0QBVpUivKQKpzIs7Xl,5701,5701,Diasporic Impact Tech: Revitalizing Millenary Solutions to Redefine How We Live and Interact,Diasporic Impact Tech: Revitalizing Millenary Solutions to Redefine How We Live and Interact,2026-06-05,2026-06-05,13:00:00,13:00:00,Virtual (NYC),Virtual (NYC),GLOBAL PORTAL INSTITUTE,GLOBAL PORTAL INSTITUTE,https://partiful.com/e/Nz0QBVpUivKQKpzIs7Xl,https://www.tech-week.com/calendar/nyc,Friday,Afternoon,GLOBAL PORTAL INSTITUTE; THE PORT GLOBAL
added,O53OgLYjmATsfG8LtciO,,6658,,Founders Run & Coffee!,,2026-06-02,,07:00:00,,West Village,,Founder House,https://partiful.com/e/O53OgLYjmATsfG8LtciO,https://www.tech-week.com/calendar/nyc,Tuesday,Morning,Founder House
changed:name,O9JiMBw5xJlUGJtsYtrt,5636,5636,Self-Improving Agent Swarms with Weights & Biases,Autonomously Improving Agent Swarms with Weights & Biases,2026-06-04,2026-06-04,13:00:00,13:00:00,Midtown,Midtown,CoreWeave,CoreWeave,https://partiful.com/e/O9JiMBw5xJlUGJtsYtrt,https://www.tech-week.com/calendar/nyc,Thursday,Afternoon,CoreWeave
changed:time|event_url,OAnyZlPESteKmm6ypzfC,264,264,Right To Invest - Opening Night,Right To Invest - Opening Night,2026-06-01,2026-06-01,19:00:00,18:30:00,Flatiron,Flatiron,Right To Invest,Right To Invest,https://partiful.com/e/OAnyZlPESteKmm6ypzfC,https://www.tech-week.com/calendar/nyc,Monday,Evening,Right To Invest; Pier
added,OCYHq1Lc3wZVhQDp6Xo7,,5505,,"The Future of Relocation: AI, Fintech & Logistics Converging",,2026-06-07,,10:00:00,,Brooklyn,,MoveSwitcher Inc,https://partiful.com/e/OCYHq1Lc3wZVhQDp6Xo7,https://www.tech-week.com/calendar/nyc,Sunday,Morning,MoveSwitcher Inc
changed:event_url,OF1vP5L8dtXKRtInyWKs,5978,5978,Open Source Must Win,Open Source Must Win,2026-06-01,2026-06-01,18:00:00,18:00:00,Lower East Side,Lower East Side,OPEN SOURCE WEEK,OPEN SOURCE WEEK,https://partiful.com/e/OF1vP5L8dtXKRtInyWKs,https://www.tech-week.com/calendar/nyc,Monday,Evening,OPEN SOURCE WEEK
changed:event_url,ONYSrk9bi7nfpjTjY48B,5310,5310,vibeFORWARD: M-2,vibeFORWARD: M-2,2026-06-07,2026-06-07,09:30:00,09:30:00,SoHo,SoHo,Individual,Individual,https://partiful.com/e/ONYSrk9bi7nfpjTjY48B,https://www.tech-week.com/calendar/nyc,Sunday,Morning,Individual
changed:event_url,OQcXidQ0QEKhEdW61f49,5508,5509,Mercury Vinyl House,Mercury Vinyl House,2026-06-01,2026-06-01,09:00:00,09:00:00,SoHo,SoHo,Mercury,Mercury,https://partiful.com/e/OQcXidQ0QEKhEdW61f49,https://www.tech-week.com/calendar/nyc,Monday,Morning,Mercury
removed,OUxJyD6iKq9FxninwLD5,4387,,Voice Ai Builders & Billiards,,2026-06-05,,19:00:00,,Korea Town,,Bespoken AI,,https://partiful.com/e/OUxJyD6iKq9FxninwLD5,https://www.tech-week.com/calendar/nyc,Friday,Evening,Bespoken AI
changed:event_url,OaMuPHbkv4A3c4MJxwW5,5454,5454,Bring Your Own Data (BYOD): A Creative Tech Potluck,Bring Your Own Data (BYOD): A Creative Tech Potluck,2026-06-06,2026-06-06,09:45:00,09:45:00,Brooklyn,Brooklyn,Black Interactive,Black Interactive,https://partiful.com/e/OaMuPHbkv4A3c4MJxwW5,https://www.tech-week.com/calendar/nyc,Saturday,Morning,Black Interactive
removed,OdDnHQyO4lxgDn7HX2DX,4767,,LHCollab Cocktail Party,,2026-06-04,,18:00:00,,Tribeca,,Lighthouse Creative,,https://partiful.com/e/OdDnHQyO4lxgDn7HX2DX,https://www.tech-week.com/calendar/nyc,Thursday,Evening,lighthouse creative
changed:event_url,OeZ0CvpvEpvi9lrEYIeb,5887,5887,AI builders night,AI builders night,2026-06-03,2026-06-03,18:00:00,18:00:00,East Village,East Village,Braintrust,Braintrust,https://partiful.com/e/OeZ0CvpvEpvi9lrEYIeb,https://www.tech-week.com/calendar/nyc,Wednesday,Evening,Braintrust; Baseten; promptql
added,OfP2nxPWBMWMn6RgXVP1,,6615,,Answer Engine Hour: Where Marketing Meets AI Search,,2026-06-04,,19:00:00,,SoHo,,Petra Labs,https://partiful.com/e/OfP2nxPWBMWMn6RgXVP1,https://www.tech-week.com/calendar/nyc,Thursday,Evening,Petra Labs
changed:date|time,Og0CTUlzSGBsf3ihsH0G,5347,5347,Melbourne to Manhattan: Powering the Digital Future,Melbourne to Manhattan: Powering the Digital Future,2026-06-02,2026-06-01,19:00:00,16:00:00,Midtown,Midtown,"State Government of Victoria, Australia","State Government of Victoria, Australia",https://partiful.com/e/Og0CTUlzSGBsf3ihsH0G,https://www.tech-week.com/calendar/nyc,Monday,Afternoon,"State Government of Victoria, Australia; American Australian Association"
added,OgCPKZ96zrT1tzIiP5YL,,6580,,Unstoppable Entrepreneurs: Argentine Founders in NYC,,2026-06-05,,09:15:00,,Midtown,,Consulate General of Argentina in New York,https://partiful.com/e/OgCPKZ96zrT1tzIiP5YL,https://www.tech-week.com/calendar/nyc,Friday,Morning,Consulate General of Argentina in New York
added,OhUsbOxXZolx8sPIhXZy,,5875,,Tech Adda at NYC Tech Week,,2026-06-03,,18:00:00,,Queens,,SJ Innovation,https://partiful.com/e/OhUsbOxXZolx8sPIhXZy,https://www.tech-week.com/calendar/nyc,Wednesday,Evening,SJ Innovation
changed:event_url,OiFkcaWT26YBs7Hr5dtL,5405,5405,Run Tech Club | Signal Run x Wildwood Ventures,Run Tech Club | Signal Run x Wildwood Ventures,2026-06-05,2026-06-05,07:30:00,07:30:00,Tribeca,Tribeca,Run Tech Club,Run Tech Club,https://partiful.com/e/OiFkcaWT26YBs7Hr5dtL,https://www.tech-week.com/calendar/nyc,Friday,Morning,Run Tech Club; Wildwood Ventures
added,Ol2qfN9cV1M4bsImhMJy,,6273,,Founders House - Launch,,2026-06-01,,06:30:00,,Midtown,,Founder,https://partiful.com/e/Ol2qfN9cV1M4bsImhMJy,https://www.tech-week.com/calendar/nyc,Monday,Morning,Founder
added,Olyu7D14YnCyJUUWTdbo,,6385,,Vibe Code & Sip: Presented By Vibe Connect & Zo Computer,,2026-06-04,,18:00:00,,Brooklyn,,Vibe Connect,https://partiful.com/e/Olyu7D14YnCyJUUWTdbo,https://www.tech-week.com/calendar/nyc,Thursday,Evening,Vibe Connect; Zo Computer
removed,P2eaQvG2PBOnTO2qUSix,4117,,Connected Wellness and Fitness: How to Succeed,,2026-06-02,,16:00:00,,Flatiron,,Vital Element Inc,,https://partiful.com/e/P2eaQvG2PBOnTO2qUSix,https://www.tech-week.com/calendar/nyc,Tuesday,Afternoon,Vital Element Inc; Stone.So
added,P3HsW6ZPOohypJDFUyt9,,5129,,From Pitch to Check: Preparing for Your Seed Raise,,2026-06-03,,17:30:00,,Midtown,,Brown Girl Angels,https://partiful.com/e/P3HsW6ZPOohypJDFUyt9,https://www.tech-week.com/calendar/nyc,Wednesday,Evening,Brown Girl Angels; NineF Angels
changed:event_url,P3vW41fYoKxlPihzQGFI,5448,5448,Careers of the Future: AI Career Development Day,Careers of the Future: AI Career Development Day,2026-06-05,2026-06-05,15:00:00,15:00:00,Union Square,Union Square,Black Women Talk Tech,Black Women Talk Tech,https://partiful.com/e/P3vW41fYoKxlPihzQGFI,https://www.tech-week.com/calendar/nyc,Friday,Afternoon,Black Women Talk Tech; AcceleratorCON
changed:event_url,PAj0yD76njrxg5Mbyj7V,5404,5404,Entrepreneurs Run - 5 km,Entrepreneurs Run - 5 km,2026-06-04,2026-06-04,08:30:00,08:30:00,Central Park,Central Park,LatentWorlds AI,LatentWorlds AI,https://partiful.com/e/PAj0yD76njrxg5Mbyj7V,https://www.tech-week.com/calendar/nyc,Thursday,Morning,LatentWorlds AI
added,PGgsiNcwPvVS7VW92mZM,,4530,,True Confessions:AI Hype & Fundraising,,2026-06-01,,19:00:00,,SoHo,,Flywheel Strategy,https://partiful.com/e/PGgsiNcwPvVS7VW92mZM,https://www.tech-week.com/calendar/nyc,Monday,Evening,Flywheel Strategy; Tech/ish
added,PJ3ecgvPoBAZfR6McnkS,,6764,,"Synth: The Network for Artists, Venues & Creators",,2026-06-03,,17:30:00,,Lower East Side,,Synth,https://partiful.com/e/PJ3ecgvPoBAZfR6McnkS,https://www.tech-week.com/calendar/nyc,Wednesday,Evening,Synth
changed:event_url,PJAnIbUBwQNC4wGsGaBq,4418,4418,"How Founders Hire, Lead & Scale Without Burnout","How Founders Hire, Lead & Scale Without Burnout",2026-06-04,2026-06-04,12:30:00,12:30:00,Virtual (NYC),Virtual (NYC),GroundedForward,GroundedForward,https://partiful.com/e/PJAnIbUBwQNC4wGsGaBq,https://www.tech-week.com/calendar/nyc,Thursday,Noon,GroundedForward
changed:name|event_url,PdiozfxUMSvzekP4cU32,5822,5822,Kedrion X InstaLILY AI and Innovation Summit,Kedrion X InstaLILY Rare Connections: Healthcare AI Innovation Summit,2026-06-03,2026-06-03,13:00:00,13:00:00,SoHo,SoHo,InstaLILY AI,InstaLILY AI,https://partiful.com/e/PdiozfxUMSvzekP4cU32,https://www.tech-week.com/calendar/nyc,Wednesday,Afternoon,InstaLILY AI; Kedrion Biopharma
changed:time|event_url,PgC9007xbQZuIyeFn7bv,4760,4760,Calm-pliance Cafe,Calm-pliance Cafe,2026-06-02,2026-06-02,10:00:00,08:30:00,Flatiron,Flatiron,Vanta,Vanta,https://partiful.com/e/PgC9007xbQZuIyeFn7bv,https://www.tech-week.com/calendar/nyc,Tuesday,Morning,Vanta
added,PhqnW15PCQAdoENB6aNl,,6594,,"Founders, Investors & Builders — An Intimate NYC Cocktail Evening",,2026-06-04,,19:00:00,,Union Square,,DDC Enterprise,https://partiful.com/e/PhqnW15PCQAdoENB6aNl,https://www.tech-week.com/calendar/nyc,Thursday,Evening,DDC Enterprise; Alphataraxia
added,PkSJvLVvmR0oviZ0C0IT,,6390,,THE INTELLIGENT ATELIER,,2026-06-03,,18:00:00,,Midtown,,99 yards,https://partiful.com/e/PkSJvLVvmR0oviZ0C0IT,https://www.tech-week.com/calendar/nyc,Wednesday,Evening,99 yards; Digital Fashion week
added,Pr0PZvKKGZ49kG8jr8XV,,6315,,The Non-Engineer's AI Playbook — MuleRun,,2026-06-03,,14:00:00,,Upper Manhattan,,The Non-Engineer's AI Playbook — MuleRun Product Day- #NYC TechWeek,https://partiful.com/e/Pr0PZvKKGZ49kG8jr8XV,https://www.tech-week.com/calendar/nyc,Wednesday,Afternoon,The Non-Engineer's AI Playbook — MuleRun Product Day- #NYC TechWeek
added,Ps8FoK7Ed1LAS9qYAQXV,,5031,,Getting To Product-Market Fit Panel,,2026-06-03,,12:00:00,,Financial District,,Mucker Capital,https://partiful.com/e/Ps8FoK7Ed1LAS9qYAQXV,https://www.tech-week.com/calendar/nyc,Wednesday,Noon,Mucker Capital
added,Pz1qDVbobxHDNZAqrk8I,,6078,,A Conversation on Irish Ambition,,2026-06-03,,17:30:00,,Midtown,,Green Room,https://partiful.com/e/Pz1qDVbobxHDNZAqrk8I,https://www.tech-week.com/calendar/nyc,Wednesday,Evening,Green Room
removed,Q2PgxaeZeBjXNU2XuNxh,5877,,AI in the Trades - Happy Hour with ServiceTitan,,2026-06-03,,17:30:00,,Flatiron,,ServiceTitan,,https://partiful.com/e/Q2PgxaeZeBjXNU2XuNxh?c=BDR_T66I,https://www.tech-week.com/calendar/nyc,Wednesday,Evening,ServiceTitan
changed:name,QFh0wlbI4noTRw7AsP5S,4323,4323,Scale Beirut '26: Where Capital Meets Impact,Scale Beirut ' 26: Where Capital meets Impact,2026-06-02,2026-06-02,18:00:00,18:00:00,Flatiron,Flatiron,American University of Beirut,American University of Beirut,https://partiful.com/e/QFh0wlbI4noTRw7AsP5S,https://www.tech-week.com/calendar/nyc,Tuesday,Evening,American University of Beirut; Impersonas
changed:name,QGjkHFaKUj5Ozzx7pcAm,4499,4499,Out of the Darkness: AI and the Future of Video,FROM DARKNESS TO ENLIGHTENMENT: AI & THE FUTURE OF VIDEO,2026-06-04,2026-06-04,18:00:00,18:00:00,Midtown,Midtown,TwelveLabs,TwelveLabs,https://partiful.com/e/QGjkHFaKUj5Ozzx7pcAm,https://www.tech-week.com/calendar/nyc,Thursday,Evening,ElevenLabs
changed:name|date|time|event_url,QKl9xqtTykyORMM50ifg,100,100,Under-20 Showcase : Demo Day x AI Prompt Battle x Wellbeing Lab,Young Innovators Showcase : Demo Day x AI Prompt Battle x Wellbeing Lab,2026-06-06,2026-06-01,11:00:00,12:00:00,Upper Manhattan,Upper Manhattan,The Kijana Company,The Kijana Company,https://partiful.com/e/QKl9xqtTykyORMM50ifg,https://www.tech-week.com/calendar/nyc,Monday,Noon,The Kijana Company
added,QMtFhbrAzUpHSHdfBM8O,,6638,,Creators x Marketers Margarita Mixer,,2026-06-04,,17:00:00,,Chelsea,,Smooth Media,https://partiful.com/e/QMtFhbrAzUpHSHdfBM8O,https://www.tech-week.com/calendar/nyc,Thursday,Evening,Smooth Media
changed:event_url,QUnG1qTMwyGP9hkg8MYP,5755,5755,Walk and Talk Tech in Central Park,Walk and Talk Tech in Central Park,2026-06-06,2026-06-06,10:30:00,10:30:00,Central Park,Central Park,Fish & Richardson P.C.,Fish & Richardson P.C.,https://partiful.com/e/QUnG1qTMwyGP9hkg8MYP,https://www.tech-week.com/calendar/nyc,Saturday,Morning,Fish & Richardson P.C.
added,QV0Ih8gphWIUgE3CjvyH,,6562,,"Investing in AI in 2026: For VCs, family offices, angels",,2026-06-04,,18:00:00,,Tribeca,,Good Investor Club,https://partiful.com/e/QV0Ih8gphWIUgE3CjvyH,https://www.tech-week.com/calendar/nyc,Thursday,Evening,Good Investor Club
added,QV9Nll6J0cO4WSUDjgZX,,6617,,Be Our Guest: Podcast Live Recording,,2026-06-03,,10:00:00,,Flatiron,,Mikhail Agency,https://partiful.com/e/QV9Nll6J0cO4WSUDjgZX,https://www.tech-week.com/calendar/nyc,Wednesday,Morning,Mikhail Agency
removed,QYQ2cWFAvwE9QFuqSDca,6283,,Hot Swap NYC - Keyboard Building with Anterior,,2026-06-03,,17:30:00,,Midtown,,Anterior,,https://partiful.com/e/QYQ2cWFAvwE9QFuqSDca,https://www.tech-week.com/calendar/nyc,Wednesday,Evening,Anterior
added,QaK3xX2vL5vLlQ2V9C5y,,6330,,"AI in Heavily Regulated, High-Stakes Industries: HealthTech & FinTech",,2026-06-02,,18:30:00,,Nomad,,Orquezta,https://partiful.com/e/QaK3xX2vL5vLlQ2V9C5y,https://www.tech-week.com/calendar/nyc,Tuesday,Evening,Orquezta; Theonix
changed:time|event_url,Qe0yJoqr1sgMYukouF73,4398,4398,Secondary is Primary Panel & Happy Hour,Secondary is Primary Panel & Happy Hour,2026-06-04,2026-06-04,15:15:00,14:00:00,SoHo,SoHo,Manhattan Venture Partners,Manhattan Venture Partners,https://partiful.com/e/Qe0yJoqr1sgMYukouF73,https://www.tech-week.com/calendar/nyc,Thursday,Afternoon,Manhattan Venture Partners
added,Qmtu47YtTIxUJ7JGzPSP,,6520,,Vercel's AI Cafe,,2026-06-02,,09:00:00,,Flatiron,,Vercel,https://partiful.com/e/Qmtu47YtTIxUJ7JGzPSP,https://www.tech-week.com/calendar/nyc,Tuesday,Morning,Vercel
changed:event_url,Qrdae742d6FOxQj1HGhT,4079,4079,DESIGNERS OFFLINE,DESIGNERS OFFLINE,2026-06-05,2026-06-05,15:00:00,15:00:00,Midtown,Midtown,Designers Offline,Designers Offline,https://partiful.com/e/Qrdae742d6FOxQj1HGhT,https://www.tech-week.com/calendar/nyc,Friday,Afternoon,Designers Offline; Designers & Coffee
changed:date|location,R7LqowC06vTdkNjyGJQT,4448,4448,"Fast Growth, Real Pressure: Leading AI-Driven Organizations from fragmentation to alignment","Fast Growth, Real Pressure: Leading AI-Driven Organizations from fragmentation to alignment",2026-06-02,2026-06-03,10:00:00,10:00:00,Financial District,Nomad,VERITAS QUEST,VERITAS QUEST,https://partiful.com/e/R7LqowC06vTdkNjyGJQT,https://www.tech-week.com/calendar/nyc,Wednesday,Morning,VERITAS QUEST; Cure
added,R8Rwkvu3bxUPIePXp55D,,5183,,K-Beauty 2.0: Shed Light on Biotech & AI & Pop Up,,2026-06-03,,12:00:00,,Long Island,,Enthera Bio,https://partiful.com/e/R8Rwkvu3bxUPIePXp55D,https://www.tech-week.com/calendar/nyc,Wednesday,Noon,Enthera Bio
changed:date|time,R9L7G8gn58zhSRtBncv7,5427,5427,From unicorn to public: Executive forum on IPO readiness,From unicorn to public: Executive forum on IPO readiness,2026-06-03,2026-06-04,14:30:00,08:00:00,Financial District,Financial District,PwC,PwC,https://partiful.com/e/R9L7G8gn58zhSRtBncv7,https://www.tech-week.com/calendar/nyc,Thursday,Morning,PwC; NYSE
changed:name|event_url,RGI2tEzGuQvm6VycoJ96,4245,4245,C10 Labs x Global AI Lab — From Lab to Launch,C10 Labs x Global AI Lab X NYCEDC — From Lab to Launch - (In Brooklyn),2026-06-02,2026-06-02,16:00:00,16:00:00,Brooklyn,Brooklyn,C10 Labs,C10 Labs,https://partiful.com/e/RGI2tEzGuQvm6VycoJ96,https://www.tech-week.com/calendar/nyc,Tuesday,Afternoon,C10 Labs; Global AI Frontier Lab @ NYU
changed:event_url,RJncgbukJw5Il9UPb378,4532,4532,Decoding Legal AI’s Talent Market,Decoding Legal AI’s Talent Market,2026-06-01,2026-06-01,18:00:00,18:00:00,Flatiron,Flatiron,Sandstone,Sandstone,https://partiful.com/e/RJncgbukJw5Il9UPb378,https://www.tech-week.com/calendar/nyc,Monday,Evening,Sandstone; Crux
changed:name,RPGqcrnx3TRVKsBlSkgt,6356,6356,Ai for PR: Prompt to Power,AI for PR: Prompt to Power,2026-06-02,2026-06-02,12:00:00,12:00:00,Union Square,Union Square,Intertwined Agency,Intertwined Agency,https://partiful.com/e/RPGqcrnx3TRVKsBlSkgt,https://www.tech-week.com/calendar/nyc,Tuesday,Noon,Intertwined Agency
added,RRKTFLLQ3k5UpzWqjCtH,,4711,,Building the Responsible AI City,,2026-06-03,,17:00:00,,Gramercy Park,,AI2030,https://partiful.com/e/RRKTFLLQ3k5UpzWqjCtH,https://www.tech-week.com/calendar/nyc,Wednesday,Evening,AI2030
added,RUd2LkP1mt4HzXZlbGmt,,6821,,Hell Grind Higgsfield Screening + Cocktail Reception,,2026-10-08,,14:00:00,,Chelsea,,Higgsfield,https://partiful.com/e/RUd2LkP1mt4HzXZlbGmt,https://www.tech-week.com/calendar/nyc,Thursday,Afternoon,Higgsfield
changed:event_url,RcCgumyDHdRqDvJaCQiT,6329,6329,Spawn Point: NYC Game Dev Night | AAA Fireside + Mixer,Spawn Point: NYC Game Dev Night | AAA Fireside + Mixer,2026-06-04,2026-06-04,18:30:00,18:30:00,East Village,East Village,Ozborn Interactive,Ozborn Interactive,https://partiful.com/e/RcCgumyDHdRqDvJaCQiT,https://www.tech-week.com/calendar/nyc,Thursday,Evening,Ozborn Interactive
added,RexRXYvIzwqZbEtws5Kt,,6515,,Land Your First U.S. Tech Opportunity,,2026-06-02,,13:00:00,,Korea Town,,EZ Visa LLC,https://partiful.com/e/RexRXYvIzwqZbEtws5Kt,https://www.tech-week.com/calendar/nyc,Tuesday,Afternoon,EZ Visa LLC; DreamIT ESL
added,RgHt813jEQVbAYoKl7cX,,6535,,Low Latency Club Voice AI Meetup @NYC Tech Week,,2026-06-01,,17:00:00,,Chelsea,,Telnyx,https://partiful.com/e/RgHt813jEQVbAYoKl7cX,https://www.tech-week.com/calendar/nyc,Monday,Evening,Telnyx
added,RtUAYbmAz18kpleaTuio,,6443,,SoHo Soirée,,2026-06-03,,18:00:00,,SoHo,,Plaud,https://partiful.com/e/RtUAYbmAz18kpleaTuio,https://www.tech-week.com/calendar/nyc,Wednesday,Evening,Plaud
changed:name|date,RvVuxFKB01u59pmVZnTE,4363,4363,"MATCH HOUSE: Founders, Investors, Operators","MATCH HOUSE Founders, Investors, Operators",2026-06-04,2026-06-03,12:00:00,12:00:00,Flatiron,Flatiron,MatchPlay Ventures,MatchPlay Ventures,https://partiful.com/e/RvVuxFKB01u59pmVZnTE,https://www.tech-week.com/calendar/nyc,Wednesday,Noon,MatchPlay Ventures; Boop; FirstGlance
changed:location,S1GWW9LgdfrsRourMeSH,6300,6300,World's Youngest Demo Day,World's Youngest Demo Day,2026-06-07,2026-06-07,11:00:00,11:00:00,Union Square,Nomad,The Knowledge Society (TKS),The Knowledge Society (TKS),https://partiful.com/e/S1GWW9LgdfrsRourMeSH,https://www.tech-week.com/calendar/nyc,Sunday,Morning,The Knowledge Society (TKS)
changed:date|time,SAc0OghDUvILWWZMOeaD,4889,4889,It's about balance,It's about balance,2026-06-02,2026-06-01,18:00:00,17:30:00,Flatiron,Flatiron,Reframe iT,Reframe iT,https://partiful.com/e/SAc0OghDUvILWWZMOeaD,https://www.tech-week.com/calendar/nyc,Monday,Evening,Reframe iT; Latinas in Tech
changed:event_url,SH6BD91ODnGWa6TGY52P,4870,4870,Morning Brew: How Founders Win When Government Sets the Rules,Morning Brew: How Founders Win When Government Sets the Rules,2026-06-04,2026-06-04,10:00:00,10:00:00,Lower East Side,Lower East Side,Tusk Venture Partners,Tusk Venture Partners,https://partiful.com/e/SH6BD91ODnGWa6TGY52P,https://www.tech-week.com/calendar/nyc,Thursday,Morning,Tusk Venture Partners; Odyssey
changed:event_url,SIlu6inx1uTKxS3DIMWV,5324,5324,"Flow State: Dance, Rhythm & the Brain","Flow State: Dance, Rhythm & the Brain",2026-06-05,2026-06-05,19:00:00,19:00:00,SoHo,SoHo,Soma Precision Health,Soma Precision Health,https://partiful.com/e/SIlu6inx1uTKxS3DIMWV,https://www.tech-week.com/calendar/nyc,Friday,Evening,Soma Precision Health
added,SPI10F7yIULjx2hQ6EGB,,5653,,Table: A Trusted Workspace for Solutions,,2026-06-03,,09:00:00,,Midtown,,Table,https://partiful.com/e/SPI10F7yIULjx2hQ6EGB,https://www.tech-week.com/calendar/nyc,Wednesday,Morning,Table; Maripossawellness.com; NA
changed:time,SgKlRCyR9G7xYn2ftKRu,4986,4986,Totems of Hope: Your Brain on Philanthropy,Totems of Hope: Your Brain on Philanthropy,2026-06-01,2026-06-01,19:00:00,17:30:00,Upper East Side,Upper East Side,Totems of Hope: Your Brain on Philanthropy,Totems of Hope: Your Brain on Philanthropy,https://partiful.com/e/SgKlRCyR9G7xYn2ftKRu,https://www.tech-week.com/calendar/nyc,Monday,Evening,Totems of Hope: Your Brain on Philanthropy
changed:time|event_url,Sk4AHvwQJ1KaCN81CM0T,4139,4139,The Future of Visual Commerce with AI Agents,The Future of Visual Commerce with AI Agents,2026-06-01,2026-06-01,15:00:00,16:00:00,Chelsea,Chelsea,Savanah.ai,Savanah.ai,https://partiful.com/e/Sk4AHvwQJ1KaCN81CM0T,https://www.tech-week.com/calendar/nyc,Monday,Afternoon,Savanah.ai
added,SoDNNl5aPjceB4M661s4,,6337,,NY Tech Week Opening After Party by Madeline & Co. + Excelsior Edge Ventures,,2026-06-01,,20:00:00,,SoHo,,Madeline & Co.,https://partiful.com/e/SoDNNl5aPjceB4M661s4,https://www.tech-week.com/calendar/nyc,Monday,Evening,Madeline & Co.; Excelsior Edge Ventures
changed:time,Sowk0tqQHvZI3YEvybKo,4145,4140,The Infrastructure Behind the Mission,The Infrastructure Behind the Mission,2026-06-01,2026-06-01,08:30:00,09:30:00,Midtown,Midtown,Watch Her Win,Watch Her Win,https://partiful.com/e/Sowk0tqQHvZI3YEvybKo,https://www.tech-week.com/calendar/nyc,Monday,Morning,Watch Her Win
added,SsoQR8v1U9oS3KHP517R,,5560,,Building Safe Agents for Business,,2026-06-02,,14:00:00,,Union Square,,ICME Labs,https://partiful.com/e/SsoQR8v1U9oS3KHP517R,https://www.tech-week.com/calendar/nyc,Tuesday,Afternoon,ICME Labs
changed:event_url,StGbEbPNPYy51qRWwquT,4977,4977,"Screened Out: AI Broke Hiring, What Now ?","Screened Out: AI Broke Hiring, What Now ?",2026-06-03,2026-06-03,18:00:00,18:00:00,Flatiron,Flatiron,Our Wave,Our Wave,https://partiful.com/e/StGbEbPNPYy51qRWwquT,https://www.tech-week.com/calendar/nyc,Wednesday,Evening,Our Wave
removed,T0RHDtwEK1RSeEw3slel,6394,,Tech & Innovations for Retailers and Brands 2026+,,2026-06-02,,13:00:00,,Brooklyn,,Tacos & Trends,,https://partiful.com/e/T0RHDtwEK1RSeEw3slel,https://www.tech-week.com/calendar/nyc,Tuesday,Afternoon,Tacos & Trends; C2.studio
removed,T3BAFsqBE9zGGewtNSm0,5148,,Signals in the Storm: The Future of Public Safety,,2026-06-02,,15:00:00,,Union Square,,NYSTEC,,https://partiful.com/e/T3BAFsqBE9zGGewtNSm0,https://www.tech-week.com/calendar/nyc,Tuesday,Afternoon,NYSTEC
changed:name,TGzSQYaHYTCxI1gx0M4h,5304,5304,"Orbitour AI Launch: Gaussian Splatting, Physical AI, Real Users",Orbitour AI x XGRIDS: How Spatial AI Sells Real Estate and Engages Museum Audiences,2026-06-02,2026-06-02,18:00:00,18:00:00,Union Square,Union Square,WanderLens Lab,WanderLens Lab,https://partiful.com/e/TGzSQYaHYTCxI1gx0M4h,https://www.tech-week.com/calendar/nyc,Tuesday,Evening,WanderLens Lab; XGRIDS
changed:event_url,TL8MXl8qHPqIAkpnfOeL,5282,5282,VoiceScale Launch Party,VoiceScale Launch Party,2026-06-01,2026-06-01,18:00:00,18:00:00,Hudson Yards,Hudson Yards,VoiceScale,VoiceScale,https://partiful.com/e/TL8MXl8qHPqIAkpnfOeL,https://www.tech-week.com/calendar/nyc,Monday,Evening,VoiceScale
added,TPvTUoxpB2JrX9JKu3rA,,6604,,Tapas & Cañas,,2026-06-01,,14:00:00,,SoHo,,Pygma,https://partiful.com/e/TPvTUoxpB2JrX9JKu3rA,https://www.tech-week.com/calendar/nyc,Monday,Afternoon,Pygma
changed:name|time,TRgVEVErU9GKEEvmPhKd,5192,5192,Fail Tales: Leadership Lessons from AI in Complex Health Systems,The Messy Middle: From AI Promise to Clinical Reality,2026-06-04,2026-06-04,18:30:00,17:00:00,Union Square,Union Square,8400 The Health Network,8400 The Health Network,https://partiful.com/e/TRgVEVErU9GKEEvmPhKd,https://www.tech-week.com/calendar/nyc,Thursday,Evening,8400 The Health Network; Lionbird
changed:name|location,TSvj1ztLBB4HbpvW9JgE,5834,5834,LinkedIn B2B Marketing Roundtable,LinkedIn B2B GTM Panel - Insights for Marketers,2026-06-03,2026-06-03,16:00:00,16:00:00,Financial District,Midtown,LinkedIn,LinkedIn,https://partiful.com/e/TSvj1ztLBB4HbpvW9JgE,https://www.tech-week.com/calendar/nyc,Wednesday,Afternoon,LinkedIn
added,TTOsCwiWb0y2ox67ZI1h,,6311,,South Asian Collective,,2026-06-06,,17:30:00,,Midtown,,American South Asian Network (ASAN),https://partiful.com/e/TTOsCwiWb0y2ox67ZI1h,https://www.tech-week.com/calendar/nyc,Saturday,Evening,American South Asian Network (ASAN)
added,TWRplmkXTwYNEQHHM1VF,,6591,,GFC Central Park Coffee Walk // NY Tech Week Edition,,2026-06-01,,09:00:00,,Central Park,,German Founders Club,https://partiful.com/e/TWRplmkXTwYNEQHHM1VF,https://www.tech-week.com/calendar/nyc,Monday,Morning,German Founders Club
added,TjC1eG8CxxAKtYaVxrH2,,6469,,Investing in Agents: The Future of Autonomous AI,,2026-06-03,,12:00:00,,Chelsea,,Google for Startups,https://partiful.com/e/TjC1eG8CxxAKtYaVxrH2,https://www.tech-week.com/calendar/nyc,Wednesday,Noon,Google for Startups; Google Cloud
changed:name|event_url,TpLCSAej2w4Mg9TbFTyH,4689,4689,The Creator + Consumer Crash Out: Founders + Funders @ iHeartRadio HQ,Consumer Crashout: The Shift Nobody's Talking About Founders + Funders @ iHeartRadio HQ,2026-06-02,2026-06-02,17:30:00,17:30:00,Midtown,Midtown,Alumni Ventures,Alumni Ventures,https://partiful.com/e/TpLCSAej2w4Mg9TbFTyH,https://www.tech-week.com/calendar/nyc,Tuesday,Evening,Alumni Ventures; iHeart Radio Ventures
changed:event_url,TvlF0H0cSQa9lSMDxEqU,4347,4347,"The New Arena: How Sports Are Driving Culture, Commerce, and Connection","The New Arena: How Sports Are Driving Culture, Commerce, and Connection",2026-06-04,2026-06-04,18:00:00,18:00:00,Chelsea,Chelsea,Capitalize VC,Capitalize VC,https://partiful.com/e/TvlF0H0cSQa9lSMDxEqU,https://www.tech-week.com/calendar/nyc,Thursday,Evening,Capitalize VC; SickBird Production
added,TxqtiIE5vDlLmXeiRkDW,,6269,,The Agentic Company Playbook: Why Data Is Still the Moat,,2026-06-03,,18:00:00,,Midtown,,YG,https://partiful.com/e/TxqtiIE5vDlLmXeiRkDW,https://www.tech-week.com/calendar/nyc,Wednesday,Evening,YG; Sandro
added,TyWioDVBdTPLR3y80ZtJ,,6433,,"""Unlocking the Youth Market with Age-Aware Design"" Roundtable / Workshop",,2026-06-02,,18:00:00,,Midtown,,Vys,https://partiful.com/e/TyWioDVBdTPLR3y80ZtJ,https://www.tech-week.com/calendar/nyc,Tuesday,Evening,Vys
changed:event_url,U1WrM7svk12I0W8tyk7L,5143,5143,Applied AI for the Modern Brand,Applied AI for the Modern Brand,2026-06-03,2026-06-03,10:00:00,10:00:00,Union Square,Union Square,Plug and Play New York & NYEDC,Plug and Play New York & NYEDC,https://partiful.com/e/U1WrM7svk12I0W8tyk7L,https://www.tech-week.com/calendar/nyc,Wednesday,Morning,Plug and Play New York; NYEDC
added,U2ypFIJ3AxTOaSxGwLcM,,6524,,From ads to play: Bringing Argentina’s largest brand to Fortnite,,2026-06-02,,14:30:00,,Midtown,,Odaclick,https://partiful.com/e/U2ypFIJ3AxTOaSxGwLcM,https://www.tech-week.com/calendar/nyc,Tuesday,Afternoon,Odaclick; Consulate General of Argentina in New York; Exomindset
changed:event_url,UBrZopzqpRwbn6Qk0npO,5415,5415,"AI, Algorithms & Liability: What Tech Leaders & Creators Need to Know","AI, Algorithms & Liability: What Tech Leaders & Creators Need to Know",2026-06-02,2026-06-02,17:30:00,17:30:00,Financial District,Financial District,Romano Law PLLC,Romano Law PLLC,https://partiful.com/e/UBrZopzqpRwbn6Qk0npO,https://www.tech-week.com/calendar/nyc,Tuesday,Evening,Romano Law PLLC
added,UFx7yJOWPNEsF1tA180j,,6394,,Humanizing AI,,2026-06-02,,13:00:00,,Brooklyn,,Tacos & Trends,https://partiful.com/e/UFx7yJOWPNEsF1tA180j,https://www.tech-week.com/calendar/nyc,Tuesday,Afternoon,Tacos & Trends; C2.studio
changed:name,UHnwevW4JRQyBdRAOc9V,4589,4589,Healthtech Pizza Station,Healthtech Pizza Showdown,2026-06-02,2026-06-02,12:30:00,12:30:00,Midtown,Midtown,France Ovalle,France Ovalle,https://partiful.com/e/UHnwevW4JRQyBdRAOc9V,https://www.tech-week.com/calendar/nyc,Tuesday,Noon,France Ovalle; Scalpels & Spreadsheets
changed:event_url,URwyTSJO382HLiStFktb,6215,6215,"Tech Week, But Bowling","Tech Week, But Bowling",2026-06-03,2026-06-03,18:30:00,18:30:00,Midtown,Midtown,Valon,Valon,https://partiful.com/e/URwyTSJO382HLiStFktb,https://www.tech-week.com/calendar/nyc,Wednesday,Evening,Valon
changed:location,UUSBKyeFqHuURxthFyji,5748,5748,Agents Hackathon by Lightning AI & Validia,Agents Hackathon by Lightning AI & Validia,2026-06-06,2026-06-06,09:30:00,09:30:00,Flatiron,Chinatown,Validia,Validia,https://partiful.com/e/UUSBKyeFqHuURxthFyji,https://www.tech-week.com/calendar/nyc,Saturday,Morning,Validia; Lightning AI
changed:name|event_url,UVrf9v2ZAD5M4gdPdKh9,4054,4054,Databricks Ventures: Founders & Investors Happy Hour,Databricks Ventures & Fenwick: Founders & Investors Happy Hour,2026-06-02,2026-06-02,18:00:00,18:00:00,Flatiron,Flatiron,Databricks,Databricks,https://partiful.com/e/UVrf9v2ZAD5M4gdPdKh9,https://www.tech-week.com/calendar/nyc,Tuesday,Evening,Databricks
changed:event_url,UhyErPPxuo2vELIutdGj,4197,4197,The Tech Leaders Suite,The Tech Leaders Suite,2026-06-03,2026-06-03,19:00:00,19:00:00,Brooklyn,Brooklyn,Insurgi Urban Concepts,Insurgi Urban Concepts,https://partiful.com/e/UhyErPPxuo2vELIutdGj,https://www.tech-week.com/calendar/nyc,Wednesday,Evening,Insurgi Urban Concepts; Optical Diversity Telecom
added,V6w1IXuollfxgvdfYcHZ,,6595,,The Future of Storytelling: AI-Native Filmmaking Demo Room,,2026-06-05,,18:00:00,,Brooklyn,,Just Videos Studios,https://partiful.com/e/V6w1IXuollfxgvdfYcHZ,https://www.tech-week.com/calendar/nyc,Friday,Evening,Just Videos Studios
added,VP9dWPMJ5h3V8Wv5K4G5,,6597,,Causal Foresight with Anthos: Navigate Uncertainty with Better Decision-Making.,,2026-06-01,,16:00:00,,Midtown,,Anthos Systems,https://partiful.com/e/VP9dWPMJ5h3V8Wv5K4G5,https://www.tech-week.com/calendar/nyc,Monday,Afternoon,Anthos Systems
changed:name|event_url,VQkNaT8Va2ysY4AgswEn,5594,5594,LP | VC | Founder Private Sushi Dinner in Soho,LP | VC | Founder Private Sushi Dinner in Noho,2026-06-02,2026-06-02,18:30:00,18:30:00,Greenwich Village,Greenwich Village,Venetian Capital,Venetian Capital,https://partiful.com/e/VQkNaT8Va2ysY4AgswEn,https://www.tech-week.com/calendar/nyc,Tuesday,Evening,Venetian Capital; Max Ventures; NA
added,VYLWElwvSQQsaO2bOZGn,,6572,,Agribusiness Softlanding in Argentina,,2026-06-05,,11:00:00,,Midtown,,Agriconsult Latam,https://partiful.com/e/VYLWElwvSQQsaO2bOZGn,https://www.tech-week.com/calendar/nyc,Friday,Morning,AgriConsult LATAM & OFC; Consulate General of Argentina in New York
changed:event_url,VelsqrAD2a26jnovmOK1,4173,4173,Fund It or Kill It: The CFO–CIO AI ROI Lab,Fund It or Kill It: The CFO–CIO AI ROI Lab,2026-06-04,2026-06-04,18:30:00,18:30:00,Financial District,Financial District,SafeSpace,SafeSpace,https://partiful.com/e/VelsqrAD2a26jnovmOK1,https://www.tech-week.com/calendar/nyc,Thursday,Evening,Safe Space; Linnify
changed:date|time|event_url,Vg3uhwlG7t6HdALQeYTm,4857,4857,Reset + Build: Overcoming AI Anxiety by Women in AI,Reset + Build: Overcoming AI Anxiety by Women in AI,2026-06-03,2026-06-04,18:00:00,18:30:00,Flatiron,Flatiron,Women in AI,Women in AI,https://partiful.com/e/Vg3uhwlG7t6HdALQeYTm,https://www.tech-week.com/calendar/nyc,Thursday,Evening,Women in AI
added,VkYzcfVYemTtBVupPiIx,,6655,,Global South Mixer,,2026-06-01,,17:00:00,,West Village,,Zeytoon Ventures,https://partiful.com/e/VkYzcfVYemTtBVupPiIx,https://www.tech-week.com/calendar/nyc,Monday,Evening,Zeytoon Ventures; Sinbad Capital
changed:event_url,Vkqzm6uJ1LkUk8bVBQU7,6169,6169,Masters of Scale Live with IBM CEO Arvind Krishna Session & Reception,Masters of Scale Live with IBM CEO Arvind Krishna Session & Reception,2026-06-02,2026-06-02,15:00:00,15:00:00,Flatiron,Flatiron,IBM,IBM,https://partiful.com/e/Vkqzm6uJ1LkUk8bVBQU7,https://www.tech-week.com/calendar/nyc,Tuesday,Afternoon,IBM
added,Vkvjr5dBr2FmbI2yK5UB,,5720,,"Data Center, Power & Enterprise Infrastructure Dinner",,2026-06-03,,18:00:00,,Central Park,,"Prosgrow AI, Inc",https://partiful.com/e/Vkvjr5dBr2FmbI2yK5UB,https://www.tech-week.com/calendar/nyc,Wednesday,Evening,"Prosgrow AI, Inc"
changed:event_url,VmF6aB4qEp7mD0mxZMSG,4023,4023,FASHIONOLOGY SUMMIT,FASHIONOLOGY SUMMIT,2026-06-06,2026-06-06,12:00:00,12:00:00,Midtown,Midtown,Fashionology,Fashionology,https://partiful.com/e/VmF6aB4qEp7mD0mxZMSG,https://www.tech-week.com/calendar/nyc,Saturday,Noon,Fashionology; In Haus; All Things Fashion Tech
added,Vs2eC7nERtgF0PgNWfUo,,6629,,Founders x Investors AI Toolkit & Happy Hour,,2026-06-02,,18:00:00,,Midtown,,Hatsu,https://partiful.com/e/Vs2eC7nERtgF0PgNWfUo,https://www.tech-week.com/calendar/nyc,Tuesday,Evening,Hatsu
removed,Vx6hXNmWtfBBCEID3iVV,5165,,Vibe Space Founders Dinner,,2026-06-02,,18:00:00,,Tribeca,,Venture Miner,,https://partiful.com/e/Vx6hXNmWtfBBCEID3iVV,https://www.tech-week.com/calendar/nyc,Tuesday,Evening,Venture Miner
changed:name,W1Y2Nl4n23PBrt3KWj3Z,5327,5327,The Briefing: Market Intelligence on the Female Exit for Wealth Management & Advisory Firms,The Briefing: What No One Told Her About Exiting — A Conversation for Founders and Their Advisors,2026-06-05,2026-06-05,15:00:00,15:00:00,Financial District,Financial District,Exette,Exette,https://partiful.com/e/W1Y2Nl4n23PBrt3KWj3Z,https://www.tech-week.com/calendar/nyc,Friday,Afternoon,Exette
changed:name|time|location,W8Zz3f2lutZZRksKD1hr,5011,5011,Growth and Ecom in the Age of AI Happy Hour,Founder Run Club,2026-06-04,2026-06-04,17:00:00,20:15:00,SoHo,Chelsea,Haven,Haven,https://partiful.com/e/W8Zz3f2lutZZRksKD1hr,https://www.tech-week.com/calendar/nyc,Thursday,Evening,Haven
added,WDT8qQr3GmiczlMEqStK,,5885,,Forward Deployed Social,,2026-06-03,,17:30:00,,Upper Manhattan,,Cresta AI,https://partiful.com/e/WDT8qQr3GmiczlMEqStK,https://www.tech-week.com/calendar/nyc,Wednesday,Evening,Cresta AI
changed:event_url,WDfboGXhdigeIntfwsNW,6088,6088,AI Collective Demo Night,AI Collective Demo Night,2026-06-03,2026-06-03,17:00:00,17:00:00,Flatiron,Flatiron,AI Collective,AI Collective,https://partiful.com/e/WDfboGXhdigeIntfwsNW,https://www.tech-week.com/calendar/nyc,Wednesday,Evening,The AI Collective; Atlassian
added,WJDHl4NiUwrLHeQxBi7S,,6619,,Why Argentina? Key Facts About Argentina's Knowledge-Based Economy. Zoom in: Argentina Delivers,,2026-06-01,,11:00:00,,Midtown,,Argencon,https://partiful.com/e/WJDHl4NiUwrLHeQxBi7S,https://www.tech-week.com/calendar/nyc,Monday,Morning,Argencon; Consulate General of Argentina in New York
added,WJe6XcxPXwbpCiCVLCas,,6642,,The Semiconductor & AI Supply Chain Lunch: Investors & Operators,,2026-06-04,,12:30:00,,Nomad,,Silicon Frontier,https://partiful.com/e/WJe6XcxPXwbpCiCVLCas,https://www.tech-week.com/calendar/nyc,Thursday,Noon,Silicon Frontier; Startup Baddie
changed:event_url,WLI2FHyuUJeKxYxsl7L5,5757,5757,Walk and Talk Tech in Central Park,Walk and Talk Tech in Central Park,2026-06-05,2026-06-05,08:00:00,08:00:00,Central Park,Central Park,Fish & Richardson P.C.,Fish & Richardson P.C.,https://partiful.com/e/WLI2FHyuUJeKxYxsl7L5,https://www.tech-week.com/calendar/nyc,Friday,Morning,Fish & Richardson P.C.
changed:event_url,WWDTlzvnJ4tfWRBmDs8U,4859,4859,non profits at TechWeek. finally.,non profits at TechWeek. finally.,2026-06-02,2026-06-02,17:30:00,17:30:00,Midtown,Midtown,Kairos,Kairos,https://partiful.com/e/WWDTlzvnJ4tfWRBmDs8U,https://www.tech-week.com/calendar/nyc,Tuesday,Evening,Kairos
changed:name,WXYNNxKX6xuZYPv1R0nY,5091,5091,"Plan Early, Exit Strong",Preparing Today for a Strong Exit Tomorrow,2026-06-04,2026-06-04,12:00:00,12:00:00,Midtown,Midtown,Ellis Law Group,Ellis Law Group,https://partiful.com/e/WXYNNxKX6xuZYPv1R0nY,https://www.tech-week.com/calendar/nyc,Thursday,Noon,Ellis Law Group
changed:event_url,Wgd27MHUJPFotcMBodca,4518,4518,Central Park Run 1,Central Park Run 1,2026-06-01,2026-06-01,07:00:00,07:00:00,Central Park,Central Park,off labs,off labs,https://partiful.com/e/Wgd27MHUJPFotcMBodca,https://www.tech-week.com/calendar/nyc,Monday,Morning,off labs
removed,Wj1UVS8pDNqGVunQ6NRm,4155,,Endeavor Jeffersonian Dinner,,2026-06-04,,19:00:00,,SoHo,,Endeavor Global,,https://partiful.com/e/Wj1UVS8pDNqGVunQ6NRm?c=1HIC8LOz,https://www.tech-week.com/calendar/nyc,Thursday,Evening,Endeavor Global
added,Wq012xH2oUKVTG0dNneU,,6285,,"Capital, Wealth, and Wellbeing - building while staying sane",,2026-06-03,,10:30:00,,Flatiron,,The Capital Flex,https://partiful.com/e/Wq012xH2oUKVTG0dNneU,https://www.tech-week.com/calendar/nyc,Wednesday,Morning,The Capital Flex; UBS
added,X6NFw7EkD1FoWNswwoqQ,,6436,,AIMLC Meetup: Understanding and Advancing General Intelligence Through Game,,2026-06-02,,17:30:00,,Flatiron,,Capital One,https://partiful.com/e/X6NFw7EkD1FoWNswwoqQ,https://www.tech-week.com/calendar/nyc,Tuesday,Evening,Capital One
added,X7auQ9epT2J1JmoewLKi,,5053,,Working,,2026-06-02,,16:00:00,,Central Park,,The Council Capital,https://partiful.com/e/X7auQ9epT2J1JmoewLKi,https://www.tech-week.com/calendar/nyc,Tuesday,Afternoon,The Council Capital
added,X7mGXPmgyjEiS4oG9U97,,6271,,Generation AI: After the Algorithm,,2026-06-03,,18:30:00,,Midtown,,Anyway,https://partiful.com/e/X7mGXPmgyjEiS4oG9U97,https://www.tech-week.com/calendar/nyc,Wednesday,Evening,Anyway
changed:name,XGNkSsdTa08ivZFQRHaF,4441,4441,Secret Boardy Party @Othership,Secret Boardy Party,2026-06-03,2026-06-03,20:30:00,20:30:00,Flatiron,Flatiron,Boardy,Boardy,https://partiful.com/e/XGNkSsdTa08ivZFQRHaF,https://www.tech-week.com/calendar/nyc,Wednesday,Evening,Boardy; Flowstate; The AI Collective
added,XegmGLkc2dLtgSWxHdpj,,6296,,Capital Meets Credibility: ZavoVentures Tech Week Experience,,2026-06-04,,18:30:00,,Midtown,,ZavoVentures,https://partiful.com/e/XegmGLkc2dLtgSWxHdpj,https://www.tech-week.com/calendar/nyc,Thursday,Evening,ZavoVentures
changed:event_url,Xjjtc1Cr1VTMlBMCMvcY,5719,5719,IBM Sports Tech Startup Challenge Showcase co-hosted with Comcast Ventures,IBM Sports Tech Startup Challenge Showcase co-hosted with Comcast Ventures,2026-06-04,2026-06-04,14:30:00,14:30:00,Flatiron,Flatiron,IBM,IBM,https://partiful.com/e/Xjjtc1Cr1VTMlBMCMvcY,https://www.tech-week.com/calendar/nyc,Thursday,Afternoon,IBM; Comcast Ventures
changed:name,XqIBMZmB4oubCZWFP2Sl,4224,4224,🗽WorkOS + Postman Agents & APIs Demo Night,🗽Agents & APIs Demo Night,2026-06-02,2026-06-02,17:30:00,17:30:00,SoHo,SoHo,Postman,Postman,https://partiful.com/e/XqIBMZmB4oubCZWFP2Sl,https://www.tech-week.com/calendar/nyc,Tuesday,Evening,Postman; WorkOS
changed:time|event_url,XtUAp0HilTDnyVQoiYXd,6428,6428,Google Ads Keynote: Future of AI Marketing,Google Ads Keynote: Future of AI Marketing,2026-06-03,2026-06-03,13:15:00,13:00:00,Chelsea,Chelsea,Google for Startups,Google for Startups,https://partiful.com/e/XtUAp0HilTDnyVQoiYXd,https://www.tech-week.com/calendar/nyc,Wednesday,Afternoon,Google for Startups
changed:name,Xtt8gsxnBqQfcFSqTLFJ,4349,4349,B2B Marketing Workshop: Strategic Foundations and AI Visibility,B2B Marketing Workshop: Strategic Foundations & AI Visibility Growth,2026-06-04,2026-06-04,10:00:00,10:00:00,Financial District,Financial District,Boon Auditing,Boon Auditing,https://partiful.com/e/Xtt8gsxnBqQfcFSqTLFJ,https://www.tech-week.com/calendar/nyc,Thursday,Morning,Boon Auditing; Cloudonix
added,Xv4PHzfI7e2cuFQzaf1D,,6610,,Cook with Cursor,,2026-06-02,,09:00:00,,SoHo,,Cursor,https://partiful.com/e/Xv4PHzfI7e2cuFQzaf1D,https://www.tech-week.com/calendar/nyc,Tuesday,Morning,Cursor
changed:name|event_url,Y1qPOFKb9fL9VUf0dHMi,4488,4488,🚀 Scaling Smart: Supercharging Startup Success with Advisory & Governing Boards,🚀 From First Check to Exit: The Board Strategy Most Founders Don't Know They're Missing,2026-06-02,2026-06-02,10:00:00,10:00:00,Midtown,Midtown,The Fourth Effect,The Fourth Effect,https://partiful.com/e/Y1qPOFKb9fL9VUf0dHMi,https://www.tech-week.com/calendar/nyc,Tuesday,Morning,The Fourth Effect
added,Y6JiO5I17r9Kcmz9BRXz,,6463,,The Rise of Role-Based AI,,2026-06-02,,14:00:00,,Nomad,,Ariso,https://partiful.com/e/Y6JiO5I17r9Kcmz9BRXz,https://www.tech-week.com/calendar/nyc,Tuesday,Afternoon,Ariso; Opine; 24 and up
changed:event_url,Y6jJoRk6U9E5hgPXi6uc,5727,5727,How AI is transforming the workforce model – and what comes next for talent strategy,How AI is transforming the workforce model – and what comes next for talent strategy,2026-06-05,2026-06-05,11:00:00,11:00:00,Flatiron,Flatiron,IBM,IBM,https://partiful.com/e/Y6jJoRk6U9E5hgPXi6uc,https://www.tech-week.com/calendar/nyc,Friday,Morning,IBM
changed:name|event_url,YFlFyVXYl8MFYSUapd3o,4644,4644,Stripe Supper Club,Stripe x a16z Supper Club,2026-06-01,2026-06-01,18:00:00,18:00:00,SoHo,SoHo,Stripe,Stripe,https://partiful.com/e/YFlFyVXYl8MFYSUapd3o,https://www.tech-week.com/calendar/nyc,Monday,Evening,Stripe
added,YHIW5UdTNrTFWFnIIGhX,,6637,,Taste the Truth- What do you know about your food?,,2026-06-05,,14:30:00,,Midtown,,AgriConsult LATAM & OFC,https://partiful.com/e/YHIW5UdTNrTFWFnIIGhX,https://www.tech-week.com/calendar/nyc,Friday,Afternoon,AgriConsult LATAM & OFC; Consulate General of Argentina in New York
changed:location,YI7TdarS61gA5leaFsR2,5395,5395,The Leap: From Executive to Founder,The Leap: From Executive to Founder,2026-06-01,2026-06-01,19:00:00,19:00:00,East Village,Chinatown,Build Momentum,Build Momentum,https://partiful.com/e/YI7TdarS61gA5leaFsR2,https://www.tech-week.com/calendar/nyc,Monday,Evening,Build Momentum
changed:date|time|location,YNisiR5czoNqmN0jQyeY,4151,4151,Fast AI Sales,Fast AI Sales,2026-06-04,2026-06-03,14:00:00,17:00:00,SoHo,Midtown,Egregora Global,Egregora Global,https://partiful.com/e/YNisiR5czoNqmN0jQyeY,https://www.tech-week.com/calendar/nyc,Wednesday,Evening,Egregora Global
removed,YPsMBQ0qbJ4qJi1E3ZzM,5756,,Vibe Space Founders Dinner,,2026-06-05,,18:00:00,,Tribeca,,Venture Miner,,https://partiful.com/e/YPsMBQ0qbJ4qJi1E3ZzM,https://www.tech-week.com/calendar/nyc,Friday,Evening,Venture Miner
changed:time,YcSebrL4YrehGiEKdpxi,6414,6414,Fueling Founders: Brex + DoorDash for Business,Fueling Founders: Brex + DoorDash for Business,2026-06-02,2026-06-02,12:00:00,08:30:00,Flatiron,Flatiron,DoorDash for Business,DoorDash for Business,https://partiful.com/e/YcSebrL4YrehGiEKdpxi,https://www.tech-week.com/calendar/nyc,Tuesday,Morning,DoorDash for Business; Brex
added,Yeub3FdGWyhtwhpIwUOm,,6752,,NY TECH WEEK: PHOTOS & BRANDING EXPERIENCE,,2026-06-04,,10:00:00,,East Village,,Vinrelo,https://partiful.com/e/Yeub3FdGWyhtwhpIwUOm,https://www.tech-week.com/calendar/nyc,Thursday,Morning,Vinrelo; Bussalenz Media
added,YtdgTRrlrEh5IlnIbIYz,,4243,,Meet Me in the Middle,,2026-06-06,,13:15:00,,Brooklyn,,Growing the Middle,https://partiful.com/e/YtdgTRrlrEh5IlnIbIYz,https://www.tech-week.com/calendar/nyc,Saturday,Afternoon,Growing the Middle; Volley & Vibe
changed:name,Ytg3A4316XFdtelBcoZM,4295,4295,NYC’S FIRST EVER SKY-HIGH PITCH COMPETITION with Breathwork reset,NYC’S FIRST EVER SKY-HIGH PITCH COMPETITION with up to $1M in funding on the line,2026-06-04,2026-06-04,07:00:00,07:00:00,Hudson Yards,Hudson Yards,Rocket Mixer,Rocket Mixer,https://partiful.com/e/Ytg3A4316XFdtelBcoZM,https://www.tech-week.com/calendar/nyc,Thursday,Morning,Rocket Mixer; Apollo Society
changed:name|event_url,Z2SAKZpOG6VHZvi1iTTl,4536,4536,CLI Hacks: build the interface for agents,Multimodal Hacks: build the interface for agents,2026-06-06,2026-06-06,09:00:00,09:00:00,Meatpacking District,Meatpacking District,Betaworks,Betaworks,https://partiful.com/e/Z2SAKZpOG6VHZvi1iTTl,https://www.tech-week.com/calendar/nyc,Saturday,Morning,Betaworks; Forever 22; Langchain; Google Deepmind
changed:time,Z3xUojW8GTGPBovlBBml,5729,5729,Beyond the Subscribe Button: Building a Media Business That Actually Pays,Beyond the Subscribe Button: Building a Media Business That Actually Pays,2026-06-02,2026-06-02,17:00:00,14:00:00,Nomad,Nomad,Dots (YC S21),Dots (YC S21),https://partiful.com/e/Z3xUojW8GTGPBovlBBml,https://www.tech-week.com/calendar/nyc,Tuesday,Afternoon,Dots (YC S21)
added,Z8jfrYxy2LpndGfiyoDF,,6556,,Screens That See: How AI Is Turning Signage Into Revenue.,,2026-06-04,,14:30:00,,Midtown,,WillDom,https://partiful.com/e/Z8jfrYxy2LpndGfiyoDF,https://www.tech-week.com/calendar/nyc,Thursday,Afternoon,WillDom; Consulate General of Argentina in New York; CieloVision
changed:event_url,ZHsSj1cL8U5WhQgohQrV,6191,6191,Health TechWalk,Health TechWalk,2026-06-04,2026-06-04,09:00:00,09:00:00,Financial District,Financial District,TechWalk,TechWalk,https://partiful.com/e/ZHsSj1cL8U5WhQgohQrV,https://www.tech-week.com/calendar/nyc,Thursday,Morning,TechWalk
changed:name|event_url,ZKdzI3nrlNT6w8ofxtWk,157,157,HWG Demo Day II,Happy Wellness Group Demo Day II,2026-06-04,2026-06-04,14:00:00,14:00:00,Midtown,Midtown,Happy Wellness Group,Happy Wellness Group,https://partiful.com/e/ZKdzI3nrlNT6w8ofxtWk,https://www.tech-week.com/calendar/nyc,Thursday,Afternoon,Happy Wellness Group
added,ZLLtnhM5ojVy7KcNKdkS,,6286,,HARMONEY PRESENTS TAP INTO FREQUENCY,,2026-06-04,,16:00:00,,Upper Manhattan,,Vinrelo,https://partiful.com/e/ZLLtnhM5ojVy7KcNKdkS,https://www.tech-week.com/calendar/nyc,Thursday,Afternoon,Vinrelo
changed:event_url,ZLbX6Dhvf2GxckCInpt1,5700,5700,"🏝App founders island: roundtables, drinks & tarot","🏝App founders island: roundtables, drinks & tarot",2026-06-04,2026-06-04,17:00:00,17:00:00,SoHo,SoHo,TRMNL4,TRMNL4,https://partiful.com/e/ZLbX6Dhvf2GxckCInpt1,https://www.tech-week.com/calendar/nyc,Thursday,Evening,TRMNL4; Flyer One Ventures
added,ZOeFRrNgEB4lXfbQLvFR,,6388,,The Future of Beauty-tech,,2026-06-05,,16:00:00,,East Village,,FaceCard,https://partiful.com/e/ZOeFRrNgEB4lXfbQLvFR,https://www.tech-week.com/calendar/nyc,Friday,Afternoon,FaceCard
added,ZT09j5tN5H4GPqoEYnwJ,,6542,,Structuring for Global Capital: How Argentina's Digital Zones Can Compete with Dubai and Estonia,,2026-06-05,,14:30:00,,Midtown,,Andén Tech,https://partiful.com/e/ZT09j5tN5H4GPqoEYnwJ,https://www.tech-week.com/calendar/nyc,Friday,Afternoon,Andén Tech; Consulate General of Argentina in New York
changed:event_url,ZZFWMkisfYJrUyqR18cb,4672,4672,Agents of Change,Agents of Change,2026-06-02,2026-06-02,17:30:00,17:30:00,Flatiron,Flatiron,3percentclub,3percentclub,https://partiful.com/e/ZZFWMkisfYJrUyqR18cb,https://www.tech-week.com/calendar/nyc,Tuesday,Evening,3percentclub
changed:name|event_url,ZcJfnEMAhDF3jdpLXIZi,5802,5802,NY Tech Week Happy Hour,NY Tech Week Early Stage Happy Hour,2026-06-04,2026-06-04,17:00:00,17:00:00,Chelsea,Chelsea,Struck Capital,Struck Capital,https://partiful.com/e/ZcJfnEMAhDF3jdpLXIZi,https://www.tech-week.com/calendar/nyc,Thursday,Evening,Struck Capital
added,ZefsGtWMJ6PuHQuOmOI3,,6626,,After Hours: Fashion x Tech Rooftop Mixer,,2026-06-04,,17:00:00,,Chelsea,,99 yards,https://partiful.com/e/ZefsGtWMJ6PuHQuOmOI3,https://www.tech-week.com/calendar/nyc,Thursday,Evening,99 yards
added,Zm3BaEMeL5lyMrBGyOW9,,6552,,From AI Prompt to Real Jewelry,,2026-06-04,,18:30:00,,SoHo,,Skyveil AI,https://partiful.com/e/Zm3BaEMeL5lyMrBGyOW9,https://www.tech-week.com/calendar/nyc,Thursday,Evening,Skyveil AI; EchoHer
changed:event_url,ZndEhiwL152GBxWRPdRD,4734,4734,Tech Week Ritmo & Reiki,Tech Week Ritmo & Reiki,2026-06-06,2026-06-06,12:00:00,12:00:00,Midtown,Midtown,Inner Pattrn,Inner Pattrn,https://partiful.com/e/ZndEhiwL152GBxWRPdRD,https://www.tech-week.com/calendar/nyc,Saturday,Noon,Inner Pattrn
added,ZvcuMmgNFFdga0eFdy5R,,6332,,SOLO UNICORN HOUR — Day 1 Debrief,,2026-06-01,,19:00:00,,Midtown,,Solo Unicorn Club,https://partiful.com/e/ZvcuMmgNFFdga0eFdy5R,https://www.tech-week.com/calendar/nyc,Monday,Evening,Solo Unicorn Club; Manhattan Elite Club
changed:event_url,ZxCTPNAXwPBHfwY631IS,5137,5137,The Data Room by Snowflake and Verci,The Data Room by Snowflake and Verci,2026-06-04,2026-06-04,19:00:00,19:00:00,Flatiron,Flatiron,Snowflake,Snowflake,https://partiful.com/e/ZxCTPNAXwPBHfwY631IS,https://www.tech-week.com/calendar/nyc,Thursday,Evening,Snowflake; Verci
changed:date,a1ga0i6NoEfaupZcyPuw,6293,6293,ERA/RV Portfolio Agentic AI Demo Showcase,ERA/RV Portfolio Agentic AI Demo Showcase,2026-06-04,2026-06-01,15:00:00,15:00:00,Flatiron,Flatiron,ERA,ERA,https://partiful.com/e/a1ga0i6NoEfaupZcyPuw,https://www.tech-week.com/calendar/nyc,Monday,Afternoon,ERA; Zendesk
changed:event_url,a4otiT5uQNHYsG066urY,4698,4698,B2B Founders Panel & Breakfast,B2B Founders Panel & Breakfast,2026-06-02,2026-06-02,10:00:00,10:00:00,Midtown,Midtown,BDev Ventures,BDev Ventures,https://partiful.com/e/a4otiT5uQNHYsG066urY,https://www.tech-week.com/calendar/nyc,Tuesday,Morning,"BDev Ventures; Stuf Storage; Western Alliance Bank, Member FDIC"
removed,a6fwadAI0lOaKMU9r3uv,4366,,"Capital, Cocktails & Middle-Market Tech",,2026-06-03,,19:00:00,,Nomad,,BMO Tech Banking,,https://partiful.com/e/a6fwadAI0lOaKMU9r3uv,https://www.tech-week.com/calendar/nyc,Wednesday,Evening,BMO Technology Banking
changed:event_url,aIgKBhxEKiNxriSqxQhw,4764,4764,Hard-Won Lessons from Deploying AI Agents in Regulated Environments,Hard-Won Lessons from Deploying AI Agents in Regulated Environments,2026-06-03,2026-06-03,17:00:00,17:00:00,Financial District,Financial District,Obin AI,Obin AI,https://partiful.com/e/aIgKBhxEKiNxriSqxQhw,https://www.tech-week.com/calendar/nyc,Wednesday,Evening,Obin AI; Motive Partners
added,aT7YZV6DtRClIOEcIBSx,,6322,,Prediction Markets Mixer,,2026-06-04,,17:00:00,,Financial District,,FiftyOneAlpha,https://partiful.com/e/aT7YZV6DtRClIOEcIBSx,https://www.tech-week.com/calendar/nyc,Thursday,Evening,FiftyOneAlpha
changed:event_url,aXoM9DjzuAjl9reyLeNV,26,26,"No legal, no problem? Leveraging Fractional GCs","No legal, no problem? Leveraging Fractional GCs",2026-06-02,2026-06-02,13:00:00,13:00:00,Nomad,Nomad,AMBART LAW pllc,AMBART LAW pllc,https://partiful.com/e/aXoM9DjzuAjl9reyLeNV,https://www.tech-week.com/calendar/nyc,Tuesday,Afternoon,AMBART LAW pllc; The Chief Counsel
changed:event_url,ac0iqK6LBUY1d4uFpXxp,5791,5791,The Future of AI Personalization,The Future of AI Personalization,2026-06-04,2026-06-04,16:00:00,16:00:00,Murray Hill,Murray Hill,Zeta Global,Zeta Global,https://partiful.com/e/ac0iqK6LBUY1d4uFpXxp,https://www.tech-week.com/calendar/nyc,Thursday,Afternoon,Zeta Global; Columbia University
changed:event_url,ajYdZAEhNPBNqbcSsw2H,6080,6080,Swing and a Close: How finance and accounting leaders are winning with agentic AI,Swing and a Close: How finance and accounting leaders are winning with agentic AI,2026-06-02,2026-06-02,16:00:00,16:00:00,Midtown,Midtown,Maxima AI,Maxima AI,https://partiful.com/e/ajYdZAEhNPBNqbcSsw2H,https://www.tech-week.com/calendar/nyc,Tuesday,Afternoon,Maxima AI; Uniqus
changed:name,akUOkWP2DMvMosFELiqd,6278,6278,Health2Tech - #NYTechWeek,Health2Tech,2026-06-04,2026-06-04,17:30:00,17:30:00,Midtown,Midtown,Health2Tech,Health2Tech,https://partiful.com/e/akUOkWP2DMvMosFELiqd,https://www.tech-week.com/calendar/nyc,Thursday,Evening,Health2Tech
added,ap7ihRX3qowb8OX2d7R2,,6613,,Nordic AI Luncheon,,2026-06-02,,12:00:00,,Hudson Yards,,Kohtas,https://partiful.com/e/ap7ihRX3qowb8OX2d7R2,https://www.tech-week.com/calendar/nyc,Tuesday,Noon,Kohtas; C10 Studios; Cravath
changed:name,b21AYGlO0gIMQGNwjXg5,5911,5911,Indian Diaspora @,Foreign Founders Mixer - Inkle x Razorpay,2026-06-02,2026-06-02,17:00:00,17:00:00,Tribeca,Tribeca,Inkle,Inkle,https://partiful.com/e/b21AYGlO0gIMQGNwjXg5,https://www.tech-week.com/calendar/nyc,Tuesday,Evening,Inkle
changed:event_url,b5KGzALeA3ztN4cWC76B,251,251,Off Duty with Mirror Mirror AI,Off Duty with Mirror Mirror AI,2026-06-04,2026-06-04,18:00:00,18:00:00,Chelsea,Chelsea,Mirror Mirror AI,Mirror Mirror AI,https://partiful.com/e/b5KGzALeA3ztN4cWC76B,https://www.tech-week.com/calendar/nyc,Thursday,Evening,Mirror Mirror AI
changed:event_url,b5VPB8KMbUuHvUOcKMHG,207,207,InstaLILY x Women in AI Coffee & Breakfast,InstaLILY x Women in AI Coffee & Breakfast,2026-06-05,2026-06-05,09:00:00,09:00:00,SoHo,SoHo,instalily,instalily,https://partiful.com/e/b5VPB8KMbUuHvUOcKMHG,https://www.tech-week.com/calendar/nyc,Friday,Morning,instalily; Wilson Sonsini
added,bFWbEF02HO3vpXGLOmMH,,6546,,"The ""Real Impact"" Angle (Focuses on Applied AI) The Hook: The AI Shift: From Hype to Applied Business Value.",,2026-06-04,,09:15:00,,Midtown,,Consulate General of Argentina in New York,https://partiful.com/e/bFWbEF02HO3vpXGLOmMH,https://www.tech-week.com/calendar/nyc,Thursday,Morning,Consulate General of Argentina in New York
added,bbIszpVK8KGM5XvYIUH3,,6516,,VC Records,,2026-06-03,,19:00:00,,Brooklyn,,401 Accelerator,https://partiful.com/e/bbIszpVK8KGM5XvYIUH3,https://www.tech-week.com/calendar/nyc,Wednesday,Evening,401 Accelerator; Morrison Foerster; Persea Ventures
changed:time|event_url,bbf0MhFQiA55SIIJN7J6,6240,6240,Ditch the Script: Building AI-Augmented Agents with CX Agent Studio,Ditch the Script: Building AI-Augmented Agents with CX Agent Studio,2026-06-03,2026-06-03,14:15:00,14:00:00,Chelsea,Chelsea,Google for Startups,Google for Startups,https://partiful.com/e/bbf0MhFQiA55SIIJN7J6,https://www.tech-week.com/calendar/nyc,Wednesday,Afternoon,Google for Startups
added,bkKnnXki0QaAP3cUZvPD,,6352,,The Founding Table: Brunch & Spa Experience,,2026-06-03,,08:30:00,,Flatiron,,Persona,https://partiful.com/e/bkKnnXki0QaAP3cUZvPD,https://www.tech-week.com/calendar/nyc,Wednesday,Morning,Persona
added,bzH8pCNS375AWo2jUqlD,,5795,,"AI Cruise Happy Hour: AGI House, Alpha Square Group, General Catalyst, MongoDB & Backcountry.vc",,2026-06-04,,15:30:00,,East Village,,AGI House,https://partiful.com/e/bzH8pCNS375AWo2jUqlD,https://www.tech-week.com/calendar/nyc,Thursday,Afternoon,AGI House; Alpha Square Group; Fidelity; Backcountry VC
changed:name|date,c1iZharGw1ZlL9AykiZj,4624,4624,Investing in the Infrastructure of Tomorrow,Deep Tech GP/LP Mixer — Investing in the Infrastructure of Tomorrow,2026-06-03,2026-06-02,19:00:00,19:00:00,Midtown,Midtown,BlueLake.vc,BlueLake.vc,https://partiful.com/e/c1iZharGw1ZlL9AykiZj,https://www.tech-week.com/calendar/nyc,Tuesday,Evening,BlueLake.vc
changed:name,cDtdUampmcbyc1wqrRid,5431,5431,Gammarama: The Pitch Competition,"Gammarama Pitch Competition: Share a Stage with Malcolm Gladwell, Bobbi Brown, and More",2026-06-03,2026-06-03,16:00:00,16:00:00,Midtown,Midtown,Gamma,Gamma,https://partiful.com/e/cDtdUampmcbyc1wqrRid,https://www.tech-week.com/calendar/nyc,Wednesday,Afternoon,Gamma
added,cQQ5BDRrk32InHU7sutm,,6511,,"Argentina Delivers: Talent, Innovation & Global Tech - #NYTechWeek",,2026-06-01,,09:15:00,,Midtown,,Consulate General of Argentina in New York,https://partiful.com/e/cQQ5BDRrk32InHU7sutm,https://www.tech-week.com/calendar/nyc,Monday,Morning,Consulate General of Argentina in New York
changed:event_url,cR9UoTMss2rDPryQQTZh,4662,4662,"Agentic Commerce: What It Is, What It Isn’t – and Who It Should Serve","Agentic Commerce: What It Is, What It Isn’t – and Who It Should Serve",2026-06-04,2026-06-04,08:00:00,08:00:00,SoHo,SoHo,Swap,Swap,https://partiful.com/e/cR9UoTMss2rDPryQQTZh,https://www.tech-week.com/calendar/nyc,Thursday,Morning,Swap
changed:event_url,cYc14RoM81gqU39dQmur,201,201,NachoTuesday SaaS & AI Founder + Investor Rooftop Happy Hour,NachoTuesday SaaS & AI Founder + Investor Rooftop Happy Hour,2026-06-02,2026-06-02,17:00:00,17:00:00,East Village,East Village,NachoNacho,NachoNacho,https://partiful.com/e/cYc14RoM81gqU39dQmur,https://www.tech-week.com/calendar/nyc,Tuesday,Evening,NachoNacho; Deel
added,cawhwSDIOeQin6tGsDuU,,6164,,"Exit Planning - Trust & Estate Planning, Tax Loss Harvesting, & More",,2026-06-03,,11:00:00,,Midtown,,Rockefeller Global Family Office,https://partiful.com/e/cawhwSDIOeQin6tGsDuU,https://www.tech-week.com/calendar/nyc,Wednesday,Morning,Rockefeller Global Family Office
added,cbyBD4xAhpcd4mEeBJOG,,6468,,An Executive Harbor Dinner Experience,,2026-06-04,,15:00:00,,Chelsea,,Gathering of Minds,https://partiful.com/e/cbyBD4xAhpcd4mEeBJOG,https://www.tech-week.com/calendar/nyc,Thursday,Afternoon,Gathering of Minds
changed:name,cuho3rLbstXqMSZAbREE,4435,4435,Tech for Economic Mobility Mixer,Economic Justice + Startups: A Conversation with Deputy Mayor Julie Su + Impact-Driven Demos,2026-06-04,2026-06-04,18:00:00,18:00:00,Chinatown,Chinatown,Gutter Capital,Gutter Capital,https://partiful.com/e/cuho3rLbstXqMSZAbREE,https://www.tech-week.com/calendar/nyc,Thursday,Evening,Gutter Capital; Techonomic Mobility
added,cz75IF61uvnmLyPykAri,,6747,,The Runway - A dinner series by Airwallex,,2026-06-04,,19:00:00,,Union Square,,Airwallex,https://partiful.com/e/cz75IF61uvnmLyPykAri,https://www.tech-week.com/calendar/nyc,Thursday,Evening,Airwallex
removed,czmiYJieBfHBdYhrFy8Q,5303,,The JumpStart Summit: From Idea to IPO → Founders Foundry,,2026-06-04,,08:00:00,,Chelsea,,Next Jump,,https://partiful.com/e/czmiYJieBfHBdYhrFy8Q,https://www.tech-week.com/calendar/nyc,Thursday,Morning,Next Jump
changed:name,dJh4IgxuEgjfcXelqTCZ,5661,5661,The Death of the MVP: How AI Changed What “Launching” Means,The Death of the MVP: How AI Changed What “Launching” Means - Bubble x,2026-06-03,2026-06-03,18:00:00,18:00:00,SoHo,SoHo,Bubble.io,Bubble.io,https://partiful.com/e/dJh4IgxuEgjfcXelqTCZ,https://www.tech-week.com/calendar/nyc,Wednesday,Evening,Bubble.io; Ohana
added,dYXQFsMvHHthXj4gC280,,6092,,Closing Party - Techweek NYC,,2026-06-05,,18:00:00,,SoHo,,Fireworks AI,https://partiful.com/e/dYXQFsMvHHthXj4gC280,https://www.tech-week.com/calendar/nyc,Friday,Evening,Fireworks AI; Exa AI; Turbopuffer; Composio
changed:event_url,e0FYrBmBfIPXGQdUttNW,5824,5824,Google for Startups: Latest from Google DeepMind,Google for Startups: Latest from Google DeepMind,2026-06-03,2026-06-03,09:00:00,09:00:00,Chelsea,Chelsea,Google for Startups,Google for Startups,https://partiful.com/e/e0FYrBmBfIPXGQdUttNW,https://www.tech-week.com/calendar/nyc,Wednesday,Morning,Google for Startups
changed:name,e2hNOd2jIzhnHQujwMqu,5221,5221,Who Wins in the Age of AI? Labor Markets and Capital in Transition,Light Dao Salon: Who Wins in the Age of AI? Labor Markets and Capital in Transition (NYC),2026-06-02,2026-06-02,18:30:00,18:30:00,Chelsea,Chelsea,Haystack Hub,Haystack Hub,https://partiful.com/e/e2hNOd2jIzhnHQujwMqu,https://www.tech-week.com/calendar/nyc,Tuesday,Evening,Haystack Hub; Light Dao; Sharely
changed:event_url,e32DJWAieEIPVwRTAxLU,5330,5330,"NY Beauty Tech Summit: Future of Beauty Tech Devices, Data & Innovation","NY Beauty Tech Summit: Future of Beauty Tech Devices, Data & Innovation",2026-06-03,2026-06-03,14:00:00,14:00:00,Chelsea,Chelsea,Richualist,Richualist,https://partiful.com/e/e32DJWAieEIPVwRTAxLU,https://www.tech-week.com/calendar/nyc,Wednesday,Afternoon,Richualist; Wearable Tech Ventures; Myavanna
added,eA5ORw6fKg24Xe61fIDn,,6498,,Yahoo x beehiiv Comms & Media Mixer |,,2026-06-02,,17:30:00,,Greenwich Village,,Yahoo,https://partiful.com/e/eA5ORw6fKg24Xe61fIDn,https://www.tech-week.com/calendar/nyc,Tuesday,Evening,Yahoo; https://www.beehiiv.com/
changed:event_url,eBzPADEdUmk03eR8RNBu,214,214,Femhack NYTechweek 2026,Femhack NYTechweek 2026,2026-06-03,2026-06-03,08:00:00,08:00:00,Nomad,Nomad,Fierce Foundry,Fierce Foundry,https://partiful.com/e/eBzPADEdUmk03eR8RNBu,https://www.tech-week.com/calendar/nyc,Wednesday,Morning,Fierce Foundry
added,eJCB3HaeeRyEkyuMJ9Vj,,5615,,Own Your Style with Storytelling and Fine-tuning,,2026-06-05,,12:00:00,,Midtown,,Underscore Animation,https://partiful.com/e/eJCB3HaeeRyEkyuMJ9Vj,https://www.tech-week.com/calendar/nyc,Friday,Noon,Underscore Animation; NA
changed:name,eP89tnFPXauq0Uwoq45t,4652,4652,Robots & Revenue: A GTM Breakfast,"GTM Breakfast: Rooftop, Robots & Revenue",2026-06-02,2026-06-02,08:30:00,08:30:00,Flatiron,Flatiron,Default,Default,https://partiful.com/e/eP89tnFPXauq0Uwoq45t,https://www.tech-week.com/calendar/nyc,Tuesday,Morning,Default; People Data Labs
changed:name|location|company,eVXwspZygA7cPx3Tjgnw,6178,6178,Build Agent-first Companies with Airtable,Build Agent-first Companies with Hyperagent,2026-06-02,2026-06-02,15:00:00,15:00:00,Midtown,Flatiron,Hyperagent,Airtable,https://partiful.com/e/eVXwspZygA7cPx3Tjgnw,https://www.tech-week.com/calendar/nyc,Tuesday,Afternoon,Airtable
changed:event_url,eYDn9NAmOiORakqV58Yp,5610,5610,Building to Disrupt: AI in Enterprise and Fintech,Building to Disrupt: AI in Enterprise and Fintech,2026-06-02,2026-06-02,16:00:00,16:00:00,Hudson Yards,Hudson Yards,HSBC,HSBC,https://partiful.com/e/eYDn9NAmOiORakqV58Yp,https://www.tech-week.com/calendar/nyc,Tuesday,Afternoon,HSBC; a16z
changed:name|event_url,eZyYOASnhlTpvJNfDXKu,4946,4946,Lessons from Founders Who Have Sat on Both Sides of the Table,Lessons from People Who Have Sat on Both Sides of the Table.,2026-06-02,2026-06-02,18:00:00,18:00:00,Midtown,Midtown,Boxsy Inc.,Boxsy Inc.,https://partiful.com/e/eZyYOASnhlTpvJNfDXKu,https://www.tech-week.com/calendar/nyc,Tuesday,Evening,Boxsy Inc.; Baylane Capital
changed:location,ea6MPpQj3n4C3BqH4qLl,5613,5616,4th Annual NY Tech Week Soccer Championship,4th Annual NY Tech Week Soccer Championship,2026-06-02,2026-06-02,08:00:00,08:00:00,Chelsea,East Village,StartupExperts,StartupExperts,https://partiful.com/e/ea6MPpQj3n4C3BqH4qLl,https://www.tech-week.com/calendar/nyc,Tuesday,Morning,StartupExperts; Alumni Ventures
added,eaZmQ8Q59gAVMctgHXiQ,,6825,,AWS x Flybridge Bodega Takeover,,2026-06-03,,08:00:00,,Nomad,,AWS,https://partiful.com/e/eaZmQ8Q59gAVMctgHXiQ,https://www.tech-week.com/calendar/nyc,Wednesday,Morning,AWS; Flybridge Capital Partners
changed:date,ed2EFWip0do9OuYmVPZI,5207,5207,"Free Phos, Real Convos. Agents in your DMs","Free Phos, Real Convos. Agents in your DMs",2026-06-04,2026-06-03,20:00:00,20:00:00,Flatiron,Flatiron,Photon,Photon,https://partiful.com/e/ed2EFWip0do9OuYmVPZI,https://www.tech-week.com/calendar/nyc,Wednesday,Evening,Photon
removed,ejqizBZwN2AWf6J6ifk4,6254,,The JumpStart Summit: From Idea to IPO → Mornings Program,,2026-06-01,,07:30:00,,Chelsea,,Next Jump,,https://partiful.com/e/ejqizBZwN2AWf6J6ifk4,https://www.tech-week.com/calendar/nyc,Monday,Morning,Next Jump
changed:event_url,ekOSu7Sy0DbFiW5Jpj9N,5955,5955,Rebuilding Health Benefits for a Modern Workforce,Rebuilding Health Benefits for a Modern Workforce,2026-06-02,2026-06-02,16:00:00,16:00:00,Lower East Side,Lower East Side,Tusk Ventures,Tusk Ventures,https://partiful.com/e/ekOSu7Sy0DbFiW5Jpj9N,https://www.tech-week.com/calendar/nyc,Tuesday,Afternoon,Tusk Venture Partners; Smirk Health
changed:event_url,epfr3IxCby4WezG4pIlW,246,246,Taco Tech Tuesday 🗽🌮,Taco Tech Tuesday 🗽🌮,2026-06-02,2026-06-02,17:30:00,17:30:00,Midtown,Midtown,Taco Tech Tuesday,Taco Tech Tuesday,https://partiful.com/e/epfr3IxCby4WezG4pIlW,https://www.tech-week.com/calendar/nyc,Tuesday,Evening,Taco Tech Tuesday
added,f6DKCMI3i7t7nfuZ36LZ,,6275,,Founders House - Investing in Health & Wellness Panel,,2026-06-02,,14:00:00,,Midtown,,Founders House,https://partiful.com/e/f6DKCMI3i7t7nfuZ36LZ,https://www.tech-week.com/calendar/nyc,Tuesday,Afternoon,Founder House
changed:time|location|company,f6KrALsCB9k0DXqcG63d,4425,6466,Latinos In VC Vol lI,Latinos In VC Vol lI,2026-06-04,2026-06-04,17:30:00,09:00:00,Midtown,SoHo,Colectivo,Bright Cup,https://partiful.com/e/f6KrALsCB9k0DXqcG63d,https://www.tech-week.com/calendar/nyc,Thursday,Morning,Bright Cup
changed:name,fCEfTvswCDe1lJYqLHQv,4402,4402,Gammarama: Stories You Can See,"Gammarama: Malcolm Gladwell, Bobbi Brown, Mike Birbiglia & More",2026-06-03,2026-06-03,18:00:00,18:00:00,Midtown,Midtown,Gamma,Gamma,https://partiful.com/e/fCEfTvswCDe1lJYqLHQv,https://www.tech-week.com/calendar/nyc,Wednesday,Evening,Gamma
added,fKGWVWedefyfix8WYFOq,,6283,,Switchcraft — Build Your Own Keyboard (Anterior),,2026-06-03,,17:30:00,,Midtown,,Anterior,https://partiful.com/e/fKGWVWedefyfix8WYFOq,https://www.tech-week.com/calendar/nyc,Wednesday,Evening,Anterior
changed:event_url,fKHpJwhwnkLYAjiTLQyi,5707,5707,Critical Mass: Volume Five,Critical Mass: Volume Five,2026-06-03,2026-06-03,17:00:00,17:00:00,Brooklyn,Brooklyn,Newlab,Newlab,https://partiful.com/e/fKHpJwhwnkLYAjiTLQyi,https://www.tech-week.com/calendar/nyc,Wednesday,Evening,Newlab
changed:date,fcS1sPOYoO4R7xf3egac,4356,4356,Founders & Investors Soiree |,Founders & Investors Soiree |,2026-06-04,2026-06-05,17:00:00,17:00:00,Flatiron,Flatiron,Supermoon,Supermoon,https://partiful.com/e/fcS1sPOYoO4R7xf3egac,https://www.tech-week.com/calendar/nyc,Friday,Evening,Supermoon
changed:name|location,foEPEVCrozyJZCN4W19S,5459,5459,The Alignment Lab: a Live Experience to Reveal Coherence & Navigate Uncertainty,The Alignment Lab: a Live Experience to Reveal Your Human Advantages & Navigate Complexity,2026-06-05,2026-06-05,15:30:00,15:30:00,Union Square,Midtown,Meridian Collective,Meridian Collective,https://partiful.com/e/foEPEVCrozyJZCN4W19S,https://www.tech-week.com/calendar/nyc,Friday,Afternoon,Meridian Collective
changed:name|event_url,g2e6kS6GPDm0icQCC14A,4091,4091,Founder Feud,Founder Feud: Lessons from 100+ Founders Who've Been Through It,2026-06-05,2026-06-05,18:30:00,18:30:00,Flatiron,Flatiron,Forecastr,Forecastr,https://partiful.com/e/g2e6kS6GPDm0icQCC14A,https://www.tech-week.com/calendar/nyc,Friday,Evening,Forecastr
changed:event_url,g2m3ExEh1j9ZSo7eNpCD,5088,5088,AI x Investing : The Age of Agents,AI x Investing : The Age of Agents,2026-06-01,2026-06-01,10:00:00,10:00:00,Midtown,Midtown,Trade It,Trade It,https://partiful.com/e/g2m3ExEh1j9ZSo7eNpCD,https://www.tech-week.com/calendar/nyc,Monday,Morning,Trade It; Public; OptionUp; Unusual Whales
changed:date|time,g4CVcAdTyNSSOvJqqgbd,5030,5030,Artificially Unintelligent Tech Comedy Show,Artificially Unintelligent Tech Comedy Show,2026-06-04,2026-06-03,18:00:00,19:00:00,Union Square,Union Square,NSDS Tech Comedy Show,NSDS Tech Comedy Show,https://partiful.com/e/g4CVcAdTyNSSOvJqqgbd,https://www.tech-week.com/calendar/nyc,Wednesday,Evening,NSDS Tech Comedy Show; Vanta
changed:event_url,g8VJ854DFglJ6GtYDoS4,5643,5643,Arkzphere: Founders and Investors Launch Party,Arkzphere: Founders and Investors Launch Party,2026-06-03,2026-06-03,19:30:00,19:30:00,Lower East Side,Lower East Side,Arkzphere,Arkzphere,https://partiful.com/e/g8VJ854DFglJ6GtYDoS4,https://www.tech-week.com/calendar/nyc,Wednesday,Evening,Arkzphere; Propel Earth
added,gP80ioDptVy1W5Gx5Lv4,,5489,,From Startup to Scale: Using AI to Streamline and Grow,,2026-06-04,,16:30:00,,Tribeca,,Female Founder Collective,https://partiful.com/e/gP80ioDptVy1W5Gx5Lv4,https://www.tech-week.com/calendar/nyc,Thursday,Afternoon,Female Founder Collective
added,gX1zdtbIO2AvDe8bhWzy,,6331,,SOLO UNICORN BUILD NIGHT — Vibe Code Live,,2026-06-04,,19:00:00,,Midtown,,Solo Unicorn Club,https://partiful.com/e/gX1zdtbIO2AvDe8bhWzy,https://www.tech-week.com/calendar/nyc,Thursday,Evening,Solo Unicorn Club; Manhattan Elite Club
changed:event_url,glbUe1VF4t4MRsDbktVx,4720,4720,Building AI Agents for Science,Building AI Agents for Science,2026-06-05,2026-06-05,13:00:00,13:00:00,Financial District,Financial District,GRAIL,GRAIL,https://partiful.com/e/glbUe1VF4t4MRsDbktVx,https://www.tech-week.com/calendar/nyc,Friday,Afternoon,"GRAIL; Cloudonix, Inc"
changed:event_url,gmQJ86KtlMO3vaJxSQz0,208,208,Bollywood & Builders,Bollywood & Builders,2026-06-05,2026-06-05,18:00:00,18:00:00,Tribeca,Tribeca,The Brown Room,The Brown Room,https://partiful.com/e/gmQJ86KtlMO3vaJxSQz0,https://www.tech-week.com/calendar/nyc,Friday,Evening,The Brown Room; Momo VC
added,gqcsznzpItihFOcdHIBH,,6372,,Female Founders & Investors Speakeasy,,2026-06-04,,17:00:00,,West Village,,Madeline & Co.,https://partiful.com/e/gqcsznzpItihFOcdHIBH,https://www.tech-week.com/calendar/nyc,Thursday,Evening,Madeline & Co.; Excelsior Edge Ventures
removed,gqqUhCjTFgyxyawPSUrx,4058,,The Agentic Commerce Era,,2026-06-03,,17:00:00,,Midtown,,Glance Inmobi Inc,,https://partiful.com/e/gqqUhCjTFgyxyawPSUrx,https://www.tech-week.com/calendar/nyc,Wednesday,Evening,Glance Inmobi Inc
added,gti2RppRB4R62eRuHQ6h,,6343,,2026 NY K-Tech Demo Day,,2026-06-02,,10:00:00,,Midtown,,Korea SMEs and Startups Agency (KOSME),https://partiful.com/e/gti2RppRB4R62eRuHQ6h,https://www.tech-week.com/calendar/nyc,Tuesday,Morning,"Korea SMEs and Startups Agency (KOSME); Witness Creative Partners Inc.; ENOV SOLUTION, INC"
added,h0NJIDOs2n2VBcznvikl,,6512,,a16z New Media Happy Hour,,2026-06-02,,18:00:00,,Financial District,,Andreessen Horowitz,https://partiful.com/e/h0NJIDOs2n2VBcznvikl,https://www.tech-week.com/calendar/nyc,Tuesday,Evening,Andreessen Horowitz
changed:name,h3P090OpWDSzMtTLzA1M,6083,6083,The Agent Shift - Marketing in the age of AI agents,The Agent Shift: Marketing in the age of AI agents,2026-06-03,2026-06-03,18:00:00,18:00:00,Midtown,Midtown,HG Events,HG Events,https://partiful.com/e/h3P090OpWDSzMtTLzA1M,https://www.tech-week.com/calendar/nyc,Wednesday,Evening,HG Events
changed:event_url,h473UHUqIyFjDct4PAfU,4958,4958,AI Builders Lunch,AI Builders Lunch,2026-06-03,2026-06-03,12:00:00,12:00:00,Midtown,Midtown,Cuculi,Cuculi,https://partiful.com/e/h473UHUqIyFjDct4PAfU,https://www.tech-week.com/calendar/nyc,Wednesday,Noon,Cuculi
added,h5ayMfeDR9TCZ0cuFGwX,,6544,,STRATEGY AT THE SPEED OF INFERENCE: What Happens When AI Analysis Is Free,,2026-06-04,,18:00:00,,Midtown,,Colombia Business School Alumni,https://partiful.com/e/h5ayMfeDR9TCZ0cuFGwX,https://www.tech-week.com/calendar/nyc,Thursday,Evening,Colombia Business School Alumni; Inevitable
added,h8O1Xi3GohXMHZ1FqrK0,,5872,,Liquidity for RWA Private Credit Asset Managers,,2026-06-03,,16:00:00,,SoHo,,Protofire,https://partiful.com/e/h8O1Xi3GohXMHZ1FqrK0,https://www.tech-week.com/calendar/nyc,Wednesday,Afternoon,Protofire
changed:event_url,h9bpa3i5jWUubKb7BpcQ,5048,5048,NYC Family Office Dinner,NYC Family Office Dinner,2026-06-02,2026-06-02,19:00:00,19:00:00,Midtown,Midtown,Generous Ventures,Generous Ventures,https://partiful.com/e/h9bpa3i5jWUubKb7BpcQ,https://www.tech-week.com/calendar/nyc,Tuesday,Evening,Generous Ventures; O'Shaughnessy Ventures
changed:time,hAARVrxCJQoBOlxlp2Nd,6245,6245,Pitch Like a Lawyer : Build a Winning Case for Investors,Pitch Like a Lawyer : Build a Winning Case for Investors,2026-06-04,2026-06-04,10:30:00,12:00:00,Midtown,Midtown,Kushner Executive Advisory,Kushner Executive Advisory,https://partiful.com/e/hAARVrxCJQoBOlxlp2Nd,https://www.tech-week.com/calendar/nyc,Thursday,Noon,Kushner Executive Advisory
added,hDKxAgHY63MzSrmj4pv3,,6528,,Happy Hour x Soho Works,,2026-06-04,,16:00:00,,Brooklyn,,Tacos & Trends hosted by MADE Trends,https://partiful.com/e/hDKxAgHY63MzSrmj4pv3,https://www.tech-week.com/calendar/nyc,Thursday,Afternoon,Tacos & Trends
changed:date|event_url,hVN69QHHQKaL72l700kB,6364,6462,ElevenLabs NY Tech Week PopUp,ElevenLabs NY Tech Week PopUp,2026-06-06,2026-06-01,11:00:00,11:00:00,SoHo,SoHo,ElevenLabs,ElevenLabs,https://partiful.com/e/hVN69QHHQKaL72l700kB,https://www.tech-week.com/calendar/nyc,Monday,Morning,ElevenLabs
changed:name|event_url,hfSyqoSqdglV01JHqHue,5121,5121,GNOMI Gen Z Growth Hackathon: Build the Growth Engine for the World’s First AI News Agent,GNOMI GenZ Hackathon: Make Wall Street Go Viral,2026-06-05,2026-06-05,08:30:00,08:30:00,SoHo,SoHo,GNOMI App Corp,GNOMI App Corp,https://partiful.com/e/hfSyqoSqdglV01JHqHue,https://www.tech-week.com/calendar/nyc,Friday,Morning,GNOMI App
added,hl2AIeWhZ1e2t6LveEGw,,6393,,AI on Main Street: How Chinatown's Small Businesses Are Using AI,,2026-06-02,,17:30:00,,Chinatown,,Welcome to Chinatown,https://partiful.com/e/hl2AIeWhZ1e2t6LveEGw,https://www.tech-week.com/calendar/nyc,Tuesday,Evening,Welcome to Chinatown
removed,hoiIyIAqKDf5BeT68y2y,4118,,"Health, Wellness and Fitness Connected Hardware Demo",,2026-06-02,,13:00:00,,Brooklyn,,Vital Element Inc,,https://partiful.com/e/hoiIyIAqKDf5BeT68y2y,https://www.tech-week.com/calendar/nyc,Tuesday,Afternoon,Vital Element Inc
changed:name,hqc1Whoh5lLOU4ORC6tk,4041,4041,Founders/VCs Breakfast Mixer w/ Qapita & RemoFirst,"Founders/VCs Breakfast Mixer w/ Qapita, RemoFirst & Wiggin",2026-06-02,2026-06-02,09:30:00,09:30:00,Chinatown,Chinatown,Qapita,Qapita,https://partiful.com/e/hqc1Whoh5lLOU4ORC6tk,https://www.tech-week.com/calendar/nyc,Tuesday,Morning,Qapita; Remofirst
changed:name,iDvWUNFiXJGuAHCBID5O,5362,5362,Maersk presents: The Future of Supply Chain,Maersk presents: the ultimate goal of full-stack supply chain transformation,2026-06-01,2026-06-01,08:30:00,08:30:00,Union Square,Union Square,Rock Yard Ventures,Rock Yard Ventures,https://partiful.com/e/iDvWUNFiXJGuAHCBID5O,https://www.tech-week.com/calendar/nyc,Monday,Morning,Rock Yard Ventures; Maersk
changed:event_url,iPG3ECBjiSVSQKLrDvJs,5804,5804,"Physical AI, World Models & Spatial Intelligence","Physical AI, World Models & Spatial Intelligence",2026-06-04,2026-06-04,17:00:00,17:00:00,Flatiron,Flatiron,Nucleus4D,Nucleus4D,https://partiful.com/e/iPG3ECBjiSVSQKLrDvJs,https://www.tech-week.com/calendar/nyc,Thursday,Evening,Nucleus4D
changed:event_url,iQA2Cr8FK3gaZTajVpiO,4559,4559,Founder Breakfast,Founder Breakfast,2026-06-04,2026-06-04,09:00:00,09:00:00,SoHo,SoHo,Brderless,Brderless,https://partiful.com/e/iQA2Cr8FK3gaZTajVpiO,https://www.tech-week.com/calendar/nyc,Thursday,Morning,Brderless; Persona
changed:event_url,iQP19UAfSBvF0wGAzqwx,5120,5120,Snark Tank Comedy,Snark Tank Comedy,2026-06-03,2026-06-03,21:00:00,21:00:00,East Village,East Village,Live Different Comedy,Live Different Comedy,https://partiful.com/e/iQP19UAfSBvF0wGAzqwx,https://www.tech-week.com/calendar/nyc,Wednesday,Evening,Live Different Comedy
changed:name,iVvYeqLhieeu6286yKro,5761,5761,"Finance Agents Demo Night with JP Morgan, LangChain & Tavily","Finance Agents Demo Night with JP Morgan, LangChain, Nebius & Tavily",2026-06-05,2026-06-05,16:00:00,16:00:00,Midtown,Midtown,Tavily AI,Tavily AI,https://partiful.com/e/iVvYeqLhieeu6286yKro,https://www.tech-week.com/calendar/nyc,Friday,Afternoon,Tavily AI; JP Morgan
added,iZLg7rd68SXz9JfyGdTz,,6487,,Sip & Yap + Vibes,,2026-06-07,,13:15:00,,Queens,,Sip & Yap + Vibes,https://partiful.com/e/iZLg7rd68SXz9JfyGdTz,https://www.tech-week.com/calendar/nyc,Sunday,Afternoon,Sip & Yap + Vibes
added,ibT9C0IBhvOASyp5qIks,,6438,,"Many Models, One Workflow — with Bria and Cloudflare Replicate",,2026-06-01,,17:00:00,,Chelsea,,Bria,https://partiful.com/e/ibT9C0IBhvOASyp5qIks,https://www.tech-week.com/calendar/nyc,Monday,Evening,Bria; Cloudflare Replicate
removed,,117,,Future Titans LP/GP movie night: The Big Short Private screening + conversation with Greg Lippmann,,2026-06-02,,18:00:00,,Midtown,,Rock Yard Ventures,,,https://www.tech-week.com/calendar/nyc,Tuesday,Evening,Rock Yard Ventures
removed,,19,,AI Agents: From Prototype to Production,,2026-06-03,,16:00:00,,Flatiron,,Phinite AI,,,https://www.tech-week.com/calendar/nyc,Wednesday,Afternoon,Phinite AI
removed,,247,,AI Agents in Healthcare: Who Owns the Intelligence?,,2026-06-04,,15:00:00,,Flatiron,,Amigo.AI,,,https://www.tech-week.com/calendar/nyc,Thursday,Afternoon,Amigo.AI
removed,,4004,,Breakfast Roundtable focused on preventing diabetic foot ulcers,,2026-06-03,,08:00:00,,Central Park,,Solecooler,,,https://www.tech-week.com/calendar/nyc,Wednesday,Morning,Solecooler; Maison de la région Occitanie à New York
removed,,4049,,Beauty as Infrastructure: How the Hospitality Industry is Redefining the Guest Experience,,2026-06-04,,17:00:00,,Union Square,,Triple Eight Creative,,,https://www.tech-week.com/calendar/nyc,Thursday,Evening,Triple Eight Creative
removed,,4087,,New York | HappyRobot Builders Night,,2026-06-03,,18:00:00,,SoHo,,HappyRobot,,,https://www.tech-week.com/calendar/nyc,Wednesday,Evening,HappyRobot
removed,,4112,,"Munis, Meet the Future: A Briefing on Tokenized Bonds",,2026-06-02,,15:30:00,,Union Square,,Zuzlab Inc.,,,https://www.tech-week.com/calendar/nyc,Tuesday,Afternoon,Zuzlab Inc.
removed,,4124,,After the Demo: Where Builders Meet Backers,,2026-06-03,,17:30:00,,Flatiron,,212.VC,,,https://www.tech-week.com/calendar/nyc,Wednesday,Evening,212.VC; Revolv
removed,,4172,,Jamaica Digital Services Exchange,,2026-06-04,,10:00:00,,Midtown,,Jamaica Promotions Corporation,,,https://www.tech-week.com/calendar/nyc,Thursday,Morning,Jamaica Promotions Corporation
removed,,4202,,Agentic Finance Summit,,2026-06-03,,09:00:00,,SoHo,,Party Action People,,,https://www.tech-week.com/calendar/nyc,Wednesday,Morning,Party Action People; Microsoft
removed,,4209,,Stable Summit,,2026-06-04,,09:00:00,,SoHo,,Stable Summit,,,https://www.tech-week.com/calendar/nyc,Thursday,Morning,Stable Summit
removed,,4236,,Vault Summit,,2026-06-05,,09:00:00,,SoHo,,Vault Summit,,,https://www.tech-week.com/calendar/nyc,Friday,Morning,Vault Summit
removed,,4242,,The One-Person Operating System: Build Your AI-Powered Business Brain,,2026-06-04,,11:30:00,,Flatiron,,Build First,,,https://www.tech-week.com/calendar/nyc,Thursday,Morning,Build First; Lightswitch
removed,,4243,,Meet Me in the Middle (Pickleball Edition),,2026-06-06,,10:15:00,,Brooklyn,,Growing the Middle,,,https://www.tech-week.com/calendar/nyc,Saturday,Morning,Growing the Middle; Volley & Vibe
changed:name|date|time,,4641,4641,Where Capital Meets Vision: A Founders-Funders Dinner | NY Tech Week,Founders Exchange: Early Builders in the AI Era,2026-06-03,2026-06-01,18:30:00,19:00:00,Chelsea,Chelsea,Microsoft for Startups,Microsoft for Startups,,https://www.tech-week.com/calendar/nyc,Monday,Evening,Microsoft for Startups
removed,,4711,,Tech Pulse 2030- AI 2030 New York Event,,2026-06-04,,17:00:00,,Gramercy Park,,AI2030,,,https://www.tech-week.com/calendar/nyc,Thursday,Evening,AI2030
removed,,4746,,Chief of Staff Dinner,,2026-06-03,,18:00:00,,Flatiron,,Valon,,,https://www.tech-week.com/calendar/nyc,Wednesday,Evening,Valon
removed,,4779,,The Art of Building & the Art of the Table,,2026-06-03,,18:00:00,,SoHo,,Arnold & Porter,,,https://www.tech-week.com/calendar/nyc,Wednesday,Evening,Arnold & Porter; Aon
removed,,4787,,The Art of Building & the Art of the Table,,2026-06-03,,18:00:00,,SoHo,,Arnold & Porter,,,https://www.tech-week.com/calendar/nyc,Wednesday,Evening,Arnold & Porter; Aon
changed:date|time,,4805,4805,Why The Future of Dating is Intelligent: Fireside Chat & Panel,Why The Future of Dating is Intelligent: Fireside Chat & Panel,2026-06-01,2026-06-05,18:00:00,19:00:00,Brooklyn,Brooklyn,Eternity LLC,Eternity LLC,,https://www.tech-week.com/calendar/nyc,Friday,Evening,Eternity LLC; Unity Flow AI; Feral Bangla; Third Culture
removed,,4882,,Voice AI Meetup,,2026-06-03,,16:00:00,,SoHo,,AssemblyAI,,,https://www.tech-week.com/calendar/nyc,Wednesday,Afternoon,AssemblyAI
removed,,4931,,Private CIO Dinner with Tessera Labs,,2026-06-03,,18:30:00,,Flatiron,,Tessera Labs,,,https://www.tech-week.com/calendar/nyc,Wednesday,Evening,Tessera Labs
removed,,4953,,Immersive Oyster Happy Hour with Tandon @The Yard,,2026-06-05,,16:00:00,,Brooklyn,,NYU Tandon @ The Yard,,,https://www.tech-week.com/calendar/nyc,Friday,Afternoon,NYU Tandon @ The Yard; NYU
removed,,4996,,THE AI-Sustainability Paradox: Harnessing Climate AI Responsibly,,2026-06-02,,09:30:00,,Midtown,,Women in Cleantech & Sustainability,,,https://www.tech-week.com/calendar/nyc,Tuesday,Morning,Women in Cleantech and Sustainability
removed,,5001,,Event: Build the Brick — Founders × VCs × Real Problems,,2026-06-04,,18:00:00,,Flatiron,,Fine Line Consultants,,,https://www.tech-week.com/calendar/nyc,Thursday,Evening,Fineline Consultants
removed,,5020,,Beyond Architecture: Closing the Performance Gap with Cultural Infrastructure Event.,,2026-06-04,,17:00:00,,Midtown,,TAD,,,https://www.tech-week.com/calendar/nyc,Thursday,Evening,TAD; Art Republic
removed,,5022,,Bioadapting: AI & the Future of Live Performance,,2026-06-03,,18:00:00,,Nomad,,Bioadapting,,,https://www.tech-week.com/calendar/nyc,Wednesday,Evening,Bioadapting; Transforma Theatre
removed,,5053,,Working,,2026-06-02,,16:00:00,,Central Park,,The Council Capital,,,https://www.tech-week.com/calendar/nyc,Tuesday,Afternoon,The Council Capital
removed,,5097,,Too Young to Lead? How to Win in Tech Anyway,,2026-06-05,,14:00:00,,Central Park,,Smadlytics Inc,,,https://www.tech-week.com/calendar/nyc,Friday,Afternoon,Smadlytics Inc
removed,,5129,,Behind the Check: An Unfiltered Conversation with Angel Investors,,2026-06-03,,18:00:00,,Midtown,,Brown Girl Angels,,,https://www.tech-week.com/calendar/nyc,Wednesday,Evening,Brown Girl Angels; NineF Angels
removed,,5183,,"K-beauty 2.0: behind the scene, K-Biotech and K-Beauty Tech",,2026-06-01,,11:00:00,,Queens,,Enthera Bio,,,https://www.tech-week.com/calendar/nyc,Monday,Morning,Enthera Bio
removed,,5203,,GP-LP Tech Week Mixer,,2026-06-03,,18:30:00,,Midtown,,The Kairos Circle,,,https://www.tech-week.com/calendar/nyc,Wednesday,Evening,The Kairos Circle
removed,,5426,,PwC AI Roundtable,,2026-06-04,,14:30:00,,Midtown,,PwC,,,https://www.tech-week.com/calendar/nyc,Thursday,Afternoon,PwC
removed,,5433,,AAC Impact Table - Ai Adoption Dinner,,2026-06-05,,18:00:00,,SoHo,,AAC,,,https://www.tech-week.com/calendar/nyc,Friday,Evening,AAC
removed,,5504,,How to Live Longer & Happier: An evening on the future of personal intelligence.,,2026-06-03,,18:30:00,,SoHo,,moccet,,,https://www.tech-week.com/calendar/nyc,Wednesday,Evening,moccet
removed,,5513,,Does brand matter in venture?,,2026-06-05,,08:30:00,,Financial District,,Astronaut Monastery,,,https://www.tech-week.com/calendar/nyc,Friday,Morning,Astronaut Monastery
removed,,5556,,Policy Meets Innovation: A Networking Mixer with Sandbox Dubai,,2026-06-02,,17:00:00,,SoHo,,Dubai Future Foundation,,,https://www.tech-week.com/calendar/nyc,Tuesday,Evening,Dubai Future Foundation
removed,,5603,,Founders in Heels,,2026-06-02,,17:00:00,,Tribeca,,Goldman Sachs,,,https://www.tech-week.com/calendar/nyc,Tuesday,Evening,Goldman Sachs
changed:invite_only,,5609,5609,Synthetic Gene-Based Neurotransmitter Optimization Systems,Synthetic Gene-Based Neurotransmitter Optimization Systems,2026-06-01,2026-06-01,08:00:00,08:00:00,Virtual (NYC),Virtual (NYC),Centro de Rehabilitacion Neuropsicologica,Centro de Rehabilitacion Neuropsicologica,,https://www.tech-week.com/calendar/nyc,Monday,Morning,Centro de Rehabilitacion Neuropsicologica
changed:invite_only,,5634,5634,Data Driven Dealmaking: AI’s Role in Modern Tech Transactions,Data Driven Dealmaking: AI’s Role in Modern Tech Transactions,2026-06-04,2026-06-04,15:00:00,15:00:00,Midtown,Midtown,Weaver,Weaver,,https://www.tech-week.com/calendar/nyc,Thursday,Afternoon,Weaver; 1 Business World; Fox Rothschild; VNTR
removed,,5640,,"""Tech Week Founder Lab: Scale, Innovate & Thrive""",,2026-06-02,,17:00:00,,Lower East Side,,Karcic Partners,,,https://www.tech-week.com/calendar/nyc,Tuesday,Evening,Karcic Partners; Mark Wellness; The Front Yard at Pace University
changed:invite_only,,5674,5674,From Start to Scale | Women Running Businesses,From Start to Scale | Women Running Businesses,2026-06-04,2026-06-04,13:00:00,13:00:00,Hudson Yards,Hudson Yards,Bernstein Private Wealth,Bernstein Private Wealth,,https://www.tech-week.com/calendar/nyc,Thursday,Afternoon,Bernstein Private Wealth Management; Collected Company; C10 Labs
changed:invite_only,,5685,5685,LLM Tokenomics – the economics of LLM token usage,LLM Tokenomics – the economics of LLM token usage,2026-06-02,2026-06-02,16:00:00,16:00:00,Financial District,Financial District,Zideas LLC,Zideas LLC,,https://www.tech-week.com/calendar/nyc,Tuesday,Afternoon,Zideas LLC
changed:invite_only,,5723,5723,AI Investment Summit @ Wall Street,AI Investment Summit @ Wall Street,2026-06-07,2026-06-07,09:00:00,09:00:00,Financial District,Financial District,SINBAD CAPITAL.COM,SINBAD CAPITAL.COM,,https://www.tech-week.com/calendar/nyc,Sunday,Morning,SINBAD CAPITAL.COM; Zeytoon Ventures; AI insiders; AIX2
removed,,5754,,Vinrelo Style Lab,,2026-06-06,,16:00:00,,Upper Manhattan,,Vinrelo,,,https://www.tech-week.com/calendar/nyc,Saturday,Afternoon,Vinrelo
changed:invite_only,,5759,5759,"The Missing Record: Memory, Power, and the Communities AI Was Never Trained to Know","The Missing Record: Memory, Power, and the Communities AI Was Never Trained to Know",2026-06-05,2026-06-05,19:00:00,19:00:00,Midtown,Midtown,QuarterMill,QuarterMill,,https://www.tech-week.com/calendar/nyc,Friday,Evening,QuarterMill
removed,,5794,,The City Hack The State,,2026-06-04,,14:00:00,,Meatpacking District,,Johnson Edman Advertising,,,https://www.tech-week.com/calendar/nyc,Thursday,Afternoon,Johnson Edman Advertising; CRITICAL ASSET
removed,,5795,,"AI Cruise Happy Hour with AGI House, Alpha Square Group",,2026-06-04,,15:30:00,,East Village,,AGI House,,,https://www.tech-week.com/calendar/nyc,Thursday,Afternoon,AGI House; Alpha Square Group; Fidelity; Backcountry VC
removed,,5807,,"The New Beauty Counter- AI, Community, and the Customer Experience Retail Has Been Missing",,2026-06-04,,18:00:00,,SoHo,,Triple Eight Creative,,,https://www.tech-week.com/calendar/nyc,Thursday,Evening,Triple Eight Creative
removed,,5810,,Mixer with Justworks,,2026-06-04,,17:00:00,,Financial District,,Justworks,,,https://www.tech-week.com/calendar/nyc,Thursday,Evening,Justworks
removed,,5875,,Learn How to Build Apps Using Lovable,,2026-06-03,,18:30:00,,Queens,,SJ Innovation,,,https://www.tech-week.com/calendar/nyc,Wednesday,Evening,SJ Innovation
removed,,5880,,From Prototype to Production for Non-Technical Founders,,2026-06-03,,08:00:00,,Central Park,,Tequity,,,https://www.tech-week.com/calendar/nyc,Wednesday,Morning,Tequity
removed,,5885,,Cresta Networking Event,,2026-06-03,,17:30:00,,Upper Manhattan,,Cresta AI,,,https://www.tech-week.com/calendar/nyc,Wednesday,Evening,Cresta AI
changed:location,,5888,5888,"The Open Source Stack: Picking, Running, and Shipping Open Models","The Open Source Stack: Picking, Running, and Shipping Open Models",2026-06-03,2026-06-03,11:00:00,11:00:00,Brooklyn,Flatiron,Tequity,Tequity,,https://www.tech-week.com/calendar/nyc,Wednesday,Morning,Tequity
removed,,5934,,AI Summit NYC,,2026-06-02,,08:00:00,,Midtown,,"Torque AI, Inc.",,,https://www.tech-week.com/calendar/nyc,Tuesday,Morning,"Torque AI, Inc.; NY AI Alliance"
removed,,5953,,Justworks - Meet the Engineering Team,,2026-06-02,,12:00:00,,Financial District,,Justworks,,,https://www.tech-week.com/calendar/nyc,Tuesday,Noon,Justworks
removed,,5960,,Built: A Brand Building Day for Beauty Professionals,,2026-06-02,,18:00:00,,SoHo,,Triple Eight Creative,,,https://www.tech-week.com/calendar/nyc,Tuesday,Evening,Triple Eight Creative
changed:invite_only,,6077,6077,"The Intelligent Workflow Playbook Event, featuring John Harbaugh","The Intelligent Workflow Playbook Event, featuring John Harbaugh",2026-06-04,2026-06-04,16:00:00,16:00:00,Midtown,Midtown,Tines,Tines,,https://www.tech-week.com/calendar/nyc,Thursday,Afternoon,Tines
removed,,6160,,The Digital Twin Experience: Powered by HeyGen,,2026-06-01,,10:00:00,,Bronx,,Avantgarde Communications,,,https://www.tech-week.com/calendar/nyc,Monday,Morning,Avantgarde Communications
changed:invite_only,,6161,6161,NYC Vide Debugging Party,NYC Vide Debugging Party,2026-06-04,2026-06-04,19:00:00,19:00:00,Midtown,Midtown,Sherlocks AI,Sherlocks AI,,https://www.tech-week.com/calendar/nyc,Thursday,Evening,Sherlocks AI
added,,,6165,,Physical AI and the Connected Industry,,2026-06-04,,08:30:00,,Flatiron,,Blackhorn Ventures,,https://www.tech-week.com/calendar/nyc,Thursday,Morning,Blackhorn Ventures; Holman Ventures
changed:invite_only,,6168,6168,Beyond the Copilot: Navigating the Shift to Autonomous IT and Intelligent Defense,Beyond the Copilot: Navigating the Shift to Autonomous IT and Intelligent Defense,2026-06-02,2026-06-02,17:00:00,17:00:00,Flatiron,Flatiron,SuperOps,SuperOps,,https://www.tech-week.com/calendar/nyc,Tuesday,Evening,SuperOps
changed:invite_only,,6194,6194,Times Square Takeover: Hbcu Pitch,Times Square Takeover: Hbcu Pitch,2026-06-06,2026-06-06,13:30:00,13:30:00,Midtown,Midtown,The DM Firm & Venture for THEM,The DM Firm & Venture for THEM,,https://www.tech-week.com/calendar/nyc,Saturday,Afternoon,The DM Firm & Venture for THEM
removed,,6200,,Japan Startup Mixer @ Jungle of Invention,,2026-06-01,,18:00:00,,Brooklyn,,FreakOut HD,,,https://www.tech-week.com/calendar/nyc,Monday,Evening,FreakOut HD
changed:invite_only,,6201,6201,Data and Wearables for Female Health,Data and Wearables for Female Health,2026-06-03,2026-06-03,18:00:00,18:00:00,Chelsea,Chelsea,Kellie Clover,Kellie Clover,,https://www.tech-week.com/calendar/nyc,Wednesday,Evening,Kellie Clover; The Limit
changed:invite_only,,6205,6205,Achieving Operational Excellence,Achieving Operational Excellence,2026-06-03,2026-06-03,10:00:00,10:00:00,Queens,Queens,Ainsley Capital,Ainsley Capital,,https://www.tech-week.com/calendar/nyc,Wednesday,Morning,Ainsley Capital; Ainsley Health; Kinetik
changed:invite_only,,6211,6211,Early Builders in the AI Era,Early Builders in the AI Era,2026-06-03,2026-06-03,18:00:00,18:00:00,SoHo,SoHo,F2 Venture Capital,F2 Venture Capital,,https://www.tech-week.com/calendar/nyc,Wednesday,Evening,F2 Venture Capital; Microsoft
removed,,6253,,AI Agents for Allocators and Asset Managers,,2026-06-01,,15:00:00,,Greenwich Village,,DiligenceVault,,,https://www.tech-week.com/calendar/nyc,Monday,Afternoon,DiligenceVault
changed:invite_only,,6259,6259,VC Talent Leader Dinner,VC Talent Leader Dinner,2026-06-03,2026-06-03,18:30:00,18:30:00,Lower East Side,Lower East Side,Getro (a Findem company),Getro (a Findem company),,https://www.tech-week.com/calendar/nyc,Wednesday,Evening,Getro (a Findem company); Pyxis
removed,,6271,,Is AI the New Calculator? A Private Dinner on AI in Schools,,2026-06-02,,18:00:00,,Midtown,,Anyway,,,https://www.tech-week.com/calendar/nyc,Tuesday,Evening,Anyway
removed,,6301,,Pixels & Pints,,2026-06-04,,18:00:00,,Flatiron,,CambrianEdge.ai,,,https://www.tech-week.com/calendar/nyc,Thursday,Evening,CambrianEdge.ai
removed,,6351,,NY Tech Week: First (Reality) Check,,2026-06-03,,19:00:00,,Tribeca,,For The Firsts,,,https://www.tech-week.com/calendar/nyc,Wednesday,Evening,For The Firsts
removed,,6380,,Founders Running Club: 5K Networking Run - #NYCTechWeek,,2026-06-06,,09:00:00,,West Village,,Founders Running Club,,,https://www.tech-week.com/calendar/nyc,Saturday,Morning,Founders Running Club
changed:invite_only,,6405,6405,NYC Investor Networking Salon,NYC Investor Networking Salon,2026-06-04,2026-06-04,18:00:00,18:00:00,Midtown,Midtown,aiRaiz Inc,aiRaiz Inc,,https://www.tech-week.com/calendar/nyc,Thursday,Evening,aiRaiz Inc; aiRaiz
removed,,6410,,The Future of AI in Higher Ed Summit,,2026-06-03,,09:00:00,,Flatiron,,IBM,,,https://www.tech-week.com/calendar/nyc,Wednesday,Morning,IBM
added,,,6421,,Every 🤝 IRL,,2026-06-03,,18:00:00,,Brooklyn,,Every,,https://www.tech-week.com/calendar/nyc,Wednesday,Evening,Every
changed:invite_only,,6427,6427,Executive Data Council: Evening Roundtables,Executive Data Council: Evening Roundtables,2026-06-04,2026-06-04,17:30:00,17:30:00,Midtown,Midtown,SYNTHESIS,SYNTHESIS,,https://www.tech-week.com/calendar/nyc,Thursday,Evening,SYNTHESIS
removed,,6429,,Giga Energy Power Hour @ New York TechWeek,,2026-06-01,,16:00:00,,Flatiron,,Giga Energy,,,https://www.tech-week.com/calendar/nyc,Monday,Afternoon,Giga Energy
added,,,6464,,The Board Member Club Summer Gala,,2026-06-03,,17:30:00,,Midtown,,Wall Street Capital Partners,,https://www.tech-week.com/calendar/nyc,Wednesday,Evening,Wall Street Capital Partners; Metaterra
added,,,6475,,a16z Tech Week Sponsor Luncheon,,2026-06-03,,12:00:00,,Tribeca,,a16z,,https://www.tech-week.com/calendar/nyc,Wednesday,Noon,a16z
added,,,6477,,The Marketing Party,,2026-06-05,,19:00:00,,Midtown,,The Marketing Party,,https://www.tech-week.com/calendar/nyc,Friday,Evening,The Marketing Party; Airframe Labs; Dreamdata.io
added,,,6479,,AWS for Startups - AI Visionaries Forum,,2026-06-02,,16:00:00,,Midtown,,AWS for Startups,https://nyc-ai-visionaries-forum.splashthat.com/,https://www.tech-week.com/calendar/nyc,Tuesday,Afternoon,AWS Startups
added,,,6494,,Agentic Commerce Decoded,,2026-06-04,,14:00:00,,Midtown,,Azoma AI,,https://www.tech-week.com/calendar/nyc,Thursday,Afternoon,Azoma AI
added,,,6501,,Coworking Day at WeWork | June 4,,2026-06-04,,09:00:00,,Midtown,,WeWork,,https://www.tech-week.com/calendar/nyc,Thursday,Morning,WeWork
added,,,6502,,Coworking Day at WeWork | June 2,,2026-06-02,,09:00:00,,Midtown,,WeWork,,https://www.tech-week.com/calendar/nyc,Tuesday,Morning,WeWork
added,,,6504,,The Board Member Club Summer Gala,,2026-06-03,,17:30:00,,Midtown,,Wall Street Capital Partners,,https://www.tech-week.com/calendar/nyc,Wednesday,Evening,Wall Street Capital Partners; Metaterra
added,,,6509,,Hitlab NYC Tech Week Cocktail Hour,,2026-06-02,,18:00:00,,SoHo,,Healthcare Innovation and Technology Lab,,https://www.tech-week.com/calendar/nyc,Tuesday,Evening,Healthcare Innovation and Technology Lab
added,,,6514,,In Good Company: An Intimate Dinner with the Women Leading Today's Tech Brands,,2026-06-02,,19:00:00,,Meatpacking District,,Beacons AI,,https://www.tech-week.com/calendar/nyc,Tuesday,Evening,Beacons AI
added,,,6525,,Pydantic at NY Tech Week,,2026-06-04,,18:00:00,,Midtown,,Pydantic,,https://www.tech-week.com/calendar/nyc,Thursday,Evening,Pydantic
added,,,6527,,Health Tech Happy Hour,,2026-06-01,,17:30:00,,Nomad,,Aegis Ventures,,https://www.tech-week.com/calendar/nyc,Monday,Evening,Aegis Ventures
added,,,6530,,Post-Westphalia: The Future of Money and Nation States,,2026-06-04,,19:00:00,,East Village,,Macktez,,https://www.tech-week.com/calendar/nyc,Thursday,Evening,Macktez
added,,,6540,,Sweat Equity: Industrials and DeepTech Founders,,2026-06-03,,08:30:00,,Meatpacking District,,Alumni Ventures,,https://www.tech-week.com/calendar/nyc,Wednesday,Morning,Alumni Ventures; Headline
added,,,6551,,HealthIMPACT Live Operators Table Dinner,,2026-06-04,,18:00:00,,Hudson Yards,,HealthIMPACT Live | Digital Health Talks,,https://www.tech-week.com/calendar/nyc,Thursday,Evening,HealthIMPACT Live | Digital Health Talks
added,,,6553,,working with monsters: how toxic AI is reshaping the workplace & what young professionals can do about it,,2026-06-03,,18:30:00,,Murray Hill,,Consulate General of Poland in New York,,https://www.tech-week.com/calendar/nyc,Wednesday,Evening,Consulate General of Poland in New York
added,,,6557,,AI Control Room for Regulated Industries: A Private Dinner,,2026-06-02,,19:00:00,,Flatiron,,Jeen.ai,,https://www.tech-week.com/calendar/nyc,Tuesday,Evening,Jeen.ai
added,,,6558,,NYC Founder Dinner with Turnstile,,2026-06-04,,18:00:00,,Greenwich Village,,Turnstile,,https://www.tech-week.com/calendar/nyc,Thursday,Evening,Turnstile
added,,,6559,,NYC Finance Leaders Dinner with Turnstile,,2026-06-03,,18:00:00,,Greenwich Village,,Turnstile,,https://www.tech-week.com/calendar/nyc,Wednesday,Evening,Turnstile
added,,,6588,,Tech Week Conversations: Crafting Community,,2026-06-04,,09:00:00,,Tribeca,,GoSadi,,https://www.tech-week.com/calendar/nyc,Thursday,Morning,GoSadi
added,,,6593,,Female Founders Breakfast - Cap Table Management,,2026-06-03,,10:00:00,,Midtown,,Foundess,,https://www.tech-week.com/calendar/nyc,Wednesday,Morning,Foundess; Founder House; Carta
added,,,6639,,AI-Tech in Innovation Triangle West Harlem,,2026-06-05,,10:00:00,,Upper West Side,,Columbia University-Janus Property Company+Others,,https://www.tech-week.com/calendar/nyc,Friday,Morning,Columbia University-Janus Property Company+Others
added,,,6641,,Breakfast: Building AI Companies When the Stakes Have Never Been Higher,,2026-06-04,,08:30:00,,East Village,,Gamma,,https://www.tech-week.com/calendar/nyc,Thursday,Morning,Gamma
added,,,6762,,NY Tech Week Dinner: Building the Future of Aerospace & Defense,,2026-06-03,,18:00:00,,Flatiron,,Fenwick,,https://www.tech-week.com/calendar/nyc,Wednesday,Evening,Fenwick
changed:invite_only,,78,78,Investor Dinner by 165 Global,Investor Dinner by 165 Global,2026-06-07,2026-06-07,20:00:00,20:00:00,Financial District,Financial District,165 Global,165 Global,,https://www.tech-week.com/calendar/nyc,Sunday,Evening,165 Global
changed:invite_only,,79,79,AI Community Conference - New York,AI Community Conference - New York,2026-06-07,2026-06-07,09:00:00,09:00:00,Union Square,Union Square,AICO,AICO,,https://www.tech-week.com/calendar/nyc,Sunday,Morning,AICO
removed,,97,,Capital Advantage: Dual-Use Innovation at the Intersection of Policy & Tech,,2026-06-01,,16:00:00,,Midtown,,VC in DC,,,https://www.tech-week.com/calendar/nyc,Monday,Afternoon,VC in DC
changed:time,ifuH1HpxZuX8IjSb3Khb,4969,4969,Accelerate AI Summit: Australian x US AI,Accelerate AI Summit: Australian x US AI,2026-06-01,2026-06-01,09:00:00,08:00:00,Midtown,Midtown,American Australian Association,American Australian Association,https://partiful.com/e/ifuH1HpxZuX8IjSb3Khb,https://www.tech-week.com/calendar/nyc,Monday,Morning,American Australian Association
changed:name|time,ilARL2exT4so55TVKWEW,5912,5912,Your platform already works. Now... Where does AI go?,"Dear AI, We Need To Talk.",2026-06-02,2026-06-02,18:00:00,12:00:00,Gramercy Park,Gramercy Park,Axioned,Axioned,https://partiful.com/e/ilARL2exT4so55TVKWEW,https://www.tech-week.com/calendar/nyc,Tuesday,Noon,Axioned
changed:date|time|event_url,iwz1MCsuGW7sQSYYAuzn,5087,5087,Made In This Room,Made In This Room,2026-06-05,2026-06-02,18:30:00,19:30:00,Tribeca,Tribeca,Capital V Strategies,Capital V Strategies,https://partiful.com/e/iwz1MCsuGW7sQSYYAuzn,https://www.tech-week.com/calendar/nyc,Tuesday,Evening,Capital V Strategies
changed:name|time,j2bZTtAyaOkOMidsx5YB,4629,4629,Blueberries. FP&A,VC & Founder Cocktail Event,2026-06-04,2026-06-04,17:30:00,17:00:00,Midtown,Midtown,Blueberries.,Blueberries.,https://partiful.com/e/j2bZTtAyaOkOMidsx5YB,https://www.tech-week.com/calendar/nyc,Thursday,Evening,Blueberries.
removed,j7a3cTM6NpOxHA1Bn0So,6421,,Every 🤝 IRL,,2026-06-03,,18:00:00,,Brooklyn,,Every,,https://partiful.com/e/j7a3cTM6NpOxHA1Bn0So,https://www.tech-week.com/calendar/nyc,Wednesday,Evening,Every
changed:name,jXbuPWhpQ1NlFBhNozAD,5060,5060,Your Lifestyle is Your Longevity @ Maze Sober Social Club with ionava & Yunara Life,Your Lifestyle is Your Longevity @ The Maze Sober Social Club with ionava & Yunara Life,2026-06-02,2026-06-02,18:00:00,18:00:00,Nomad,Nomad,ionava,ionava,https://partiful.com/e/jXbuPWhpQ1NlFBhNozAD,https://www.tech-week.com/calendar/nyc,Tuesday,Evening,ionava; Yunara Life; The Maze NYC
changed:event_url,jYCTZCrfy1mYhHbJm771,5141,5141,The AI Founder Playbook: Breakfast & Panel @ Microsoft,The AI Founder Playbook: Breakfast & Panel @ Microsoft,2026-06-02,2026-06-02,08:30:00,08:30:00,Financial District,Financial District,Microsoft,Microsoft,https://partiful.com/e/jYCTZCrfy1mYhHbJm771,https://www.tech-week.com/calendar/nyc,Tuesday,Morning,Microsoft
removed,jcGHr89B49F18BoiQmmx,4309,,Stop Paying for Fake Users: A Workshop for Building an AI-stack for Fraud-proof Affiliate Growth,,2026-06-02,,12:30:00,,Union Square,,Konduit,,https://partiful.com/e/jcGHr89B49F18BoiQmmx,https://www.tech-week.com/calendar/nyc,Tuesday,Noon,Konduit
changed:name,jgMKPC3cREYqMzEvxTzo,5254,5254,The Draft Experience: NYC Tryouts,Postponed--- The Draft Experience: NYC Tryouts,2026-06-02,2026-06-02,12:15:00,12:15:00,Chelsea,Chelsea,AcceleratorCON,AcceleratorCON,https://partiful.com/e/jgMKPC3cREYqMzEvxTzo,https://www.tech-week.com/calendar/nyc,Tuesday,Noon,AcceleratorCON
changed:name|time|event_url,joP5OC0Ccs4xFrVBBkp1,5377,5377,Women in VC: Tarot readings and cocktail tasting,Tarot and Term sheets - Female founders and investors,2026-06-04,2026-06-04,17:00:00,09:00:00,Union Square,Union Square,Odin,Odin,https://partiful.com/e/joP5OC0Ccs4xFrVBBkp1,https://www.tech-week.com/calendar/nyc,Thursday,Morning,Odin; Women in Tech
changed:name,jyXY5GxuVgFFmcUtI6X0,5496,5496,Freeze Your Timeline: Egg Freezing Meets AI & Data,Freeze Your Timeline: Egg Freezing Meets Big Data,2026-06-03,2026-06-03,17:30:00,17:30:00,Midtown,Midtown,Sunfish,Sunfish,https://partiful.com/e/jyXY5GxuVgFFmcUtI6X0,https://www.tech-week.com/calendar/nyc,Wednesday,Evening,Sunfish; Cooley LLP
changed:name,jytNb4IdG0HxwJnqDSgf,5925,5925,Cloudflare + Shopify: Build for the Agent Era,Build for the Agent Era - Cloudflare + Shopify,2026-06-02,2026-06-02,18:00:00,18:00:00,SoHo,SoHo,Cloudflare,Cloudflare,https://partiful.com/e/jytNb4IdG0HxwJnqDSgf,https://www.tech-week.com/calendar/nyc,Tuesday,Evening,Cloudflare; Shopify
added,k0Z3WGdanIGHlTsvsAqW,,6200,,Japan x NYC Startup Mixer @ Jungle of Invention,,2026-06-01,,18:00:00,,Brooklyn,,FreakOut HD,https://partiful.com/e/k0Z3WGdanIGHlTsvsAqW,https://www.tech-week.com/calendar/nyc,Monday,Evening,FreakOut HD
changed:name|location,k1T8QalDu09QHClA10Dr,4923,4923,Founder Pitch-an-Investor Dinner,Founders & Investors Happy Hour,2026-06-03,2026-06-03,19:00:00,19:00:00,SoHo,Chelsea,Haven,Haven,https://partiful.com/e/k1T8QalDu09QHClA10Dr,https://www.tech-week.com/calendar/nyc,Wednesday,Evening,Haven
added,k5BGHkPmkIiP0SUK4n0F,,5810,,Shape What's Next with Justworks - A Networking Happy Hour!,,2026-06-04,,17:30:00,,Financial District,,Justworks,https://partiful.com/e/k5BGHkPmkIiP0SUK4n0F,https://www.tech-week.com/calendar/nyc,Thursday,Evening,Justworks
added,kN3NF2qN1659m0p5Yqbv,,4953,,Immersive Oyster Happy Hour with Tandon @The Yard,,2026-06-05,,16:00:00,,Brooklyn,,NYU Tandon @ The Yard,https://partiful.com/e/kN3NF2qN1659m0p5Yqbv,https://www.tech-week.com/calendar/nyc,Friday,Afternoon,NYU Tandon @ The Yard; NYU
changed:event_url,kQOkplcSkP79vs38zqvj,5567,5567,What Quantum Actually Means for Computing,What Quantum Actually Means for Computing,2026-06-02,2026-06-02,09:15:00,09:15:00,Flatiron,Flatiron,IBM,IBM,https://partiful.com/e/kQOkplcSkP79vs38zqvj,https://www.tech-week.com/calendar/nyc,Tuesday,Morning,IBM
changed:location|event_url,kWJ6biyd9u1mGrlP3NU4,5797,5797,AI at Scale: From Deployment to Business Impact,AI at Scale: From Deployment to Business Impact,2026-06-04,2026-06-04,14:00:00,14:00:00,Brooklyn,Midtown,Jobbrex,Jobbrex,https://partiful.com/e/kWJ6biyd9u1mGrlP3NU4,https://www.tech-week.com/calendar/nyc,Thursday,Afternoon,Jobbrex; SocialEDG
added,kZFSvvs0w2QtpLlK5fKp,,6491,,East Asians in Tech Happy Hour,,2026-06-04,,17:00:00,,Korea Town,,East Asians in Tech,https://partiful.com/e/kZFSvvs0w2QtpLlK5fKp,https://www.tech-week.com/calendar/nyc,Thursday,Evening,East Asians in Tech
changed:event_url,kcNK4Mal67OURfFcBLRy,5176,5176,Fireside chat w/ Bryan Kim by ElevenLabs and Verci,Fireside chat w/ Bryan Kim by ElevenLabs and Verci,2026-06-03,2026-06-03,10:00:00,10:00:00,Flatiron,Flatiron,ElevenLabs,ElevenLabs,https://partiful.com/e/kcNK4Mal67OURfFcBLRy,https://www.tech-week.com/calendar/nyc,Wednesday,Morning,ElevenLabs; Verci
changed:name|time,kvGpuFMeACW7ZWPYtxTP,250,250,YouCode AI Salon,AI Happy Hour,2026-06-05,2026-06-05,18:00:00,17:00:00,Brooklyn,Brooklyn,You.com,You.com,https://partiful.com/e/kvGpuFMeACW7ZWPYtxTP,https://www.tech-week.com/calendar/nyc,Friday,Evening,You.com
changed:name|time|event_url,l5ZDdLiowT38u4m6924Q,5809,5809,Sip & Scale: AI For Diverse Founders And Executives,Breakfast & Build: A Community Brunch for Diverse Founders & Execs,2026-06-04,2026-06-04,16:30:00,10:00:00,Midtown,Midtown,Accessible AI for All,Accessible AI for All,https://partiful.com/e/l5ZDdLiowT38u4m6924Q,https://www.tech-week.com/calendar/nyc,Thursday,Morning,Accessible AI for All; Angel Hive
changed:event_url,l79XoRaeQh6iKy77AjAz,4646,4646,Mission Ready: Scaling Defense Tech,Mission Ready: Scaling Defense Tech,2026-06-02,2026-06-02,15:00:00,15:00:00,Chelsea,Chelsea,Defense Capital,Defense Capital,https://partiful.com/e/l79XoRaeQh6iKy77AjAz,https://www.tech-week.com/calendar/nyc,Tuesday,Afternoon,Defense Capital; Rivendell Strategies
changed:event_url,l7bvHYnBBBKSeC7CjeOG,4098,4098,"After Hours: Founders, Investors & Operators","After Hours: Founders, Investors & Operators",2026-06-03,2026-06-03,20:30:00,20:30:00,West Village,West Village,Bulletpitch,Bulletpitch,https://partiful.com/e/l7bvHYnBBBKSeC7CjeOG,https://www.tech-week.com/calendar/nyc,Wednesday,Evening,Bulletpitch
changed:event_url,l9fA0F5sI4gurGc8hc4H,4403,4403,Building Multi-Agent Systems: Scaling Your Startup with Autonomous AI,Building Multi-Agent Systems: Scaling Your Startup with Autonomous AI,2026-06-03,2026-06-03,13:00:00,13:00:00,Chelsea,Chelsea,Google for Startups,Google for Startups,https://partiful.com/e/l9fA0F5sI4gurGc8hc4H,https://www.tech-week.com/calendar/nyc,Wednesday,Afternoon,Google for Startups
added,lBLDmnEK3sHNl8q3phmR,,6635,,Tech Week Web3 Hotel Mixer,,2026-06-04,,17:30:00,,Union Square,,Peiheng,https://partiful.com/e/lBLDmnEK3sHNl8q3phmR,https://www.tech-week.com/calendar/nyc,Thursday,Evening,Peiheng
added,lEuafK4T1kCkkgdRotjO,,6483,,Next-Gen Social Content: AI Video Screening & Deep Dive,,2026-06-02,,18:00:00,,Midtown,,MartiniArt,https://partiful.com/e/lEuafK4T1kCkkgdRotjO,https://www.tech-week.com/calendar/nyc,Tuesday,Evening,MartiniArt
added,lKauxsY3iT3JRiLZji2c,,6630,,"AI-Native Women · NYC: Build, Operate, Influence",,2026-06-05,,18:00:00,,Chinatown,,Her Frontier,https://partiful.com/e/lKauxsY3iT3JRiLZji2c,https://www.tech-week.com/calendar/nyc,Friday,Evening,Her Frontier
changed:time|event_url,lbtUQ9LI46kiVvnjYt8X,4096,4096,Pitch & Drink with P2S.vc 🥤,Pitch & Drink with P2S.vc 🥤,2026-06-01,2026-06-01,17:00:00,17:30:00,Midtown,Midtown,P2S.vc,P2S.vc,https://partiful.com/e/lbtUQ9LI46kiVvnjYt8X,https://www.tech-week.com/calendar/nyc,Monday,Evening,P2S.vc
added,lcmXSFhnXlltkqQjyLuW,,6232,,NYC Tech Week- The New Era of Business Productivity Tools,,2026-06-02,,18:00:00,,Midtown,,Second Axis,https://partiful.com/e/lcmXSFhnXlltkqQjyLuW,https://www.tech-week.com/calendar/nyc,Tuesday,Evening,second axis
changed:event_url,ldrUZdvoSlbrx3uQT7dd,4875,4875,Hack- Aging Vibecoding,Hack- Aging Vibecoding,2026-06-06,2026-06-06,10:30:00,10:30:00,Midtown,Midtown,Owle AI,Owle AI,https://partiful.com/e/ldrUZdvoSlbrx3uQT7dd,https://www.tech-week.com/calendar/nyc,Saturday,Morning,Owle AI
changed:event_url,lhCJYxozQjlHvCuvcafD,92,92,Workflow Delivery in Action: Automate your work with Skywork @ NYCTechWeek,Workflow Delivery in Action: Automate your work with Skywork @ NYCTechWeek,2026-06-02,2026-06-02,16:00:00,16:00:00,SoHo,SoHo,Skywork AI,Skywork AI,https://partiful.com/e/lhCJYxozQjlHvCuvcafD,https://www.tech-week.com/calendar/nyc,Tuesday,Afternoon,Skywork AI
added,li3OTq6DQintDXxppVK8,,5203,,GP-LP Tech Week Mixer,,2026-06-03,,18:30:00,,Midtown,,The Kairos Circle,https://partiful.com/e/li3OTq6DQintDXxppVK8,https://www.tech-week.com/calendar/nyc,Wednesday,Evening,The Kairos Circle
changed:name,ljR8QfU0ZrVOSiE6diIr,105,105,Venture Sails Breakfast,VentureSails Breakfast,2026-06-03,2026-06-03,09:00:00,09:00:00,Brooklyn,Brooklyn,Venture Sails,Venture Sails,https://partiful.com/e/ljR8QfU0ZrVOSiE6diIr,https://www.tech-week.com/calendar/nyc,Wednesday,Morning,Venture Sails; Fonzi AI
changed:time|event_url,llXiWmjG8QWnTZjhjpLc,5471,5471,The Morning Bell,The Morning Bell,2026-06-04,2026-06-04,09:00:00,08:30:00,Midtown,Midtown,Connor Group,Connor Group,https://partiful.com/e/llXiWmjG8QWnTZjhjpLc,https://www.tech-week.com/calendar/nyc,Thursday,Morning,Connor Group; a16z
changed:location|company|event_url,lqu38pgygnmLVET26n7I,6216,6370,"Data in Motion NYC: Messaging, Streaming & Processing","Data in Motion NYC: Messaging, Streaming & Processing",2026-06-04,2026-06-04,11:00:00,11:00:00,Chelsea,Midtown,Software Guru,Beam Summit,https://partiful.com/e/lqu38pgygnmLVET26n7I,https://www.tech-week.com/calendar/nyc,Thursday,Morning,Beam Summit; Google Cloud
changed:event_url,m4g7u5LC1jpbWNzOM60R,6316,6316,Fides Entrepreneurship Pitch Competition,Fides Entrepreneurship Pitch Competition,2026-06-02,2026-06-02,17:00:00,17:00:00,Upper East Side,Upper East Side,Fides Entrepreneurship LLC,Fides Entrepreneurship LLC,https://partiful.com/e/m4g7u5LC1jpbWNzOM60R,https://www.tech-week.com/calendar/nyc,Tuesday,Evening,Fides Entrepreneurship LLC; Altar Ventures
changed:name|date|time,m7pci5eDGgvEMhby9pGq,6282,6282,•• AI Consumer Founders + Investors Cocktail Hour | Hosted by GHOST Angels,•• AI Consumer Founders & Investors Cocktail Hour w/ Snapchat Alumni,2026-06-03,2026-06-02,16:00:00,17:00:00,Hudson Yards,Hudson Yards,GHOST Angels,GHOST Angels,https://partiful.com/e/m7pci5eDGgvEMhby9pGq,https://www.tech-week.com/calendar/nyc,Tuesday,Evening,GHOST Angels
added,mVJjqhRHhpwGdCfSmu6o,,6812,,Atrios Tech Week Basketball: Rolex Giveaway,,2026-06-04,,17:00:00,,Lower East Side,,Atrios,https://partiful.com/e/mVJjqhRHhpwGdCfSmu6o,https://www.tech-week.com/calendar/nyc,Thursday,Evening,Atrios
added,mVKbO7NA2Xf0qLmT4hKt,,6536,,Taiwan Founder Night,,2026-06-05,,18:00:00,,Midtown,,LANDED Accelerator,https://partiful.com/e/mVKbO7NA2Xf0qLmT4hKt,https://www.tech-week.com/calendar/nyc,Friday,Evening,LANDED Accelerator; Taipei Economic And Cultural Office In New York
removed,menYiNujMph20V7zBugJ,4434,,AI Playbooks for Finance Leaders,,2026-06-03,,18:30:00,,Flatiron,,DualEntry,,https://partiful.com/e/menYiNujMph20V7zBugJ,https://www.tech-week.com/calendar/nyc,Wednesday,Evening,DualEntry
changed:name|date,mfI66ljwzfZeqxn7v52g,5250,5250,Build to Exit: The Exit Readiness Hackathon for Women Founders,The Founder's Exit Hackathon: From Identity to Asset,2026-06-05,2026-06-04,11:00:00,11:00:00,Flatiron,Flatiron,Exette,Exette,https://partiful.com/e/mfI66ljwzfZeqxn7v52g,https://www.tech-week.com/calendar/nyc,Thursday,Morning,Exette
changed:time,mlcBwsk8Wv96X3mzEOiM,5694,5694,AI VIPs: Enterprise Edition,AI VIPs: Enterprise Edition,2026-06-03,2026-06-03,17:00:00,17:30:00,Hudson Yards,Hudson Yards,Wells Fargo,Wells Fargo,https://partiful.com/e/mlcBwsk8Wv96X3mzEOiM,https://www.tech-week.com/calendar/nyc,Wednesday,Evening,Wells Fargo; Onsen Global
added,muXQlVgG3uqwpbvvPIve,,6569,,The Deal House,,2026-06-01,,10:00:00,,SoHo,,Expert DOJO,https://partiful.com/e/muXQlVgG3uqwpbvvPIve,https://www.tech-week.com/calendar/nyc,Monday,Morning,Expert DOJO; Nightrush AI
changed:time,n5uCUeAb1zW9pXNEqsg3,6348,6348,The New Arsenal,The New Arsenal,2026-06-01,2026-06-01,16:00:00,15:00:00,Midtown,Midtown,VC in DC,VC in DC,https://partiful.com/e/n5uCUeAb1zW9pXNEqsg3,https://www.tech-week.com/calendar/nyc,Monday,Afternoon,VC in DC
added,n9CCyMio7NyeQT2wkeE3,,6545,,"Defense Tech Debate + Reception with Bloomberg, Lux Capital, & Tech:NYC",,2026-06-02,,17:00:00,,Nomad,,Bloomberg,https://partiful.com/e/n9CCyMio7NyeQT2wkeE3,https://www.tech-week.com/calendar/nyc,Tuesday,Evening,Bloomberg; Bloomberg Beta; Lux Capital; Tech:NYC
added,nCOyIyn3INX9mJU4E6Vt,,6312,,South Asian Summer Social @ Central Park,,2026-06-07,,11:00:00,,Central Park,,American South Asian Network (ASAN),https://partiful.com/e/nCOyIyn3INX9mJU4E6Vt,https://www.tech-week.com/calendar/nyc,Sunday,Morning,American South Asian Network (ASAN)
added,nDR5zz1fydJhFJcxu1Bj,,6441,,Dinner with 14 CEOs + 1 Imposter,,2026-06-04,,20:00:00,,Flatiron,,Six,https://partiful.com/e/nDR5zz1fydJhFJcxu1Bj,https://www.tech-week.com/calendar/nyc,Thursday,Evening,Six
added,nDbviUZWOe0l4xxDr82M,,6360,,Tech for Safer Cities: Tackling Gender Based Violence for Women & Youth,,2026-06-03,,11:00:00,,Financial District,,Red Dot Foundation Global,https://partiful.com/e/nDbviUZWOe0l4xxDr82M,https://www.tech-week.com/calendar/nyc,Wednesday,Morning,Red Dot Foundation Global; Mobile Pathways; The CUNY Public Interest Tech Lab
changed:time|event_url,nQFM0OFzDP65DYIKDBCm,4622,4622,Big Data NYC,Big Data NYC,2026-06-04,2026-06-04,09:00:00,08:00:00,Financial District,Financial District,About Blank Creative,About Blank Creative,https://partiful.com/e/nQFM0OFzDP65DYIKDBCm,https://www.tech-week.com/calendar/nyc,Thursday,Morning,About Blank Creative
added,ncMRzEENiRelhy8yHSIM,,6508,,The City Hacks the State: Part 2 - Hackathon,,2026-06-05,,12:00:00,,Meatpacking District,,JEA Advertising,https://partiful.com/e/ncMRzEENiRelhy8yHSIM,https://www.tech-week.com/calendar/nyc,Friday,Noon,JEA Advertising; InsureMEP
changed:event_url,ndxAl17PlEmXU25KpLzy,4466,4466,From Legislation to Action: Shaping the Future of Privacy in New York,From Legislation to Action: Shaping the Future of Privacy in New York,2026-06-03,2026-06-03,19:00:00,19:00:00,Greenwich Village,Greenwich Village,Woodhull Freedom Foundation,Woodhull Freedom Foundation,https://partiful.com/e/ndxAl17PlEmXU25KpLzy,https://www.tech-week.com/calendar/nyc,Wednesday,Evening,Woodhull Freedom Foundation; Equality NY
added,neEOpN1kjAiwJP4T3mVS,,6750,,Beyond Boarders Happy Hour,,2026-06-03,,16:00:00,,SoHo,,Deel,https://partiful.com/e/neEOpN1kjAiwJP4T3mVS,https://www.tech-week.com/calendar/nyc,Wednesday,Afternoon,Deel; SVB
added,ng86YpYK7z8hyoGBDHb2,,5426,,AI in action: Executive roundtable & live demo forum,,2026-06-04,,10:00:00,,Midtown,,PwC,https://partiful.com/e/ng86YpYK7z8hyoGBDHb2,https://www.tech-week.com/calendar/nyc,Thursday,Morning,PwC
changed:name|event_url,ngqSYGVrZpgvkP9AuoFT,4865,4865,Allometric Dining,Allometric Dining 2026,2026-06-03,2026-06-03,18:30:00,18:30:00,Lower East Side,Lower East Side,Allometry,Allometry,https://partiful.com/e/ngqSYGVrZpgvkP9AuoFT,https://www.tech-week.com/calendar/nyc,Wednesday,Evening,Allometry; Dispatch Ventures
changed:location|event_url,nhAcRk8Jk8F1D2h8ABYN,6302,6302,Similarweb Data at Bat - Luxury Suite at Yankee Stadium,Similarweb Data at Bat - Luxury Suite at Yankee Stadium,2026-06-03,2026-06-03,19:00:00,19:00:00,Bronx,Upper Manhattan,Similarweb,Similarweb,https://partiful.com/e/nhAcRk8Jk8F1D2h8ABYN,https://www.tech-week.com/calendar/nyc,Wednesday,Evening,Similarweb
changed:event_url,ntFLcJCa0fpG8Lorosoh,5921,5921,The Ventures Startup Award New York 2026,The Ventures Startup Award New York 2026,2026-06-02,2026-06-02,16:00:00,16:00:00,Financial District,Financial District,The Ventures,The Ventures,https://partiful.com/e/ntFLcJCa0fpG8Lorosoh,https://www.tech-week.com/calendar/nyc,Tuesday,Afternoon,Company Ventures
changed:date|event_url,nuG19qqVmzUPc7lcUsHr,5294,5294,"The Rise Circle: Founders, Investors & Innovation Leaders","The Rise Circle: Founders, Investors & Innovation Leaders",2026-06-02,2026-06-04,10:00:00,10:00:00,Midtown,Midtown,African Women in STEM,African Women in STEM,https://partiful.com/e/nuG19qqVmzUPc7lcUsHr,https://www.tech-week.com/calendar/nyc,Thursday,Morning,African Women in STEM; Altruistic Scribe
changed:event_url,o12fTrggML0yeuEWG561,5898,5898,Founder Happy Hour,Founder Happy Hour,2026-06-02,2026-06-02,16:00:00,16:00:00,Lower East Side,Lower East Side,Companyon Ventures,Companyon Ventures,https://partiful.com/e/o12fTrggML0yeuEWG561,https://www.tech-week.com/calendar/nyc,Tuesday,Afternoon,Companyon Ventures; Sent
changed:event_url,o1qradCjiAlnUg3c6ZWj,5430,5430,Build Mode: How RevOps & GTM Teams Are Becoming AI-Powered Builders,Build Mode: How RevOps & GTM Teams Are Becoming AI-Powered Builders,2026-06-03,2026-06-03,18:00:00,18:00:00,SoHo,SoHo,HubSpot,HubSpot,https://partiful.com/e/o1qradCjiAlnUg3c6ZWj,https://www.tech-week.com/calendar/nyc,Wednesday,Evening,HubSpot
removed,o3Ux5EmDllYV8E8yuJMA,4935,,Max Her Potential — by AI Valley × MiniMax,,2026-06-04,,18:00:00,,Greenwich Village,,AI Valley,,https://partiful.com/e/o3Ux5EmDllYV8E8yuJMA?c=nnJHKOal,https://www.tech-week.com/calendar/nyc,Thursday,Evening,AI Valley; MiniMax
added,oAkb6sUA678cbVtfJaKL,,4996,,The AI x Sustainability Paradox: Using Climate AI Responsibly,,2026-06-02,,09:00:00,,Midtown,,Women in Cleantech & Sustainability,https://partiful.com/e/oAkb6sUA678cbVtfJaKL,https://www.tech-week.com/calendar/nyc,Tuesday,Morning,Women in Cleantech and Sustainability
changed:event_url,oQvmxTsHOVayx47ok3li,4200,4200,NYC B2B: AI Founders & Investors Mixer,NYC B2B: AI Founders & Investors Mixer,2026-06-01,2026-06-01,18:30:00,18:30:00,Financial District,Financial District,NYC B2B,NYC B2B,https://partiful.com/e/oQvmxTsHOVayx47ok3li,https://www.tech-week.com/calendar/nyc,Monday,Evening,NYC B2B
changed:name,oS8dmcPrh1qCmoXJmag0,5249,5249,"Close the Laptop, Validate in Person","Close the Laptop, Validate in Person (Sponsored by BMO)",2026-06-02,2026-06-02,18:00:00,18:00:00,Gramercy Park,Gramercy Park,Startup Baddie,Startup Baddie,https://partiful.com/e/oS8dmcPrh1qCmoXJmag0,https://www.tech-week.com/calendar/nyc,Tuesday,Evening,Startup Baddie; Social Company of Soho
changed:event_url,oSKdFZqbiwxr0frzonCz,6182,6182,"Putting the ""AI"" in Learning","Putting the ""AI"" in Learning",2026-06-03,2026-06-03,17:30:00,17:30:00,Flatiron,Flatiron,Zo Computer,Zo Computer,https://partiful.com/e/oSKdFZqbiwxr0frzonCz,https://www.tech-week.com/calendar/nyc,Wednesday,Evening,Zo Computer; The Future of Higher Education
changed:event_url,oZjPIrymA9JRf4x3t4GO,4390,4390,The Architecture of Failure: A 401-Level Masterclass on AI Agents,The Architecture of Failure: A 401-Level Masterclass on AI Agents,2026-06-03,2026-06-03,10:45:00,10:45:00,Chelsea,Chelsea,Google for Startups,Google for Startups,https://partiful.com/e/oZjPIrymA9JRf4x3t4GO,https://www.tech-week.com/calendar/nyc,Wednesday,Morning,Google for Startups
added,obCSrtSObg9mVne5kl4D,,6576,,Swiss Innovation @ NY Tech Week 2026,,2026-06-02,,18:00:00,,East Village,,Swissnex,https://partiful.com/e/obCSrtSObg9mVne5kl4D,https://www.tech-week.com/calendar/nyc,Tuesday,Evening,Swissnex
changed:event_url,of5BZt7bvyRnAWZ3xoK7,5750,5750,Build A Plan of Life - Can AI Help with Daily Spiritual Habits?,Build A Plan of Life - Can AI Help with Daily Spiritual Habits?,2026-06-06,2026-06-06,09:00:00,09:00:00,Greenwich Village,Greenwich Village,BuildSaints,BuildSaints,https://partiful.com/e/of5BZt7bvyRnAWZ3xoK7,https://www.tech-week.com/calendar/nyc,Saturday,Morning,BuildSaints; St Joseph’s Entrepreneur Club
added,omWNQXlOurTDgzPvdiO3,,6768,,FoundHer House: The Female Funding Floor,,2026-06-03,,13:00:00,,Greenwich Village,,FoundHer House,https://partiful.com/e/omWNQXlOurTDgzPvdiO3,https://www.tech-week.com/calendar/nyc,Wednesday,Afternoon,FoundHer House; Pace Capital
added,orQg3cOa8TT6n5TAgni0,,6386,,QonfX - An Invite-Only Gathering of QA & Tech Leaders,,2026-06-03,,08:30:00,,Chelsea,,The Test Tribe,https://partiful.com/e/orQg3cOa8TT6n5TAgni0,https://www.tech-week.com/calendar/nyc,Wednesday,Morning,The Test Tribe
changed:time,otWn9aTcoYTcUY4QWh5x,4802,4802,NY TECH PRAYER BRUNCH,NY TECH PRAYER BRUNCH,2026-06-06,2026-06-06,11:00:00,10:00:00,Brooklyn,Brooklyn,Gather for Glory,Gather for Glory,https://partiful.com/e/otWn9aTcoYTcUY4QWh5x,https://www.tech-week.com/calendar/nyc,Saturday,Morning,Gather for Glory; Baddies in Tech
changed:name|date|time,p0S0WixaAo2RJlWgsVlf,5465,5465,G-Hacks,Tomorrow's Unicorns,2026-06-06,2026-06-05,10:00:00,14:00:00,Flatiron,Flatiron,G-Fellows,G-Fellows,https://partiful.com/e/p0S0WixaAo2RJlWgsVlf,https://www.tech-week.com/calendar/nyc,Friday,Afternoon,G-Fellows
added,p74X9KDrgoLaDtU8BmvS,,6519,,SGLang Happy Hour: AI Infra in Finance,,2026-06-03,,18:00:00,,SoHo,,SGLang,https://partiful.com/e/p74X9KDrgoLaDtU8BmvS,https://www.tech-week.com/calendar/nyc,Wednesday,Evening,SGLang; HOF Capital; Arklex AI
changed:event_url,p7KXoFYmCuOcPl7nBRkg,4259,4259,Nutrinity: Data to Diet,Nutrinity: Data to Diet,2026-06-07,2026-06-07,15:00:00,15:00:00,Queens,Queens,Nutrinity,Nutrinity,https://partiful.com/e/p7KXoFYmCuOcPl7nBRkg,https://www.tech-week.com/calendar/nyc,Sunday,Afternoon,Nutrinity
added,p9eZwFALkLMiqIkrHbvK,,6197,,Women Shaping the Future of Fintech,,2026-06-07,,08:30:00,,Midtown,,Women X,https://partiful.com/e/p9eZwFALkLMiqIkrHbvK,https://www.tech-week.com/calendar/nyc,Sunday,Morning,Women X
changed:event_url,pApvNad0HXI8rB7YoP2C,4015,4015,From Ticketing to Intelligence: AI’s Impact on the $1T Events Industry,From Ticketing to Intelligence: AI’s Impact on the $1T Events Industry,2026-06-01,2026-06-01,17:00:00,17:00:00,Midtown,Midtown,AES NYC,AES NYC,https://partiful.com/e/pApvNad0HXI8rB7YoP2C,https://www.tech-week.com/calendar/nyc,Monday,Evening,AES NYC
changed:event_url,pBO053WMRiTeA0rADpmR,5639,5639,The job market in the age of AI,The job market in the age of AI,2026-06-01,2026-06-01,18:00:00,18:00:00,Midtown,Midtown,Unlocked Consultancy,Unlocked Consultancy,https://partiful.com/e/pBO053WMRiTeA0rADpmR,https://www.tech-week.com/calendar/nyc,Monday,Evening,Unlocked Consultancy; Gartner
added,pE0mRfPx7XPRe9uegQyl,,6567,,Rhino User Meetup,,2026-06-01,,18:00:00,,Financial District,,Raven,https://partiful.com/e/pE0mRfPx7XPRe9uegQyl,https://www.tech-week.com/calendar/nyc,Monday,Evening,Raven; McNeel
added,pIS8aostHgPm9GXmaN6X,,4882,,Voice AI Meetup: Build a Voice Agent in 1 hour,,2026-06-03,,17:00:00,,SoHo,,AssemblyAI,https://partiful.com/e/pIS8aostHgPm9GXmaN6X,https://www.tech-week.com/calendar/nyc,Wednesday,Evening,AssemblyAI
added,pR2diUa7uD7hgdkPhiij,,6270,,Becoming a Responsible AI Company: How to get started,,2026-06-03,,08:00:00,,Flatiron,,The Ethical Tech Project,https://partiful.com/e/pR2diUa7uD7hgdkPhiij,https://www.tech-week.com/calendar/nyc,Wednesday,Morning,The Ethical Tech Project
added,pRGMGLY8pbqZl3qbuG9s,,4004,,From Detection to Deployment: A New Era for Diabetic Foot Care,,2026-06-03,,08:45:00,,Central Park,,Solecooler,https://partiful.com/e/pRGMGLY8pbqZl3qbuG9s,https://www.tech-week.com/calendar/nyc,Wednesday,Morning,Solecooler; Maison de la région Occitanie à New York
changed:event_url,phA77R6PScqhIZFskbMO,5868,5868,"Authorized Access: Gender, Power & Tech","Authorized Access: Gender, Power & Tech",2026-06-03,2026-06-03,11:00:00,11:00:00,Virtual (NYC),Virtual (NYC),Product Advisory Collective (PAC),Product Advisory Collective (PAC),https://partiful.com/e/phA77R6PScqhIZFskbMO,https://www.tech-week.com/calendar/nyc,Wednesday,Morning,Product Advisory Collective (PAC)
added,piSMRtidmZjBAZR6kvqL,,6590,,"Steeped in Tech: A Tea Reception Exploring AI, Taste & Human Experience",,2026-06-05,,15:00:00,,Midtown,,Tea Drunk,https://partiful.com/e/piSMRtidmZjBAZR6kvqL,https://www.tech-week.com/calendar/nyc,Friday,Afternoon,Tea Drunk
changed:event_url,ploDSsK5Pxj3iKdDAQk3,5906,5906,Cybersecurity Happy Hour by Dashlane,Cybersecurity Happy Hour by Dashlane,2026-06-02,2026-06-02,18:00:00,18:00:00,Union Square,Union Square,Dashlane,Dashlane,https://partiful.com/e/ploDSsK5Pxj3iKdDAQk3,https://www.tech-week.com/calendar/nyc,Tuesday,Evening,Dashlane
added,pmDosvwgBQPxLVDk8WWb,,6506,,Fintech Engineers Happy Hour,,2026-06-01,,18:00:00,,SoHo,,Dots (YC S21),https://partiful.com/e/pmDosvwgBQPxLVDk8WWb,https://www.tech-week.com/calendar/nyc,Monday,Evening,Dots (YC S21)
changed:event_url,pnYKgdY9IvyeGStLgEKU,5894,5894,Frontier House NYC Community Mixer,Frontier House NYC Community Mixer,2026-06-03,2026-06-03,15:00:00,15:00:00,Midtown,Midtown,Eleven Wall Ventures,Eleven Wall Ventures,https://partiful.com/e/pnYKgdY9IvyeGStLgEKU,https://www.tech-week.com/calendar/nyc,Wednesday,Afternoon,Eleven Wall Ventures
changed:name|time,q03mHDi30q0D30zx4Ofa,5160,5160,Vibe Space Investors Dinner,Vibe Space Founders & Investors Mixer,2026-06-01,2026-06-01,18:00:00,17:00:00,Tribeca,Tribeca,Vibe Space,Vibe Space,https://partiful.com/e/q03mHDi30q0D30zx4Ofa,https://www.tech-week.com/calendar/nyc,Monday,Evening,Vibe Space
changed:name,q9Ekc1IjHSv32Xmd8hXB,5715,5715,Investors at the Cutting Edge Luncheon with Mercury,Investors in the Cutting Edge Luncheon with Mercury,2026-06-01,2026-06-01,11:00:00,11:00:00,SoHo,SoHo,Actuate Ventures,Actuate Ventures,https://partiful.com/e/q9Ekc1IjHSv32Xmd8hXB,https://www.tech-week.com/calendar/nyc,Monday,Morning,Actuate Ventures
added,qHNiowdDBNRygRjZlYcp,,6313,,Tech Week: Networking Event by Ascent Valley,,2026-06-03,,18:00:00,,Financial District,,Ascent Valley,https://partiful.com/e/qHNiowdDBNRygRjZlYcp,https://www.tech-week.com/calendar/nyc,Wednesday,Evening,Ascent Valley
added,qM9SmpgGutQg5bm5PLGI,,6607,,Optimize Nonprofit Impact with monday.com AI,,2026-06-04,,09:00:00,,Union Square,,monday.com,https://partiful.com/e/qM9SmpgGutQg5bm5PLGI,https://www.tech-week.com/calendar/nyc,Thursday,Morning,monday.com
added,qRPqQEngVH26DukCxojf,,6513,,The New Money Builders: Fintech and Venture Capital in Latin America,,2026-06-03,,09:15:00,,Midtown,,Consulate General of Argentina in New York,https://partiful.com/e/qRPqQEngVH26DukCxojf,https://www.tech-week.com/calendar/nyc,Wednesday,Morning,Consulate General of Argentina in New York
changed:name|location|event_url,qZn5XHYuMR373Ah1MIen,4230,4230,"BREWS, PITCH & CHILL #Westchester County","BREWS, PITCH & CHILL",2026-06-04,2026-06-04,18:00:00,18:00:00,,Upper Manhattan,"SafeStops Global, Inc.","SafeStops Global, Inc.",https://partiful.com/e/qZn5XHYuMR373Ah1MIen,https://www.tech-week.com/calendar/nyc,Thursday,Evening,"SafeStops Global, Inc.; QUAY Acceleration"
changed:event_url,qbDSnp1ZsPjrh0Z4SsCH,4918,4918,White Space: Custom AF1 Workshop for CMOs,White Space: Custom AF1 Workshop for CMOs,2026-06-04,2026-06-04,14:30:00,14:30:00,Union Square,Union Square,Meet The Edge,Meet The Edge,https://partiful.com/e/qbDSnp1ZsPjrh0Z4SsCH,https://www.tech-week.com/calendar/nyc,Thursday,Afternoon,Meet The Edge; Partytrick; ViewEngine
changed:event_url,qby7sUnWQut791gK5Y9Q,6328,6328,Digital Identity: Fighting Consumer Fraud in Financial Services,Digital Identity: Fighting Consumer Fraud in Financial Services,2026-06-02,2026-06-02,09:00:00,09:00:00,Midtown,Midtown,Heka Global,Heka Global,https://partiful.com/e/qby7sUnWQut791gK5Y9Q,https://www.tech-week.com/calendar/nyc,Tuesday,Morning,Heka Global; Pearl Cohen
changed:event_url,qcs6HrzV1RsoT1Hj1tnI,4039,4039,South Asian Builders Happy Hour / Networking,South Asian Builders Happy Hour / Networking,2026-06-05,2026-06-05,18:30:00,18:30:00,Chelsea,Chelsea,Products by Women,Products by Women,https://partiful.com/e/qcs6HrzV1RsoT1Hj1tnI,https://www.tech-week.com/calendar/nyc,Friday,Evening,Products by Women; Geeks & Experts
added,qpq2DX18rcPKN4LDTtJb,,6596,,AI Agents in Finance - The Next Wave of Adoption,,2026-06-01,,18:00:00,,Nomad,,Women Leading AI,https://partiful.com/e/qpq2DX18rcPKN4LDTtJb,https://www.tech-week.com/calendar/nyc,Monday,Evening,Women in AI
removed,qwD33mqjlIWu3x6c3CM6,4584,,Unlocking US capital,,2026-06-03,,19:00:00,,Central Park,,Lazo Fintech Inc,,https://partiful.com/e/qwD33mqjlIWu3x6c3CM6,https://www.tech-week.com/calendar/nyc,Wednesday,Evening,Lazo Fintech Inc
changed:name,qxjNrusOA1hYxqATXnsn,4134,4134,Private Founders Dinner ft. MD at Insights Partners ($90B+ AUM),Private AI x Private Equity and Fund Operators Dinner ft. MD at Insights Partners ($90B+ AUM),2026-06-02,2026-06-02,18:30:00,18:30:00,Midtown,Midtown,Supermomos,Supermomos,https://partiful.com/e/qxjNrusOA1hYxqATXnsn,https://www.tech-week.com/calendar/nyc,Tuesday,Evening,Supermomos
added,qyk65dBFAtgDutz68VMK,,6336,,11-11 Venture Building Sprint: Tech Week Edition by Madeline & Co. + Excelsior Edge Ventures,,2026-06-05,,11:00:00,,Financial District,,Madeline & Co.,https://partiful.com/e/qyk65dBFAtgDutz68VMK,https://www.tech-week.com/calendar/nyc,Friday,Morning,Madeline & Co.; Excelsior Edge Ventures
added,r0srpfriv3SWRcQEBVk7,,6261,,The New 0→1 GTM Playbook for AI-Native Founders,,2026-06-04,,16:30:00,,Midtown,,Digitalista,https://partiful.com/e/r0srpfriv3SWRcQEBVk7,https://www.tech-week.com/calendar/nyc,Thursday,Afternoon,Digitalista
changed:location|event_url,r9eck0K6ZWexRHMzjGNV,5680,5652,"Trust, Talent & AI in the Enterprise","Trust, Talent & AI in the Enterprise",2026-06-03,2026-06-03,18:00:00,18:00:00,Upper Manhattan,Midtown,Unlocked Consultancy,Unlocked Consultancy,https://partiful.com/e/r9eck0K6ZWexRHMzjGNV,https://www.tech-week.com/calendar/nyc,Wednesday,Evening,Unlocked Consultancy; Gartner
added,rKC8JinNw0ODFYE8bevJ,,6636,,Anchor Angels x Vanderbilt C4E Pitch Day,,2026-06-02,,14:30:00,,Chelsea,,Vanderbilt University,https://partiful.com/e/rKC8JinNw0ODFYE8bevJ,https://www.tech-week.com/calendar/nyc,Tuesday,Afternoon,Vanderbilt University; Anchor Angels
added,rLtByVXIsbqhgD3CEvaS,,6609,,IGNITE 2026,,2026-06-03,,16:00:00,,Midtown,,Lowenstein Sandler,https://partiful.com/e/rLtByVXIsbqhgD3CEvaS,https://www.tech-week.com/calendar/nyc,Wednesday,Afternoon,Lowenstein Sandler; Chilly Works
changed:event_url,rRCBVWRZ2Hijadxm4yfr,5450,5450,TechWalk,TechWalk,2026-06-05,2026-06-05,17:30:00,17:30:00,Queens,Queens,TechWalk,TechWalk,https://partiful.com/e/rRCBVWRZ2Hijadxm4yfr,https://www.tech-week.com/calendar/nyc,Friday,Evening,TechWalk
added,rYEwnDFPz3NvShbq76M1,,5794,,The City Hacks the State: Part 1 - Panel Discussion,,2026-06-04,,14:00:00,,Meatpacking District,,JEA Advertising,https://partiful.com/e/rYEwnDFPz3NvShbq76M1,https://www.tech-week.com/calendar/nyc,Thursday,Afternoon,JEA Advertising; InsureMEP
added,rbrAD6bdIvtkmWCsBThO,,6532,,Build & Pitch w/ Raylu,,2026-06-03,,18:30:00,,Midtown,,Raylu,https://partiful.com/e/rbrAD6bdIvtkmWCsBThO,https://www.tech-week.com/calendar/nyc,Wednesday,Evening,Raylu
changed:event_url,rbyGArpMSo4phJfeVmrw,6234,6234,"Built by Women, Backed by Community","Built by Women, Backed by Community",2026-06-01,2026-06-01,16:15:00,16:15:00,East Village,East Village,Socializela.com,Socializela.com,https://partiful.com/e/rbyGArpMSo4phJfeVmrw,https://www.tech-week.com/calendar/nyc,Monday,Afternoon,Socializela.com
changed:event_url,rcs7MwVhZaSmpWJfQPkI,4748,4748,Bounty Launch Event,Bounty Launch Event,2026-06-02,2026-06-02,16:00:00,16:00:00,Midtown,Midtown,Propel Earth,Propel Earth,https://partiful.com/e/rcs7MwVhZaSmpWJfQPkI,https://www.tech-week.com/calendar/nyc,Tuesday,Afternoon,Propel Earth
changed:date|time,rlMYu1yn8OTgJ0Vbaopm,5244,5244,She's Selling: Building the $3.3T Future of Female Exits with Fintech,She's Selling: Building the $3.3T Future of Female Exits with Fintech,2026-06-04,2026-06-05,17:00:00,10:00:00,Flatiron,Flatiron,Exette,Exette,https://partiful.com/e/rlMYu1yn8OTgJ0Vbaopm,https://www.tech-week.com/calendar/nyc,Friday,Morning,Exette
changed:date,roBdpE5BbsISagoa8CzN,4628,4628,founder wellness,founder wellness,2026-06-04,2026-06-03,17:00:00,17:00:00,East Village,East Village,The Collective,The Collective,https://partiful.com/e/roBdpE5BbsISagoa8CzN,https://www.tech-week.com/calendar/nyc,Wednesday,Evening,The Collective; Zendesk
changed:date|time,rsCEzQaaJQJ2gbgdNrvP,4546,4546,🥃 What AI Can't Fix Yet Happy Hour,🥃 What AI Can't Fix Yet Happy Hour,2026-06-03,2026-06-01,18:00:00,17:00:00,SoHo,SoHo,Somnio Software,Somnio Software,https://partiful.com/e/rsCEzQaaJQJ2gbgdNrvP,https://www.tech-week.com/calendar/nyc,Monday,Evening,Somnio Software
changed:event_url,s4Oj5daPuG8kw5MqKOQV,5312,5312,"Build Anywhere, Scale Everywhere: Global Founders Walk","Build Anywhere, Scale Everywhere: Global Founders Walk",2026-06-04,2026-06-04,17:30:00,17:30:00,SoHo,SoHo,Afro Adventurer,Afro Adventurer,https://partiful.com/e/s4Oj5daPuG8kw5MqKOQV,https://www.tech-week.com/calendar/nyc,Thursday,Evening,Afro Adventurer; christineolukere@gmail.com
changed:event_url,sCLj6JNfrcfMGlFQ7cZQ,4895,4895,TECH NETWORKING MIXER,TECH NETWORKING MIXER,2026-06-01,2026-06-01,17:30:00,17:30:00,Midtown,Midtown,Cuculi,Cuculi,https://partiful.com/e/sCLj6JNfrcfMGlFQ7cZQ,https://www.tech-week.com/calendar/nyc,Monday,Evening,Cuculi
changed:event_url,sDrNi3lXsHFWExiKn9Gf,4543,4543,Chi-Ching: Integrated Financial Operations,Chi-Ching: Integrated Financial Operations,2026-06-05,2026-06-05,11:00:00,11:00:00,Virtual (NYC),Virtual (NYC),WIZETRAK,WIZETRAK,https://partiful.com/e/sDrNi3lXsHFWExiKn9Gf,https://www.tech-week.com/calendar/nyc,Friday,Morning,WIZETRAK
added,sM2xFUYglx4DTIZZrw3S,,6500,,Duct Tape and GPUs: How AI is Being Used to Stitch PE Rollups Together,,2026-06-06,,13:00:00,,Midtown,,Tallaris Partners,https://partiful.com/e/sM2xFUYglx4DTIZZrw3S,https://www.tech-week.com/calendar/nyc,Saturday,Afternoon,Tallaris Partners
removed,sPplaYAA13KdbMUnQQiu,5104,,"Healthcare & Self-Care, Bridging the Gap with ionava @ Yunara Life",,2026-06-03,,09:00:00,,Gramercy Park,,Yunara Life,,https://partiful.com/e/sPplaYAA13KdbMUnQQiu,https://www.tech-week.com/calendar/nyc,Wednesday,Morning,Yunara Life; Coeus Collective Ventures; IONAVA
changed:name|event_url,sc4MhJbd0dglGivVnHYe,4928,4928,VibeHack: Health x AI - Build your prototype & win $500 + API credits,VibeHack: Health x AI - Build your prototype & win $500+ in API credits,2026-06-07,2026-06-07,08:30:00,08:30:00,Midtown,Midtown,Girls Into VC NYC,Girls Into VC NYC,https://partiful.com/e/sc4MhJbd0dglGivVnHYe,https://www.tech-week.com/calendar/nyc,Sunday,Morning,Girls Into VC NYC; Scalpels & Spreadsheets; Fierce Foundry
added,skTQjAxgpIZ5kvh3mX6J,,6309,,GLOW & GO LAUNCH PILATES,,2026-06-06,,14:30:00,,Flatiron,,Skinsights.Ai,https://partiful.com/e/skTQjAxgpIZ5kvh3mX6J,https://www.tech-week.com/calendar/nyc,Saturday,Afternoon,Skinsights.Ai
changed:date|time,snxRe8QOXHDYcWtGhZVn,5239,5239,AuthorHaus Panel: Who Owns Your Ideas in the AI Era?,AuthorHaus Panel: Who Owns Your Ideas in the AI Era?,2026-06-03,2026-06-04,16:00:00,12:00:00,Murray Hill,Murray Hill,Walker Media LLC,Walker Media LLC,https://partiful.com/e/snxRe8QOXHDYcWtGhZVn,https://www.tech-week.com/calendar/nyc,Thursday,Noon,Walker Media LLC
changed:name|time,suiUkzxWKTrNjbWRUoAe,5013,5013,Tech IPO Summit,Tech IPO Summit: The path from private to public,2026-06-02,2026-06-02,14:00:00,08:00:00,Flatiron,Flatiron,Goodfin,Goodfin,https://partiful.com/e/suiUkzxWKTrNjbWRUoAe,https://www.tech-week.com/calendar/nyc,Tuesday,Morning,Goodfin
changed:time|location,svhgMRybAh1XPlLVVXRH,5226,5226,Coding Agents Write Code. Remy Builds Products.,Coding Agents Write Code. Remy Builds Products.,2026-06-03,2026-06-03,18:00:00,17:30:00,Flatiron,Nomad,MindStudio,MindStudio,https://partiful.com/e/svhgMRybAh1XPlLVVXRH,https://www.tech-week.com/calendar/nyc,Wednesday,Evening,MindStudio; LvlUp Ventures; Sip & Scale
changed:name|event_url,t00vYqgLgEg6ACA3C4R1,4260,4260,"Borderless Tech Careers: Global Hiring, Redefined",How Do You Build a Borderless Tech Career in the AI Era? Hosted by Darshana and Get on Board,2026-06-01,2026-06-01,08:00:00,08:00:00,Virtual (NYC),Virtual (NYC),darshana.ai,darshana.ai,https://partiful.com/e/t00vYqgLgEg6ACA3C4R1,https://www.tech-week.com/calendar/nyc,Monday,Morning,darshana.ai; Get on Board
changed:event_url,t0O0kfWCNoBezm5F5x75,4899,4899,Last Call for Resumes,Last Call for Resumes,2026-06-01,2026-06-01,17:30:00,17:30:00,Brooklyn,Brooklyn,VCAR,VCAR,https://partiful.com/e/t0O0kfWCNoBezm5F5x75,https://www.tech-week.com/calendar/nyc,Monday,Evening,VCAR
changed:event_url,t8YZUAfBPV56O8zW2dER,4714,4714,NYC Tech Week Pitch Competition,NYC Tech Week Pitch Competition,2026-06-01,2026-06-01,17:45:00,17:45:00,Midtown,Midtown,Propel Earth,Propel Earth,https://partiful.com/e/t8YZUAfBPV56O8zW2dER,https://www.tech-week.com/calendar/nyc,Monday,Evening,Propel Earth
changed:event_url,tITnWmy3y2QvpNeyg6tS,6172,6172,Why Investors Say No; What the Data Actually Shows,Why Investors Say No; What the Data Actually Shows,2026-06-01,2026-06-01,14:00:00,14:00:00,Meatpacking District,Meatpacking District,GoPresent,GoPresent,https://partiful.com/e/tITnWmy3y2QvpNeyg6tS,https://www.tech-week.com/calendar/nyc,Monday,Afternoon,"GoPresent; Office of Tomorrow; Simon Squibb, HelpBnk & 81 other investments"
added,tLkNSguUFu4OSJwMiwDI,,6434,,The AI Effect: How Enterprises Are Actually Winning,,2026-06-04,,17:00:00,,Midtown,,Kizen,https://partiful.com/e/tLkNSguUFu4OSJwMiwDI,https://www.tech-week.com/calendar/nyc,Thursday,Evening,Kizen
added,tPlMvExfd6gOdgKCW6O7,,4931,,Tessera Labs x a16z : The Closing Gap (Private Dinner),,2026-06-03,,17:30:00,,Flatiron,,Tessera Labs,https://partiful.com/e/tPlMvExfd6gOdgKCW6O7,https://www.tech-week.com/calendar/nyc,Wednesday,Evening,Tessera Labs
added,tUV88fW7J763Q0ZLdTBI,,6526,,The Mooch and IBM’s Gary Cohn on Owning the Future: Digital Sovereignty in the Age of AI,,2026-06-04,,13:00:00,,Flatiron,,IBM,https://partiful.com/e/tUV88fW7J763Q0ZLdTBI,https://www.tech-week.com/calendar/nyc,Thursday,Afternoon,IBM
changed:name,tWK9RNlH5bTADdjGdeeB,4465,4465,"Longevity: Science, Tech & Capital","Longevity: Science, Tech, & Capital",2026-06-02,2026-06-02,12:45:00,12:45:00,Upper East Side,Upper East Side,The Different Health,The Different Health,https://partiful.com/e/tWK9RNlH5bTADdjGdeeB,https://www.tech-week.com/calendar/nyc,Tuesday,Noon,The Different Health; The reason AI
added,tZhaSlXaHE3UvbpBvXAZ,,6387,,Investor Dinner with Stifel Bank & York IE,,2026-06-02,,17:30:00,,Midtown,,York IE,https://partiful.com/e/tZhaSlXaHE3UvbpBvXAZ,https://www.tech-week.com/calendar/nyc,Tuesday,Evening,York IE; Stifel Bank
added,tnjdx3R4HJ3wQyZeZ8PI,,6820,,NYC TechWeek x CHIEF: Building AI for an Intentional Life,,2026-06-04,,17:30:00,,Union Square,,Banjo.ai,https://partiful.com/e/tnjdx3R4HJ3wQyZeZ8PI,https://www.tech-week.com/calendar/nyc,Thursday,Evening,Banjo.ai; Chief
changed:event_url,tomdkKStTFKFSARo3Sin,6228,6228,Navigating AI Adoption For Business Leaders,Navigating AI Adoption For Business Leaders,2026-06-04,2026-06-04,19:00:00,19:00:00,Bronx,Bronx,AI Vantage Consulting,AI Vantage Consulting,https://partiful.com/e/tomdkKStTFKFSARo3Sin,https://www.tech-week.com/calendar/nyc,Thursday,Evening,AI Vantage Consulting
changed:event_url,tqFtk1LjwFwXxJJTLyaf,5612,5612,NYC Tech Week: Builders & Exits,NYC Tech Week: Builders & Exits,2026-06-02,2026-06-02,17:00:00,17:00:00,Midtown,Midtown,UBS,UBS,https://partiful.com/e/tqFtk1LjwFwXxJJTLyaf,https://www.tech-week.com/calendar/nyc,Tuesday,Evening,UBS; Capital Group
removed,twZNq3DY0qXL1a83Ychf,4815,,"The Trust Layer /What AI products get wrong about humans, and how to fix it",,2026-06-02,,18:30:00,,Central Park,,Flllo,,https://partiful.com/e/twZNq3DY0qXL1a83Ychf,https://www.tech-week.com/calendar/nyc,Tuesday,Evening,Flllo; Spotify
changed:event_url,u5rsjRGDWcnqyDzdkwYE,4717,4717,Roundtrip Capital,Roundtrip Capital,2026-06-04,2026-06-04,18:00:00,18:00:00,Lower East Side,Lower East Side,IncentivesPRO,IncentivesPRO,https://partiful.com/e/u5rsjRGDWcnqyDzdkwYE,https://www.tech-week.com/calendar/nyc,Thursday,Evening,IncentivesPRO; ALPFA (Association of Latino Professionals for America)
added,u7UgtF8gTKW9BOKuG7k8,,6395,,Vesey Ventures & J.P. Morgan dinner: an evening of Agentic Commerce,,2026-06-02,,17:30:00,,Midtown,,Vesey Ventures,https://partiful.com/e/u7UgtF8gTKW9BOKuG7k8,https://www.tech-week.com/calendar/nyc,Tuesday,Evening,Vesey Ventures; J.P. Morgan
changed:event_url,u7hEfXqivicjdtYs1gWX,120,120,Summer Happy Hour Mixer,Summer Happy Hour Mixer,2026-06-02,2026-06-02,18:30:00,18:30:00,Midtown,Midtown,United Women in Business Foundation,United Women in Business Foundation,https://partiful.com/e/u7hEfXqivicjdtYs1gWX,https://www.tech-week.com/calendar/nyc,Tuesday,Evening,United Women in Business Foundation
changed:name,uFkYHnEZ8CMJ7igyHMEW,5036,5036,Bolt.new Founder Fireside,Bankrupt to $20m ARR in two months: Bolt.new Fireside,2026-06-03,2026-06-03,13:00:00,13:00:00,Chelsea,Chelsea,Unicorner,Unicorner,https://partiful.com/e/uFkYHnEZ8CMJ7igyHMEW,https://www.tech-week.com/calendar/nyc,Wednesday,Afternoon,Unicorner; Bolt.new
changed:time,uJUFOyhkTP1LJ6z4Z8gq,6413,6413,Breathe & Brief - Pilates for marketers,Breathe & Brief - Pilates for marketers,2026-06-03,2026-06-03,08:00:00,09:00:00,Upper Manhattan,Upper Manhattan,Limy AI,Limy AI,https://partiful.com/e/uJUFOyhkTP1LJ6z4Z8gq,https://www.tech-week.com/calendar/nyc,Wednesday,Morning,Limy AI
added,uPjpeeJ6JweEZOz6eoQU,,6798,,Queens Tech Mixer,,2026-06-06,,13:00:00,,Queens,,Spot Dessert Bar,https://partiful.com/e/uPjpeeJ6JweEZOz6eoQU,https://www.tech-week.com/calendar/nyc,Saturday,Afternoon,Spot Dessert Bar; Comma Captial; Not provided
added,uPvKiccg8joUIExvGKpD,,5020,,Beyond Architecture: a Cultural OS for the Built Environment,,2026-06-04,,17:00:00,,Midtown,,TAD,https://partiful.com/e/uPvKiccg8joUIExvGKpD,https://www.tech-week.com/calendar/nyc,Thursday,Evening,TAD; Art Republic
added,ubmg6AxONd0iqFnkSO5Y,,6822,,AI x Hospitality @ La Cabra,,2026-06-03,,10:00:00,,SoHo,,Kintow,https://partiful.com/e/ubmg6AxONd0iqFnkSO5Y,https://www.tech-week.com/calendar/nyc,Wednesday,Morning,Kintow; Dria Ventures
changed:time|location,ucMfyy0lloL2hIWrteQ4,5862,5862,The Oasis @ NY Tech Week Day 3 - Finding Ikigai,The Oasis @ NY Tech Week Day 3 - Finding Ikigai,2026-06-03,2026-06-03,13:00:00,10:00:00,Flatiron,SoHo,Flowstate,Flowstate,https://partiful.com/e/ucMfyy0lloL2hIWrteQ4,https://www.tech-week.com/calendar/nyc,Wednesday,Morning,Flowstate; Vibe Space; Boardy; The AI Collective
changed:event_url,uikRyS2dekXcz1wNKKzy,5055,5055,Women VC Dinner,Women VC Dinner,2026-06-02,2026-06-02,18:30:00,18:30:00,Flatiron,Flatiron,Yorkseed,Yorkseed,https://partiful.com/e/uikRyS2dekXcz1wNKKzy,https://www.tech-week.com/calendar/nyc,Tuesday,Evening,Yorkseed; Ugly Talk
added,uoBdX5KHOTpzJGFIggSE,,6223,,The Backstage Live — New York,,2026-06-02,,18:30:00,,SoHo,,Good Publishing,https://partiful.com/e/uoBdX5KHOTpzJGFIggSE,https://www.tech-week.com/calendar/nyc,Tuesday,Evening,Good Publishing
changed:name|date,urfFckPmvamG39em2KPC,4029,4029,Peacock Hill Web3 Vibe & Build: The AI Coding Jam,Peacock Hill Web3 Vibe & Build: The AI Jam Session,2026-06-04,2026-06-05,14:00:00,14:00:00,Midtown,Midtown,PEACOCK HILL PRODUCTIONS,PEACOCK HILL PRODUCTIONS,https://partiful.com/e/urfFckPmvamG39em2KPC,https://www.tech-week.com/calendar/nyc,Friday,Afternoon,PEACOCK HILL PRODUCTIONS
added,usTxNe1nWX3BBZB7GT9m,,6814,,"Big Apple, Bigger AI",,2026-06-04,,11:30:00,,Midtown,,Upstarts Media,https://partiful.com/e/usTxNe1nWX3BBZB7GT9m,https://www.tech-week.com/calendar/nyc,Thursday,Morning,Upstarts Media; Vanta; Company Ventures; Airwallex
changed:name|time,utGQhLBSFG3hyIlAFlEp,4811,4811,CONSUMER FOUNDER DINNER,Consumer Founder Happy Hour,2026-06-02,2026-06-02,19:00:00,17:00:00,SoHo,SoHo,Helium,Helium,https://partiful.com/e/utGQhLBSFG3hyIlAFlEp,https://www.tech-week.com/calendar/nyc,Tuesday,Evening,Helium
added,v5laWvDWHWiNPxlOocJc,,6521,,Soundcheck: Networking & Deals Insights for the Music Industry,,2026-06-04,,18:00:00,,Financial District,,PwC,https://partiful.com/e/v5laWvDWHWiNPxlOocJc,https://www.tech-week.com/calendar/nyc,Thursday,Evening,PwC
changed:event_url,v9ySMNeHZ3lYMWjhvqCO,5873,5873,Is Your Brand Ready for AI Search?,Is Your Brand Ready for AI Search?,2026-06-03,2026-06-03,18:00:00,18:00:00,Union Square,Union Square,Capgemini,Capgemini,https://partiful.com/e/v9ySMNeHZ3lYMWjhvqCO,https://www.tech-week.com/calendar/nyc,Wednesday,Evening,Capgemini; Rediem; French American Chamber of Commerce - NYC; Iced Media
removed,vCipMZyyNCQKDZn8GUWO,5016,,Common Thread: The Haus Games,,2026-06-03,,19:00:00,,Murray Hill,,Fostr,,https://partiful.com/e/vCipMZyyNCQKDZn8GUWO?source=share&c=QUaPmet9,https://www.tech-week.com/calendar/nyc,Wednesday,Evening,Fostr; Tera
added,vKyAvKTUaP446l9aLtDw,,6473,,Work Hard. Feel Good. How to Build a Tech Career Worth Keeping . Panel & Happy Hour,,2026-06-03,,18:30:00,,Union Square,,Heidi Health,https://partiful.com/e/vKyAvKTUaP446l9aLtDw,https://www.tech-week.com/calendar/nyc,Wednesday,Evening,Heidi Health
changed:time|location,vLLvbzyVeYg1xvWK0FTi,5390,5390,"Founders & Fractionals: Top startup, meet the best talent","Founders & Fractionals: Top startup, meet the best talent",2026-06-02,2026-06-02,18:00:00,17:00:00,Financial District,Lower East Side,Founders and Fractionals,Founders and Fractionals,https://partiful.com/e/vLLvbzyVeYg1xvWK0FTi,https://www.tech-week.com/calendar/nyc,Tuesday,Evening,Founders and Fractionals; Build Momentum
changed:date,vMgh1HOU0xqBmBJdxwCI,5349,5349,Jetzy presents: The Future of Travel - Meet Investors and Founders,Jetzy presents: The Future of Travel - Meet Investors and Founders,2026-06-01,2026-06-02,18:00:00,18:00:00,Midtown,Midtown,Jetzy,Jetzy,https://partiful.com/e/vMgh1HOU0xqBmBJdxwCI,https://www.tech-week.com/calendar/nyc,Tuesday,Evening,Jetzy
changed:event_url,vMnZZEd9ek0rQ09zFpeE,203,203,PHL vs NYC Founder Draft,PHL vs NYC Founder Draft,2026-06-05,2026-06-05,18:00:00,18:00:00,Midtown,Midtown,localhost:nyc,localhost:nyc,https://partiful.com/e/vMnZZEd9ek0rQ09zFpeE,https://www.tech-week.com/calendar/nyc,Friday,Evening,localhost:nyc; TechBrig; Pace University
changed:date|event_url,vTr6qDDFC1zHFdKZbtgk,4927,4927,NeuroNYC Central Park Walk and Talk,NeuroNYC Central Park Walk and Talk,2026-06-02,2026-06-07,09:45:00,09:45:00,Central Park,Central Park,NeuroNYC,NeuroNYC,https://partiful.com/e/vTr6qDDFC1zHFdKZbtgk,https://www.tech-week.com/calendar/nyc,Sunday,Morning,NeuroNYC
changed:event_url,vaFO9sGYiFZ1hzqrSkOa,191,191,Practical AI In Healthcare: Live Podcast Recording,Practical AI In Healthcare: Live Podcast Recording,2026-06-03,2026-06-03,09:00:00,09:00:00,Midtown,Midtown,Patient Talker LLC,Patient Talker LLC,https://partiful.com/e/vaFO9sGYiFZ1hzqrSkOa,https://www.tech-week.com/calendar/nyc,Wednesday,Morning,Patient Talker LLC; Practical AI in Healthcare
added,veW9vq95oUaMplo0TG66,,6564,,ElevenLabs NY Tech Week PopUp - Founder Edition,,2026-06-03,,15:00:00,,SoHo,,ElevenLabs,https://partiful.com/e/veW9vq95oUaMplo0TG66,https://www.tech-week.com/calendar/nyc,Wednesday,Afternoon,ElevenLabs
added,vfnHvA22yQNk1H8Hh1Fb,,6480,,"AI, Capital & CRE: What's Actually Working in the Built Environment",,2026-06-02,,15:00:00,,Union Square,,Relm,https://partiful.com/e/vfnHvA22yQNk1H8Hh1Fb,https://www.tech-week.com/calendar/nyc,Tuesday,Afternoon,Relm; Metropolis Group; JUUNOO; Proptimal
added,vil1h0maT1xq6sC6KFBC,,6489,,Venture Capital 101: Coffee Chat on Careers in VC,,2026-06-06,,11:00:00,,Union Square,,Venture Capital 101,https://partiful.com/e/vil1h0maT1xq6sC6KFBC,https://www.tech-week.com/calendar/nyc,Saturday,Morning,Venture Capital 101; City College of New / City University of New York
changed:time|event_url,vnXKL2lRlzHaRJQwv174,4990,4990,Off the Record: Founders & Funders,Off the Record: Founders & Funders,2026-06-04,2026-06-04,18:00:00,20:30:00,Greenwich Village,Greenwich Village,Supper,Supper,https://partiful.com/e/vnXKL2lRlzHaRJQwv174,https://www.tech-week.com/calendar/nyc,Thursday,Evening,Supper
added,vvNMFT7CRsvXm3EBXOqd,,6467,,Consumer Goods Coffee Mixer,,2026-06-01,,09:00:00,,SoHo,,Bright Cup,https://partiful.com/e/vvNMFT7CRsvXm3EBXOqd,https://www.tech-week.com/calendar/nyc,Monday,Morning,Bright Cup; VHS
changed:event_url,w3EFGHHBj4EKAbmifC0I,4987,4987,Proof of Build -An agent building hackathon by Lyzr,Proof of Build -An agent building hackathon by Lyzr,2026-06-04,2026-06-04,14:00:00,14:00:00,SoHo,SoHo,Lyzr,Lyzr,https://partiful.com/e/w3EFGHHBj4EKAbmifC0I,https://www.tech-week.com/calendar/nyc,Thursday,Afternoon,Lyzr
changed:name,wAZzOJIAzjIpjfMYrgpS,4333,4333,The Patient Will See You Now: How Health Systems & Clinicians Are Responding to Consumer Health,"Health Systems, Clinicians, & the Consumer Health Era",2026-06-01,2026-06-01,11:00:00,11:00:00,Midtown,Midtown,One Health Collective,One Health Collective,https://partiful.com/e/wAZzOJIAzjIpjfMYrgpS,https://www.tech-week.com/calendar/nyc,Monday,Morning,One Health Collective; Scalpels & Spreadsheets
changed:time,wDUtH0Ykej7Li71GxFYW,4800,4800,Founder Launch Studio @Fin Labs,Founder Launch Studio @Fin Labs,2026-06-02,2026-06-02,13:00:00,12:00:00,Gramercy Park,Gramercy Park,Fin,Fin,https://partiful.com/e/wDUtH0Ykej7Li71GxFYW,https://www.tech-week.com/calendar/nyc,Tuesday,Noon,Fin
added,wF1ave94YI0WGlfDq82S,,4124,,212 After Hours,,2026-06-03,,17:30:00,,Flatiron,,212.VC,https://partiful.com/e/wF1ave94YI0WGlfDq82S,https://www.tech-week.com/calendar/nyc,Wednesday,Evening,212.VC; Revolv
changed:name,wLYY9WDfvCMooIwus7j4,4196,4196,Future of Content: The Nova Studio Launch Party at,Future of Content: The Nova Studio Launch Party,2026-06-05,2026-06-05,20:00:00,20:00:00,Midtown,Midtown,Insurgi Urban Concepts,Insurgi Urban Concepts,https://partiful.com/e/wLYY9WDfvCMooIwus7j4,https://www.tech-week.com/calendar/nyc,Friday,Evening,Insurgi Urban Concepts
changed:location,wME3CoGVwNPhbRyevKYp,5765,5765,The Oasis @ NY Tech Week Day 5 - Emerging Technology,The Oasis @ NY Tech Week Day 5 - Emerging Technology,2026-06-05,2026-06-05,13:00:00,13:00:00,Flatiron,SoHo,Boardy,Boardy,https://partiful.com/e/wME3CoGVwNPhbRyevKYp,https://www.tech-week.com/calendar/nyc,Friday,Afternoon,Boardy; Vibe Space; Flowstate; The AI Collective
changed:time,wO7Livvy7ag3WP8PoPUQ,5442,5442,Agent-Led Growth: The CMO Briefing,Agent-Led Growth: The CMO Briefing,2026-06-04,2026-06-04,18:00:00,18:30:00,Midtown,Midtown,Limy AI,Limy AI,https://partiful.com/e/wO7Livvy7ag3WP8PoPUQ,https://www.tech-week.com/calendar/nyc,Thursday,Evening,Limy AI
changed:name,wOTuzhuJUWQd4TTOkNjI,4392,4392,Product Design x AI Fireside Chat,Product Design AI Fireside Chat + Happy Hour,2026-06-02,2026-06-02,18:30:00,18:30:00,Flatiron,Flatiron,Noon Design,Noon Design,https://partiful.com/e/wOTuzhuJUWQd4TTOkNjI,https://www.tech-week.com/calendar/nyc,Tuesday,Evening,Noon Design
changed:name,wPTbroGTpsEN1J0YhZ7M,4585,4585,Maybern Presents From A to B: How to Take Your Startup from Series A to Series B,Game On: Engineering Night at Maybern,2026-06-04,2026-06-04,18:30:00,18:30:00,Union Square,Union Square,Maybern,Maybern,https://partiful.com/e/wPTbroGTpsEN1J0YhZ7M,https://www.tech-week.com/calendar/nyc,Thursday,Evening,Maybern
changed:date,waaD8WHscyLjlQkL4Uoi,4757,4757,Salubrum Salon Dinner for Healthcare Investors,Salubrum Salon Dinner for Healthcare Investors,2026-06-04,2026-06-05,19:00:00,19:00:00,Midtown,Midtown,Coeus Collective Ventures,Coeus Collective Ventures,https://partiful.com/e/waaD8WHscyLjlQkL4Uoi,https://www.tech-week.com/calendar/nyc,Friday,Evening,Coeus Collective Ventures; Salubrum
changed:date|event_url,wgdV8OJvF9oyEsgJbfR7,5318,5318,The Rise Circle - The Reset Room Sound Bath,The Rise Circle - The Reset Room Sound Bath,2026-06-02,2026-06-04,15:00:00,15:00:00,Midtown,Midtown,Altruistic Scribe Company,Altruistic Scribe Company,https://partiful.com/e/wgdV8OJvF9oyEsgJbfR7,https://www.tech-week.com/calendar/nyc,Thursday,Afternoon,Altruistic Scribe Company; African Women in STEM
changed:event_url,wiWrtmZFVPCAgObP4954,5565,5565,Kndrd Spirits: [Girls] Who Run The World,Kndrd Spirits: [Girls] Who Run The World,2026-06-03,2026-06-03,19:30:00,19:30:00,East Village,East Village,Kndrd,Kndrd,https://partiful.com/e/wiWrtmZFVPCAgObP4954,https://www.tech-week.com/calendar/nyc,Wednesday,Evening,Kndrd
changed:event_url,wjcoIW0CMJNRVf2sogq8,256,256,Rebuilding The Creative Stack,Rebuilding The Creative Stack,2026-06-02,2026-06-02,14:00:00,14:00:00,Flatiron,Flatiron,Howdy,Howdy,https://partiful.com/e/wjcoIW0CMJNRVf2sogq8,https://www.tech-week.com/calendar/nyc,Tuesday,Afternoon,Howdy
changed:event_url,wvA7gbzRPoymxsIg1KJZ,5816,5816,Brews and Bagels,Brews and Bagels,2026-06-04,2026-06-04,09:30:00,09:30:00,Midtown,Midtown,France Ovalle,France Ovalle,https://partiful.com/e/wvA7gbzRPoymxsIg1KJZ,https://www.tech-week.com/calendar/nyc,Thursday,Morning,France Ovalle; Scalpels & Spreadsheets
changed:event_url,wxObiQNzth3nAApeyYWG,5806,5806,Barsys Tech Week Happy Hour,Barsys Tech Week Happy Hour,2026-06-04,2026-06-04,17:30:00,17:30:00,Midtown,Midtown,Barsys,Barsys,https://partiful.com/e/wxObiQNzth3nAApeyYWG,https://www.tech-week.com/calendar/nyc,Thursday,Evening,Barsys
changed:event_url,x0UO9Ulp9lpbwxFsBecQ,5927,5927,Profit through Partnerships,Profit through Partnerships,2026-06-02,2026-06-02,15:00:00,15:00:00,Midtown,Midtown,Partner1,Partner1,https://partiful.com/e/x0UO9Ulp9lpbwxFsBecQ,https://www.tech-week.com/calendar/nyc,Tuesday,Afternoon,Partner1; Microsoft
added,xC3JsNbWiiEfrxXOijHQ,,6170,,The City at Play: Locamotive Tech in NYC,,2026-06-04,,18:30:00,,Brooklyn,,20Week Festival,https://partiful.com/e/xC3JsNbWiiEfrxXOijHQ,https://www.tech-week.com/calendar/nyc,Thursday,Evening,20Week Festival; Stoop Sets
added,xOvJDFd1n53bUaABG9qG,,6380,,Founders Running Club: 5K Networking Run,,2026-06-06,,09:00:00,,West Village,,Founders Running Club,https://partiful.com/e/xOvJDFd1n53bUaABG9qG,https://www.tech-week.com/calendar/nyc,Saturday,Morning,Founders Running Club
changed:name,xVRyFu1BuIaK3LIz6eyb,4500,4500,Loading Future State - Women In Tech,Women In Tech-Loading Future State,2026-06-03,2026-06-03,12:00:00,12:00:00,Meatpacking District,Meatpacking District,zant app,zant app,https://partiful.com/e/xVRyFu1BuIaK3LIz6eyb,https://www.tech-week.com/calendar/nyc,Wednesday,Noon,zant app; Space of Mind
added,xmJ2Bjacl2LgQ3i7q6V7,,5640,,Tech Week Founder Lab: Scaling Clinics for Seed & Series A Founders,,2026-06-02,,17:00:00,,Lower East Side,,Karcic Partners,https://partiful.com/e/xmJ2Bjacl2LgQ3i7q6V7,https://www.tech-week.com/calendar/nyc,Tuesday,Evening,Karcic Partners; Mark Wellness; The Front Yard at Pace University
removed,xq5OTmCRLm1PKm3Una2E,5179,,"Mobile Engineering Summit Scaling Apps with Performance, Reliability, and AI",,2026-06-04,,17:30:00,,Flatiron,,bitdrift,,https://partiful.com/e/xq5OTmCRLm1PKm3Una2E,https://www.tech-week.com/calendar/nyc,Thursday,Evening,bitdrift
added,y1upsVnjvL885rva7lkb,,5513,,Does Brand Matter in Venture? Panel & Networking,,2026-06-05,,08:30:00,,Financial District,,Astronaut Monastery,https://partiful.com/e/y1upsVnjvL885rva7lkb,https://www.tech-week.com/calendar/nyc,Friday,Morning,Astronaut Monastery
changed:event_url,y3W21qxluv8fC7wmqg6w,4967,4967,Unlocking Cognitive Performance,Unlocking Cognitive Performance,2026-06-01,2026-06-01,18:00:00,18:00:00,Flatiron,Flatiron,Soma Precision Health,Soma Precision Health,https://partiful.com/e/y3W21qxluv8fC7wmqg6w,https://www.tech-week.com/calendar/nyc,Monday,Evening,Soma Precision Health
changed:date|event_url,yA3gzGGSIW6kN2QOkdId,5495,5495,Managing in an AI-Native Company: Live Podcast,Managing in an AI-Native Company: Live Podcast,2026-06-04,2026-06-03,18:00:00,18:00:00,Flatiron,Flatiron,Prompt Engineers Society,Prompt Engineers Society,https://partiful.com/e/yA3gzGGSIW6kN2QOkdId,https://www.tech-week.com/calendar/nyc,Wednesday,Evening,Prompt Engineers Society; Aster AI
changed:location|event_url,yDpsVvIoqgdkoJ93i1hX,4208,4208,Before the Ballots Drop with Sway,Before the Ballots Drop with Sway,2026-06-03,2026-06-03,16:30:00,16:30:00,Midtown,Murray Hill,Sway,Sway,https://partiful.com/e/yDpsVvIoqgdkoJ93i1hX,https://www.tech-week.com/calendar/nyc,Wednesday,Afternoon,Sway
changed:event_url,yJeAGfIAYFfgZIdyjB2u,4410,4410,NY Hardware Meetup – Rooftop Happy Hour @ Thalo Labs,NY Hardware Meetup – Rooftop Happy Hour @ Thalo Labs,2026-06-04,2026-06-04,18:30:00,18:30:00,Midtown,Midtown,NY Hardware Meetup,NY Hardware Meetup,https://partiful.com/e/yJeAGfIAYFfgZIdyjB2u,https://www.tech-week.com/calendar/nyc,Thursday,Evening,NY Hardware Meetup; SRVO; Helogen; Informal
added,yLzERjsutx3rP8h0Dw3m,,6448,,Bring Your Product. We'll Break It.,,2026-06-04,,10:30:00,,Flatiron,,Tequity,https://partiful.com/e/yLzERjsutx3rP8h0Dw3m,https://www.tech-week.com/calendar/nyc,Thursday,Morning,Tequity
added,yR1Y0eCTykwsyhDIgUsA,,6533,,Scaling Founder-led Sales on LinkedIn,,2026-06-05,,12:00:00,,Virtual (NYC),,KRCG,https://partiful.com/e/yR1Y0eCTykwsyhDIgUsA,https://www.tech-week.com/calendar/nyc,Friday,Noon,KRCG
added,yUgTDw1Bkps9Rb62ojJf,,6582,,VIP Only: Institutions & Introductions,,2026-06-04,,19:00:00,,West Village,,Introduction,https://partiful.com/e/yUgTDw1Bkps9Rb62ojJf,https://www.tech-week.com/calendar/nyc,Thursday,Evening,Introduction
changed:event_url,yVM17p4sbb6XGNUq8Odp,6377,6377,AI Search: Off the Record,AI Search: Off the Record,2026-06-03,2026-06-03,17:30:00,17:30:00,SoHo,SoHo,Goodie AI,Goodie AI,https://partiful.com/e/yVM17p4sbb6XGNUq8Odp,https://www.tech-week.com/calendar/nyc,Wednesday,Evening,Goodie AI
added,yVeiohVURo6J6QMPAjUv,,5556,,Dubai is Building the Future. Come Join Us.,,2026-06-01,,14:00:00,,SoHo,,Dubai Future Foundation,https://partiful.com/e/yVeiohVURo6J6QMPAjUv,https://www.tech-week.com/calendar/nyc,Monday,Afternoon,Dubai Future Foundation
changed:event_url,yZ0XKuQUzUUArbmiCNh5,4244,4244,Agentic Commerce: Build Day,Agentic Commerce: Build Day,2026-06-02,2026-06-02,09:00:00,09:00:00,SoHo,SoHo,Tavily AI,Tavily AI,https://partiful.com/e/yZ0XKuQUzUUArbmiCNh5,https://www.tech-week.com/calendar/nyc,Tuesday,Morning,Tavily AI; Microsoft
changed:event_url,yZMbnwWAgGJwASwKArr3,4080,4080,The Heartland Venture Summit,The Heartland Venture Summit,2026-06-03,2026-06-03,11:30:00,11:30:00,Chelsea,Chelsea,Ohio Startup Network,Ohio Startup Network,https://partiful.com/e/yZMbnwWAgGJwASwKArr3,https://www.tech-week.com/calendar/nyc,Wednesday,Morning,Ohio Startup Network
changed:name|event_url,yaaxNQZSjLZ40Sgx48Gh,4784,4784,FS Vector x Tech Week Coffee Talk,FS Vector x Lithic x Tech Week Coffee Talk,2026-06-02,2026-06-02,09:00:00,09:00:00,Nomad,Nomad,FS Vector,FS Vector,https://partiful.com/e/yaaxNQZSjLZ40Sgx48Gh,https://www.tech-week.com/calendar/nyc,Tuesday,Morning,FS Vector
changed:location,ydp71jPFgU83rwwIYOhv,5905,5905,The Oasis @ NY Tech Week Day 2 - Future of Work,The Oasis @ NY Tech Week Day 2 - Future of Work,2026-06-02,2026-06-02,13:00:00,13:00:00,Flatiron,SoHo,Flowstate,Flowstate,https://partiful.com/e/ydp71jPFgU83rwwIYOhv,https://www.tech-week.com/calendar/nyc,Tuesday,Afternoon,Flowstate; Vibe Space; Boardy; The AI Collective
added,yfxaKR8dFsaY4HPQixoL,,6253,,AI Agents for Allocators and Asset Managers,,2026-06-01,,15:00:00,,Midtown,,DiligenceVault,https://partiful.com/e/yfxaKR8dFsaY4HPQixoL,https://www.tech-week.com/calendar/nyc,Monday,Afternoon,DiligenceVault
changed:event_url,ymHgfeNe18CR1181DLC5,5278,5278,Pitch & Play,Pitch & Play,2026-06-05,2026-06-05,19:00:00,19:00:00,Midtown,Midtown,44ROCH,44ROCH,https://partiful.com/e/ymHgfeNe18CR1181DLC5,https://www.tech-week.com/calendar/nyc,Friday,Evening,44ROCH
added,yt2GcDfBv98EmNcUpITD,,6449,,How To Raise VC Like A Pro: A Zero To One Hands-On Workshop,,2026-06-03,,13:30:00,,Brooklyn,,No BS Startup Coach,https://partiful.com/e/yt2GcDfBv98EmNcUpITD,https://www.tech-week.com/calendar/nyc,Wednesday,Afternoon,No BS Startup Coach
changed:event_url,ytrORmKjcLHr4rudjY3k,5913,5913,Intersection: AI + Blockchain,Intersection: AI + Blockchain,2026-06-02,2026-06-02,16:30:00,16:30:00,Midtown,Midtown,Hyperglade,Hyperglade,https://partiful.com/e/ytrORmKjcLHr4rudjY3k,https://www.tech-week.com/calendar/nyc,Tuesday,Afternoon,Hyperglade
changed:event_url,z0pJ3D36syV16PqYu8HK,43,43,Everywhere Ventures Pre-seed founders breakfast,Everywhere Ventures Pre-seed founders breakfast,2026-06-02,2026-06-02,09:00:00,09:00:00,Nomad,Nomad,Everywhere Ventures,Everywhere Ventures,https://partiful.com/e/z0pJ3D36syV16PqYu8HK,https://www.tech-week.com/calendar/nyc,Tuesday,Morning,Everywhere Ventures; Microsoft for Startups
added,z4306SGdvS7EFH6Ddrdo,,6819,,"Vera Money - Media, VC & Creator Aperitivo",,2026-10-06,,15:30:00,,Chelsea,,Vera Money,https://partiful.com/e/z4306SGdvS7EFH6Ddrdo,https://www.tech-week.com/calendar/nyc,Tuesday,Afternoon,Vera Money; Coffee Communications
changed:event_url,z51AEVSzo2Ddp3np4WjW,5086,5086,In the Name of Taste,In the Name of Taste,2026-06-03,2026-06-03,18:30:00,18:30:00,SoHo,SoHo,Slingshot AI,Slingshot AI,https://partiful.com/e/z51AEVSzo2Ddp3np4WjW,https://www.tech-week.com/calendar/nyc,Wednesday,Evening,Slingshot AI
changed:event_url,zEn5TG5xFm8mDvyutyaZ,4416,4416,"What Founders Get Wrong About People, Scaling Teams, Co-Founder Dynamics & HR (1:1 Office Hours)","What Founders Get Wrong About People, Scaling Teams, Co-Founder Dynamics & HR (1:1 Office Hours)",2026-06-01,2026-06-01,17:00:00,17:00:00,Virtual (NYC),Virtual (NYC),GroundedForward,GroundedForward,https://partiful.com/e/zEn5TG5xFm8mDvyutyaZ,https://www.tech-week.com/calendar/nyc,Monday,Evening,GroundedForward
changed:name|time|location,zR6LO2nZY9AJ78Ya5um9,5783,5783,Build a Trading System Live with MachineTrader,Two Live Builds: AI Trading Agents with Alpaca + Live Trading Systems with MachineTrader,2026-06-04,2026-06-04,13:00:00,12:00:00,SoHo,Union Square,MachineTrader.io Inc.,MachineTrader.io Inc.,https://partiful.com/e/zR6LO2nZY9AJ78Ya5um9,https://www.tech-week.com/calendar/nyc,Thursday,Noon,MachineTrader.io Inc.; Alpaca Securities LLC
removed,zYT2L1M6loe8AIrQQMzX,5597,,Founder Interview Panel,,2026-06-02,,14:00:00,,Midtown,,UBS,,https://partiful.com/e/zYT2L1M6loe8AIrQQMzX?,https://www.tech-week.com/calendar/nyc,Tuesday,Afternoon,UBS
changed:event_url,zZNGc5V5hVR8uBY2OA0j,5049,5049,Investors and Operators Roundtable: The Disruptive AI Operating Model,Investors and Operators Roundtable: The Disruptive AI Operating Model,2026-06-03,2026-06-03,18:00:00,18:00:00,Midtown,Midtown,StartOut,StartOut,https://partiful.com/e/zZNGc5V5hVR8uBY2OA0j,https://www.tech-week.com/calendar/nyc,Wednesday,Evening,StartOut; Out in Tech
added,zZQ8JIguvn8j40Dc0S1C,,6406,,Let’s talk money over makeup,,2026-06-01,,16:00:00,,Lower East Side,,Verve Club,https://partiful.com/e/zZQ8JIguvn8j40Dc0S1C,https://www.tech-week.com/calendar/nyc,Monday,Afternoon,Verve Club; Cooley
changed:location,zdVRzPuuWzJci0dvBipE,4807,4807,Cocktails & Capital,Cocktails & Capital,2026-06-04,2026-06-04,17:00:00,17:00:00,West Village,East Village,DealMaker,DealMaker,https://partiful.com/e/zdVRzPuuWzJci0dvBipE,https://www.tech-week.com/calendar/nyc,Thursday,Evening,DealMaker
changed:name|event_url,zejQuL4V8LSSfgC67L5g,4738,4738,McKinsey x NY Tech Week panel: What actually drives AI value,McKinsey x NY Tech Week: What actually drives AI value,2026-06-02,2026-06-02,14:00:00,14:00:00,Financial District,Financial District,McKinsey & Company,McKinsey & Company,https://partiful.com/e/zejQuL4V8LSSfgC67L5g,https://www.tech-week.com/calendar/nyc,Tuesday,Afternoon,McKinsey & Co
added,zfNYlVcQJalXtpR0NmXt,,6584,,Pengu_lab,,2026-06-01,,16:30:00,,Midtown,,Pengu_Lab,https://partiful.com/e/zfNYlVcQJalXtpR0NmXt,https://www.tech-week.com/calendar/nyc,Monday,Afternoon,Pengu_Lab; Consulate General of Argentina in New York
added,zfoERhqNuTZjpq3mhfPX,,6633,,Legal Tech Mix & Mingle,,2026-06-04,,18:00:00,,Midtown,,Clio,https://partiful.com/e/zfoERhqNuTZjpq3mhfPX,https://www.tech-week.com/calendar/nyc,Thursday,Evening,Clio
changed:name|event_url,zgdltkCVCJs9VWdjnxpX,4171,4171,Stop Guessing: How Top Teams Make Hiring Decisions,Stop Guessing: How Top Teams Make Hiring Decisions From Gut Feel to Structured Decisions,2026-06-03,2026-06-03,18:30:00,18:30:00,Virtual (NYC),Virtual (NYC),Pairwise,Pairwise,https://partiful.com/e/zgdltkCVCJs9VWdjnxpX,https://www.tech-week.com/calendar/nyc,Wednesday,Evening,Pairwise
changed:time,zhxqPWOP82fFhLaHoMQT,5323,5323,The (T)echo Chamber Takeover,The (T)echo Chamber Takeover,2026-06-05,2026-06-05,18:00:00,22:00:00,Union Square,Union Square,CMU T&E,CMU T&E,https://partiful.com/e/zhxqPWOP82fFhLaHoMQT,https://www.tech-week.com/calendar/nyc,Friday,Evening,CMU T&E; IK Agba Inc.
changed:event_url,znsAwRLUqbzimqhrQOlI,6267,6267,The Biotech & Deep Tech Pitch Clinic,The Biotech & Deep Tech Pitch Clinic,2026-06-01,2026-06-01,10:30:00,10:30:00,Midtown,Midtown,Jennifer Pawlitschek Consulting,Jennifer Pawlitschek Consulting,https://partiful.com/e/znsAwRLUqbzimqhrQOlI,https://www.tech-week.com/calendar/nyc,Monday,Morning,Jennifer Pawlitschek Consulting
changed:event_url,zv377n2JhHS9VlfJ8UXS,5606,5606,Finding Harmony Tech Week Jam Session,Finding Harmony Tech Week Jam Session,2026-06-04,2026-06-04,19:00:00,19:00:00,Midtown,Midtown,StartupExperts,StartupExperts,https://partiful.com/e/zv377n2JhHS9VlfJ8UXS,https://www.tech-week.com/calendar/nyc,Thursday,Evening,StartupExperts
